企业名称,行业代码,体育业态,体育业务占比,置信度,是否跨界,跨界类型,业务总线数,体育业务线数,体育业务线,非体育业务线,体育关键词,特征W1业务范围,特征W2关键词密度,特征W3代码权重,特征W4业态覆盖
成都骏倾达商贸有限公司,5211,体育用品,0.6611,0.9,是,纯跨界（行业代码非体育，文本有体育业务）,1,1,销售体育用品及器材,,体育用品,1.0,1.0,0.0,0.1111
成都市锦江区奇幻旅程网吧,9013,电子竞技,0.6611,0.9,是,纯跨界（行业代码非体育，文本有体育业务）,1,1,网吧电子竞技娱乐服务,,电子竞技,1.0,1.0,0.0,0.1111
成都星辰王者互娱网络科技有限公司,6422,电子竞技,0.6611,0.9,是,纯跨界（行业代码非体育，文本有体育业务）,1,1,电子竞技体育娱乐活动,,电子竞技,1.0,1.0,0.0,0.1111
成都名晟武道体育文化传播有限公司,8391,体育培训,0.7361,0.9,是,潜在跨界（间接行业代码，文本有体育业务）,1,1,体育培训,,体育培训,1.0,1.0,0.3,0.1111
成都基准方中建筑设计有限公司,7484,体育场馆,0.6611,0.9,是,纯跨界（行业代码非体育，文本有体育业务）,1,1,体育场工程设计服务,,体育场,1.0,1.0,0.0,0.1111
成都进文服饰有限公司,5232,体育用品,0.6611,0.9,是,纯跨界（行业代码非体育，文本有体育业务）,1,1,运动服装零售,,运动服装,1.0,1.0,0.0,0.1111
成都利嘉鑫体育用品有限公司,5232,体育用品,0.6611,0.9,是,纯跨界（行业代码非体育，文本有体育业务）,1,1,运动服装零售,,运动服装,1.0,1.0,0.0,0.1111
四川蜀产汇食品有限公司,5132,体育用品,0.6611,0.9,是,纯跨界（行业代码非体育，文本有体育业务）,1,1,运动服装批发,,运动服装,1.0,1.0,0.0,0.1111
四川荣盛汇金贸易有限公司,5149,体育用品,0.6611,0.9,是,纯跨界（行业代码非体育，文本有体育业务）,1,1,文化体育用品,,体育用品,1.0,1.0,0.0,0.1111
四川圆融上善文化发展有限公司,5243,体育管理,0.6611,0.9,是,纯跨界（行业代码非体育，文本有体育业务）,1,1,文化体育服务,,体育服务,1.0,1.0,0.0,0.1111
成都市青羊区思必好我爱网吧,9013,健身休闲,0.6611,0.9,是,纯跨界（行业代码非体育，文本有体育业务）,1,1,网吧台球服务,,台球,1.0,1.0,0.0,0.1111
成都慧心道体育文化传播有限公司,8399,健身休闲,0.7361,0.9,是,潜在跨界（间接行业代码，文本有体育业务）,1,1,空手道培训服务,,空手道,1.0,1.0,0.3,0.1111
成都富明源体育用品销售有限公司青羊分公司,5211,体育用品,0.6611,0.9,是,纯跨界（行业代码非体育，文本有体育业务）,1,1,体育用品,,体育用品,1.0,1.0,0.0,0.1111
四川邻家壹玖电子商务有限公司,5132,体育用品,0.6611,0.9,是,纯跨界（行业代码非体育，文本有体育业务）,1,1,运动服装批发,,运动服装,1.0,1.0,0.0,0.1111
成都市思必好暴雪网吧,9013,电子竞技,0.6611,0.9,是,纯跨界（行业代码非体育，文本有体育业务）,1,1,网吧电子竞技娱乐服务,,电子竞技,1.0,1.0,0.0,0.1111
成都佰思特贸易有限公司,5233,体育用品,0.6611,0.9,是,纯跨界（行业代码非体育，文本有体育业务）,1,1,服装服饰和化妆品和体育用品零售,,体育用品零售,1.0,1.0,0.0,0.1111
成都木马吉文化传播有限公司,8391,体育场馆,0.2002,0.75,是,潜在跨界（间接行业代码，文本有体育业务）,13,1,体育场馆管理服务,组织策划文化交流活动; 教育咨询（不含教学及培训）; 企业营销策划; 企业形象设计; 广告设计; 制作; 代理发布; 商务信息咨询; 会议及展览服务; 软件开发; 信息系统集成服务; 信息技术咨询服务,体育场馆,0.0769,0.3333,0.3,0.1111
成都三分球电子商务有限公司,5132,体育用品,0.6611,0.9,是,纯跨界（行业代码非体育，文本有体育业务）,1,1,批发运动服装,,运动服装,1.0,1.0,0.0,0.1111
成都艾妮莎贸易有限公司,5133,体育用品,0.6611,0.9,是,纯跨界（行业代码非体育，文本有体育业务）,1,1,运动鞋批发,,运动鞋,1.0,1.0,0.0,0.1111
成都美田电子商务有限公司,5292,体育用品,0.1028,0.6,是,纯跨界（行业代码非体育，文本有体育业务）,22,1,体育用品,网上销售：预包装食品兼散装食品; 农副产品; 服装; 水产品; 建材; 机械设备及配件; 塑料制品; 文具用品; 办公设备; 金属制品; 电气设备; 办公用品; 日用品; 玻璃及玻璃制品; 金属材料; 橡胶制品; 五金产品; 家具; 计算机软硬件; 软件开发; 信息技术咨询服务（不含信息技术培训服务）,体育用品,0.0455,0.2941,0.0,0.1111
往后余生娱乐传媒有限公司,6429,体育场馆,0.1375,0.6,是,纯跨界（行业代码非体育，文本有体育业务）,29,2,体育场馆管理; 体育用品,影视制作; 互联网信息服务; 企业形象策划; 服装租赁; 会议及展览服务; 摄影服务; 软件开发; 数据处理与存储服务; 组织文化艺术交流活动; 演出服务; 文化娱乐经纪人; 企业管理咨询; 商务信息咨询; 美术图案设计; 礼仪服务; 设计; 制作; 代理; 发布广告; 室内外装饰装修工程; 舞台设计; 信息系统集成; 销售：电子产品; 文化用品; 家用电器; 计算机软件; 日用百货,体育场馆; 体育用品,0.069,0.3509,0.0,0.2222
成都市金牛区星空希莉网居网吧,9013,电子竞技,0.6611,0.9,是,纯跨界（行业代码非体育，文本有体育业务）,1,1,网吧电子竞技体育娱乐服务,,电子竞技,1.0,1.0,0.0,0.1111
成都金色童年玩具有限公司,5149,体育用品,0.3944,0.75,是,纯跨界（行业代码非体育，文本有体育业务）,3,1,体育用品,批发玩具; 日用品,体育用品,0.3333,1.0,0.0,0.1111
四川清泉石文化传播有限公司,7259,体育赛事,0.7361,0.9,是,潜在跨界（间接行业代码，文本有体育业务）,1,1,一般项目组织文化艺术交流活动体育赛事策划体育竞赛组织广告制作组织体育表演活动,,赛事策划; 体育竞赛; 体育表演,1.0,1.0,0.3,0.1111
四川冠赋牛商贸有限公司,5232,体育用品,0.6611,0.9,是,纯跨界（行业代码非体育，文本有体育业务）,1,1,运动服装零售,,运动服装,1.0,1.0,0.0,0.1111
四川家艳堂珠宝有限公司,5193,体育用品,0.6611,0.9,是,纯跨界（行业代码非体育，文本有体育业务）,1,1,文化体育用品及器材批发,,体育用品,1.0,1.0,0.0,0.1111
成都枫林体育文化传播有限公司,7484,体育场馆,0.6611,0.9,是,纯跨界（行业代码非体育，文本有体育业务）,1,1,体育场工程服务,,体育场,1.0,1.0,0.0,0.1111
成都市翰搏特商贸有限公司,5232,体育用品,0.6611,0.9,是,纯跨界（行业代码非体育，文本有体育业务）,1,1,运动服装零售,,运动服装,1.0,1.0,0.0,0.1111
成都市铨朗商贸有限公司,5232,体育用品,0.6611,0.9,是,纯跨界（行业代码非体育，文本有体育业务）,1,1,运动服饰零售,,运动服饰,1.0,1.0,0.0,0.1111
成都青涛体育文化传播有限公司,8399,体育培训,0.7361,0.9,是,潜在跨界（间接行业代码，文本有体育业务）,1,1,跆拳道培训教育,,跆拳道培训,1.0,1.0,0.3,0.1111
四川名雅祺商贸有限公司,5133,体育用品,0.6611,0.9,是,纯跨界（行业代码非体育，文本有体育业务）,1,1,批发运动鞋,,运动鞋,1.0,1.0,0.0,0.1111
成都鑫赛众新材料有限公司,7320,体育用品,0.1537,0.6,是,纯跨界（行业代码非体育，文本有体育业务）,29,3,体育用品及器材零售; 体育赛事策划; 体育场地设施工程施工,许可项目：电气安装服务; 建设工程施工; 建设工程设计; （依法须经批准的项目; 经相关部门批准后方可开展经营活动; 具体经营项目以相关部门批准文件或许可证件为准）一般项目：新材料技术研发; 塑料制品销售; 橡胶制品销售; 电力设施器材销售; 涂料销售（不含危险化学品）; 仪器仪表销售; 实验分析仪器销售; 智能仪器仪表销售; 网络设备销售; 计算机软硬件及辅助设备零售; 软件开发; 普通露天游乐场所游乐设备销售; 电气设备销售; 配电开关控制设备研发; 园林绿化工程施工; 土石方工程施工; 金属结构销售; 建筑用钢筋产品销售; 建筑材料销售; 化工产品销售（不含许可类化工产品）; 进出,体育用品; 赛事策划; 体育场地设施,0.1034,0.3158,0.0,0.3333
成都执标广告有限公司,7259,体育赛事,0.128,0.6,是,潜在跨界（间接行业代码，文本有体育业务）,35,1,体育赛事活动策划,设计; 制作; 代理; 发布各类广告; 图文设计制作; 动漫设计; 壁画设计; 包装设计; 平面设计; 标识标牌设计; 企业形象策划; 市场营销策划; 网络营销策划; 文化艺术交流活动策划; 公关活动组织策划; 舞台设计; 会务服务; 企业营销策划; 企业管理咨询; 商务信息咨询; 展览展示服务; 摄影服务; 礼仪服务; 翻译服务; 乐器的销售; 广告器材租赁; 广告器材的销售; 计算机的软硬件的技术开发; 技术咨询; 技术服务; 服装设计; 服装销售; （依法须经批准的项目; 经相关部门批准后方可展开经营活动）,体育赛事,0.0286,0.122,0.3,0.1111
途晟物业服务四川有限公司,8211,健身休闲,0.6611,0.9,是,纯跨界（行业代码非体育，文本有体育业务）,1,1,健身房清洁服务,,健身房,1.0,1.0,0.0,0.1111
成都耀竞网络科技有限公司,6422,电子竞技,0.6611,0.9,是,纯跨界（行业代码非体育，文本有体育业务）,1,1,网络电子竞技服务,,电子竞技,1.0,1.0,0.0,0.1111
宝渝（成都）商贸有限公司第二分店,5232,体育用品,0.3944,0.75,是,纯跨界（行业代码非体育，文本有体育业务）,3,1,运动服装及配件的批发,运动用品; 运动器械,运动服装,0.3333,1.0,0.0,0.1111
成都摸鱼团传媒有限公司,7259,体育用品,0.1235,0.6,是,潜在跨界（间接行业代码，文本有体育业务）,37,1,体育用品及器材零售,一般项目：广告发布; 广告设计; 代理; 广告制作; 技术服务; 技术开发; 技术咨询; 技术交流; 技术转让; 技术推广; 信息系统集成服务; 针纺织品销售; 服装服饰零售; 鞋帽零售; 日用品销售; 玩具销售; 家居用品销售; 文具用品零售; 办公用品销售; 化妆品零售; 家用电器销售; 厨具卫具及日用杂品零售; 工艺美术品及礼仪用品销售（象牙及其制品除外）; 电子产品销售; 通讯设备销售; 食用农产品零售; 物业管理; 货物进出口; 业务培训（不含教育培训; 职业技能培训等需取得许可的培训）; 个人互联网直播服务; 企业管理咨询; 企业管理; 信息咨询服务（不含许可类信息咨询服务）; （除依法须经批准的项目外; 凭营业执照依法自主开展经,体育用品,0.027,0.1064,0.3,0.1111
成都予予商贸有限公司,5132,体育用品,0.2,0.75,是,纯跨界（行业代码非体育，文本有体育业务）,8,1,体育用品,销售：服装鞋帽; 箱包; 皮革制品; 针纺织品; 家具; 饰品; （以上经营项目不含法律法规和国务院决定需要前置审批或许可的项目）,体育用品,0.125,0.5556,0.0,0.1111
成都市成华区璐菲纳商贸部,5232,体育用品,0.1226,0.6,是,纯跨界（行业代码非体育，文本有体育业务）,18,1,体育用品,批发零售：日用百货; 服装; 鞋帽; 箱包; 皮具; 化妆品; 饰品; 家居用品; 办公用品; 户外用品; 汽车用品; 家具; 建材; 电子产品; 玩具; （依法须经批准的项目; 经相关部门批准后方可开展经营活动）,体育用品,0.0556,0.3571,0.0,0.1111
成都时代理想教育咨询有限公司,8399,体育用品,0.2569,0.75,是,潜在跨界（间接行业代码，文本有体育业务）,7,1,体育用品,教育信息咨询（不含教学及培训; 不含出国留学及中介）; 销售：文具; 软件; （依法须经批准的项目; 经相关部门批准后方可展开经营活动）,体育用品,0.1429,0.4545,0.3,0.1111
成都南德教育咨询有限公司,8399,体育用品,0.1909,0.6,是,潜在跨界（间接行业代码，文本有体育业务）,12,1,体育用品及器材,教育信息咨询（不含教学及培训）; 组织文化交流活动; 会议及展览服务; 礼仪服务; 翻译服务; 软件开发; 企业管理咨询; 企业形象策划; 销售：文具; （依法须经批准的项目; 经相关部门批准后方可展开经营活动）,体育用品,0.0833,0.2857,0.3,0.1111
成都锦隆建设有限公司,5011,体育场馆,0.6611,0.9,是,纯跨界（行业代码非体育，文本有体育业务）,1,1,体育馆建筑装饰装修,,体育馆,1.0,1.0,0.0,0.1111
成都澄鑫欣电子商务有限公司,5292,体育用品,0.6611,0.9,是,纯跨界（行业代码非体育，文本有体育业务）,1,1,互联网体育用品零售,,体育用品零售,1.0,1.0,0.0,0.1111
四川智兴荣光建筑工程有限公司,5011,体育场馆,0.6611,0.9,是,纯跨界（行业代码非体育，文本有体育业务）,1,1,体育馆建筑装饰装修,,体育馆,1.0,1.0,0.0,0.1111
四川金思为开建筑工程有限公司,5011,体育场馆,0.6611,0.9,是,纯跨界（行业代码非体育，文本有体育业务）,1,1,体育馆建筑装饰装修,,体育馆,1.0,1.0,0.0,0.1111
成都首艺仁装饰工程有限公司,5011,体育场馆,0.6611,0.9,是,纯跨界（行业代码非体育，文本有体育业务）,1,1,体育馆建筑装饰装修,,体育馆,1.0,1.0,0.0,0.1111
成都业思峰商贸有限公司,5211,体育用品,0.1537,0.6,是,纯跨界（行业代码非体育，文本有体育业务）,8,1,体育用品及器材零售,一般项目：日用百货销售; 服装服饰零售; 厨具卫具及日用杂品零售; 建筑材料销售; 五金产品零售; （除依法须经批准的项目外; 凭营业执照依法自主开展经营活动）,体育用品,0.125,0.3704,0.0,0.1111
四川鼎天体育产业发展有限公司,7492,体育场馆,0.6611,0.9,是,纯跨界（行业代码非体育，文本有体育业务）,1,1,体育场馆设计服务,,体育场馆,1.0,1.0,0.0,0.1111
成都海拓鹏信体育设施工程有限公司,5011,体育场馆,0.6611,0.9,是,纯跨界（行业代码非体育，文本有体育业务）,1,1,体育馆建筑装饰装修,,体育馆,1.0,1.0,0.0,0.1111
成都市迪凯体育运动有限公司,7298,体育赛事,0.6611,0.9,是,纯跨界（行业代码非体育，文本有体育业务）,1,1,体育赛事服务,,体育赛事,1.0,1.0,0.0,0.1111
成都蓉康堂体育场馆管理有限公司,5132,体育场馆,0.6611,0.9,是,纯跨界（行业代码非体育，文本有体育业务）,1,1,体育场馆管理,,体育场馆,1.0,1.0,0.0,0.1111
成都尚贤栩然教育科技有限公司,8399,体育培训,0.7361,0.9,是,潜在跨界（间接行业代码，文本有体育业务）,1,1,舞蹈培训,,舞蹈培训,1.0,1.0,0.3,0.1111
成都市成华区呼魁答商贸部,5132,体育用品,0.1022,0.6,是,纯跨界（行业代码非体育，文本有体育业务）,19,2,体育用品及器材批发; 体育用品及器材零售,一般项目：建筑材料销售; 五金产品零售; 五金产品批发; 服装服饰批发; 服装服饰零售; 玩具销售; 家具销售; 化妆品批发; 化妆品零售; 箱包销售; 鞋帽批发; 鞋帽零售; 母婴用品销售; 汽车零配件零售; 汽车零配件批发; 软件开发（除依法须经批准的项目外; 凭营业执照依法自主开展经营活动）,体育用品,0.1053,0.1961,0.0,0.1111
四川金捷海通体育设施工程有限公司,7484,体育场馆,0.6611,0.9,是,纯跨界（行业代码非体育，文本有体育业务）,1,1,体育场地工程服务,,体育场地,1.0,1.0,0.0,0.1111
成都青蜂网吧有限责任公司,6422,电子竞技,0.6611,0.9,是,纯跨界（行业代码非体育，文本有体育业务）,1,1,互联网电子竞技服务,,电子竞技,1.0,1.0,0.0,0.1111
四川蓉景国际旅行社有限公司,7291,体育赛事,0.1279,0.6,是,潜在跨界（间接行业代码，文本有体育业务）,25,1,体育竞赛组织,一般项目：票务代理服务; 旅客票务代理; 商务代理代办服务; 会议及展览服务; 组织文化艺术交流活动; 健身休闲活动; 体验式拓展活动及策划; 信息咨询服务（不含许可类信息咨询服务）; 餐饮管理; 酒店管理; 旅游开发项目策划咨询; 园林绿化工程施工; 城市公园管理; 互联网销售（除销售需要许可的商品）; 小微型客车租赁经营服务; 游览景区管理; 养老服务; 职工疗休养策划服务; （除依法须经批准的项目外; 凭营业执照依法自主开展经营活动）许可项目：旅游业务; 房地产开发经营; （依法须经批准的项目; 经相关部门批准后方可开展经营活动; 具体经营项目以相关部门批准文件或许可证件为准）,体育竞赛,0.04,0.1031,0.3,0.1111
成都战篮体育文化传播有限公司,7221,体育场馆,0.6611,0.9,是,纯跨界（行业代码非体育，文本有体育业务）,1,1,篮球场馆管理服务,,篮球场,1.0,1.0,0.0,0.1111
成都尼禾冬商贸部,5132,体育用品,0.2161,0.75,是,纯跨界（行业代码非体育，文本有体育业务）,5,1,体育用品及器材批发（除依法须经批准的项目外,一般项目：服装服饰批发; 化妆品零售; 日用品销售; 凭营业执照依法自主开展经营活动）,体育用品,0.2,0.5,0.0,0.1111
四川东沐建筑工程有限公司,5011,体育场馆,0.6611,0.9,是,纯跨界（行业代码非体育，文本有体育业务）,1,1,体育馆建筑装饰装修,,体育馆,1.0,1.0,0.0,0.1111
成华区震邳忠商贸部,5232,体育用品,0.6611,0.9,是,纯跨界（行业代码非体育，文本有体育业务）,1,1,运动服装专门零售服务,,运动服装,1.0,1.0,0.0,0.1111
四川漫汐广告有限公司,7259,体育用品,0.1236,0.6,是,潜在跨界（间接行业代码，文本有体育业务）,34,1,体育用品及器材零售,一般项目：广告制作; 广告发布; 广告设计; 代理; 平面设计; 图文设计制作; 办公服务; 打字复印; 市场营销策划; 企业管理咨询; 市场调查（不含涉外调查）; 会议及展览服务; 礼仪服务; 婚庆礼仪服务; 摄像及视频制作服务; 城市公园管理; 办公设备租赁服务; 信息咨询服务（不含许可类信息咨询服务）; 咨询策划服务; 信息技术咨询服务; 信息系统集成服务; 办公用品销售; 办公设备销售; 建筑材料销售; 音响设备销售; 计算机软硬件及辅助设备零售; 通讯设备销售; 电子产品销售; 办公设备耗材销售; 园林绿化工程施工; （除依法须经批准的项目外; 凭营业执照依法自主开展经营活动）许可项目：互联网直播技术服务; （依法须经批准的项,体育用品,0.0294,0.1031,0.3,0.1111
四川友邻友客国际旅行社有限公司,7291,体育用品,0.2058,0.75,是,潜在跨界（间接行业代码，文本有体育业务）,18,2,体育用品及器材零售; 组织体育表演活动,一般项目：办公用品销售; 文具用品零售; 体验式拓展活动及策划; 教育咨询服务（不含涉许可审批的教育培训活动）; 组织文化艺术交流活动; 旅客票务代理; 票务代理服务; 航空国际货物运输代理; 会议及展览服务; 信息咨询服务（不含许可类信息咨询服务）; （除依法须经批准的项目外; 凭营业执照依法自主开展经营活动）许可项目：旅游业务; 游艺娱乐活动; （依法须经批准的项目; 经相关部门批准后方可开展经营活动; 具体经营项目以相关部门批准文件或许可证件为准）,体育用品; 体育表演,0.1111,0.2564,0.3,0.2222
成都新莱诺体育用品有限公司,5292,体育用品,0.6611,0.9,是,纯跨界（行业代码非体育，文本有体育业务）,1,1,网上体育用品零售,,体育用品零售,1.0,1.0,0.0,0.1111
成都力禾互娱传媒有限公司,6429,体育传媒,0.6611,0.9,是,纯跨界（行业代码非体育，文本有体育业务）,1,1,体育直播,,体育直播,1.0,1.0,0.0,0.1111
四川众威能科技有限公司,5292,体育用品,0.6611,0.9,是,纯跨界（行业代码非体育，文本有体育业务）,1,1,互联网零售体育用品,,体育用品,1.0,1.0,0.0,0.1111
成都不童凡响体育发展有限公司,9020,健身休闲,0.6611,0.9,是,纯跨界（行业代码非体育，文本有体育业务）,1,1,儿童攀岩服务,,攀岩,1.0,1.0,0.0,0.1111
成都最佳元素商贸有限公司,5232,体育用品,0.6611,0.9,是,纯跨界（行业代码非体育，文本有体育业务）,1,1,运动服装零售,,运动服装,1.0,1.0,0.0,0.1111
成都市金色京沐雅舞蹈有限公司,8399,体育培训,0.7361,0.9,是,潜在跨界（间接行业代码，文本有体育业务）,1,1,舞蹈培训,,舞蹈培训,1.0,1.0,0.3,0.1111
四川川艺联盟教育咨询有限公司,8399,体育培训,0.7361,0.9,是,潜在跨界（间接行业代码，文本有体育业务）,1,1,舞蹈培训,,舞蹈培训,1.0,1.0,0.3,0.1111
成都市鼎立鑫网吧,9013,电子竞技,0.6611,0.9,是,纯跨界（行业代码非体育，文本有体育业务）,1,1,网吧电子竞技娱乐服务,,电子竞技,1.0,1.0,0.0,0.1111
成都市诺姆网吧,9013,电子竞技,0.6611,0.9,是,纯跨界（行业代码非体育，文本有体育业务）,1,1,网吧电子竞技娱乐服务,,电子竞技,1.0,1.0,0.0,0.1111
成都展姿星冉文化艺术传播有限公司,8399,体育培训,0.7361,0.9,是,潜在跨界（间接行业代码，文本有体育业务）,1,1,舞蹈培训服务,,舞蹈培训,1.0,1.0,0.3,0.1111
成都市龙泉驿区时空引擎玩家网吧,9013,电子竞技,0.6611,0.9,是,纯跨界（行业代码非体育，文本有体育业务）,1,1,网吧电子竞技服务,,电子竞技,1.0,1.0,0.0,0.1111
四川舞甲天下文化传播有限公司,8399,体育培训,0.7361,0.9,是,潜在跨界（间接行业代码，文本有体育业务）,1,1,舞蹈培训服务,,舞蹈培训,1.0,1.0,0.3,0.1111
成都市玛哈念健身休闲俱乐部,8399,体育培训,0.7361,0.9,是,潜在跨界（间接行业代码，文本有体育业务）,1,1,舞蹈培训,,舞蹈培训,1.0,1.0,0.3,0.1111
成都市龙泉驿区迪艺明文化艺术培训学校有限公司,8399,体育培训,0.7361,0.9,是,潜在跨界（间接行业代码，文本有体育业务）,1,1,舞蹈培训,,舞蹈培训,1.0,1.0,0.3,0.1111
成都市迪艺明教育咨询有限公司,8399,体育培训,0.7361,0.9,是,潜在跨界（间接行业代码，文本有体育业务）,1,1,舞蹈培训,,舞蹈培训,1.0,1.0,0.3,0.1111
成都市恩宏教育咨询有限公司,8399,体育培训,0.7361,0.9,是,潜在跨界（间接行业代码，文本有体育业务）,1,1,青少年舞蹈培训,,舞蹈培训,1.0,1.0,0.3,0.1111
成都隆武凯酷健康管理有限公司,8399,体育培训,0.7361,0.9,是,潜在跨界（间接行业代码，文本有体育业务）,1,1,少儿舞蹈培训,,舞蹈培训,1.0,1.0,0.3,0.1111
四川领业户外装备有限公司,1784,体育用品,0.6611,0.9,是,纯跨界（行业代码非体育，文本有体育业务）,1,1,制造帐篷,,帐篷,1.0,1.0,0.0,0.1111
四川鑫蓉欧应急装备有限责任公司,1784,体育用品,0.6611,0.9,是,纯跨界（行业代码非体育，文本有体育业务）,1,1,帐篷制造,,帐篷,1.0,1.0,0.0,0.1111
成都创美家户外用品有限公司,1784,体育用品,0.6611,0.9,是,纯跨界（行业代码非体育，文本有体育业务）,1,1,帐篷制造,,帐篷,1.0,1.0,0.0,0.1111
成都市飞秒网吧有限责任公司,9013,电子竞技,0.6611,0.9,是,纯跨界（行业代码非体育，文本有体育业务）,1,1,电竞酒店,,电竞酒店,1.0,1.0,0.0,0.1111
四川省文渊阁文化传播有限公司,5149,体育用品,0.6611,0.9,是,纯跨界（行业代码非体育，文本有体育业务）,1,1,文化体育用品批发,,体育用品批发,1.0,1.0,0.0,0.1111
成都乐川佳阳科技有限公司,1784,体育用品,0.6611,0.9,是,纯跨界（行业代码非体育，文本有体育业务）,1,1,帐篷布制造,,帐篷,1.0,1.0,0.0,0.1111
四川牧迪客家户外用品有限公司,1784,体育用品,0.6611,0.9,是,纯跨界（行业代码非体育，文本有体育业务）,1,1,户外帐篷布制造,,帐篷,1.0,1.0,0.0,0.1111
成都肆玖兄弟科技有限公司,5233,体育用品,0.6611,0.9,是,纯跨界（行业代码非体育，文本有体育业务）,1,1,运动鞋零售,,运动鞋,1.0,1.0,0.0,0.1111
成都市新都区时空引擎梦幻网上行网吧,9013,健身休闲,0.6611,0.9,是,纯跨界（行业代码非体育，文本有体育业务）,1,1,网上冲浪,,冲浪,1.0,1.0,0.0,0.1111
四川九锐达体育用品有限公司,5193,体育用品,0.6611,0.9,是,纯跨界（行业代码非体育，文本有体育业务）,1,1,网络批发体育用品,,体育用品,1.0,1.0,0.0,0.1111
成都天恒中盛贸易有限公司,5233,体育用品,0.6611,0.9,是,纯跨界（行业代码非体育，文本有体育业务）,1,1,运动鞋零售,,运动鞋,1.0,1.0,0.0,0.1111
成都见塑空间健身服务有限公司,8053,健身休闲,0.6611,0.9,是,纯跨界（行业代码非体育，文本有体育业务）,1,1,养生保健瑜伽服务,,瑜伽,1.0,1.0,0.0,0.1111
成都环泰体育场地设施工程有限公司,7484,体育场馆,0.6611,0.9,是,纯跨界（行业代码非体育，文本有体育业务）,1,1,体育场设施工程设计,,体育场,1.0,1.0,0.0,0.1111
四川非腾电子商务有限公司,5292,体育用品,0.6611,0.9,是,纯跨界（行业代码非体育，文本有体育业务）,1,1,运动鞋电销平台零售,,运动鞋,1.0,1.0,0.0,0.1111
成都羽萌体育文化推广有限公司,5193,体育用品,0.6611,0.9,是,纯跨界（行业代码非体育，文本有体育业务）,1,1,互联网羽毛球用品批发,,羽毛球,1.0,1.0,0.0,0.1111
成都蓝兔鞋业有限公司,1951,体育用品,0.6611,0.9,是,纯跨界（行业代码非体育，文本有体育业务）,1,1,纺织面运动鞋制造,,运动鞋,1.0,1.0,0.0,0.1111
成都市温江区时空引擎科岚网吧,6422,电子竞技,0.6611,0.9,是,纯跨界（行业代码非体育，文本有体育业务）,1,1,网络电子竞技服务,,电子竞技,1.0,1.0,0.0,0.1111
成都温江智康康复医疗中心有限公司,8522,健身休闲,0.6611,0.9,是,纯跨界（行业代码非体育，文本有体育业务）,1,1,康复训练,,康复训练,1.0,1.0,0.0,0.1111
成都市解星儿童健康管理有限公司,8522,健身休闲,0.6611,0.9,是,纯跨界（行业代码非体育，文本有体育业务）,1,1,康复训练,,康复训练,1.0,1.0,0.0,0.1111
成都星光启健康咨询有限责任公司,8522,健身休闲,0.6611,0.9,是,纯跨界（行业代码非体育，文本有体育业务）,1,1,儿童康复训练,,康复训练,1.0,1.0,0.0,0.1111
成都悠康健康科技有限公司,8522,健身休闲,0.6611,0.9,是,纯跨界（行业代码非体育，文本有体育业务）,1,1,康复训练,,康复训练,1.0,1.0,0.0,0.1111
成都时空引擎斑马网吧,6422,电子竞技,0.6611,0.9,是,纯跨界（行业代码非体育，文本有体育业务）,1,1,电子竞技服务,,电子竞技,1.0,1.0,0.0,0.1111
成都龙桥新网缘网吧,6422,电子竞技,0.6611,0.9,是,纯跨界（行业代码非体育，文本有体育业务）,1,1,电子竞技服务,,电子竞技,1.0,1.0,0.0,0.1111
成都双流区三国网吧,9013,电子竞技,0.6611,0.9,是,纯跨界（行业代码非体育，文本有体育业务）,1,1,网吧电子竞技娱乐服务,,电子竞技,1.0,1.0,0.0,0.1111
成都奥德斯帐篷有限公司,1784,体育用品,0.6611,0.9,是,纯跨界（行业代码非体育，文本有体育业务）,1,1,帐篷生产,,帐篷,1.0,1.0,0.0,0.1111
成都市旋风时代体育文化传播有限公司,8399,健身休闲,0.7361,0.9,是,潜在跨界（间接行业代码，文本有体育业务）,1,1,跆拳道教育服务,,跆拳道,1.0,1.0,0.3,0.1111
成都优博锐体育设施有限公司,7492,体育场馆,0.6611,0.9,是,纯跨界（行业代码非体育，文本有体育业务）,1,1,体育设施设计,,体育设施,1.0,1.0,0.0,0.1111
成都时空引擎天下网吧,9013,电子竞技,0.6611,0.9,是,纯跨界（行业代码非体育，文本有体育业务）,1,1,网吧电子竞技体育娱乐服务,,电子竞技,1.0,1.0,0.0,0.1111
成都时空引擎台风网吧,9013,电子竞技,0.6611,0.9,是,纯跨界（行业代码非体育，文本有体育业务）,1,1,网吧电子竞技娱乐服务,,电子竞技,1.0,1.0,0.0,0.1111
成都市双流区星空名欣网吧,9013,电子竞技,0.6611,0.9,是,纯跨界（行业代码非体育，文本有体育业务）,1,1,网吧电子竞技娱乐服务,,电子竞技,1.0,1.0,0.0,0.1111
成都时空引擎快车道网吧,9013,电子竞技,0.6611,0.9,是,纯跨界（行业代码非体育，文本有体育业务）,1,1,网吧电子竞技娱乐服务,,电子竞技,1.0,1.0,0.0,0.1111
成都市双流区星空魔盒网吧,9013,电子竞技,0.6722,0.9,是,纯跨界（行业代码非体育，文本有体育业务）,1,1,网吧电子竞技体育服务,,电子竞技; 体育服务,1.0,1.0,0.0,0.2222
双流星空电竞网吧,9013,电子竞技,0.6611,0.9,是,纯跨界（行业代码非体育，文本有体育业务）,1,1,电子竞技体育娱乐服务,,电子竞技,1.0,1.0,0.0,0.1111
成都龙渡网吧,9013,电子竞技,0.6611,0.9,是,纯跨界（行业代码非体育，文本有体育业务）,1,1,网吧电子竞技服务,,电子竞技,1.0,1.0,0.0,0.1111
四川创均娱乐有限公司,9013,电子竞技,0.6611,0.9,是,纯跨界（行业代码非体育，文本有体育业务）,1,1,网吧电子竞技娱乐服务,,电子竞技,1.0,1.0,0.0,0.1111
成都双流区光子电竞网吧店,9013,电子竞技,0.6611,0.9,是,纯跨界（行业代码非体育，文本有体育业务）,1,1,电子竞技网吧,,电子竞技,1.0,1.0,0.0,0.1111
四川锦文昊天科技有限公司,7320,体育场馆,0.1496,0.6,是,纯跨界（行业代码非体育，文本有体育业务）,21,2,城市健身步道; 跑步道工程建筑,节能工程技术研发服务; 新型材料技术开发; 转让; 咨询; 服务及相关产品研发; 制造; 新材料技术开发; 交流; 推广服务; 涂料制造（不含危险化学品）; 节能环保工程施工; 涂料销售（不含危险化学品）; 科技交流和推广服务; 节能工程设计; 合成材料制造; 塑料板; 片制造; （依法须经批准的项目; 经相关部门批准后方可开展经营活动）,健身步道; 跑步,0.0952,0.3571,0.0,0.2222
成都雨辰鞋业有限责任公司,1954,体育用品,0.2394,0.75,是,潜在跨界（间接行业代码，文本有体育业务）,7,1,运动鞋,橡胶靴鞋; 皮鞋的制造销售; 从事货物与技术的进出口业务（法律; 行政法规禁止的项目除外; 法律; 行政法规限制的项目取得许可后方可经营）,运动鞋,0.1429,0.3846,0.3,0.1111
成都舞佳舞文化传播有限公司,8399,体育培训,0.7361,0.9,是,潜在跨界（间接行业代码，文本有体育业务）,1,1,舞蹈培训,,舞蹈培训,1.0,1.0,0.3,0.1111
成都星艺鑫文化传播有限公司,8399,体育培训,0.7361,0.9,是,潜在跨界（间接行业代码，文本有体育业务）,1,1,舞蹈培训,,舞蹈培训,1.0,1.0,0.3,0.1111
成都奥晖体育设备有限公司,5292,体育用品,0.6611,0.9,是,纯跨界（行业代码非体育，文本有体育业务）,1,1,互联网体育器材零售,,体育器材,1.0,1.0,0.0,0.1111
成都曼成悦泳企业管理有限公司,8621,体育场馆,0.6611,0.9,是,纯跨界（行业代码非体育，文本有体育业务）,3,3,综合性体育场; 体育馆; 游泳馆,,体育场; 体育馆; 游泳馆,1.0,1.0,0.0,0.1111
四川盛泰创科技有限公司,8522,健身休闲,0.6611,0.9,是,纯跨界（行业代码非体育，文本有体育业务）,1,1,康复训练服务,,康复训练,1.0,1.0,0.0,0.1111
成都牛势文化传播有限公司,6422,电子竞技,0.6611,0.9,是,纯跨界（行业代码非体育，文本有体育业务）,1,1,电子竞技运营,,电子竞技,1.0,1.0,0.0,0.1111
成都点滴未来教育科技有限公司,8399,体育培训,0.7361,0.9,是,潜在跨界（间接行业代码，文本有体育业务）,1,1,文化体育教育机构,,体育教育,1.0,1.0,0.3,0.1111
四川体产置业有限公司,7484,体育场馆,0.6611,0.9,是,纯跨界（行业代码非体育，文本有体育业务）,1,1,体育场地设施工程设计,,体育场地设施,1.0,1.0,0.0,0.1111
成都宗义鸿体育文化传播有限公司,8399,体育培训,0.7361,0.9,是,潜在跨界（间接行业代码，文本有体育业务）,1,1,跆拳道培训,,跆拳道培训,1.0,1.0,0.3,0.1111
四川汇客隆电子商务有限公司,5292,体育用品,0.6611,0.9,是,纯跨界（行业代码非体育，文本有体育业务）,1,1,运动鞋网上零售,,运动鞋,1.0,1.0,0.0,0.1111
彭州市蜂友之家帐篷有限公司,1784,体育用品,0.6611,0.9,是,纯跨界（行业代码非体育，文本有体育业务）,1,1,帐篷制作,,帐篷,1.0,1.0,0.0,0.1111
简阳雄州健身体育发展有限公司,8391,体育培训,0.7361,0.9,是,潜在跨界（间接行业代码，文本有体育业务）,1,1,游泳培训服务,,游泳培训,1.0,1.0,0.3,0.1111
简阳欣阳儿童健康管理中心,8522,健身休闲,0.6611,0.9,是,纯跨界（行业代码非体育，文本有体育业务）,1,1,儿童康复训练,,康复训练,1.0,1.0,0.0,0.1111
成都星途启航体育文化发展有限公司,8399,体育用品,0.7361,0.9,是,潜在跨界（间接行业代码，文本有体育业务）,1,1,篮球教育服务,,篮球,1.0,1.0,0.3,0.1111
四川捷隆制鞋有限公司,1951,体育用品,0.6611,0.9,是,纯跨界（行业代码非体育，文本有体育业务）,1,1,运动鞋制造,,运动鞋,1.0,1.0,0.0,0.1111
四川金峰源体育产业发展有限公司,7298,体育赛事,0.6611,0.9,是,纯跨界（行业代码非体育，文本有体育业务）,1,1,体育赛事服务,,体育赛事,1.0,1.0,0.0,0.1111
自贡石榴籽体育发展有限责任公司,5132,体育用品,0.6611,0.9,是,纯跨界（行业代码非体育，文本有体育业务）,1,1,体育服装批发,,体育服装,1.0,1.0,0.0,0.1111
攀枝花一林武武术培训学校有限公司,8399,体育培训,0.7361,0.9,是,潜在跨界（间接行业代码，文本有体育业务）,1,1,非学历体育培训,,体育培训,1.0,1.0,0.3,0.1111
四川动力克斯体育文化传播有限公司,7259,体育传媒,0.7361,0.9,是,潜在跨界（间接行业代码，文本有体育业务）,1,1,体育广告策划,,体育广告,1.0,1.0,0.3,0.1111
四川立邵明贸易有限公司,5189,体育用品,0.6611,0.9,是,纯跨界（行业代码非体育，文本有体育业务）,1,1,体育用品批发,,体育用品批发,1.0,1.0,0.0,0.1111
四川威琦尔智能科技有限公司,1784,体育用品,0.6611,0.9,是,纯跨界（行业代码非体育，文本有体育业务）,1,1,帐篷制作,,帐篷,1.0,1.0,0.0,0.1111
绵竹市渔夫电竞网吧网咖个人独资,9013,电子竞技,0.6611,0.9,是,纯跨界（行业代码非体育，文本有体育业务）,1,1,电竞网吧,,电竞网吧,1.0,1.0,0.0,0.1111
四川龙之影文化传媒有限公司,7259,体育传媒,0.7361,0.9,是,潜在跨界（间接行业代码，文本有体育业务）,1,1,体育广告服务,,体育广告,1.0,1.0,0.3,0.1111
绵阳市思必好金玖网吧,9013,电子竞技,0.6611,0.9,是,纯跨界（行业代码非体育，文本有体育业务）,1,1,网络竞技,,网络竞技,1.0,1.0,0.0,0.1111
四川在川之鱼电子商务有限公司,5292,体育用品,0.6611,0.9,是,纯跨界（行业代码非体育，文本有体育业务）,1,1,互联网渔具零售,,渔具,1.0,1.0,0.0,0.1111
绵阳富厚昌具网络科技有限公司,6422,电子竞技,0.6611,0.9,是,纯跨界（行业代码非体育，文本有体育业务）,1,1,网络电子竞技服务,,电子竞技,1.0,1.0,0.0,0.1111
绵阳闽港服饰有限公司,5132,体育用品,0.1019,0.6,是,纯跨界（行业代码非体育，文本有体育业务）,16,1,文化体育用品,服装服饰; 鞋帽生产及销售; 玩具; 日化及床上用品; 劳保用品; 针纺织品; 布料; 户外用品; 日用百货; 皮革制品; 电子产品; 工艺品的销售; 自营货物的进出口业务（国家限制或禁止的项目或技术除外）; （依法须经批准的项目; 经相关部门批准后方可开展经营活动）,体育用品,0.0625,0.2632,0.0,0.1111
绵阳农科区智能网吧,9013,电子竞技,0.6611,0.9,是,纯跨界（行业代码非体育，文本有体育业务）,1,1,网吧电子竞技娱乐服务,,电子竞技,1.0,1.0,0.0,0.1111
四川省思博越科教设备有限公司,5193,体育用品,0.6611,0.9,是,纯跨界（行业代码非体育，文本有体育业务）,1,1,文化体育用品器材批发,,体育用品,1.0,1.0,0.0,0.1111
剑阁县话点康复服务中心个人独资,8522,健身休闲,0.6611,0.9,是,纯跨界（行业代码非体育，文本有体育业务）,1,1,残疾康复训练服务,,康复训练,1.0,1.0,0.0,0.1111
大英熊田心文化艺术培训学校有限公司,8399,体育培训,0.7361,0.9,是,潜在跨界（间接行业代码，文本有体育业务）,1,1,舞蹈培训,,舞蹈培训,1.0,1.0,0.3,0.1111
遂宁天姿翼体育用品有限公司,5292,体育用品,0.6611,0.9,是,纯跨界（行业代码非体育，文本有体育业务）,1,1,体育用品互联网零售,,体育用品,1.0,1.0,0.0,0.1111
内江市拓创体育用品有限公司,5232,体育用品,0.3944,0.75,是,纯跨界（行业代码非体育，文本有体育业务）,3,1,体育用品,零售服装; 鞋等,体育用品,0.3333,1.0,0.0,0.1111
内江资中乔兴体育用品有限公司,1954,体育用品,0.7361,0.9,是,潜在跨界（间接行业代码，文本有体育业务）,1,1,橡胶运动鞋制造,,运动鞋,1.0,1.0,0.3,0.1111
内江江河康复医院有限公司,8415,健身休闲,0.6611,0.9,是,纯跨界（行业代码非体育，文本有体育业务）,1,1,运动康复,,运动康复,1.0,1.0,0.0,0.1111
乐山非凡体育用品有限公司,5132,体育用品,0.6611,0.9,是,纯跨界（行业代码非体育，文本有体育业务）,1,1,运动服装批发,,运动服装,1.0,1.0,0.0,0.1111
乐山市星义网吧,9013,电子竞技,0.6611,0.9,是,纯跨界（行业代码非体育，文本有体育业务）,1,1,网吧电子竞技服务,,电子竞技,1.0,1.0,0.0,0.1111
乐山市沙湾区奎尔萨拉斯网吧,9013,电子竞技,0.6611,0.9,是,纯跨界（行业代码非体育，文本有体育业务）,1,1,电子竞技体育娱乐服务,,电子竞技,1.0,1.0,0.0,0.1111
乐山沙湾欣星艺术培训学校有限公司,8399,体育培训,0.7361,0.9,是,潜在跨界（间接行业代码，文本有体育业务）,1,1,舞蹈培训,,舞蹈培训,1.0,1.0,0.3,0.1111
四川省通盾交通设施工程有限公司,7481,体育场馆,0.1246,0.6,是,纯跨界（行业代码非体育，文本有体育业务）,10,1,一般项目：体育场地设施工程施工,交通设施维修; 园林绿化工程施工; 建筑工程机械与设备租赁; 市政设施管理; 工程管理服务; 建筑材料销售; 电气信号设备装置销售; （除依法须经批准的项目外; 凭营业执照依法自主开展经营活动）,体育场地设施,0.1,0.2941,0.0,0.1111
南充领跑体育用品有限公司,5233,体育用品,0.6611,0.9,是,纯跨界（行业代码非体育，文本有体育业务）,1,1,零售运动服装,,运动服装,1.0,1.0,0.0,0.1111
南充市东虹广告有限公司,7259,体育传媒,0.7361,0.9,是,潜在跨界（间接行业代码，文本有体育业务）,1,1,体育广告服务,,体育广告,1.0,1.0,0.3,0.1111
南充柏娅创美广告传媒有限公司,7259,体育传媒,0.7361,0.9,是,潜在跨界（间接行业代码，文本有体育业务）,1,1,体育广告服务,,体育广告,1.0,1.0,0.3,0.1111
营山熊咖电竞馆,9013,电子竞技,0.6611,0.9,是,纯跨界（行业代码非体育，文本有体育业务）,1,1,互联网电子竞技,,电子竞技,1.0,1.0,0.0,0.1111
眉山市佳倍广告工程有限公司,7259,体育传媒,0.7361,0.9,是,潜在跨界（间接行业代码，文本有体育业务）,1,1,体育广告服务,,体育广告,1.0,1.0,0.3,0.1111
眉山卓扬建筑工程有限公司,7484,体育场馆,0.6611,0.9,是,纯跨界（行业代码非体育，文本有体育业务）,1,1,体育场地设施工程施工,,体育场地设施,1.0,1.0,0.0,0.1111
宜宾树招广告有限公司,7259,体育传媒,0.7361,0.9,是,潜在跨界（间接行业代码，文本有体育业务）,1,1,体育广告服务,,体育广告,1.0,1.0,0.3,0.1111
宜宾市翠屏区星美数码含洋连锁网吧,9013,电子竞技,0.6611,0.9,是,纯跨界（行业代码非体育，文本有体育业务）,1,1,网吧电子竞技娱乐服务,,电子竞技,1.0,1.0,0.0,0.1111
宜宾邦蕴商贸有限公司,5232,体育用品,0.6611,0.9,是,纯跨界（行业代码非体育，文本有体育业务）,1,1,运动服装零售,,运动服装,1.0,1.0,0.0,0.1111
宜宾市南溪区弋博体育培训学校有限公司,8391,体育培训,0.7361,0.9,是,潜在跨界（间接行业代码，文本有体育业务）,1,1,体育培训的营利性民办培训机构,,体育培训,1.0,1.0,0.3,0.1111
宜宾市南溪区小飞人体育培训学校有限责任公司,8391,体育培训,0.7361,0.9,是,潜在跨界（间接行业代码，文本有体育业务）,1,1,体育培训,,体育培训,1.0,1.0,0.3,0.1111
宜宾市南溪区超能体育培训学校有限公司,8391,体育培训,0.7361,0.9,是,潜在跨界（间接行业代码，文本有体育业务）,1,1,体育培训,,体育培训,1.0,1.0,0.3,0.1111
宜宾市卡伦特体育用品有限公司,5232,体育用品,0.6611,0.9,是,纯跨界（行业代码非体育，文本有体育业务）,1,1,运动服装零售,,运动服装,1.0,1.0,0.0,0.1111
四川江安云淞体育用品有限责任公司,5232,体育用品,0.6611,0.9,是,纯跨界（行业代码非体育，文本有体育业务）,1,1,体育用品零售,,体育用品零售,1.0,1.0,0.0,0.1111
高县舞精灵艺术培训学校有限公司,8399,体育培训,0.7361,0.9,是,潜在跨界（间接行业代码，文本有体育业务）,1,1,舞蹈培训,,舞蹈培训,1.0,1.0,0.3,0.1111
广安市福辉鞋业有限公司,1951,体育用品,0.6611,0.9,是,纯跨界（行业代码非体育，文本有体育业务）,1,1,运动鞋生产,,运动鞋,1.0,1.0,0.0,0.1111
四川省岳池县森林鞋业有限公司,1952,体育用品,0.7361,0.9,是,潜在跨界（间接行业代码，文本有体育业务）,1,1,休闲运动鞋制造,,运动鞋,1.0,1.0,0.3,0.1111
武胜县星未来培训学校有限公司,8399,体育培训,0.7361,0.9,是,潜在跨界（间接行业代码，文本有体育业务）,1,1,音乐舞蹈美术体育培训,,体育培训,1.0,1.0,0.3,0.1111
广安星火体育文化发展有限责任公司,8399,体育管理,0.7361,0.9,是,潜在跨界（间接行业代码，文本有体育业务）,1,1,少儿文化体育服务,,体育服务,1.0,1.0,0.3,0.1111
武胜同路人体育文化发展有限公司,8399,体育培训,0.7361,0.9,是,潜在跨界（间接行业代码，文本有体育业务）,1,1,篮球培训,,篮球培训,1.0,1.0,0.3,0.1111
武胜县飞翼艺术培训有限公司,8399,体育培训,0.7361,0.9,是,潜在跨界（间接行业代码，文本有体育业务）,1,1,舞蹈培训,,舞蹈培训,1.0,1.0,0.3,0.1111
邻水县狼途电竞网吧,9013,电子竞技,0.6611,0.9,是,纯跨界（行业代码非体育，文本有体育业务）,1,1,电竞游戏,,电竞,1.0,1.0,0.0,0.1111
邻水县旺角旅游开发有限公司,7869,健身休闲,0.6611,0.9,是,纯跨界（行业代码非体育，文本有体育业务）,1,1,旅游景区水上漂流,,漂流,1.0,1.0,0.0,0.1111
广安市菠萝电竞网络有限公司,6422,电子竞技,0.6611,0.9,是,纯跨界（行业代码非体育，文本有体育业务）,1,1,网络电子竞技服务,,电子竞技,1.0,1.0,0.0,0.1111
华蓥市鑫枫网吧,9013,电子竞技,0.6611,0.9,是,纯跨界（行业代码非体育，文本有体育业务）,1,1,网络竞技,,网络竞技,1.0,1.0,0.0,0.1111
达州市通川区迪乐网吧,9013,电子竞技,0.6611,0.9,是,纯跨界（行业代码非体育，文本有体育业务）,1,1,网络电竞服务,,电竞,1.0,1.0,0.0,0.1111
达州市瀛洲体育文化传播有限公司,7259,体育传媒,0.7361,0.9,是,潜在跨界（间接行业代码，文本有体育业务）,1,1,体育广告服务,,体育广告,1.0,1.0,0.3,0.1111
四川瑾瑜体育用品有限公司,1951,体育用品,0.6611,0.9,是,纯跨界（行业代码非体育，文本有体育业务）,1,1,研发运动鞋,,运动鞋,1.0,1.0,0.0,0.1111
汉源县斌鹤武术培训学校有限公司,8399,健身休闲,0.7361,0.9,是,潜在跨界（间接行业代码，文本有体育业务）,1,1,武术教育,,武术,1.0,1.0,0.3,0.1111
南江悠捷文化文体服务有限公司,8870,体育管理,0.6611,0.9,是,纯跨界（行业代码非体育，文本有体育业务）,1,1,文化体育服务,,体育服务,1.0,1.0,0.0,0.1111
巴中市龙福鞋业有限公司,1952,体育用品,0.7361,0.9,是,潜在跨界（间接行业代码，文本有体育业务）,1,1,运动鞋制造,,运动鞋,1.0,1.0,0.3,0.1111
安岳安鑫体育用品有限公司,1951,体育用品,0.6611,0.9,是,纯跨界（行业代码非体育，文本有体育业务）,1,1,生产运动鞋,,运动鞋,1.0,1.0,0.0,0.1111
四川川越体育用品有限公司,1951,体育用品,0.6611,0.9,是,纯跨界（行业代码非体育，文本有体育业务）,1,1,运动鞋制造,,运动鞋,1.0,1.0,0.0,0.1111
鸿星尔克（资阳）实业有限公司,1951,体育用品,0.6611,0.9,是,纯跨界（行业代码非体育，文本有体育业务）,1,1,运动鞋生产,,运动鞋,1.0,1.0,0.0,0.1111
资阳季茜鞋服有限公司,1952,体育用品,0.7361,0.9,是,潜在跨界（间接行业代码，文本有体育业务）,1,1,皮鞋运动鞋制造,,运动鞋,1.0,1.0,0.3,0.1111
安岳安鼎鞋业有限公司,1951,体育用品,0.6611,0.9,是,纯跨界（行业代码非体育，文本有体育业务）,1,1,运动鞋制造,,运动鞋,1.0,1.0,0.0,0.1111
安岳三宝鞋业有限公司,1951,体育用品,0.6611,0.9,是,纯跨界（行业代码非体育，文本有体育业务）,1,1,制造运动鞋,,运动鞋,1.0,1.0,0.0,0.1111
四川丰升鞋业有限公司,1951,体育用品,0.6611,0.9,是,纯跨界（行业代码非体育，文本有体育业务）,1,1,运动鞋制造,,运动鞋,1.0,1.0,0.0,0.1111
资阳市雁江区鹿港网吧,9013,电子竞技,0.6611,0.9,是,纯跨界（行业代码非体育，文本有体育业务）,1,1,网吧电子竞技服务,,电子竞技,1.0,1.0,0.0,0.1111
马尔康白海螺电竞馆,6422,电子竞技,0.6611,0.9,是,纯跨界（行业代码非体育，文本有体育业务）,1,1,网络电子竞技服务,,电子竞技,1.0,1.0,0.0,0.1111
西昌市月玛西亚体育服务有限责任公司,5292,体育用品,0.6611,0.9,是,纯跨界（行业代码非体育，文本有体育业务）,1,1,互联网体育服装零售,,体育服装,1.0,1.0,0.0,0.1111
凉山环腾商贸有限公司,5193,体育用品,0.6611,0.9,是,纯跨界（行业代码非体育，文本有体育业务）,1,1,文化体育用品及器材批发,,体育用品,1.0,1.0,0.0,0.1111
会东县玮玮广告传媒有限公司,7259,体育传媒,0.7361,0.9,是,潜在跨界（间接行业代码，文本有体育业务）,1,1,体育广告服务,,体育广告,1.0,1.0,0.3,0.1111
四川拓步体育设施工程有限公司,7484,体育场馆,0.6611,0.9,是,纯跨界（行业代码非体育，文本有体育业务）,1,1,运动场馆设计,,运动场馆,1.0,1.0,0.0,0.1111
胜道(成都)商贸有限公司,5232,体育用品,0.6611,0.9,是,纯跨界（行业代码非体育，文本有体育业务）,1,1,体育服装零售,,体育服装,1.0,1.0,0.0,0.1111
成都晟智健身服务有限公司,8399,健身休闲,0.7361,0.9,是,潜在跨界（间接行业代码，文本有体育业务）,1,1,少儿体适能健身,,体适能,1.0,1.0,0.3,0.1111
四川小青蛙真知户外拓展有限公司,8391,健身休闲,0.7361,0.9,是,潜在跨界（间接行业代码，文本有体育业务）,1,1,户外拓展培训,,户外拓展,1.0,1.0,0.3,0.1111
若尔盖宜博电竞馆,9013,电子竞技,0.6611,0.9,是,纯跨界（行业代码非体育，文本有体育业务）,1,1,电子竞技服务,,电子竞技,1.0,1.0,0.0,0.1111
成都智友泳体育文化传播有限公司,8921,体育场馆,0.8736,0.95,否,,1,1,体育场馆管理,,体育场馆,1.0,1.0,0.85,0.1111
成都寰海创玩体育文化发展有限公司,8919,体育管理,0.8736,0.95,否,,1,1,其他体育组织,,体育组织,1.0,1.0,0.85,0.1111
成都兰途峰汇健身服务有限公司,8930,健身休闲,0.2125,0.85,否,,1,0,,健身休闲活动,,0.0,0.0,0.85,0.0
成都塑造健身服务有限公司,8930,健身休闲,0.2125,0.85,否,,1,0,,健身休闲活动,,0.0,0.0,0.85,0.0
成都朱古力户外刻堂体育文化发展有限公司,8919,体育管理,0.8736,0.95,否,,1,1,其他体育组织,,体育组织,1.0,1.0,0.85,0.1111
威康健身管理咨询（成都）有限公司,8930,健身休闲,0.8736,0.95,否,,1,1,健身服务,,健身服务,1.0,1.0,0.85,0.1111
四川锐思联合体育文化发展有限公司,8911,体育管理,0.2125,0.85,否,,1,0,,组织策划体育活动,,0.0,0.0,0.85,0.0
文轩体育文化发展有限公司,8921,体育场馆,0.8736,0.95,否,,1,1,体育场馆管理服务,,体育场馆,1.0,1.0,0.85,0.1111
四川省同赢体育用品有限公司,5142,体育用品,0.8736,0.95,否,,1,1,批发体育用品,,体育用品,1.0,1.0,0.85,0.1111
四川康德绿色建筑工程有限公司,4991,体育场馆,0.6611,0.9,是,纯跨界（行业代码非体育，文本有体育业务）,1,1,体育场地设施安装,,体育场地设施,1.0,1.0,0.0,0.1111
已除名（成都攀达健身服务有限公司）,8930,健身休闲,0.2125,0.85,否,,1,0,,健身休闲活动,,0.0,0.0,0.85,0.0
成都舒适堡健身美容有限公司,8930,健身休闲,0.2125,0.85,否,,1,0,,健身休闲活动,,0.0,0.0,0.85,0.0
成都探索之旅体育顾问有限公司,8911,体育赛事,0.8736,0.95,否,,1,1,体育赛事组织,,体育赛事,1.0,1.0,0.85,0.1111
成都华达建筑设备安装有限公司,4991,体育场馆,0.6611,0.9,是,纯跨界（行业代码非体育，文本有体育业务）,1,1,体育场设备安装,,体育场,1.0,1.0,0.0,0.1111
成都宝威裕达体育用品有限公司,5242,体育用品,0.8736,0.95,否,,1,1,零售体育用品,,体育用品,1.0,1.0,0.85,0.1111
成都市文化用品大楼有限责任公司,5242,体育用品,0.8736,0.95,否,,1,1,体育用品零售,,体育用品零售,1.0,1.0,0.85,0.1111
成都博达泽兴商贸有限公司,5242,体育用品,0.8736,0.95,否,,1,1,体育用品零售,,体育用品零售,1.0,1.0,0.85,0.1111
四川国弘鼎健体育产业发展有限责任公司,8921,体育场馆,0.8736,0.95,否,,1,1,体育场馆服务,,体育场馆,1.0,1.0,0.85,0.1111
成都海务瑶威文化传媒有限公司,8919,体育管理,0.2125,0.85,否,,1,0,,组织文化艺术交流活动,,0.0,0.0,0.85,0.0
成都大零滑冰有限公司,8921,体育场馆,0.8736,0.95,否,,1,1,滑冰场管理,,滑冰场,1.0,1.0,0.85,0.1111
四川恒凯威安防科技有限公司,5242,体育用品,0.8736,0.95,否,,1,1,文化体育用品,,体育用品,1.0,1.0,0.85,0.1111
四川盘酷飞行体育文化传播有限公司,8930,健身休闲,0.2125,0.85,否,,1,0,,健身休闲活动,,0.0,0.0,0.85,0.0
成都东兴伯尼健身服务有限公司,8930,健身休闲,0.2125,0.85,否,,1,0,,健身休闲活动,,0.0,0.0,0.85,0.0
恒大体育赛事有限公司成都分公司,8911,体育赛事,0.8736,0.95,否,,1,1,体育竞赛组织,,体育竞赛,1.0,1.0,0.85,0.1111
成都柚野体育文化发展有限公司,8919,体育管理,0.8736,0.95,否,,1,1,体育组织服务,,体育组织,1.0,1.0,0.85,0.1111
成都市海克斯体育发展有限责任公司,5242,体育用品,0.8736,0.95,否,,1,1,体育用品,,体育用品,1.0,1.0,0.85,0.1111
成都蓝威体育文化传播有限公司,8930,健身休闲,0.2125,0.85,否,,1,0,,体育健康服务,,0.0,0.0,0.85,0.0
成都悦新风体育文化传播有限责任公司,5242,体育用品,0.8736,0.95,否,,1,1,体育用品,,体育用品,1.0,1.0,0.85,0.1111
元大都成都体育发展有限公司,5242,体育用品,0.8736,0.95,否,,1,1,体育用品销售,,体育用品销售,1.0,1.0,0.85,0.1111
成都蓉城网事体育文化传播有限公司,8911,体育赛事,0.8736,0.95,否,,1,1,体育竞赛,,体育竞赛,1.0,1.0,0.85,0.1111
成都贰肆柒健身服务有限公司,8930,健身休闲,0.2125,0.85,否,,1,0,,健身活动,,0.0,0.0,0.85,0.0
四川承道玉书文化传播有限公司,8919,体育管理,0.8736,0.95,否,,1,1,其他体育组织,,体育组织,1.0,1.0,0.85,0.1111
成都穿越行户外俱乐部有限公司,8919,体育管理,0.2125,0.85,否,,1,0,,大型活动组织服务,,0.0,0.0,0.85,0.0
四川中探坤宇体育发展有限公司,5142,体育用品,0.8736,0.95,否,,1,1,体育用品,,体育用品,1.0,1.0,0.85,0.1111
四川牧也谦初文化传媒有限公司,8919,体育管理,0.8736,0.95,否,,1,1,其他体育组织,,体育组织,1.0,1.0,0.85,0.1111
四川袋鼠公社文化传媒有限公司,8911,体育管理,0.2125,0.85,否,,1,0,,KTV歌厅娱乐服务,,0.0,0.0,0.85,0.0
四川豪夕辰顺体育用品有限公司,5142,体育用品,0.8736,0.95,否,,1,1,体育用品及器材批发,,体育用品,1.0,1.0,0.85,0.1111
四川熠思文化创意有限公司,8919,体育管理,0.8736,0.95,否,,1,1,其他体育组织,,体育组织,1.0,1.0,0.85,0.1111
成都伊索娱乐有限公司,8919,体育管理,0.2125,0.85,否,,1,0,,儿童室内娱乐游戏服务,,0.0,0.0,0.85,0.0
四川慢慢玩体育文化发展有限公司,8919,体育赛事,0.8736,0.95,否,,1,1,组织体育表演活动,,体育表演,1.0,1.0,0.85,0.1111
成都叁分球贰零壹玖体育发展有限公司,8911,体育赛事,0.8736,0.95,否,,1,1,体育竞赛组织,,体育竞赛,1.0,1.0,0.85,0.1111
成都一兰诺瑜伽有限公司,8930,健身休闲,0.8736,0.95,否,,1,1,健身服务,,健身服务,1.0,1.0,0.85,0.1111
成都锦江猎鹰射击有限公司,8930,健身休闲,0.2125,0.85,否,,1,0,,娱乐项目,,0.0,0.0,0.85,0.0
成都愉跃户外运动有限公司,8930,健身休闲,0.2125,0.85,否,,1,0,,健身休闲活动,,0.0,0.0,0.85,0.0
四川小狐荼文化传媒有限公司,8919,体育管理,0.2125,0.85,否,,1,0,,文艺创作,,0.0,0.0,0.85,0.0
四川昶熙信息科技有限公司,5142,体育用品,0.8736,0.95,否,,1,1,体育用品及器材批发,,体育用品,1.0,1.0,0.85,0.1111
成都心孕健身服务有限公司,8930,健身休闲,0.2125,0.85,否,,1,0,,健身休闲活动,,0.0,0.0,0.85,0.0
四川中科未来体育设施有限公司,5142,体育用品,0.8736,0.95,否,,1,1,体育用品及器材批发,,体育用品,1.0,1.0,0.85,0.1111
成都肆加贰户外拓展有限公司,8930,健身休闲,0.2125,0.85,否,,1,0,,体验式拓展活动及策划,,0.0,0.0,0.85,0.0
四川突破体育发展有限公司,8911,体育赛事,0.8736,0.95,否,,1,1,体育赛事组织策划,,体育赛事,1.0,1.0,0.85,0.1111
成都聚尚智博文化传播有限公司,8930,健身休闲,0.8736,0.95,否,,1,1,台球活动,,台球,1.0,1.0,0.85,0.1111
成都鑫海奇门健身服务有限公司,8930,健身休闲,0.8736,0.95,否,,1,1,健身服务,,健身服务,1.0,1.0,0.85,0.1111
四川嘎嘎客信息技术有限公司,8930,健身休闲,0.2125,0.85,否,,1,0,,娱乐休闲活动服务,,0.0,0.0,0.85,0.0
成都繁星点点健身服务有限公司,8930,健身休闲,0.8736,0.95,否,,1,1,健身服务,,健身服务,1.0,1.0,0.85,0.1111
成都至上健身服务有限公司,8930,健身休闲,0.8736,0.95,否,,1,1,健身服务,,健身服务,1.0,1.0,0.85,0.1111
四川金弈体育文化发展有限公司,8911,体育赛事,0.8736,0.95,否,,1,1,体育赛事组织,,体育赛事,1.0,1.0,0.85,0.1111
四川天创英拾文化传播有限公司,8930,健身休闲,0.8736,0.95,否,,1,1,健身服务,,健身服务,1.0,1.0,0.85,0.1111
成都浪帆体育文化发展有限公司,8911,体育赛事,0.8736,0.95,否,,1,1,体育竞赛组织,,体育竞赛,1.0,1.0,0.85,0.1111
成都实大实文化传媒有限公司,8911,体育赛事,0.8736,0.95,否,,1,1,体育竞赛组织,,体育竞赛,1.0,1.0,0.85,0.1111
成都度优佳企业管理咨询有限公司,8930,健身休闲,0.8736,0.95,否,,1,1,健身服务,,健身服务,1.0,1.0,0.85,0.1111
成都亨健体育文化传播有限公司,8930,健身休闲,0.2125,0.85,否,,1,0,,健身活动,,0.0,0.0,0.85,0.0
成都焱迪商贸有限公司,8930,健身休闲,0.2125,0.85,否,,1,0,,健身休闲活动,,0.0,0.0,0.85,0.0
圣德巨幻贸易成都有限公司,5242,体育用品,0.8736,0.95,否,,1,1,体育用品零售,,体育用品零售,1.0,1.0,0.85,0.1111
成都随马文化传媒有限公司,9052,体育管理,0.6611,0.9,是,纯跨界（行业代码非体育，文本有体育业务）,1,1,体育服务,,体育服务,1.0,1.0,0.0,0.1111
成都雪线户外拓展运动有限责任公司,5242,体育用品,0.2125,0.85,否,,1,0,,户外用品零售,,0.0,0.0,0.85,0.0
成都行动力户外拓展运动有限公司,8930,健身休闲,0.2125,0.85,否,,1,0,,健身休闲活动服务,,0.0,0.0,0.85,0.0
成都控鹤体育文化传播有限公司,8392,体育培训,0.8736,0.95,否,,1,1,体育培训,,体育培训,1.0,1.0,0.85,0.1111
四川南钏追梦人体育文化发展有限公司,5142,体育用品,0.8736,0.95,否,,1,1,体育用品批发,,体育用品批发,1.0,1.0,0.85,0.1111
成都北境户外运动有限责任公司,8930,健身休闲,0.8736,0.95,否,,1,1,健身服务,,健身服务,1.0,1.0,0.85,0.1111
成都蜀蓉维乐斯健身服务有限公司,8930,健身休闲,0.8736,0.95,否,,1,1,健身服务,,健身服务,1.0,1.0,0.85,0.1111
成都酷式体育管理有限责任公司,8930,健身休闲,0.2125,0.85,否,,1,0,,健身休闲活动,,0.0,0.0,0.85,0.0
成都训练岛健康管理有限公司,8930,健身休闲,0.8736,0.95,否,,1,1,健身服务,,健身服务,1.0,1.0,0.85,0.1111
四川群星擎动文化传媒有限公司,9052,体育赛事,0.6611,0.9,是,纯跨界（行业代码非体育，文本有体育业务）,1,1,组织体育表演活动服务,,体育表演,1.0,1.0,0.0,0.1111
四川微风启航体育文化传播有限公司,9052,体育赛事,0.6611,0.9,是,纯跨界（行业代码非体育，文本有体育业务）,1,1,体育赛事策划,,赛事策划,1.0,1.0,0.0,0.1111
成都西金玖零柒优佳健身服务有限公司,8930,健身休闲,0.8736,0.95,否,,1,1,健身服务,,健身服务,1.0,1.0,0.85,0.1111
成都壹叁贰优佳健身服务有限公司,8930,健身休闲,0.2125,0.85,否,,1,0,,健身运动,,0.0,0.0,0.85,0.0
成都伯尼体育文化传播有限责任公司,8930,健身休闲,0.8736,0.95,否,,1,1,健身服务,,健身服务,1.0,1.0,0.85,0.1111
四川跃达启航健身服务有限公司,8930,健身休闲,0.2125,0.85,否,,1,0,,健身休闲活动,,0.0,0.0,0.85,0.0
成都海力体育文化有限公司,8930,健身休闲,0.8736,0.95,否,,1,1,水上运动全民健身活动,,水上运动,1.0,1.0,0.85,0.1111
四川壹卡莫健康管理有限公司,8930,健身休闲,0.2125,0.85,否,,1,0,,健身休闲活动,,0.0,0.0,0.85,0.0
成都兰途蓉成健身服务有限公司,8930,健身休闲,0.2125,0.85,否,,1,0,,健身休闲活动,,0.0,0.0,0.85,0.0
成都飞雪西岭雪山户外运动有限公司,5242,体育用品,0.2125,0.85,否,,1,0,,健身休闲活动,,0.0,0.0,0.85,0.0
成都后力体育用品有限公司,5142,体育用品,0.2125,0.85,否,,1,0,,体育批发,,0.0,0.0,0.85,0.0
四川艾特尼斯体育文化传播有限公司,8911,体育赛事,0.8736,0.95,否,,1,1,体育竞赛策划,,体育竞赛,1.0,1.0,0.85,0.1111
四川顺领企业管理有限公司,5242,体育用品,0.8736,0.95,否,,1,1,体育用品,,体育用品,1.0,1.0,0.85,0.1111
成都博赛体育文化发展有限公司,9052,体育管理,0.6611,0.9,是,纯跨界（行业代码非体育，文本有体育业务）,1,1,体育服务,,体育服务,1.0,1.0,0.0,0.1111
极竞体育文化发展成都有限公司,8911,体育赛事,0.8736,0.95,否,,1,1,体育赛事策划,,赛事策划,1.0,1.0,0.85,0.1111
四川艾秀星体育文化传播有限公司,8911,体育赛事,0.8736,0.95,否,,1,1,体育赛事策划,,赛事策划,1.0,1.0,0.85,0.1111
成都匠人体育管理有限公司,5242,体育用品,0.8736,0.95,否,,1,1,体育用品及器材零售,,体育用品,1.0,1.0,0.85,0.1111
四川酷乐派体育文化传播有限公司,8930,健身休闲,0.2125,0.85,否,,1,0,,健身休闲活动,,0.0,0.0,0.85,0.0
成都超越极限体育文化传播有限公司,5242,体育用品,0.8736,0.95,否,,1,1,体育用品零售,,体育用品零售,1.0,1.0,0.85,0.1111
成都兴杨宏宇户外用品有限公司,5242,体育用品,0.8736,0.95,否,,1,1,体育用品零售,,体育用品零售,1.0,1.0,0.85,0.1111
成都玛尔斯武术俱乐部有限责任公司,8930,健身休闲,0.2125,0.85,否,,1,0,,健身休闲活动,,0.0,0.0,0.85,0.0
成都锦诚十多斤健身服务有限公司,8930,健身休闲,0.2125,0.85,否,,1,0,,健身休闲活动,,0.0,0.0,0.85,0.0
成都龙跃鸿帆体育文化传播有限责任公司,8930,健身休闲,0.2125,0.85,否,,1,0,,健身休闲活动,,0.0,0.0,0.85,0.0
成都时光盒子健身服务有限公司,8930,健身休闲,0.2125,0.85,否,,1,0,,健身休闲活动,,0.0,0.0,0.85,0.0
心爱星（成都）拓展训练有限公司,8919,体育管理,0.2125,0.85,否,,1,0,,拓展训练,,0.0,0.0,0.85,0.0
成都力悦体育健身服务有限公司,8930,健身休闲,0.8736,0.95,否,,1,1,体育健身服务,,健身服务,1.0,1.0,0.85,0.1111
成都拓世体育文化传播有限公司,7246,体育管理,0.6611,0.9,是,纯跨界（行业代码非体育，文本有体育业务）,1,1,体育文化咨询,,体育文化,1.0,1.0,0.0,0.1111
四川最嘉团队健康管理有限公司,8930,健身休闲,0.8736,0.95,否,,1,1,健身房健身活动,,健身房,1.0,1.0,0.85,0.1111
成都体之律健身有限公司,8930,健身休闲,0.8736,0.95,否,,1,1,健身服务,,健身服务,1.0,1.0,0.85,0.1111
成都磐石灏跃体育科技有限公司,8930,健身休闲,0.2125,0.85,否,,1,0,,健身休闲活动,,0.0,0.0,0.85,0.0
四川普拉得体健身有限公司,8930,健身休闲,0.2125,0.85,否,,1,0,,健身休闲活动,,0.0,0.0,0.85,0.0
成都肆星仕力体育文化传播有限公司,8930,健身休闲,0.2125,0.85,否,,1,0,,健身休闲活动,,0.0,0.0,0.85,0.0
四川微动健康管理有限责任公司,8930,健身休闲,0.2125,0.85,否,,1,0,,室内健身运动,,0.0,0.0,0.85,0.0
成都锐迈威文化传播有限公司,9052,体育赛事,0.6611,0.9,是,纯跨界（行业代码非体育，文本有体育业务）,1,1,体育竞赛组织活动服务,,体育竞赛,1.0,1.0,0.0,0.1111
成都卡博菲特健身有限公司,8930,健身休闲,0.2125,0.85,否,,1,0,,健身休闲活动,,0.0,0.0,0.85,0.0
成都大玩家悦动空间娱乐发展有限公司,9052,体育赛事,0.6611,0.9,是,纯跨界（行业代码非体育，文本有体育业务）,1,1,体育赛事策划,,赛事策划,1.0,1.0,0.0,0.1111
四川德瑞乐学家体育文化发展有限公司,8930,健身休闲,0.2125,0.85,否,,1,0,,健身休闲服务,,0.0,0.0,0.85,0.0
成都勇毅决健康管理咨询有限公司,8930,健身休闲,0.8736,0.95,否,,1,1,健身服务,,健身服务,1.0,1.0,0.85,0.1111
成都大羽智健体育科技有限公司,8930,健身休闲,0.8736,0.95,否,,1,1,体育健身服务,,健身服务,1.0,1.0,0.85,0.1111
四川玩嘉互娱体育文化传播有限公司,8911,体育赛事,0.8736,0.95,否,,1,1,体育竞赛组织,,体育竞赛,1.0,1.0,0.85,0.1111
成都悠逸健康管理有限公司,8930,健身休闲,0.8736,0.95,否,,1,1,健美健身服务,,健身服务,1.0,1.0,0.85,0.1111
四川克瑞特斯体育用品有限公司,5242,体育用品,0.8736,0.95,否,,1,1,体育用品及器材零售,,体育用品,1.0,1.0,0.85,0.1111
成都市星锐盟体育文化传播有限公司,8392,体育培训,0.8736,0.95,否,,1,1,体育培训,,体育培训,1.0,1.0,0.85,0.1111
成都泰纳斯体育文化传播有限公司,8921,体育场馆,0.2125,0.85,否,,1,0,,大型活动组织服务,,0.0,0.0,0.85,0.0
成都尖峰优道体育用品有限公司,5242,体育用品,0.8736,0.95,否,,1,1,体育用品零售,,体育用品零售,1.0,1.0,0.85,0.1111
四川十点健身有限公司,8930,健身休闲,0.2125,0.85,否,,1,0,,健身休闲,,0.0,0.0,0.85,0.0
成都卜运来文化科技有限公司,5242,体育用品,0.8736,0.95,否,,1,1,体育用品及器材零售,,体育用品,1.0,1.0,0.85,0.1111
成都加拾克健康咨询有限公司,8930,健身休闲,0.2125,0.85,否,,1,0,,健身休闲活动,,0.0,0.0,0.85,0.0
四川乐博优体育文化传播有限公司,8392,体育培训,0.8736,0.95,否,,1,1,体育培训,,体育培训,1.0,1.0,0.85,0.1111
成都嘉图盛世体育发展有限公司,9052,体育赛事,0.6611,0.9,是,纯跨界（行业代码非体育，文本有体育业务）,1,1,组织体育表演活动,,体育表演,1.0,1.0,0.0,0.1111
成都依茨泰盟健身管理有限公司,8930,健身休闲,0.8736,0.95,否,,1,1,健身服务,,健身服务,1.0,1.0,0.85,0.1111
成都蓉海盛力体育文化发展有限公司,8919,体育赛事,0.8736,0.95,否,,1,1,组织体育表演活动,,体育表演,1.0,1.0,0.85,0.1111
成都京奥足球俱乐部有限责任公司,8921,体育场馆,0.8736,0.95,否,,1,1,体育场馆租赁服务,,体育场馆,1.0,1.0,0.85,0.1111
四川磐达智汇企业管理有限公司,8992,健身休闲,0.6611,0.9,是,纯跨界（行业代码非体育，文本有体育业务）,1,1,健身服务,,健身服务,1.0,1.0,0.0,0.1111
成都辰阳体育文化发展有限公司,8392,体育培训,0.2125,0.85,否,,1,0,,拳击训练,,0.0,0.0,0.85,0.0
四川指南者户外用品有限公司,5242,体育用品,0.2125,0.85,否,,1,0,,户外用品零售,,0.0,0.0,0.85,0.0
成都跃速体育文化传播有限公司,8911,体育管理,0.2125,0.85,否,,1,0,,体育项目组织服务,,0.0,0.0,0.85,0.0
四川金哈达品味户外运动有限公司,8930,健身休闲,0.2125,0.85,否,,1,0,,活动组织,,0.0,0.0,0.85,0.0
成都突破极点体育文化发展有限公司,8919,体育管理,0.8736,0.95,否,,1,1,其他体育组织,,体育组织,1.0,1.0,0.85,0.1111
成都纳斯福户外用品有限公司,5242,体育用品,0.8736,0.95,否,,1,1,体育用品及器材零售,,体育用品,1.0,1.0,0.85,0.1111
四川天愚文化创意有限公司,8919,体育管理,0.2125,0.85,否,,1,0,,组织文化艺术交流活动,,0.0,0.0,0.85,0.0
成都艺亦宸艺术发展有限公司,8919,体育管理,0.2125,0.85,否,,1,0,,文艺创作,,0.0,0.0,0.85,0.0
四川理想之巅户外运动有限公司,8930,健身休闲,0.2125,0.85,否,,1,0,,健身休闲活动,,0.0,0.0,0.85,0.0
成都蒲罗万象科技有限公司,5142,体育用品,0.8736,0.95,否,,1,1,批发体育用品,,体育用品,1.0,1.0,0.85,0.1111
成都鑫热爱体育用品有限公司,5142,体育用品,0.8736,0.95,否,,1,1,体育用品批发,,体育用品批发,1.0,1.0,0.85,0.1111
成都零重力户外运动有限公司,8930,健身休闲,0.2125,0.85,否,,1,0,,健身休闲活动,,0.0,0.0,0.85,0.0
四川易莱特体育发展有限公司,8999,体育赛事,0.6611,0.9,是,纯跨界（行业代码非体育，文本有体育业务）,1,1,体育竞赛组织,,体育竞赛,1.0,1.0,0.0,0.1111
成都动能健身服务有限公司,8930,健身休闲,0.2125,0.85,否,,1,0,,健身咨询服务,,0.0,0.0,0.85,0.0
成都市爱弓坊体育用品有限公司,5242,体育用品,0.8736,0.95,否,,1,1,体育用品零售,,体育用品零售,1.0,1.0,0.85,0.1111
四川峻豪之星体育俱乐部有限公司,8911,体育赛事,0.8736,0.95,否,,1,1,体育竞赛组织,,体育竞赛,1.0,1.0,0.85,0.1111
四川小九九文化传播有限公司,9052,体育赛事,0.6611,0.9,是,纯跨界（行业代码非体育，文本有体育业务）,1,1,组织体育表演活动,,体育表演,1.0,1.0,0.0,0.1111
成都米克斯健身服务有限公司,8930,健身休闲,0.8736,0.95,否,,1,1,健身服务,,健身服务,1.0,1.0,0.85,0.1111
成都皇伽瑜伽有限公司,8930,健身休闲,0.2125,0.85,否,,1,0,,健身运动服务,,0.0,0.0,0.85,0.0
成都超猩健身服务有限公司,8930,健身休闲,0.2125,0.85,否,,1,0,,健康咨询,,0.0,0.0,0.85,0.0
成都晓敏健身服务有限公司,8930,健身休闲,0.2125,0.85,否,,1,0,,健身休闲活动,,0.0,0.0,0.85,0.0
成都暖粉在线娱乐有限公司,5242,体育用品,0.2125,0.85,否,,1,0,,游艺娱乐活动,,0.0,0.0,0.85,0.0
成都艾特优佳企业管理咨询有限公司,8930,健身休闲,0.2125,0.85,否,,1,0,,健身休闲活动,,0.0,0.0,0.85,0.0
成都探路者体育用品有限公司,5242,体育用品,0.2125,0.85,否,,1,0,,户外用品零售,,0.0,0.0,0.85,0.0
成都单色晓熙文化传播有限公司,8911,体育赛事,0.8736,0.95,否,,1,1,体育赛事组织策划,,体育赛事,1.0,1.0,0.85,0.1111
成都星竞享体育文化传播有限公司,8912,体育管理,0.2125,0.85,否,,1,0,,体育保障组织,,0.0,0.0,0.85,0.0
四川学仑倍教育科技有限公司,8930,健身休闲,0.2125,0.85,否,,1,0,,健身运动,,0.0,0.0,0.85,0.0
成都湃森健身管理有限公司,8930,健身休闲,0.2125,0.85,否,,1,0,,健身咨询服务,,0.0,0.0,0.85,0.0
成都博浪健身服务有限公司,8930,健身休闲,0.8736,0.95,否,,1,1,健身服务,,健身服务,1.0,1.0,0.85,0.1111
成都小伴天新元素户外拓展有限公司,9052,健身休闲,0.6611,0.9,是,纯跨界（行业代码非体育，文本有体育业务）,1,1,户外拓展活动策划服务,,户外拓展,1.0,1.0,0.0,0.1111
成都猩羡健身服务有限公司,8930,健身休闲,0.8736,0.95,否,,1,1,健身服务,,健身服务,1.0,1.0,0.85,0.1111
成都皮皮柚体育文化传播有限公司,9052,体育赛事,0.6611,0.9,是,纯跨界（行业代码非体育，文本有体育业务）,1,1,组织体育表演活动,,体育表演,1.0,1.0,0.0,0.1111
四川乐立峰户外运动有限公司,8930,健身休闲,0.2125,0.85,否,,1,0,,户外活动组织,,0.0,0.0,0.85,0.0
成都锦江区约德宝电子竞技体育赛事策划有限公司,9052,体育赛事,0.6611,0.9,是,纯跨界（行业代码非体育，文本有体育业务）,1,1,体育赛事组织,,体育赛事,1.0,1.0,0.0,0.1111
成都吉懋商业管理有限公司,8930,健身休闲,0.8736,0.95,否,,1,1,健身服务,,健身服务,1.0,1.0,0.85,0.1111
成都精蓉城体育发展有限公司,9052,体育用品,0.6611,0.9,是,纯跨界（行业代码非体育，文本有体育业务）,1,1,体育用品及器材零售,,体育用品,1.0,1.0,0.0,0.1111
成都领悟探险户外运动有限公司,8919,健身休闲,0.8736,0.95,否,,1,1,户外运动组织,,户外运动,1.0,1.0,0.85,0.1111
四川动络慧体育发展有限公司,8392,体育培训,0.2125,0.85,否,,1,0,,体育锻炼,,0.0,0.0,0.85,0.0
四川优贝健商贸有限公司,5142,体育用品,0.8736,0.95,否,,1,1,体育用品批发,,体育用品批发,1.0,1.0,0.85,0.1111
成都英派斯健身器材有限公司,5142,体育用品,0.8736,0.95,否,,1,1,健身器材批发,,健身器材,1.0,1.0,0.85,0.1111
成都威玖健身服务有限公司,8930,健身休闲,0.8736,0.95,否,,1,1,健身服务,,健身服务,1.0,1.0,0.85,0.1111
成都智羽体育文化传播有限公司,9052,体育赛事,0.6611,0.9,是,纯跨界（行业代码非体育，文本有体育业务）,1,1,体育赛事活动策划,,体育赛事,1.0,1.0,0.0,0.1111
成都横展商贸有限公司,5142,体育用品,0.8736,0.95,否,,1,1,体育用品批发,,体育用品批发,1.0,1.0,0.85,0.1111
成都态度健身服务有限公司,8930,健身休闲,0.8736,0.95,否,,1,1,健身服务,,健身服务,1.0,1.0,0.85,0.1111
成都律动倍加企业管理咨询有限公司,8930,健身休闲,0.8736,0.95,否,,1,1,健身服务,,健身服务,1.0,1.0,0.85,0.1111
成都蓉城追梦体育发展有限公司,8919,体育赛事,0.8736,0.95,否,,1,1,组织体育表演活动,,体育表演,1.0,1.0,0.85,0.1111
成都华锐风翰体育文化传播有限公司,8930,健身休闲,0.2125,0.85,否,,1,0,,组织文化艺术交流活动,,0.0,0.0,0.85,0.0
成都泰美好健康管理有限公司,8930,健身休闲,0.8736,0.95,否,,1,1,健身游泳,,游泳,1.0,1.0,0.85,0.1111
成都天安伟业户外运动有限公司,8930,健身休闲,0.8736,0.95,否,,1,1,户外运动组织策划,,户外运动,1.0,1.0,0.85,0.1111
成都威寅健身服务有限公司,8930,健身休闲,0.8736,0.95,否,,1,1,健身服务,,健身服务,1.0,1.0,0.85,0.1111
成都绿弘环保科技有限公司,8921,体育场馆,0.2125,0.85,否,,1,0,,室外游泳场管理,,0.0,0.0,0.85,0.0
成都云端西行户外运动有限公司,8930,健身休闲,0.2125,0.85,否,,1,0,,户外活动组织策划,,0.0,0.0,0.85,0.0
格商花体育发展成都有限公司,8921,体育场馆,0.8736,0.95,否,,1,1,体育场地设施管理服务,,体育场地设施,1.0,1.0,0.85,0.1111
成都追光逐梦体育文化发展有限责任公司,9052,体育赛事,0.6611,0.9,是,纯跨界（行业代码非体育，文本有体育业务）,1,1,体育赛事筹备,,体育赛事,1.0,1.0,0.0,0.1111
四川威速道体育发展有限公司,9052,体育赛事,0.6611,0.9,是,纯跨界（行业代码非体育，文本有体育业务）,1,1,体育赛事活动策划,,体育赛事,1.0,1.0,0.0,0.1111
成都峰行会车友商贸有限公司,8919,体育管理,0.2125,0.85,否,,1,0,,车友会组织车友游玩,,0.0,0.0,0.85,0.0
成都天涯行文化传媒有限公司,8919,体育管理,0.2125,0.85,否,,1,0,,户外组织服务,,0.0,0.0,0.85,0.0
成都蓬麦谷网络科技有限公司,5242,体育用品,0.8736,0.95,否,,1,1,健身器材零售,,健身器材,1.0,1.0,0.85,0.1111
成都竞浦体育场馆管理有限公司,8921,体育场馆,0.8736,0.95,否,,1,1,体育馆管理,,体育馆,1.0,1.0,0.85,0.1111
成都融爱园拓展训练有限公司,8930,健身休闲,0.2125,0.85,否,,1,0,,拓展训练,,0.0,0.0,0.85,0.0
成都金羽汇翼体育场馆管理有限公司,8921,体育场馆,0.8736,0.95,否,,1,1,体育场地设施经营,,体育场地设施,1.0,1.0,0.85,0.1111
成都高攀毅道体育发展有限公司,8911,体育赛事,0.8736,0.95,否,,1,1,体育竞赛组织,,体育竞赛,1.0,1.0,0.85,0.1111
成都森鑫源户外家具有限公司,5242,体育用品,0.2125,0.85,否,,1,0,,户外用品零售,,0.0,0.0,0.85,0.0
成都禾汇乐体育科技有限责任公司,9052,体育管理,0.6611,0.9,是,纯跨界（行业代码非体育，文本有体育业务）,1,1,体育服务,,体育服务,1.0,1.0,0.0,0.1111
四川岷雅户外运动有限公司,8930,健身休闲,0.8736,0.95,否,,1,1,山地户外运动,,户外运动,1.0,1.0,0.85,0.1111
成都钓江君户外用品有限责任公司,5242,体育用品,0.8736,0.95,否,,1,1,渔具零售,,渔具,1.0,1.0,0.85,0.1111
成都浪桀商贸有限公司,5242,体育用品,0.2125,0.85,否,,1,0,,户外用品零售,,0.0,0.0,0.85,0.0
四川盗梦剧制文化传播有限公司,8912,体育管理,0.2125,0.85,否,,1,0,,游艺娱乐活动,,0.0,0.0,0.85,0.0
四川妍进教育咨询有限公司,8392,健身休闲,0.8736,0.95,否,,1,1,马术培训,,马术,1.0,1.0,0.85,0.1111
四川国奥华体体育设施有限公司,5242,体育用品,0.8736,0.95,否,,1,1,体育设备零售,,体育设备,1.0,1.0,0.85,0.1111
成都振中创源体育设施有限公司,5142,体育用品,0.8736,0.95,否,,1,1,体育用品,,体育用品,1.0,1.0,0.85,0.1111
四川腾博尚奥体育文化传播有限公司,9052,体育管理,0.6611,0.9,是,纯跨界（行业代码非体育，文本有体育业务）,1,1,体育组织活动,,体育组织,1.0,1.0,0.0,0.1111
四川奔浪体育发展有限公司,5242,体育用品,0.8736,0.95,否,,1,1,体育用品零售,,体育用品零售,1.0,1.0,0.85,0.1111
成都江湖户外运动有限公司,5142,体育用品,0.8736,0.95,否,,1,1,体育用品及器材批发,,体育用品,1.0,1.0,0.85,0.1111
成都卅四户外运动有限公司,8930,健身休闲,0.8736,0.95,否,,1,1,健身服务,,健身服务,1.0,1.0,0.85,0.1111
成都追逐体育用品有限公司,5242,体育用品,0.8736,0.95,否,,1,1,体育用品零售,,体育用品零售,1.0,1.0,0.85,0.1111
四川椿枫瑜伽健身有限责任公司,8930,健身休闲,0.2125,0.85,否,,1,0,,健身休闲活动,,0.0,0.0,0.85,0.0
成都希格寰亚体育文化传播有限公司,8930,健身休闲,0.8736,0.95,否,,1,1,健身服务,,健身服务,1.0,1.0,0.85,0.1111
成都竞技一九零四足球俱乐部有限公司,9052,体育赛事,0.6611,0.9,是,纯跨界（行业代码非体育，文本有体育业务）,1,1,体育赛事活动策划,,体育赛事,1.0,1.0,0.0,0.1111
成都博帆斯羽体育科技有限公司,8392,体育培训,0.8736,0.95,否,,1,1,青少年体育培训,,青少年体育,1.0,1.0,0.85,0.1111
成都桑伲健身服务有限公司,8930,健身休闲,0.2125,0.85,否,,1,0,,健身休闲活动,,0.0,0.0,0.85,0.0
成都闻行文化有限公司,8919,健身休闲,0.8736,0.95,否,,1,1,户外运动的组织策划,,户外运动,1.0,1.0,0.85,0.1111
四川众行致远户外运动有限公司,8930,健身休闲,0.2125,0.85,否,,1,0,,健身休闲活动,,0.0,0.0,0.85,0.0
四川未来鑫体育文化传播有限公司,8392,体育培训,0.8736,0.95,否,,1,1,体育教育培训服务,,体育教育,1.0,1.0,0.85,0.1111
成都武英豪杰体育文化传播有限公司,8392,体育培训,0.8736,0.95,否,,1,1,跆拳道培训服务,,跆拳道培训,1.0,1.0,0.85,0.1111
成都克尼迪亚健身器材有限公司,5242,体育用品,0.8736,0.95,否,,1,1,零售健身器材,,健身器材,1.0,1.0,0.85,0.1111
成都福系普拉亚商贸有限公司,5242,体育用品,0.8736,0.95,否,,1,1,专项运动器材零售,,运动器材,1.0,1.0,0.85,0.1111
四川费洛普拉提健身管理有限公司,8930,健身休闲,0.2125,0.85,否,,1,0,,健身休闲活动服务,,0.0,0.0,0.85,0.0
婵境文化传播成都有限公司,8930,健身休闲,0.2125,0.85,否,,1,0,,健身休闲活动,,0.0,0.0,0.85,0.0
成都象田体育文化传播有限公司,9052,体育赛事,0.6611,0.9,是,纯跨界（行业代码非体育，文本有体育业务）,1,1,体育赛事活动策划,,体育赛事,1.0,1.0,0.0,0.1111
成都市捷宇体育用品有限公司,5142,体育用品,0.8736,0.95,否,,1,1,体育用品及器材批发,,体育用品,1.0,1.0,0.85,0.1111
成都市克里白瑜伽健身有限责任公司,8930,健身休闲,0.2125,0.85,否,,1,0,,健身休闲活动,,0.0,0.0,0.85,0.0
成都克新体育发展有限公司,8999,健身休闲,0.6611,0.9,是,纯跨界（行业代码非体育，文本有体育业务）,1,1,健身游泳服务,,游泳,1.0,1.0,0.0,0.1111
成都石兮瑜伽健身有限公司,8930,健身休闲,0.8736,0.95,否,,1,1,瑜伽姐健身,,瑜伽,1.0,1.0,0.85,0.1111
成都瑞曼健身服务有限公司,8930,健身休闲,0.8736,0.95,否,,1,1,健身服务,,健身服务,1.0,1.0,0.85,0.1111
成都浩腾领航健身有限公司,5242,体育用品,0.8736,0.95,否,,1,1,健身器材零售,,健身器材,1.0,1.0,0.85,0.1111
成都市星火力台球俱乐部,8930,健身休闲,0.8736,0.95,否,,1,1,台球健身服务,,台球; 健身服务,1.0,1.0,0.85,0.1111
四川搏鳌体育有限公司,8921,体育场馆,0.8736,0.95,否,,1,1,体育场馆管理,,体育场馆,1.0,1.0,0.85,0.1111
成都星蓉烁网络科技有限公司,8921,体育场馆,0.8736,0.95,否,,1,1,体育场管理服务,,体育场,1.0,1.0,0.85,0.1111
成都斯迈体育文化传播有限公司,8911,体育管理,0.2125,0.85,否,,1,0,,组织体育活动,,0.0,0.0,0.85,0.0
成都凡思特体育文化传播有限公司,8921,体育场馆,0.8736,0.95,否,,1,1,体育场馆管理,,体育场馆,1.0,1.0,0.85,0.1111
成都拓飞体育文化传播有限公司,5242,体育用品,0.8736,0.95,否,,1,1,体育用品零售,,体育用品零售,1.0,1.0,0.85,0.1111
成都野人部落户外运动有限公司,5242,体育用品,0.2125,0.85,否,,1,0,,户外用品零售,,0.0,0.0,0.85,0.0
成都德赛德体育文化传播有限公司,8921,体育场馆,0.8736,0.95,否,,1,1,体育场管管理,,体育场,1.0,1.0,0.85,0.1111
成都众鑫力户外拓展有限公司,8911,体育赛事,0.8736,0.95,否,,1,1,体育竞赛组织,,体育竞赛,1.0,1.0,0.85,0.1111
成都山水之间户外拓展运动有限公司,8930,健身休闲,0.8736,0.95,否,,1,1,户外运动策划,,户外运动,1.0,1.0,0.85,0.1111
成都远新久亚贸易有限公司,5242,体育用品,0.8736,0.95,否,,1,1,体育用品,,体育用品,1.0,1.0,0.85,0.1111
成都叠点文化传播有限责任公司,8930,健身休闲,0.8736,0.95,否,,1,1,健身服务,,健身服务,1.0,1.0,0.85,0.1111
成都雪原体育文化传播有限公司,8392,体育培训,0.8736,0.95,否,,1,1,体育培训,,体育培训,1.0,1.0,0.85,0.1111
成都宝迪格尔健身服务有限责任公司,8930,健身休闲,0.2125,0.85,否,,1,0,,健身休闲活动,,0.0,0.0,0.85,0.0
成都加玩比尔体育文化传播有限责任公司,8930,健身休闲,0.8736,0.95,否,,1,1,健身服务,,健身服务,1.0,1.0,0.85,0.1111
成都金牛虎少科技有限公司,5242,体育用品,0.8736,0.95,否,,1,1,体育用品及器材零售,,体育用品,1.0,1.0,0.85,0.1111
成都软糖瑜伽健身管理有限公司,8930,健身休闲,0.8736,0.95,否,,1,1,健身服务,,健身服务,1.0,1.0,0.85,0.1111
成都肌械师欧尔健身有限责任公司,8930,健身休闲,0.2125,0.85,否,,1,0,,健身休闲活动,,0.0,0.0,0.85,0.0
成都无限进化体育发展有限公司,8912,体育管理,0.2125,0.85,否,,1,0,,体育保障组织,,0.0,0.0,0.85,0.0
成都大力熊猫健身服务有限公司,8930,健身休闲,0.2125,0.85,否,,1,0,,健身休闲活动,,0.0,0.0,0.85,0.0
成都海力游文体育文化传播有限公司,8930,健身休闲,0.2125,0.85,否,,1,0,,健身咨询服务,,0.0,0.0,0.85,0.0
成都铭格健身服务有限公司,8930,健身休闲,0.8736,0.95,否,,1,1,健身服务,,健身服务,1.0,1.0,0.85,0.1111
成都橙光健身有限公司,8930,健身休闲,0.8736,0.95,否,,1,1,健身服务,,健身服务,1.0,1.0,0.85,0.1111
成都元乐乐健康管理有限公司,8930,健身休闲,0.8736,0.95,否,,1,1,健身服务,,健身服务,1.0,1.0,0.85,0.1111
成都雨豆教育咨询有限公司,8930,健身休闲,0.8736,0.95,否,,1,1,健身服务,,健身服务,1.0,1.0,0.85,0.1111
四川如鑫商贸有限公司,5242,体育用品,0.8736,0.95,否,,1,1,体育用品及器材零售,,体育用品,1.0,1.0,0.85,0.1111
成都壹肆肆壹文化传播有限公司,5242,体育用品,0.2125,0.85,否,,1,0,,球鞋零售,,0.0,0.0,0.85,0.0
成都蒙星体育科技有限公司,8911,体育赛事,0.8736,0.95,否,,1,1,体育竞赛组织,,体育竞赛,1.0,1.0,0.85,0.1111
成都宇航健身服务有限公司,8930,健身休闲,0.2125,0.85,否,,1,0,,健身休闲活动,,0.0,0.0,0.85,0.0
成都兹梦惠羽商贸有限公司,5242,体育用品,0.8736,0.95,否,,1,1,体育用品零售,,体育用品零售,1.0,1.0,0.85,0.1111
成都环耀体育文化传播有限公司,8919,体育赛事,0.8736,0.95,否,,1,1,组织体育表演活动,,体育表演,1.0,1.0,0.85,0.1111
成都四只熊猫体育科技有限公司,8911,体育赛事,0.8736,0.95,否,,1,1,体育赛事策划,,赛事策划,1.0,1.0,0.85,0.1111
天翰九轩成都贸易有限公司,5242,体育用品,0.8736,0.95,否,,1,1,体育用品零售,,体育用品零售,1.0,1.0,0.85,0.1111
成都体跃未来体育设施工程有限公司,4892,体育场馆,0.8736,0.95,否,,1,1,体育场地设施工程施工,,体育场地设施,1.0,1.0,0.85,0.1111
成都锄头体育文化传播有限公司,8921,体育场馆,0.8736,0.95,否,,1,1,体育场馆租用,,体育场馆,1.0,1.0,0.85,0.1111
成都浮昇文化传播有限公司,5242,体育用品,0.2125,0.85,否,,1,0,,组织文化艺术交流活动,,0.0,0.0,0.85,0.0
成都凹凸健身咨询有限公司,8930,健身休闲,0.8736,0.95,否,,1,1,健身服务,,健身服务,1.0,1.0,0.85,0.1111
远北体育文化发展成都有限公司,8911,体育赛事,0.8736,0.95,否,,1,1,体育竞赛组织服务,,体育竞赛,1.0,1.0,0.85,0.1111
成都绿界体育文化传播有限公司,5242,体育用品,0.8736,0.95,否,,1,1,体育用品零售,,体育用品零售,1.0,1.0,0.85,0.1111
四川弧克体育发展有限责任公司,8911,体育赛事,0.8736,0.95,否,,1,1,体育赛事策划,,赛事策划,1.0,1.0,0.85,0.1111
成都蔻篮体育文化传播有限公司,8911,体育管理,0.2125,0.85,否,,1,0,,组织体育活动,,0.0,0.0,0.85,0.0
成都威风之力体育管理有限公司,8921,体育场馆,0.8736,0.95,否,,1,1,体育场馆管理服务,,体育场馆,1.0,1.0,0.85,0.1111
四川金成弘体育俱乐部有限公司,8911,体育管理,0.8736,0.95,否,,1,1,体育组织,,体育组织,1.0,1.0,0.85,0.1111
四川锐沃鹭星健康管理有限公司,8930,健身休闲,0.8736,0.95,否,,1,1,健身服务,,健身服务,1.0,1.0,0.85,0.1111
成都熙耀健身有限公司,8930,健身休闲,0.8736,0.95,否,,1,1,健身服务,,健身服务,1.0,1.0,0.85,0.1111
成都合泰鑫健身服务有限公司,8930,健身休闲,0.2125,0.85,否,,1,0,,健身休闲活动,,0.0,0.0,0.85,0.0
四川精练空间普拉提健身有限公司,8930,健身休闲,0.2125,0.85,否,,1,0,,健身休闲活动,,0.0,0.0,0.85,0.0
成都狂人健身服务有限公司,8930,健身休闲,0.2125,0.85,否,,1,0,,健身休闲活动,,0.0,0.0,0.85,0.0
成都观云轻悦健身服务有限公司,8930,健身休闲,0.8736,0.95,否,,1,1,健身服务,,健身服务,1.0,1.0,0.85,0.1111
成都市刻伦刻健身有限责任公司,8930,健身休闲,0.8736,0.95,否,,1,1,健身服务,,健身服务,1.0,1.0,0.85,0.1111
成都素心安己瑜伽有限公司,8930,健身休闲,0.8736,0.95,否,,1,1,瑜伽服务,,瑜伽,1.0,1.0,0.85,0.1111
成都初心普拉提瑜伽健身有限公司,8930,健身休闲,0.2125,0.85,否,,1,0,,健身休闲活动,,0.0,0.0,0.85,0.0
成都云深见鹿健身服务有限公司,8930,健身休闲,0.2125,0.85,否,,1,0,,健身休闲活动,,0.0,0.0,0.85,0.0
成都妙铠体育文化传播有限公司,8930,健身休闲,0.2125,0.85,否,,1,0,,健身休闲活动,,0.0,0.0,0.85,0.0
成都承运利贞体育文化发展有限公司,8921,体育场馆,0.2125,0.85,否,,1,0,,一般项目组织文化艺术交流活动,,0.0,0.0,0.85,0.0
四川顺泰鑫体育场馆管理有限公司,8921,体育场馆,0.8736,0.95,否,,1,1,体育场地设施经营,,体育场地设施,1.0,1.0,0.85,0.1111
成都时善体育文化传播有限公司,8930,健身休闲,0.2125,0.85,否,,1,0,,健身休闲活动,,0.0,0.0,0.85,0.0
成都博弈体育文化传播有限公司,8911,体育赛事,0.8736,0.95,否,,1,1,体育赛事活动策划,,体育赛事,1.0,1.0,0.85,0.1111
四川运动星球健身服务有限公司,8930,健身休闲,0.2125,0.85,否,,1,0,,建身服务,,0.0,0.0,0.85,0.0
成都金雨鑫健身服务有限公司,8930,健身休闲,0.8736,0.95,否,,1,1,健身服务,,健身服务,1.0,1.0,0.85,0.1111
成都狂飙体育科技有限公司,9052,体育赛事,0.6611,0.9,是,纯跨界（行业代码非体育，文本有体育业务）,1,1,体育赛事活动策划,,体育赛事,1.0,1.0,0.0,0.1111
成都聆瑜和馨商贸有限公司,5242,体育用品,0.8736,0.95,否,,1,1,健身器材零售,,健身器材,1.0,1.0,0.85,0.1111
成都谷源多多体育文化传播合伙企业有限合伙,8392,体育培训,0.8736,0.95,否,,1,1,体育培训,,体育培训,1.0,1.0,0.85,0.1111
四川新球汇体育文化发展有限公司,8911,体育赛事,0.8736,0.95,否,,1,1,体育竞赛组织,,体育竞赛,1.0,1.0,0.85,0.1111
四川觅迹体育文化传播有限责任公司,9052,体育赛事,0.6611,0.9,是,纯跨界（行业代码非体育，文本有体育业务）,1,1,体育赛事组织,,体育赛事,1.0,1.0,0.0,0.1111
成都奥利给力体育发展有限公司,8912,体育管理,0.2125,0.85,否,,1,0,,体育保障组织服务,,0.0,0.0,0.85,0.0
成都百都智体科技有限公司,9052,体育赛事,0.6611,0.9,是,纯跨界（行业代码非体育，文本有体育业务）,1,1,体育赛事组织,,体育赛事,1.0,1.0,0.0,0.1111
成都冰多多体育用品有限公司,5242,体育用品,0.8736,0.95,否,,1,1,体育用品零售,,体育用品零售,1.0,1.0,0.85,0.1111
四川悟语体育文化发展有限公司,8930,健身休闲,0.2125,0.85,否,,1,0,,健身休闲活动,,0.0,0.0,0.85,0.0
成都万合体育发展有限公司,9052,体育赛事,0.6611,0.9,是,纯跨界（行业代码非体育，文本有体育业务）,1,1,体育赛事策划,,赛事策划,1.0,1.0,0.0,0.1111
成都九星棋艺文化艺术有限公司,8930,健身休闲,0.2125,0.85,否,,1,0,,健身休闲活动,,0.0,0.0,0.85,0.0
成都无式体育文化传播有限责任公司,8930,健身休闲,0.2125,0.85,否,,1,0,,健身休闲活动,,0.0,0.0,0.85,0.0
成都心齐健身服务有限公司,8930,健身休闲,0.2125,0.85,否,,1,0,,健身休闲活动,,0.0,0.0,0.85,0.0
成都十力社体育用品有限公司,5242,体育用品,0.8736,0.95,否,,1,1,体育用品及器材零售,,体育用品,1.0,1.0,0.85,0.1111
四川当凌体育文化传播有限公司,9052,体育赛事,0.6611,0.9,是,纯跨界（行业代码非体育，文本有体育业务）,1,1,体育赛事策划,,赛事策划,1.0,1.0,0.0,0.1111
成都本心秀体育文化发展有限公司,8930,健身休闲,0.2125,0.85,否,,1,0,,健身休闲活动,,0.0,0.0,0.85,0.0
成都辰之星文化传播有限公司,8930,健身休闲,0.2125,0.85,否,,1,0,,舞蹈健身,,0.0,0.0,0.85,0.0
成都诚顺发科技有限公司,5142,体育用品,0.8736,0.95,否,,1,1,体育用品和器材批发,,体育用品,1.0,1.0,0.85,0.1111
成都超启鑫健身服务有限责任公司,8930,健身休闲,0.2125,0.85,否,,1,0,,健身休闲活动,,0.0,0.0,0.85,0.0
四川渔奶奶科技有限公司,5242,体育用品,0.8736,0.95,否,,1,1,渔具零售,,渔具,1.0,1.0,0.85,0.1111
成都锦曜健身服务有限责任公司,8930,健身休闲,0.2125,0.85,否,,1,0,,健身咨询服务,,0.0,0.0,0.85,0.0
下一潜体育文化传播成都有限公司,9052,体育赛事,0.6611,0.9,是,纯跨界（行业代码非体育，文本有体育业务）,1,1,体育表演服务,,体育表演,1.0,1.0,0.0,0.1111
四川恩思贝商务信息咨询有限公司,8921,体育场馆,0.8736,0.95,否,,1,1,体育场地设施经营,,体育场地设施,1.0,1.0,0.85,0.1111
成都锦江万宸开月健身服务有限公司,8930,健身休闲,0.2125,0.85,否,,1,0,,健身休闲活动,,0.0,0.0,0.85,0.0
成都锦江区比华利杆法体育场馆管理有限公司,8930,健身休闲,0.2125,0.85,否,,1,0,,健身休闲活动,,0.0,0.0,0.85,0.0
成都尚久旺健身服务有限公司,8930,健身休闲,0.2125,0.85,否,,1,0,,健身休闲活动,,0.0,0.0,0.85,0.0
成都一文铁铁健身有限责任公司,8930,健身休闲,0.2125,0.85,否,,1,0,,健身休闲活动,,0.0,0.0,0.85,0.0
成都灰色犀牛健身管理有限公司,8930,健身休闲,0.2125,0.85,否,,1,0,,健身休闲活动,,0.0,0.0,0.85,0.0
成都环亚汇誉健身服务有限公司,8930,健身休闲,0.2125,0.85,否,,1,0,,健身休闲活动,,0.0,0.0,0.85,0.0
京体雄体育俱乐部成都有限公司,8911,体育赛事,0.8736,0.95,否,,1,1,体育竞赛组织,,体育竞赛,1.0,1.0,0.85,0.1111
四川灰色犀牛铁馆健身服务有限公司,8930,健身休闲,0.2125,0.85,否,,1,0,,健身休闲活动,,0.0,0.0,0.85,0.0
四川精冠百悦体育文化发展有限公司,8919,体育赛事,0.8736,0.95,否,,1,1,体育竞赛组织,,体育竞赛,1.0,1.0,0.85,0.1111
四川楠东体育发展有限公司,8999,体育赛事,0.6611,0.9,是,纯跨界（行业代码非体育，文本有体育业务）,1,1,体育竞赛组织,,体育竞赛,1.0,1.0,0.0,0.1111
成都巴蜀星辰足球俱乐部有限公司,8911,体育管理,0.2125,0.85,否,,1,0,,娱乐业,,0.0,0.0,0.85,0.0
成都亦安旭体育场馆管理有限公司,8930,体育场馆,0.8736,0.95,否,,1,1,体育场地设施经营,,体育场地设施,1.0,1.0,0.85,0.1111
成都轩远体育场馆管理有限公司,8921,体育场馆,0.8736,0.95,否,,1,1,体育场馆管理,,体育场馆,1.0,1.0,0.85,0.1111
成都雲盛科技有限公司,5242,体育用品,0.2125,0.85,否,,1,0,,批发与零售,,0.0,0.0,0.85,0.0
成都跳找体育文化推广有限公司,8919,体育赛事,0.8736,0.95,否,,1,1,体育竞赛组织,,体育竞赛,1.0,1.0,0.85,0.1111
成都热迈体育文化发展有限公司,8919,体育管理,0.8736,0.95,否,,1,1,其他体育组织,,体育组织,1.0,1.0,0.85,0.1111
四川鸿昇坊商贸有限责任公司,5242,体育用品,0.8736,0.95,否,,1,1,体育用品零售,,体育用品零售,1.0,1.0,0.85,0.1111
成都乐凡健身管理有限公司,8930,健身休闲,0.2125,0.85,否,,1,0,,健身休闲活动,,0.0,0.0,0.85,0.0
成都屿伽健身有限公司,8930,健身休闲,0.2125,0.85,否,,1,0,,健身休闲活动,,0.0,0.0,0.85,0.0
成都小泥淇乐多游乐设备有限公司,5142,体育用品,0.2125,0.85,否,,1,0,,儿童游乐设施批发,,0.0,0.0,0.85,0.0
成都改变美式铁馆健身服务有限责任公司,8930,健身休闲,0.2125,0.85,否,,1,0,,健身休闲,,0.0,0.0,0.85,0.0
成都壹号户外拓展运动有限公司,8919,健身休闲,0.8736,0.95,否,,1,1,户外运动组织策划服务,,户外运动,1.0,1.0,0.85,0.1111
成都红橙绿体育发展有限公司,9052,体育赛事,0.6611,0.9,是,纯跨界（行业代码非体育，文本有体育业务）,1,1,组织体育表演活动,,体育表演,1.0,1.0,0.0,0.1111
成都乐游水上教育科技有限公司,8930,健身休闲,0.2125,0.85,否,,1,0,,高危险性体育运动,,0.0,0.0,0.85,0.0
成都赖特健身有限公司,8930,健身休闲,0.8736,0.95,否,,1,1,健身服务,,健身服务,1.0,1.0,0.85,0.1111
成都唐陈健身服务有限公司,8930,健身休闲,0.2125,0.85,否,,1,0,,健身休闲活动,,0.0,0.0,0.85,0.0
成都市骑艺荟体育文化有限公司,8919,健身休闲,0.8736,0.95,否,,1,1,户外运动的组织策划,,户外运动,1.0,1.0,0.85,0.1111
四川潘哒尔体育发展有限公司,5142,体育用品,0.8736,0.95,否,,1,1,体育用品批发,,体育用品批发,1.0,1.0,0.85,0.1111
四川柯本体育文化发展有限公司,8911,体育赛事,0.8736,0.95,否,,1,1,体育竞赛组织,,体育竞赛,1.0,1.0,0.85,0.1111
四川启之航体育设施工程有限公司,4892,体育场馆,0.8736,0.95,否,,1,1,体育场地设施工程,,体育场地设施,1.0,1.0,0.85,0.1111
成都雲端私享健身服务有限公司,8930,健身休闲,0.2125,0.85,否,,1,0,,健身休闲活动,,0.0,0.0,0.85,0.0
成都东振旺健身服务有限公司,8930,健身休闲,0.8736,0.95,否,,1,1,健身服务,,健身服务,1.0,1.0,0.85,0.1111
成都菲尔肯斯体育科技有限公司,8392,体育培训,0.8736,0.95,否,,1,1,体育培训,,体育培训,1.0,1.0,0.85,0.1111
成都锦江卓锦美航健身有限责任公司,8930,健身休闲,0.8736,0.95,否,,1,1,健身服务,,健身服务,1.0,1.0,0.85,0.1111
成都静梵瑜伽健身有限公司,8930,健身休闲,0.8736,0.95,否,,1,1,瑜伽健身培训,,瑜伽,1.0,1.0,0.85,0.1111
成都人合众文化传播有限公司,8930,健身休闲,0.2125,0.85,否,,1,0,,健身休闲活动,,0.0,0.0,0.85,0.0
三千航路成都体育俱乐部有限公司,8921,体育场馆,0.8736,0.95,否,,1,1,体育场地设施经营,,体育场地设施,1.0,1.0,0.85,0.1111
成都市腾威体育文化传播有限公司,8911,体育赛事,0.8736,0.95,否,,1,1,体育赛事策划,,赛事策划,1.0,1.0,0.85,0.1111
成都徽鸿体育文化有限公司,9052,体育赛事,0.6611,0.9,是,纯跨界（行业代码非体育，文本有体育业务）,1,1,体育赛事活动策划,,体育赛事,1.0,1.0,0.0,0.1111
成都百瑞九八体育俱乐部有限公司,7283,体育赛事,0.6611,0.9,是,纯跨界（行业代码非体育，文本有体育业务）,1,1,体育赛事策划,,赛事策划,1.0,1.0,0.0,0.1111
成都阿修罗体育文化传播有限公司,8930,健身休闲,0.8736,0.95,否,,1,1,健身服务,,健身服务,1.0,1.0,0.85,0.1111
成都市锦江区谦文龙体育科技有限公司,8921,体育场馆,0.8736,0.95,否,,1,1,体育场地设施经营,,体育场地设施,1.0,1.0,0.85,0.1111
成都山行一屿户外运动有限公司,8930,健身休闲,0.8736,0.95,否,,1,1,户外运动,,户外运动,1.0,1.0,0.85,0.1111
成都梦普篮体育文化传播有限公司,8921,体育场馆,0.8736,0.95,否,,1,1,体育场馆及赛事活动,,体育场馆,1.0,1.0,0.85,0.1111
四川省海瑞斯体育文化发展有限公司,8929,体育场馆,0.8736,0.95,否,,1,1,体育场地设施经营,,体育场地设施,1.0,1.0,0.85,0.1111
成都三么多文化传播有限公司,9052,体育赛事,0.6611,0.9,是,纯跨界（行业代码非体育，文本有体育业务）,1,1,组织体育表演活动,,体育表演,1.0,1.0,0.0,0.1111
四川佳和理想企业管理有限公司,8921,体育场馆,0.2125,0.85,否,,1,0,,运动场地运营,,0.0,0.0,0.85,0.0
成都中科启诚科技有限公司,5142,体育用品,0.2125,0.85,否,,1,0,,教学仪器批发,,0.0,0.0,0.85,0.0
成都绿茵传奇体育文化传播有限公司,8921,体育场馆,0.8736,0.95,否,,1,1,体育场馆管理服务,,体育场馆,1.0,1.0,0.85,0.1111
星火纵横篮球俱乐部成都有限公司,8392,体育培训,0.8736,0.95,否,,1,1,体育教育,,体育教育,1.0,1.0,0.85,0.1111
成都一健复元健身有限公司,8930,健身休闲,0.2125,0.85,否,,1,0,,健身休闲活动,,0.0,0.0,0.85,0.0
成都颢帅体育文化传播有限公司,9052,体育赛事,0.6611,0.9,是,纯跨界（行业代码非体育，文本有体育业务）,1,1,体育赛事策划,,赛事策划,1.0,1.0,0.0,0.1111
成都众驰体育管理有限公司,8911,体育赛事,0.8736,0.95,否,,1,1,体育赛事组织及策划,,体育赛事,1.0,1.0,0.85,0.1111
成都晨禧凡悦文化旅游开发有限公司,8911,体育赛事,0.8736,0.95,否,,1,1,体育竞赛组织,,体育竞赛,1.0,1.0,0.85,0.1111
成都芙蓉集教育咨询有限公司,8911,体育赛事,0.8736,0.95,否,,1,1,体育赛事组织策划,,体育赛事,1.0,1.0,0.85,0.1111
成都凯鹏铭体育场馆管理有限公司,8921,体育场馆,0.8736,0.95,否,,1,1,体育场馆管理,,体育场馆,1.0,1.0,0.85,0.1111
成都磁力猫健身服务有限公司,9052,体育赛事,0.6611,0.9,是,纯跨界（行业代码非体育，文本有体育业务）,1,1,组织体育表演活动,,体育表演,1.0,1.0,0.0,0.1111
成都美丽终身健身服务有限公司,8930,健身休闲,0.2125,0.85,否,,1,0,,健身休闲活动,,0.0,0.0,0.85,0.0
成都亿铭轩体育文化传播有限公司,9052,体育赛事,0.6611,0.9,是,纯跨界（行业代码非体育，文本有体育业务）,1,1,体育赛事活动策划,,体育赛事,1.0,1.0,0.0,0.1111
成都利威瑞源户外运动有限公司,8930,健身休闲,0.2125,0.85,否,,1,0,,体验式拓展活动及策划,,0.0,0.0,0.85,0.0
成都贰悦音舞而美舞蹈有限公司,8930,健身休闲,0.2125,0.85,否,,1,0,,健身休闲活动,,0.0,0.0,0.85,0.0
四川普客国王体育文化发展有限公司,9052,体育赛事,0.6611,0.9,是,纯跨界（行业代码非体育，文本有体育业务）,1,1,体育赛事策划,,赛事策划,1.0,1.0,0.0,0.1111
成都哈喽纯铁健身管理有限公司,8930,健身休闲,0.2125,0.85,否,,1,0,,体育运动服务,,0.0,0.0,0.85,0.0
四川杰燃舍体育文化传播有限公司,8392,体育培训,0.8736,0.95,否,,1,1,体育培训,,体育培训,1.0,1.0,0.85,0.1111
成都致远星图体育文化发展有限公司,8911,体育赛事,0.8736,0.95,否,,1,1,体育竞赛组织,,体育竞赛,1.0,1.0,0.85,0.1111
成都鹰士捷体育文化传播有限公司,8919,体育赛事,0.8736,0.95,否,,1,1,体育赛事组织策划,,体育赛事,1.0,1.0,0.85,0.1111
成都市名可名文化传播有限公司,9052,体育赛事,0.6611,0.9,是,纯跨界（行业代码非体育，文本有体育业务）,1,1,组织体育表演活动,,体育表演,1.0,1.0,0.0,0.1111
成都灵犀满天星体育文化发展有限责任公司,8912,体育管理,0.2125,0.85,否,,1,0,,体育保障组织,,0.0,0.0,0.85,0.0
海樘体育场馆管理成都有限责任公司,8921,体育场馆,0.8736,0.95,否,,1,1,体育场馆管理,,体育场馆,1.0,1.0,0.85,0.1111
碰撞（成都）体育文化发展有限公司,8919,体育管理,0.2125,0.85,否,,1,0,,文化文化活动,,0.0,0.0,0.85,0.0
成都星晴健身服务有限公司,8930,健身休闲,0.2125,0.85,否,,1,0,,健身休闲活动,,0.0,0.0,0.85,0.0
成都浑圆世界文化艺术有限公司,8930,健身休闲,0.2125,0.85,否,,1,0,,健身休闲活动,,0.0,0.0,0.85,0.0
成都蔚萌体育文化传播有限公司,8911,体育赛事,0.8736,0.95,否,,1,1,体育竞赛组织,,体育竞赛,1.0,1.0,0.85,0.1111
成都锐新洋体育文化发展有限公司,8911,体育赛事,0.8736,0.95,否,,1,1,体育竞赛组织,,体育竞赛,1.0,1.0,0.85,0.1111
成都驭风健身俱乐部有限公司,8930,健身休闲,0.2125,0.85,否,,1,0,,健身休闲活动,,0.0,0.0,0.85,0.0
四川凡尘体育发展有限公司,8911,体育赛事,0.8736,0.95,否,,1,1,体育竞赛组织,,体育竞赛,1.0,1.0,0.85,0.1111
四川翱扬体育文化传播有限公司,8919,体育管理,0.8736,0.95,否,,1,1,其他体育组织,,体育组织,1.0,1.0,0.85,0.1111
成都万年青体育用品有限公司,5242,体育用品,0.8736,0.95,否,,1,1,体育用品零售,,体育用品零售,1.0,1.0,0.85,0.1111
成都毕胜恩体育文化传播有限公司,8392,体育培训,0.8736,0.95,否,,1,1,体校及体育培训,,体育培训,1.0,1.0,0.85,0.1111
四川铂金奥创健身服务有限公司,8930,健身休闲,0.8736,0.95,否,,1,1,健身房服务,,健身房,1.0,1.0,0.85,0.1111
四川强奥体育设施工程有限公司,4892,体育场馆,0.8736,0.95,否,,1,1,体育场工程及施工,,体育场,1.0,1.0,0.85,0.1111
四川炜泽文体设备有限公司,5242,体育用品,0.8736,0.95,否,,1,1,体育用品专门零售,,体育用品,1.0,1.0,0.85,0.1111
成都腾蛟企业管理咨询有限公司,8930,健身休闲,0.2125,0.85,否,,1,0,,健身休闲活动,,0.0,0.0,0.85,0.0
成都众恒晟世自动化工程技术有限公司,5142,体育用品,0.8736,0.95,否,,1,1,体育用品及器材批发,,体育用品,1.0,1.0,0.85,0.1111
四川形影文化传媒有限公司,8919,体育管理,0.2125,0.85,否,,1,0,,文化艺术交流活动,,0.0,0.0,0.85,0.0
四川张山时尚体育文化发展有限公司,8930,健身休闲,0.2125,0.85,否,,1,0,,健身休闲活动,,0.0,0.0,0.85,0.0
成都众信泰富贸易有限公司,5242,体育用品,0.2125,0.85,否,,1,0,,白酒批发,,0.0,0.0,0.85,0.0
成都泷航健身服务有限公司,8921,体育场馆,0.8736,0.95,否,,1,1,体育场馆管理,,体育场馆,1.0,1.0,0.85,0.1111
四川奥创优加体育文化发展有限公司,8930,健身休闲,0.8736,0.95,否,,1,1,健身房健身活动,,健身房,1.0,1.0,0.85,0.1111
成都夯之行贸易有限公司,5142,体育用品,0.2125,0.85,否,,1,0,,登山运动用品批发,,0.0,0.0,0.85,0.0
四川弘汇体育发展有限公司,8911,体育赛事,0.8736,0.95,否,,1,1,体育竞赛组织,,体育竞赛,1.0,1.0,0.85,0.1111
成都市鸣远贸易有限公司,5142,体育用品,0.8736,0.95,否,,1,1,体育用品及器材批发,,体育用品,1.0,1.0,0.85,0.1111
成都北纬三十度商贸有限公司,5142,体育用品,0.8736,0.95,否,,1,1,体育用品,,体育用品,1.0,1.0,0.85,0.1111
四川泳欣体育文化传播有限公司,8919,体育管理,0.8736,0.95,否,,1,1,体育组织,,体育组织,1.0,1.0,0.85,0.1111
四川培源教育管理集团有限公司,9052,体育赛事,0.6611,0.9,是,纯跨界（行业代码非体育，文本有体育业务）,1,1,体育赛事策划服务,,赛事策划,1.0,1.0,0.0,0.1111
成都平凡之路户外运动俱乐部有限公司,8919,体育管理,0.8736,0.95,否,,1,1,体育组织,,体育组织,1.0,1.0,0.85,0.1111
成都新群文化用品有限公司,5142,体育用品,0.8736,0.95,否,,1,1,体育用品及器材批发,,体育用品,1.0,1.0,0.85,0.1111
四川鹏翔户外运动有限公司,8930,健身休闲,0.8736,0.95,否,,1,1,户外运动服务,,户外运动,1.0,1.0,0.85,0.1111
成都西游迹户外运动有限公司,8930,健身休闲,0.2125,0.85,否,,1,0,,户外活动策划,,0.0,0.0,0.85,0.0
四川大榕树体育设施工程有限公司,4892,体育场馆,0.2125,0.85,否,,1,0,,运动场施工,,0.0,0.0,0.85,0.0
四川狮博顿体育文化发展有限公司,5242,体育用品,0.8736,0.95,否,,1,1,体育用品及器材零售,,体育用品,1.0,1.0,0.85,0.1111
成都市喜涂丫文化传播有限公司,5242,体育用品,0.2125,0.85,否,,1,0,,体育文化用品销售,,0.0,0.0,0.85,0.0
成都杰派办公设备有限公司,5142,体育用品,0.8736,0.95,否,,1,1,批发体育用品,,体育用品,1.0,1.0,0.85,0.1111
四川宇奥体育文化发展有限公司,8911,体育管理,0.2125,0.85,否,,1,0,,组织文化艺术交流活动,,0.0,0.0,0.85,0.0
成都海润通科技有限公司,5142,体育用品,0.2125,0.85,否,,1,0,,自行车批发,,0.0,0.0,0.85,0.0
四川元荣劳务有限公司,4892,体育场馆,0.8736,0.95,否,,1,1,体育场馆施工,,体育场馆,1.0,1.0,0.85,0.1111
成都弈三三教育咨询有限公司,8392,体育培训,0.2125,0.85,否,,1,0,,围棋教学,,0.0,0.0,0.85,0.0
四川启程跃动科技有限责任公司,9052,体育赛事,0.6611,0.9,是,纯跨界（行业代码非体育，文本有体育业务）,1,1,组织体育表演活动,,体育表演,1.0,1.0,0.0,0.1111
四川梓牧要塞科技有限公司,5242,体育用品,0.8736,0.95,否,,1,1,体育用品零售,,体育用品零售,1.0,1.0,0.85,0.1111
成都斯蒂克体育发展有限公司,9052,体育赛事,0.6611,0.9,是,纯跨界（行业代码非体育，文本有体育业务）,1,1,体育赛事策划,,赛事策划,1.0,1.0,0.0,0.1111
成都尔玛健身有限公司,8930,健身休闲,0.8736,0.95,否,,1,1,健身服务,,健身服务,1.0,1.0,0.85,0.1111
成都抿抿甜农产品贸易有限公司,5142,体育用品,0.8736,0.95,否,,1,1,体育用品批发,,体育用品批发,1.0,1.0,0.85,0.1111
成都麦橙商贸有限公司,5242,体育用品,0.8736,0.95,否,,1,1,体育用品及器材零售,,体育用品,1.0,1.0,0.85,0.1111
成都劲峰商贸有限责任公司,5242,体育用品,0.2125,0.85,否,,1,0,,运动装备零售,,0.0,0.0,0.85,0.0
四川黑带之星跆拳道培训有限公司,8930,健身休闲,0.2125,0.85,否,,1,0,,健康休闲活动,,0.0,0.0,0.85,0.0
忆南品味成都户外运动有限公司,8911,体育赛事,0.8736,0.95,否,,1,1,体育竞赛组织,,体育竞赛,1.0,1.0,0.85,0.1111
成都润茂森贸易有限公司,5142,体育用品,0.8736,0.95,否,,1,1,批发体育用品,,体育用品,1.0,1.0,0.85,0.1111
成都珊顿物业管理有限公司,8930,健身休闲,0.2125,0.85,否,,1,0,,棋牌室服务,,0.0,0.0,0.85,0.0
成都德洛萨体育文化传播有限公司,5242,体育用品,0.8736,0.95,否,,1,1,零售网球羽毛球,,网球; 羽毛球,1.0,1.0,0.85,0.1111
成都尚阳时代体育文化传播有限公司,8392,体育培训,0.2125,0.85,否,,1,0,,单项运动学校,,0.0,0.0,0.85,0.0
成都奇迹之光健身有限公司,8930,健身休闲,0.2125,0.85,否,,1,0,,健身休闲活动,,0.0,0.0,0.85,0.0
成都金鹭贸易有限公司,5142,体育用品,0.8736,0.95,否,,1,1,体育用品及器材批发,,体育用品,1.0,1.0,0.85,0.1111
成都梦思特健身服务部,8930,健身休闲,0.8736,0.95,否,,1,1,健身服务,,健身服务,1.0,1.0,0.85,0.1111
成都鑫美鑫健身服务有限公司,8930,健身休闲,0.2125,0.85,否,,1,0,,健身休闲活动,,0.0,0.0,0.85,0.0
成都聚鑫鼎力足球俱乐部有限公司,9052,体育赛事,0.6611,0.9,是,纯跨界（行业代码非体育，文本有体育业务）,1,1,体育赛事策划,,赛事策划,1.0,1.0,0.0,0.1111
四川查理体育文化传播有限公司,5242,体育用品,0.8736,0.95,否,,1,1,体育用品及器材零售,,体育用品,1.0,1.0,0.85,0.1111
成都赛翎体育文化传播有限公司,8921,体育场馆,0.8736,0.95,否,,1,1,体育场馆管理,,体育场馆,1.0,1.0,0.85,0.1111
四川科瑞恒体育设施有限公司,4892,体育场馆,0.8736,0.95,否,,1,1,体育场施工,,体育场,1.0,1.0,0.85,0.1111
四川省卡蔚娜贸易有限公司,5142,体育用品,0.8736,0.95,否,,1,1,体育用品批发,,体育用品批发,1.0,1.0,0.85,0.1111
成都护航者体育文化传播有限公司,8392,体育培训,0.8736,0.95,否,,1,1,体育培训,,体育培训,1.0,1.0,0.85,0.1111
成都动因体育科技有限公司,8911,体育赛事,0.8736,0.95,否,,1,1,体育赛事组织,,体育赛事,1.0,1.0,0.85,0.1111
四川和嘉天健体育文化股份有限公司,5142,体育用品,0.8736,0.95,否,,1,1,体育用品批发,,体育用品批发,1.0,1.0,0.85,0.1111
成都城市天空体育文化发展有限公司,8930,健身休闲,0.2125,0.85,否,,1,0,,健身休闲活动,,0.0,0.0,0.85,0.0
四川天跃体育设施有限公司,5142,体育用品,0.8736,0.95,否,,1,1,体育用品及器材批发,,体育用品,1.0,1.0,0.85,0.1111
四川拾月体育文化发展有限公司,9052,体育赛事,0.6611,0.9,是,纯跨界（行业代码非体育，文本有体育业务）,1,1,体育赛事策划,,赛事策划,1.0,1.0,0.0,0.1111
成都见康媛户外用品有限公司,5242,体育用品,0.8736,0.95,否,,1,1,体育用品及器材零售,,体育用品,1.0,1.0,0.85,0.1111
成都市疾风劲草体育文化传播有限公司,8930,健身休闲,0.2125,0.85,否,,1,0,,体育健身活动,,0.0,0.0,0.85,0.0
四川众联众通环境工程有限公司,5242,体育用品,0.8736,0.95,否,,1,1,体育用品零售,,体育用品零售,1.0,1.0,0.85,0.1111
成都鑫宏图文化传播有限公司,5242,体育用品,0.8736,0.95,否,,1,1,体育用品及器材零售,,体育用品,1.0,1.0,0.85,0.1111
成都奇玩户外拓展有限公司,8930,健身休闲,0.2125,0.85,否,,1,0,,健身休闲活动服务,,0.0,0.0,0.85,0.0
四川塞特体育设施工程有限公司,4892,体育场馆,0.8736,0.95,否,,1,1,体育场地工程施工,,体育场地,1.0,1.0,0.85,0.1111
成都唯美思体育文化传播有限公司,8930,体育用品,0.8736,0.95,否,,1,1,提供健身器材服务,,健身器材,1.0,1.0,0.85,0.1111
四川己予体育产业发展有限公司,8921,体育场馆,0.8736,0.95,否,,1,1,体育场馆管理,,体育场馆,1.0,1.0,0.85,0.1111
四川拾号体育文化发展有限公司,9052,体育赛事,0.6611,0.9,是,纯跨界（行业代码非体育，文本有体育业务）,1,1,体育赛事策划,,赛事策划,1.0,1.0,0.0,0.1111
成都岩羊户外运动服务有限公司,8930,健身休闲,0.8736,0.95,否,,1,1,休闲健身服务,,健身服务,1.0,1.0,0.85,0.1111
成都瑜丽同行健身服务有限公司,8930,健身休闲,0.2125,0.85,否,,1,0,,健身休闲活动,,0.0,0.0,0.85,0.0
成都澳瑞特健身器材销售中心,5242,体育用品,0.8736,0.95,否,,1,1,体育用品及器材零售,,体育用品,1.0,1.0,0.85,0.1111
奇迹未来成都健身服务有限公司,8930,健身休闲,0.8736,0.95,否,,1,1,休闲健身服务,,健身服务,1.0,1.0,0.85,0.1111
成都市汉杰体育用品有限公司,5242,体育用品,0.8736,0.95,否,,1,1,体育用品及器材零售,,体育用品,1.0,1.0,0.85,0.1111
成都侬一侬休闲健身有限责任公司,8930,健身休闲,0.2125,0.85,否,,1,0,,休闲健身活动,,0.0,0.0,0.85,0.0
四川省鸿鑫体育用品有限公司,5142,体育用品,0.8736,0.95,否,,1,1,体育用品批发,,体育用品批发,1.0,1.0,0.85,0.1111
成都伟民体育用品有限公司,5142,体育用品,0.8736,0.95,否,,1,1,运动服装批发,,运动服装,1.0,1.0,0.85,0.1111
四川启康体育用品有限公司,5142,体育用品,0.8736,0.95,否,,1,1,健身器材批发,,健身器材,1.0,1.0,0.85,0.1111
成都一今健身服务有限公司,8930,健身休闲,0.2125,0.85,否,,1,0,,体育健康服务,,0.0,0.0,0.85,0.0
成都樽睿健康管理有限公司,8930,健身休闲,0.8736,0.95,否,,1,1,健身服务,,健身服务,1.0,1.0,0.85,0.1111
成都沐云健身有限公司,8930,健身休闲,0.2125,0.85,否,,1,0,,健身休闲活动,,0.0,0.0,0.85,0.0
四川子吾居企业管理有限公司,8930,健身休闲,0.8736,0.95,否,,1,1,休闲健身服务,,健身服务,1.0,1.0,0.85,0.1111
爱发体育用品成都有限公司,5242,体育用品,0.8736,0.95,否,,1,1,体育用品服装零售,,体育用品,1.0,1.0,0.85,0.1111
四川炫羽投资管理有限公司,8921,体育场馆,0.8736,0.95,否,,1,1,体育场馆服务,,体育场馆,1.0,1.0,0.85,0.1111
成都自在云电子商务有限公司,7122,体育用品,0.6611,0.9,是,纯跨界（行业代码非体育，文本有体育业务）,1,1,文化体育设备租赁,,体育设备,1.0,1.0,0.0,0.1111
成都傲胜商贸有限公司,5242,体育用品,0.8736,0.95,否,,1,1,零售文化体育用品,,体育用品,1.0,1.0,0.85,0.1111
成都三体运动用品有限公司,5242,体育用品,0.8736,0.95,否,,1,1,文化体育用品零售,,体育用品零售,1.0,1.0,0.85,0.1111
成都大猩猩与香蕉健身服务有限公司,8930,健身休闲,0.8736,0.95,否,,1,1,健身服务,,健身服务,1.0,1.0,0.85,0.1111
成都博基体育发展有限公司,8911,体育赛事,0.8736,0.95,否,,1,1,体育竞赛组织,,体育竞赛,1.0,1.0,0.85,0.1111
成都欢腾体育文化推广有限公司,9052,体育赛事,0.6611,0.9,是,纯跨界（行业代码非体育，文本有体育业务）,1,1,体育赛事策划,,赛事策划,1.0,1.0,0.0,0.1111
成都砾岩体育文化传播有限责任公司,8911,体育赛事,0.8736,0.95,否,,1,1,体育竞赛组织,,体育竞赛,1.0,1.0,0.85,0.1111
四川壹玖玖壹文化传播有限公司,8930,健身休闲,0.2125,0.85,否,,1,0,,健身休闲活动,,0.0,0.0,0.85,0.0
成都天图体育文化传播中心有限合伙,9052,体育赛事,0.6611,0.9,是,纯跨界（行业代码非体育，文本有体育业务）,1,1,体育赛事活动策划,,体育赛事,1.0,1.0,0.0,0.1111
成都动优顺成体育科技有限公司,8392,体育培训,0.8736,0.95,否,,1,1,体育培训,,体育培训,1.0,1.0,0.85,0.1111
成都国奥文化体育传播有限公司,8911,体育赛事,0.8736,0.95,否,,1,1,体育竞赛组织,,体育竞赛,1.0,1.0,0.85,0.1111
四川华福瑞体育产业发展有限公司,5242,体育用品,0.8736,0.95,否,,1,1,健身器材零售,,健身器材,1.0,1.0,0.85,0.1111
成都庆彬体育科技有限公司,8911,体育赛事,0.8736,0.95,否,,1,1,体育竞赛组织,,体育竞赛,1.0,1.0,0.85,0.1111
成都猫熊巴柔体育文化传播有限公司,8930,健身休闲,0.2125,0.85,否,,1,0,,健身休闲活动,,0.0,0.0,0.85,0.0
成都君和富行科技有限公司,5142,体育用品,0.8736,0.95,否,,1,1,体育用品批发,,体育用品批发,1.0,1.0,0.85,0.1111
成都思普韵体育文化传播有限公司,8392,体育培训,0.2125,0.85,否,,1,0,,体育舞蹈训练,,0.0,0.0,0.85,0.0
成都嘉好贸易有限公司,7122,体育用品,0.6611,0.9,是,纯跨界（行业代码非体育，文本有体育业务）,1,1,文化体育用品租赁,,体育用品,1.0,1.0,0.0,0.1111
成都锦汇泰商贸有限公司,5242,体育用品,0.8736,0.95,否,,1,1,文化体育用品零售,,体育用品零售,1.0,1.0,0.85,0.1111
四川瑞祥达体育设备工程有限公司,8921,体育场馆,0.8736,0.95,否,,1,1,体育场馆管理,,体育场馆,1.0,1.0,0.85,0.1111
成都锋雨向前体育文化传播有限公司,8930,健身休闲,0.2125,0.85,否,,1,0,,健身休闲活动,,0.0,0.0,0.85,0.0
成都欣永豪商贸有限公司,5142,体育用品,0.8736,0.95,否,,1,1,体育用品批发,,体育用品批发,1.0,1.0,0.85,0.1111
四川顺廷商贸有限公司,5142,体育用品,0.8736,0.95,否,,1,1,体育用品器材批发,,体育用品,1.0,1.0,0.85,0.1111
成都酷铁云动健身服务有限公司,8930,健身休闲,0.2125,0.85,否,,1,0,,健身休闲活动,,0.0,0.0,0.85,0.0
成都安瑞科商贸有限公司,5142,体育用品,0.2125,0.85,否,,1,0,,批发零售文体用品,,0.0,0.0,0.85,0.0
四川德润创新科技有限公司,5142,体育用品,0.8736,0.95,否,,1,1,体育用品批发,,体育用品批发,1.0,1.0,0.85,0.1111
成都野火户外运动有限责任公司,8930,健身休闲,0.2125,0.85,否,,1,0,,组织休闲健身活动,,0.0,0.0,0.85,0.0
成都知美堂纸制品有限公司,5242,体育用品,0.2125,0.85,否,,1,0,,体育文化用品零售,,0.0,0.0,0.85,0.0
成都康森文化体育用品有限公司,5142,体育用品,0.8736,0.95,否,,1,1,体育用品批发,,体育用品批发,1.0,1.0,0.85,0.1111
成都永无止境体育文化传播有限公司,8930,健身休闲,0.2125,0.85,否,,1,0,,健身休闲活动,,0.0,0.0,0.85,0.0
成都易千山文化体育用品有限公司,5242,体育用品,0.8736,0.95,否,,1,1,文化体育用品及器材批发,,体育用品,1.0,1.0,0.85,0.1111
成都市文景慧旅电子商务有限公司,5142,体育用品,0.8736,0.95,否,,1,1,体育用品及器材批发,,体育用品,1.0,1.0,0.85,0.1111
成都市鑫易达体育场馆管理有限公司,8921,体育场馆,0.8736,0.95,否,,1,1,体育场馆管理服务,,体育场馆,1.0,1.0,0.85,0.1111
成都道顺办公用品有限公司,5142,体育用品,0.8736,0.95,否,,1,1,体育用品,,体育用品,1.0,1.0,0.85,0.1111
成都世纪宏信商贸有限公司,5142,体育用品,0.8736,0.95,否,,1,1,体育用品及器材批发,,体育用品,1.0,1.0,0.85,0.1111
成都蜀将体育俱乐部有限公司,9052,体育赛事,0.6611,0.9,是,纯跨界（行业代码非体育，文本有体育业务）,1,1,体育赛事组织,,体育赛事,1.0,1.0,0.0,0.1111
成都凯跃极限体育发展有限公司,5242,体育用品,0.8736,0.95,否,,1,1,体育用品零售,,体育用品零售,1.0,1.0,0.85,0.1111
四川骐途体育文化发展有限公司,8911,体育赛事,0.8736,0.95,否,,1,1,体育竞赛组织服务,,体育竞赛,1.0,1.0,0.85,0.1111
成都尖峰户外运动有限公司,5142,体育用品,0.2125,0.85,否,,1,0,,户外用品批发,,0.0,0.0,0.85,0.0
四川标翼德企业管理咨询有限公司,5242,体育用品,0.2125,0.85,否,,1,0,,纺织服装及家庭用品批发,,0.0,0.0,0.85,0.0
四川宴尚渔渔具有限公司,5142,体育用品,0.8736,0.95,否,,1,1,体育用品及器材批发,,体育用品,1.0,1.0,0.85,0.1111
四川省众联建设工程有限公司,4892,体育场馆,0.8736,0.95,否,,1,1,体育场地设施工程,,体育场地设施,1.0,1.0,0.85,0.1111
成都通方圆体育文化传播有限责任公司,8911,体育管理,0.8736,0.95,否,,1,1,体育组织训练服务,,体育组织,1.0,1.0,0.85,0.1111
成都青宇田户外用品有限公司,5142,体育用品,0.2125,0.85,否,,1,0,,户外用品批发,,0.0,0.0,0.85,0.0
成都玖巳科技有限公司,8921,体育场馆,0.8736,0.95,否,,1,1,体育场地设施经营,,体育场地设施,1.0,1.0,0.85,0.1111
成都亿祥体育科技有限公司,8911,体育赛事,0.8736,0.95,否,,1,1,体育赛事服务,,体育赛事,1.0,1.0,0.85,0.1111
四川奥环体育场馆管理有限公司,8921,体育场馆,0.8736,0.95,否,,1,1,体育场馆管理服务,,体育场馆,1.0,1.0,0.85,0.1111
四川恒厚健康管理有限公司,8930,健身休闲,0.8736,0.95,否,,1,1,健身服务,,健身服务,1.0,1.0,0.85,0.1111
成都桦莉商贸有限公司,5242,体育用品,0.8736,0.95,否,,1,1,体育用品零售,,体育用品零售,1.0,1.0,0.85,0.1111
四川知守斋科技有限公司,5142,体育用品,0.8736,0.95,否,,1,1,体育用品代理,,体育用品,1.0,1.0,0.85,0.1111
成都耘秀健身服务有限公司,8930,健身休闲,0.8736,0.95,否,,1,1,休闲健身服务,,健身服务,1.0,1.0,0.85,0.1111
成都芮正文化传播有限公司,8930,健身休闲,0.8736,0.95,否,,1,1,健身服务,,健身服务,1.0,1.0,0.85,0.1111
四川太重体育经纪有限公司,9052,体育赛事,0.6611,0.9,是,纯跨界（行业代码非体育，文本有体育业务）,1,1,体育赛事策划,,赛事策划,1.0,1.0,0.0,0.1111
成都优瑜佳文化传播有限公司,8392,体育培训,0.2125,0.85,否,,1,0,,体校及体能培训,,0.0,0.0,0.85,0.0
成都巴布载道体育管理有限公司,8911,体育赛事,0.8736,0.95,否,,1,1,组织体育竞赛,,体育竞赛,1.0,1.0,0.85,0.1111
成都熹乐体育用品有限公司,5242,体育用品,0.8736,0.95,否,,1,1,零售体育用品,,体育用品,1.0,1.0,0.85,0.1111
成都川耘健身服务有限公司,8930,健身休闲,0.8736,0.95,否,,1,1,健身服务,,健身服务,1.0,1.0,0.85,0.1111
成都博卡型动健康管理有限公司,8930,健身休闲,0.2125,0.85,否,,1,0,,健康咨询,,0.0,0.0,0.85,0.0
成都东合磐承商贸有限公司,5242,体育用品,0.8736,0.95,否,,1,1,体育用品零售,,体育用品零售,1.0,1.0,0.85,0.1111
四川省燚玺文化传媒有限公司,8911,体育赛事,0.8736,0.95,否,,1,1,组织体育竞赛,,体育竞赛,1.0,1.0,0.85,0.1111
成都轻力体育发展有限公司,8911,体育赛事,0.8736,0.95,否,,1,1,体育赛事组织,,体育赛事,1.0,1.0,0.85,0.1111
成都铠铭铖贸易有限公司,5242,体育用品,0.8736,0.95,否,,1,1,文化体育用品零售,,体育用品零售,1.0,1.0,0.85,0.1111
四川省江涪通汇贸易有限公司,5242,体育用品,0.2125,0.85,否,,1,0,,纺织服装及家庭用品,,0.0,0.0,0.85,0.0
成都心起点户外拓展有限公司,8930,健身休闲,0.2125,0.85,否,,1,0,,户外活动服务,,0.0,0.0,0.85,0.0
成都盛世永和文化传媒有限公司,8991,体育赛事,0.6611,0.9,是,纯跨界（行业代码非体育，文本有体育业务）,1,1,文化活动体育赛事推广,,体育赛事,1.0,1.0,0.0,0.1111
四川川田联体育发展有限公司,5142,体育场馆,0.8736,0.95,否,,1,1,体育设施批发,,体育设施,1.0,1.0,0.85,0.1111
成都市泰戈教育科技有限公司,8392,体育培训,0.8736,0.95,否,,1,1,体育培训服务,,体育培训,1.0,1.0,0.85,0.1111
四川悦麓户外运动有限责任公司,8919,体育管理,0.2125,0.85,否,,1,0,,户外用品,,0.0,0.0,0.85,0.0
成都人从志众体育赛事策划有限公司,8392,体育培训,0.2125,0.85,否,,1,0,,体育活动服务,,0.0,0.0,0.85,0.0
成都风之行户外运动有限公司,8930,健身休闲,0.2125,0.85,否,,1,0,,文娱活动,,0.0,0.0,0.85,0.0
成都跃动生活文体用品有限公司,5242,体育用品,0.8736,0.95,否,,1,1,体育用品零售,,体育用品零售,1.0,1.0,0.85,0.1111
成都金康博体育文化传播有限公司,8930,健身休闲,0.8736,0.95,否,,1,1,健身服务,,健身服务,1.0,1.0,0.85,0.1111
成都和众体育发展有限责任公司,8911,体育赛事,0.8736,0.95,否,,1,1,体育竞赛组织,,体育竞赛,1.0,1.0,0.85,0.1111
四川勇城体育设施有限公司,5142,体育用品,0.2125,0.85,否,,1,0,,专业设计服务,,0.0,0.0,0.85,0.0
成都劲健网球俱乐部有限公司,8930,体育用品,0.8736,0.95,否,,1,1,网球健身,,网球,1.0,1.0,0.85,0.1111
成都博达越野户外运动有限公司,8930,健身休闲,0.2125,0.85,否,,1,0,,机械设备租赁,,0.0,0.0,0.85,0.0
成都山与素美文化传播有限公司,8919,体育管理,0.8736,0.95,否,,1,1,其他体育组织,,体育组织,1.0,1.0,0.85,0.1111
成都艾利特户外拓展运动有限公司,8930,健身休闲,0.2125,0.85,否,,1,0,,休闲健身娱乐,,0.0,0.0,0.85,0.0
成都浣西健身服务有限公司,8930,健身休闲,0.2125,0.85,否,,1,0,,商业服务,,0.0,0.0,0.85,0.0
成都西南武术培训中心,8392,体育培训,0.8736,0.95,否,,1,1,市场化体育培训,,体育培训,1.0,1.0,0.85,0.1111
成都泰菲特体育文化发展有限公司,8930,健身休闲,0.2125,0.85,否,,1,0,,体育活动服务,,0.0,0.0,0.85,0.0
成都义道馆体育文化发展有限责任公司,8930,健身休闲,0.2125,0.85,否,,1,0,,健身休闲活动,,0.0,0.0,0.85,0.0
四川野夫户外用品有限公司,5242,体育用品,0.2125,0.85,否,,1,0,,零售户外用品,,0.0,0.0,0.85,0.0
成都梦乐城堡游乐有限公司,8911,体育管理,0.2125,0.85,否,,1,0,,娱乐活动,,0.0,0.0,0.85,0.0
成都星势能体育文化发展有限公司,8911,体育赛事,0.8736,0.95,否,,1,1,体育赛事策划,,赛事策划,1.0,1.0,0.85,0.1111
成都鹏晖商贸有限公司,5242,体育用品,0.8736,0.95,否,,1,1,文化体育用品零售,,体育用品零售,1.0,1.0,0.85,0.1111
四川魔力水体育文化发展有限公司,8912,体育管理,0.2125,0.85,否,,1,0,,体育保障组织,,0.0,0.0,0.85,0.0
成都飓风体育文化传播有限公司,8930,健身休闲,0.8736,0.95,否,,1,1,游泳俱乐部,,游泳,1.0,1.0,0.85,0.1111
成都天一道体育文化传播有限公司,8919,体育管理,0.8736,0.95,否,,1,1,体育组织,,体育组织,1.0,1.0,0.85,0.1111
成都动乐康体育文化有限责任公司,8911,体育管理,0.2125,0.85,否,,1,0,,体育项目组织服务,,0.0,0.0,0.85,0.0
成都初心极真体育文化发展有限责任公司,8911,体育赛事,0.8736,0.95,否,,1,1,体育竞赛组织,,体育竞赛,1.0,1.0,0.85,0.1111
四川民生源商贸有限公司,5242,体育用品,0.8736,0.95,否,,1,1,体育用品零售,,体育用品零售,1.0,1.0,0.85,0.1111
成都格锐体育场馆管理有限公司,8930,健身休闲,0.2125,0.85,否,,1,0,,休闲健身,,0.0,0.0,0.85,0.0
成都来动体育文化发展有限公司,8912,体育管理,0.2125,0.85,否,,1,0,,体育保障组织,,0.0,0.0,0.85,0.0
成都花样年研学户外拓展有限公司,7246,体育管理,0.6611,0.9,是,纯跨界（行业代码非体育，文本有体育业务）,1,1,体育咨询,,体育咨询,1.0,1.0,0.0,0.1111
成都意念健身服务有限公司,8930,健身休闲,0.2125,0.85,否,,1,0,,健身休闲活动,,0.0,0.0,0.85,0.0
成都创元赛车文化传播有限公司,8911,体育赛事,0.8736,0.95,否,,1,1,赛事服务,,赛事服务,1.0,1.0,0.85,0.1111
成都激情男孩体育文化发展有限公司,8919,体育管理,0.8736,0.95,否,,1,1,其他体育组织,,体育组织,1.0,1.0,0.85,0.1111
成都安斐博体育运动有限公司,8912,体育管理,0.2125,0.85,否,,1,0,,体育保障组织,,0.0,0.0,0.85,0.0
成都力嘉户外运动有限公司,8930,健身休闲,0.2125,0.85,否,,1,0,,健身休闲活动,,0.0,0.0,0.85,0.0
四川飞驰白鲨体育文化发展有限责任公司,8930,健身休闲,0.2125,0.85,否,,1,0,,健身休闲活动,,0.0,0.0,0.85,0.0
成都玖零羽毛球俱乐部有限公司,8930,健身休闲,0.2125,0.85,否,,1,0,,健身休闲活动,,0.0,0.0,0.85,0.0
成都福腾体育场馆经营管理有限公司,8392,体育培训,0.8736,0.95,否,,1,1,体育培训,,体育培训,1.0,1.0,0.85,0.1111
成都瑞博汇体育发展有限公司,9052,体育赛事,0.6611,0.9,是,纯跨界（行业代码非体育，文本有体育业务）,1,1,国内和国际体育赛事策划组织服务,,赛事策划,1.0,1.0,0.0,0.1111
成都高潜运动有限公司,5242,体育用品,0.8736,0.95,否,,1,1,销售文化体育用品,,体育用品,1.0,1.0,0.85,0.1111
成都绿道体育文化发展有限公司,8921,体育场馆,0.8736,0.95,否,,1,1,体育场馆管理,,体育场馆,1.0,1.0,0.85,0.1111
凌力体育文化传播成都有限责任公司,8930,健身休闲,0.8736,0.95,否,,1,1,健身服务,,健身服务,1.0,1.0,0.85,0.1111
成都源缘文化传播有限公司,8919,体育管理,0.2125,0.85,否,,1,0,,茶艺服务,,0.0,0.0,0.85,0.0
成都麟锐千行健身管理有限公司,8930,健身休闲,0.2125,0.85,否,,1,0,,健身休闲活动,,0.0,0.0,0.85,0.0
成都加斯特博体育发展有限公司,8921,体育场馆,0.8736,0.95,否,,1,1,篮球场馆服务,,篮球场,1.0,1.0,0.85,0.1111
四川众寻网络科技有限公司,8930,健身休闲,0.2125,0.85,否,,1,0,,体育舞蹈健身,,0.0,0.0,0.85,0.0
成都骆途户外运动有限公司,8930,健身休闲,0.2125,0.85,否,,1,0,,休闲健身活动,,0.0,0.0,0.85,0.0
成都新精武极一体育咨询服务有限公司,8392,体育培训,0.8736,0.95,否,,1,1,武术培训,,武术培训,1.0,1.0,0.85,0.1111
四川帮晟品牌管理有限公司,5142,体育用品,0.8736,0.95,否,,1,1,体育用品批发,,体育用品批发,1.0,1.0,0.85,0.1111
四川布都体育文化发展有限公司,9052,体育赛事,0.6611,0.9,是,纯跨界（行业代码非体育，文本有体育业务）,1,1,组织体育表演活动,,体育表演,1.0,1.0,0.0,0.1111
成都贺威贸易有限公司,5142,体育用品,0.8736,0.95,否,,1,1,体育用品及器材批发,,体育用品,1.0,1.0,0.85,0.1111
高碳铁馆（成都）健身服务有限公司,8930,健身休闲,0.2125,0.85,否,,1,0,,健身休闲活动,,0.0,0.0,0.85,0.0
成都阳光力博体育文化传播有限公司,5142,体育用品,0.8736,0.95,否,,1,1,体育用品批发,,体育用品批发,1.0,1.0,0.85,0.1111
成都力动康体健身器材有限公司,5142,体育用品,0.8736,0.95,否,,1,1,健身器材批发,,健身器材,1.0,1.0,0.85,0.1111
成都西威久健身服务有限公司,8930,健身休闲,0.2125,0.85,否,,1,0,,健身活动服务,,0.0,0.0,0.85,0.0
四川和泽体育用品有限责任公司,5142,体育用品,0.8736,0.95,否,,1,1,体育用品及器材批发,,体育用品,1.0,1.0,0.85,0.1111
成都通普商贸有限公司,5142,体育用品,0.8736,0.95,否,,1,1,体育用品及器材零售,,体育用品,1.0,1.0,0.85,0.1111
成都芳华舞韵文化传播有限责任公司,8930,健身休闲,0.8736,0.95,否,,1,1,瑜伽培训服务,,瑜伽,1.0,1.0,0.85,0.1111
成都市领骁者体育文化发展有限责任公司,8911,体育赛事,0.8736,0.95,否,,1,1,体育竞赛组织,,体育竞赛,1.0,1.0,0.85,0.1111
成都浸云体育文化传播有限公司,8392,体育培训,0.8736,0.95,否,,1,1,体育培训,,体育培训,1.0,1.0,0.85,0.1111
成都川体文宇体育文化传播有限公司,5142,体育用品,0.8736,0.95,否,,1,1,服装体育用品批发,,体育用品批发,1.0,1.0,0.85,0.1111
成都瑞奇怡得商贸有限公司,5242,体育用品,0.8736,0.95,否,,1,1,体育用品零售,,体育用品零售,1.0,1.0,0.85,0.1111
成都铭跃扬体育文化发展有限责任公司,8911,体育赛事,0.8736,0.95,否,,1,1,体育竞赛组织,,体育竞赛,1.0,1.0,0.85,0.1111
成都活力海岸健身有限公司,8930,健身休闲,0.8736,0.95,否,,1,1,健身房健身服务,,健身房; 健身服务,1.0,1.0,0.85,0.1111
成都市千兆赫兹健身服务有限公司,8930,健身休闲,0.2125,0.85,否,,1,0,,健身休闲活动,,0.0,0.0,0.85,0.0
成都角马严训体育文化传播有限公司,8911,体育赛事,0.8736,0.95,否,,1,1,组织体育表演活动,,体育表演,1.0,1.0,0.85,0.1111
成都嘉赢拓普体育文化传播有限公司,8930,健身休闲,0.2125,0.85,否,,1,0,,体育健身,,0.0,0.0,0.85,0.0
成都锐猎体育科技有限公司,8999,体育赛事,0.6611,0.9,是,纯跨界（行业代码非体育，文本有体育业务）,1,1,体育赛事策划,,赛事策划,1.0,1.0,0.0,0.1111
成都市极嘉体育用品有限责任公司,5142,体育用品,0.8736,0.95,否,,1,1,体育用品批发,,体育用品批发,1.0,1.0,0.85,0.1111
成都明辉纸品有限公司,5142,体育用品,0.8736,0.95,否,,1,1,体育用品批发,,体育用品批发,1.0,1.0,0.85,0.1111
成都青羊区国艺企业管理有限公司,8392,体育培训,0.8736,0.95,否,,1,1,体校及体育培训,,体育培训,1.0,1.0,0.85,0.1111
成都胥龙健身服务有限公司,8930,健身休闲,0.8736,0.95,否,,1,1,健身服务,,健身服务,1.0,1.0,0.85,0.1111
四川剑星击剑体育发展有限公司,9052,体育赛事,0.6611,0.9,是,纯跨界（行业代码非体育，文本有体育业务）,1,1,体育赛事策划,,赛事策划,1.0,1.0,0.0,0.1111
成都即刻健健身有限责任公司,8930,健身休闲,0.8736,0.95,否,,1,1,健身服务,,健身服务,1.0,1.0,0.85,0.1111
成都体育产业投资集团有限责任公司,8921,体育场馆,0.8736,0.95,否,,1,1,体育场地运营,,体育场地,1.0,1.0,0.85,0.1111
成都悦爱动健康管理咨询有限公司,8930,健身休闲,0.8736,0.95,否,,1,1,游泳健身服务,,游泳; 健身服务,1.0,1.0,0.85,0.1111
成都枫森力行体育文化传播有限公司,8392,体育培训,0.8736,0.95,否,,1,1,体育培训服务,,体育培训,1.0,1.0,0.85,0.1111
成都剑亮商贸有限公司,5242,体育用品,0.8736,0.95,否,,1,1,体育器材零售,,体育器材,1.0,1.0,0.85,0.1111
成都童梦童享游乐设备有限公司,5242,体育用品,0.8736,0.95,否,,1,1,体育用品及器材零售,,体育用品,1.0,1.0,0.85,0.1111
成都利恩滋滋体育文化发展有限公司,8930,健身休闲,0.2125,0.85,否,,1,0,,健身运动服务,,0.0,0.0,0.85,0.0
成都懒虫西村健身有限公司,8930,健身休闲,0.8736,0.95,否,,1,1,健身服务,,健身服务,1.0,1.0,0.85,0.1111
成都中京体育文化传播有限公司,8911,体育管理,0.2125,0.85,否,,1,0,,体育活动策划服务,,0.0,0.0,0.85,0.0
成都瀚熙科技有限公司,8919,体育用品,0.8736,0.95,否,,1,1,乒乓球俱乐部,,乒乓球,1.0,1.0,0.85,0.1111
四川皇家贝里斯体育发展有限公司,8392,体育培训,0.8736,0.95,否,,1,1,体育培训服务,,体育培训,1.0,1.0,0.85,0.1111
成都皇家贝里斯足球俱乐部有限公司,8911,体育赛事,0.8736,0.95,否,,1,1,体育竞赛组织,,体育竞赛,1.0,1.0,0.85,0.1111
成都勇途兄弟教育咨询有限公司,8930,健身休闲,0.2125,0.85,否,,1,0,,健身休闲活动,,0.0,0.0,0.85,0.0
成都东湖弈天教育咨询有限公司,8392,体育培训,0.2125,0.85,否,,1,0,,围棋培训,,0.0,0.0,0.85,0.0
四川泳博体育场馆管理有限公司,8930,健身休闲,0.2125,0.85,否,,1,0,,健身场馆服务,,0.0,0.0,0.85,0.0
四川旭阳海泽文化传播有限公司,8392,体育培训,0.8736,0.95,否,,1,1,体育培训服务,,体育培训,1.0,1.0,0.85,0.1111
成都迷炼健身服务有限公司,8930,健身休闲,0.8736,0.95,否,,1,1,健身服务,,健身服务,1.0,1.0,0.85,0.1111
引领者体育有限公司,8921,体育场馆,0.8736,0.95,否,,1,1,体育场馆管理,,体育场馆,1.0,1.0,0.85,0.1111
成都蓉城羽事商贸有限公司,5242,体育用品,0.8736,0.95,否,,1,1,体育用品零售,,体育用品零售,1.0,1.0,0.85,0.1111
成都希雅文化传媒有限责任公司,8930,健身休闲,0.8736,0.95,否,,1,1,瑜伽培训,,瑜伽,1.0,1.0,0.85,0.1111
四川省婵兮健身服务有限责任公司,8930,健身休闲,0.2125,0.85,否,,1,0,,健身休闲活动服务,,0.0,0.0,0.85,0.0
成都市孚于嘉吉文化传播有限公司,8930,健身休闲,0.8736,0.95,否,,1,1,瑜伽培训,,瑜伽,1.0,1.0,0.85,0.1111
成都世纪拉玛教育咨询有限公司,8392,体育培训,0.2125,0.85,否,,1,0,,幼儿培训,,0.0,0.0,0.85,0.0
成都黑狗健身服务有限公司,8930,健身休闲,0.8736,0.95,否,,1,1,健身服务,,健身服务,1.0,1.0,0.85,0.1111
四川劲锐先锋体育运动俱乐部有限公司,8930,健身休闲,0.8736,0.95,否,,1,1,游泳健身,,游泳,1.0,1.0,0.85,0.1111
四川一本道馆文化传播有限公司,8392,体育培训,0.8736,0.95,否,,1,1,跆拳道培训,,跆拳道培训,1.0,1.0,0.85,0.1111
四川锋旗健身服务有限公司,8930,健身休闲,0.8736,0.95,否,,1,1,健身服务,,健身服务,1.0,1.0,0.85,0.1111
成都安益德体育文化传播有限责任公司,8930,健身休闲,0.8736,0.95,否,,1,1,运动健身服务,,健身服务,1.0,1.0,0.85,0.1111
中侠武道体育文化发展有限公司,7246,体育管理,0.6611,0.9,是,纯跨界（行业代码非体育，文本有体育业务）,1,1,体育咨询,,体育咨询,1.0,1.0,0.0,0.1111
松涛馆优品街成都体育发展有限公司,8392,健身休闲,0.8736,0.95,否,,1,1,空手道培训服务,,空手道,1.0,1.0,0.85,0.1111
四川鼎升体育发展有限公司,8921,体育场馆,0.8736,0.95,否,,1,1,体育场馆管理,,体育场馆,1.0,1.0,0.85,0.1111
成都拾途户外运动有限公司,5142,体育用品,0.8736,0.95,否,,1,1,体育用品批发,,体育用品批发,1.0,1.0,0.85,0.1111
成都乒博体育文化传播有限公司,8912,体育管理,0.8736,0.95,否,,1,1,体育文化发展服务,,体育文化,1.0,1.0,0.85,0.1111
成都爱尚体育用品有限公司,5242,体育用品,0.8736,0.95,否,,1,1,体育用品销售,,体育用品销售,1.0,1.0,0.85,0.1111
四川天鹅湖体育发展有限公司,8930,健身休闲,0.8736,0.95,否,,1,1,体育健身服务,,健身服务,1.0,1.0,0.85,0.1111
成都追溯本源体育文化发展有限公司,8930,健身休闲,0.2125,0.85,否,,1,0,,健身休闲活动,,0.0,0.0,0.85,0.0
成都绿茵泡泡户外运动有限公司,8930,健身休闲,0.2125,0.85,否,,1,0,,休闲健身活动,,0.0,0.0,0.85,0.0
成都瑰俪健康科技有限公司,8930,健身休闲,0.2125,0.85,否,,1,0,,健身休闲活动,,0.0,0.0,0.85,0.0
成都智越体育发展合伙企业有限合伙,7246,体育赛事,0.6611,0.9,是,纯跨界（行业代码非体育，文本有体育业务）,1,1,体育赛事咨询服务,,体育赛事,1.0,1.0,0.0,0.1111
成都上婵云鼎瑜伽健身有限公司,8930,健身休闲,0.8736,0.95,否,,1,1,健身房健身活动,,健身房,1.0,1.0,0.85,0.1111
成都青木乾龙健身服务有限公司,8930,健身休闲,0.2125,0.85,否,,1,0,,休闲健身活动,,0.0,0.0,0.85,0.0
四川晋驰体育服务有限公司,8392,体育培训,0.8736,0.95,否,,1,1,体校及体育培训,,体育培训,1.0,1.0,0.85,0.1111
成都淇杰体育文化传播有限公司,8392,体育培训,0.8736,0.95,否,,1,1,体育足球培训,,足球培训,1.0,1.0,0.85,0.1111
成都拾悦晓馆瑜伽健身有限公司,8930,健身休闲,0.8736,0.95,否,,1,1,瑜伽运动健身活动,,瑜伽,1.0,1.0,0.85,0.1111
四川天盛恒健体育文化传播有限公司,8930,健身休闲,0.2125,0.85,否,,1,0,,陆上运动全民健身运动,,0.0,0.0,0.85,0.0
言柚文化传播成都有限公司,8930,健身休闲,0.8736,0.95,否,,1,1,舞蹈健身服务,,健身服务,1.0,1.0,0.85,0.1111
四川动百优体育文化传播有限公司,7246,体育管理,0.6611,0.9,是,纯跨界（行业代码非体育，文本有体育业务）,1,1,体育文化活动服务,,体育文化,1.0,1.0,0.0,0.1111
成都全道松溪健身服务有限公司,8930,健身休闲,0.8736,0.95,否,,1,1,运动健身,,运动健身,1.0,1.0,0.85,0.1111
成都金玺健身服务有限公司,8930,健身休闲,0.2125,0.85,否,,1,0,,健身休闲活动,,0.0,0.0,0.85,0.0
四川得瓦瑜伽健身有限公司,8930,健身休闲,0.2125,0.85,否,,1,0,,健身休闲活动,,0.0,0.0,0.85,0.0
成都格斗鹰健身服务有限公司,8930,健身休闲,0.2125,0.85,否,,1,0,,健身休闲活动,,0.0,0.0,0.85,0.0
成都众擎体育文化传播有限公司,8392,体育培训,0.8736,0.95,否,,1,1,体育篮球培训活动,,篮球培训,1.0,1.0,0.85,0.1111
成都未来西单体育俱乐部有限公司,8392,体育培训,0.8736,0.95,否,,1,1,体育培训服务,,体育培训,1.0,1.0,0.85,0.1111
成都脂肪三次方健身运动有限公司,8930,健身休闲,0.8736,0.95,否,,1,1,健身房活动,,健身房,1.0,1.0,0.85,0.1111
成都卓瑞聚创体育文化传播有限公司,9052,体育赛事,0.6611,0.9,是,纯跨界（行业代码非体育，文本有体育业务）,1,1,体育赛事策划,,赛事策划,1.0,1.0,0.0,0.1111
成都莹火虫围棋俱乐部有限公司,8392,体育培训,0.2125,0.85,否,,1,0,,围棋培训,,0.0,0.0,0.85,0.0
成都蓉耀体育文化传播有限公司,8930,体育用品,0.8847,0.95,否,,1,1,乒乓球体能训练,,乒乓球; 体能训练,1.0,1.0,0.85,0.2222
成都尼基塔健身服务有限公司,8930,健身休闲,0.8736,0.95,否,,1,1,瑜伽健身服务,,瑜伽; 健身服务,1.0,1.0,0.85,0.1111
成都创体云动体育文化传播有限公司,8930,健身休闲,0.8736,0.95,否,,1,1,运动健身服务,,健身服务,1.0,1.0,0.85,0.1111
四川旗鱼健身服务有限公司,8930,健身休闲,0.8736,0.95,否,,1,1,健身服务,,健身服务,1.0,1.0,0.85,0.1111
成都芊芸文化传播有限公司,8930,健身休闲,0.8736,0.95,否,,1,1,瑜伽健身活动,,瑜伽,1.0,1.0,0.85,0.1111
四川奕兴永利科技有限公司,5142,体育用品,0.8736,0.95,否,,1,1,体育用品,,体育用品,1.0,1.0,0.85,0.1111
四川运动保体育发展有限公司,8930,健身休闲,0.2125,0.85,否,,1,0,,运动体育活动,,0.0,0.0,0.85,0.0
成都健在川体育发展有限公司,9052,体育赛事,0.6611,0.9,是,纯跨界（行业代码非体育，文本有体育业务）,1,1,组织体育表演活动,,体育表演,1.0,1.0,0.0,0.1111
四川乘洋科训健身有限公司,8930,健身休闲,0.2125,0.85,否,,1,0,,健身休闲活动,,0.0,0.0,0.85,0.0
成都海逸体育文化传播有限公司,8392,体育培训,0.8736,0.95,否,,1,1,成人体育培训,,体育培训,1.0,1.0,0.85,0.1111
成都熠未体育文化传播有限公司,9052,体育赛事,0.6611,0.9,是,纯跨界（行业代码非体育，文本有体育业务）,1,1,策划体育表演活动服务,,体育表演,1.0,1.0,0.0,0.1111
四川世纪白鲨体育文化传播有限公司,9052,体育赛事,0.6611,0.9,是,纯跨界（行业代码非体育，文本有体育业务）,1,1,体育赛事策划,,赛事策划,1.0,1.0,0.0,0.1111
四川蜀篮跃胜体育有限公司,8392,体育培训,0.8736,0.95,否,,1,1,体育培训,,体育培训,1.0,1.0,0.85,0.1111
四川启力达体育服务有限公司,9052,体育赛事,0.6611,0.9,是,纯跨界（行业代码非体育，文本有体育业务）,1,1,体育赛事活动策划,,体育赛事,1.0,1.0,0.0,0.1111
成都九零加健身有限公司,8992,健身休闲,0.6611,0.9,是,纯跨界（行业代码非体育，文本有体育业务）,1,1,健身服务,,健身服务,1.0,1.0,0.0,0.1111
四川若木商贸有限公司,5242,健身休闲,0.8736,0.95,否,,1,1,潜水装备零售,,潜水,1.0,1.0,0.85,0.1111
成都市星环体育发展有限公司,8392,健身休闲,0.8736,0.95,否,,1,1,射击培训服务,,射击,1.0,1.0,0.85,0.1111
四川立玛格斗健身俱乐部有限公司,8930,健身休闲,0.2125,0.85,否,,1,0,,格斗教学,,0.0,0.0,0.85,0.0
成都一馨优佳健身服务有限公司,8930,健身休闲,0.2125,0.85,否,,1,0,,健身活动,,0.0,0.0,0.85,0.0
成都萌芽体育场馆管理有限公司,8921,健身休闲,0.8736,0.95,否,,1,1,游泳健身,,游泳,1.0,1.0,0.85,0.1111
成都市航勋科技有限公司,8911,体育管理,0.2125,0.85,否,,1,0,,体育运动训练指导服务,,0.0,0.0,0.85,0.0
成都炫阳技艺体育文化传播有限公司,9052,体育赛事,0.6611,0.9,是,纯跨界（行业代码非体育，文本有体育业务）,1,1,体育表演服务,,体育表演,1.0,1.0,0.0,0.1111
成都赛乐体育器材有限公司,4892,体育场馆,0.2125,0.85,否,,1,0,,运动场地建设施工,,0.0,0.0,0.85,0.0
成都萝拉瑜伽有限公司,8930,健身休闲,0.8736,0.95,否,,1,1,瑜伽健身服务,,瑜伽; 健身服务,1.0,1.0,0.85,0.1111
成都山瑞美途户外运动有限公司,8930,健身休闲,0.2125,0.85,否,,1,0,,休闲健身活动,,0.0,0.0,0.85,0.0
成都菩行体育文化传播有限公司,8919,体育管理,0.8736,0.95,否,,1,1,体育组织,,体育组织,1.0,1.0,0.85,0.1111
成都倾艺文化艺术有限公司,8919,体育管理,0.8736,0.95,否,,1,1,其他体育组织,,体育组织,1.0,1.0,0.85,0.1111
四川盾智信息技术有限公司,4892,体育场馆,0.8736,0.95,否,,1,1,室外体育设施工程,,体育设施,1.0,1.0,0.85,0.1111
成都君瑞健身服务有限公司,8930,健身休闲,0.2125,0.85,否,,1,0,,健身馆服务,,0.0,0.0,0.85,0.0
成都驴友拼途户外运动有限公司,8930,健身休闲,0.2125,0.85,否,,1,0,,户外健身休闲活动,,0.0,0.0,0.85,0.0
成都康盼尼特体育设施有限公司,5242,体育用品,0.8736,0.95,否,,1,1,体育用品及器材批发,,体育用品,1.0,1.0,0.85,0.1111
成都三槿文化传播有限公司,5142,体育用品,0.2125,0.85,否,,1,0,,群众文体活动,,0.0,0.0,0.85,0.0
四川圣鑫顺朝体育文化发展有限公司,9052,体育赛事,0.6611,0.9,是,纯跨界（行业代码非体育，文本有体育业务）,1,1,体育赛事策划,,赛事策划,1.0,1.0,0.0,0.1111
成都野渡户外运动有限公司,8930,健身休闲,0.2125,0.85,否,,1,0,,组织休闲健身活动,,0.0,0.0,0.85,0.0
成都跃高体育科技有限公司,8392,体育培训,0.8736,0.95,否,,1,1,体育教育,,体育教育,1.0,1.0,0.85,0.1111
成都驿家健身服务有限公司,8930,健身休闲,0.2125,0.85,否,,1,0,,健身馆服务,,0.0,0.0,0.85,0.0
成都纯粹优伽健身服务中心,5142,体育用品,0.2125,0.85,否,,1,0,,健身休闲活动,,0.0,0.0,0.85,0.0
成都英派斯健身服务有限公司,8930,健身休闲,0.8736,0.95,否,,1,1,体育健身服务,,健身服务,1.0,1.0,0.85,0.1111
成都沅漾清波体育文化传播有限公司,8930,健身休闲,0.2125,0.85,否,,1,0,,体育运动服务,,0.0,0.0,0.85,0.0
成都市苏一格体育文化传播有限责任公司,8392,体育培训,0.8736,0.95,否,,1,1,体育培训,,体育培训,1.0,1.0,0.85,0.1111
成都本直青望体育文化发展有限公司,8911,体育赛事,0.8736,0.95,否,,1,1,体育竞赛组织,,体育竞赛,1.0,1.0,0.85,0.1111
成都钢炮体育文化发展有限公司,8930,健身休闲,0.2125,0.85,否,,1,0,,体育健康服务,,0.0,0.0,0.85,0.0
四川省库拉哩健康管理有限公司,8392,健身休闲,0.8736,0.95,否,,1,1,瑜伽馆,,瑜伽馆,1.0,1.0,0.85,0.1111
成都市凯健晨星体育文化发展有限公司,8911,体育赛事,0.8736,0.95,否,,1,1,体育竞赛组织,,体育竞赛,1.0,1.0,0.85,0.1111
成都同伴体育场地管理有限公司,8921,体育场馆,0.8736,0.95,否,,1,1,体育场地管理,,体育场地管理,1.0,1.0,0.85,0.1111
成都志煜健身服务有限公司,8930,健身休闲,0.2125,0.85,否,,1,0,,健身休闲,,0.0,0.0,0.85,0.0
成都市智上文化体育用品有限公司,5142,体育用品,0.8736,0.95,否,,1,1,体育用品及器材批发,,体育用品,1.0,1.0,0.85,0.1111
成都沐动体育文化传播有限公司,8919,体育管理,0.8736,0.95,否,,1,1,体育文化交流活动,,体育文化,1.0,1.0,0.85,0.1111
四川趣优考体育发展有限公司,8911,体育赛事,0.8736,0.95,否,,1,1,体育竞赛组织,,体育竞赛,1.0,1.0,0.85,0.1111
成都名格家具有限公司,5142,体育用品,0.8736,0.95,否,,1,1,体育用品及嚣材批发,,体育用品,1.0,1.0,0.85,0.1111
成都帝壹搏击俱乐部有限公司,8930,健身休闲,0.2125,0.85,否,,1,0,,健身培训服务,,0.0,0.0,0.85,0.0
成都光华天空体育场馆管理有限公司,8921,体育场馆,0.8736,0.95,否,,1,1,体育场馆管理,,体育场馆,1.0,1.0,0.85,0.1111
聚拓成都体育俱乐部有限公司,8392,体育培训,0.8736,0.95,否,,1,1,体校及体育培训,,体育培训,1.0,1.0,0.85,0.1111
成都惠生活文化传播有限公司,8930,健身休闲,0.2125,0.85,否,,1,0,,休闲健身活动,,0.0,0.0,0.85,0.0
四川爱思体育有限责任公司,8911,体育管理,0.2125,0.85,否,,1,0,,体育活动组织,,0.0,0.0,0.85,0.0
成都云上健身管理有限责任公司,8930,健身休闲,0.8736,0.95,否,,1,1,健身服务,,健身服务,1.0,1.0,0.85,0.1111
四川朋驰体育文化发展有限公司,8911,体育赛事,0.8736,0.95,否,,1,1,体育比赛组织,,体育比赛,1.0,1.0,0.85,0.1111
成都世纪蓝鲸体育文化传播有限公司,8930,健身休闲,0.2125,0.85,否,,1,0,,健身培训,,0.0,0.0,0.85,0.0
四川金晨乐体育文化发展有限公司,7246,体育管理,0.6611,0.9,是,纯跨界（行业代码非体育，文本有体育业务）,1,1,体育管理,,体育管理,1.0,1.0,0.0,0.1111
成都搏炫体育文化传播有限公司,8930,健身休闲,0.2125,0.85,否,,1,0,,健身培训,,0.0,0.0,0.85,0.0
四川韵动星体育文化传播有限公司,8392,体育培训,0.2125,0.85,否,,1,0,,体育运动培训活动,,0.0,0.0,0.85,0.0
成都缘成健身服务有限公司,8930,健身休闲,0.8736,0.95,否,,1,1,健身服务,,健身服务,1.0,1.0,0.85,0.1111
成都飞舞霹雳舞体育俱乐部有限公司,8392,体育培训,0.2125,0.85,否,,1,0,,艺体培训服务,,0.0,0.0,0.85,0.0
成都青羊区蓝色空间健身服务有限公司,8930,健身休闲,0.8736,0.95,否,,1,1,健身服务,,健身服务,1.0,1.0,0.85,0.1111
成都巴布上乘体育文化传播有限公司,8921,体育场馆,0.8736,0.95,否,,1,1,游泳馆服务,,游泳馆,1.0,1.0,0.85,0.1111
四川史无前例健身有限公司,8930,健身休闲,0.8736,0.95,否,,1,1,体育健身服务,,健身服务,1.0,1.0,0.85,0.1111
成都惠康体育场馆管理有限公司,8930,健身休闲,0.8736,0.95,否,,1,1,健身服务,,健身服务,1.0,1.0,0.85,0.1111
成都金雪舞渔具有限公司,5242,体育用品,0.8736,0.95,否,,1,1,渔具零售,,渔具,1.0,1.0,0.85,0.1111
四川冠军之星体育设施工程有限公司,4892,体育场馆,0.8736,0.95,否,,1,1,体育场地设施施工,,体育场地设施,1.0,1.0,0.85,0.1111
成都星卡体育文化发展有限公司,8911,体育赛事,0.8736,0.95,否,,1,1,体育竞赛组织,,体育竞赛,1.0,1.0,0.85,0.1111
成都奇航兴业教育咨询有限公司青羊分公司,8930,健身休闲,0.8736,0.95,否,,1,1,游泳健身服务,,游泳; 健身服务,1.0,1.0,0.85,0.1111
成都鸿诚贸易有限公司,5142,体育用品,0.8736,0.95,否,,1,1,文化体育用品销售,,体育用品销售,1.0,1.0,0.85,0.1111
成都赛弗娱乐合伙企业有限合伙,8930,健身休闲,0.2125,0.85,否,,1,0,,健身休闲娱乐,,0.0,0.0,0.85,0.0
成都市梦煜毅文化传播有限公司,8392,体育培训,0.8736,0.95,否,,1,1,篮球培训服务,,篮球培训,1.0,1.0,0.85,0.1111
成都前尘体育发展有限公司,8930,健身休闲,0.2125,0.85,否,,1,0,,健身休闲活动,,0.0,0.0,0.85,0.0
成都悦爱动健身服务有限公司,8930,健身休闲,0.8736,0.95,否,,1,1,健身服务,,健身服务,1.0,1.0,0.85,0.1111
四川言伊健身服务有限公司,8930,健身休闲,0.8736,0.95,否,,1,1,瑜伽健身服务,,瑜伽; 健身服务,1.0,1.0,0.85,0.1111
成都贡嘎体育运动用品有限责任公司,5142,体育用品,0.8736,0.95,否,,1,1,体育用品及器材批发,,体育用品,1.0,1.0,0.85,0.1111
成都瑞乐宝教育科技有限公司,8930,健身休闲,0.8736,0.95,否,,1,1,休闲健身游泳,,游泳,1.0,1.0,0.85,0.1111
成都市青羊区有一舞体育培训学校有限公司,8392,体育培训,0.8736,0.95,否,,1,1,体育培训,,体育培训,1.0,1.0,0.85,0.1111
四川袁野体育文化传播有限公司,8930,健身休闲,0.8736,0.95,否,,1,1,运动健身,,运动健身,1.0,1.0,0.85,0.1111
成都爱威文化传播有限责任公司,8930,健身休闲,0.8736,0.95,否,,1,1,健身服务,,健身服务,1.0,1.0,0.85,0.1111
四川吉里瑜伽健身有限公司,8930,健身休闲,0.8736,0.95,否,,1,1,瑜伽练习,,瑜伽,1.0,1.0,0.85,0.1111
四川涵奕源商贸有限公司,5142,体育用品,0.2125,0.85,否,,1,0,,文化体育用批发,,0.0,0.0,0.85,0.0
成都卓渔无限户外用品有限公司,5242,体育用品,0.8736,0.95,否,,1,1,体育用品及器材批发,,体育用品,1.0,1.0,0.85,0.1111
成都飞鸟与鱼文化传播有限公司,8392,体育培训,0.2125,0.85,否,,1,0,,信息咨询,,0.0,0.0,0.85,0.0
四川康莱德工程技术有限公司,5242,体育场馆,0.8736,0.95,否,,1,1,零售体育设施,,体育设施,1.0,1.0,0.85,0.1111
成都乐云二十四小时健身服务有限责任公司,8930,健身休闲,0.2125,0.85,否,,1,0,,健身休闲活动,,0.0,0.0,0.85,0.0
四川中高体育文化发展有限公司,9052,体育赛事,0.6611,0.9,是,纯跨界（行业代码非体育，文本有体育业务）,1,1,体育赛事策划,,赛事策划,1.0,1.0,0.0,0.1111
成都中之田健身服务有限公司,8930,健身休闲,0.2125,0.85,否,,1,0,,健身指导,,0.0,0.0,0.85,0.0
成都将门翼天文化传媒有限公司,8930,健身休闲,0.2125,0.85,否,,1,0,,健身休闲活动,,0.0,0.0,0.85,0.0
成都心享练健身管理有限公司,8930,健身休闲,0.2125,0.85,否,,1,0,,健身休闲活动,,0.0,0.0,0.85,0.0
成都等高线企业管理咨询有限公司,9052,体育赛事,0.6611,0.9,是,纯跨界（行业代码非体育，文本有体育业务）,1,1,体育赛事策划,,赛事策划,1.0,1.0,0.0,0.1111
成都皓动教育咨询有限公司,8392,健身休闲,0.8736,0.95,否,,1,1,跆拳道教育,,跆拳道,1.0,1.0,0.85,0.1111
成都健行速得体育文化发展有限公司,8911,体育赛事,0.8736,0.95,否,,1,1,体育竞赛组织,,体育竞赛,1.0,1.0,0.85,0.1111
成都市壹壹贰健身服务有限公司,8930,健身休闲,0.2125,0.85,否,,1,0,,健身指导,,0.0,0.0,0.85,0.0
成都壹贰叁体育发展有限公司,8392,体育培训,0.2125,0.85,否,,1,0,,儿童体能培训训练,,0.0,0.0,0.85,0.0
四川耐思体育文化发展有限公司,8392,体育用品,0.8847,0.95,否,,1,1,篮球体育培训,,篮球; 体育培训,1.0,1.0,0.85,0.2222
成都弘菲特健身服务有限公司,8930,健身休闲,0.8736,0.95,否,,1,1,健身服务,,健身服务,1.0,1.0,0.85,0.1111
四川皇贝体育发展有限公司,8911,体育管理,0.8736,0.95,否,,1,1,体育组织服务,,体育组织,1.0,1.0,0.85,0.1111
成都维伽美学教育咨询有限公司,8930,健身休闲,0.8736,0.95,否,,1,1,健身服务,,健身服务,1.0,1.0,0.85,0.1111
柒元素企业管理成都有限公司,8930,健身休闲,0.2125,0.85,否,,1,0,,健身办卡私教课,,0.0,0.0,0.85,0.0
成都已新体育文化传播有限公司,8921,体育场馆,0.8736,0.95,否,,1,1,体育场馆,,体育场馆,1.0,1.0,0.85,0.1111
成都青羊区杆法体育场馆管理合伙企业有限合伙,8930,健身休闲,0.8736,0.95,否,,1,1,自助台球服务,,台球,1.0,1.0,0.85,0.1111
成都无境健身服务有限公司,8930,健身休闲,0.2125,0.85,否,,1,0,,健身休闲娱乐,,0.0,0.0,0.85,0.0
四川丛林王体育文化发展有限公司,8392,体育培训,0.2125,0.85,否,,1,0,,儿童体能培训,,0.0,0.0,0.85,0.0
四川万馆体育文化发展有限公司,8911,体育赛事,0.8736,0.95,否,,1,1,体育竞赛组织,,体育竞赛,1.0,1.0,0.85,0.1111
成都众越新起点洛克健身服务有限公司,8930,健身休闲,0.2125,0.85,否,,1,0,,健身休闲,,0.0,0.0,0.85,0.0
成都三修健身服务有限公司,8930,健身休闲,0.8736,0.95,否,,1,1,健身服务,,健身服务,1.0,1.0,0.85,0.1111
四川灌童体育文化发展有限公司,8911,体育赛事,0.8736,0.95,否,,1,1,体育竞赛组织,,体育竞赛,1.0,1.0,0.85,0.1111
成都羽丽体育文化传播有限公司,5242,体育用品,0.8736,0.95,否,,1,1,体育用品及器材零售,,体育用品,1.0,1.0,0.85,0.1111
四川波尔泰康体设备有限公司,4991,健身休闲,0.6611,0.9,是,纯跨界（行业代码非体育，文本有体育业务）,1,1,游泳池设备安装,,游泳池,1.0,1.0,0.0,0.1111
成都佳林易健身服务有限公司,8930,体育用品,0.8736,0.95,否,,1,1,健身器材,,健身器材,1.0,1.0,0.85,0.1111
成都镭戎体育文化有限公司,8912,体育管理,0.2125,0.85,否,,1,0,,体育保障组织,,0.0,0.0,0.85,0.0
成都基准育华体育发展有限公司,8930,健身休闲,0.8736,0.95,否,,1,1,户外运动的组织,,户外运动,1.0,1.0,0.85,0.1111
四川马蹄少儿足球俱乐部有限公司,8919,体育用品,0.8736,0.95,否,,1,1,足球俱乐部,,足球,1.0,1.0,0.85,0.1111
成都紫丁香体育文化发展有限公司,8919,体育管理,0.8736,0.95,否,,1,1,其他体育组织,,体育组织,1.0,1.0,0.85,0.1111
成都篮星体育科技有限公司,5142,体育用品,0.8736,0.95,否,,1,1,体育用品批发,,体育用品批发,1.0,1.0,0.85,0.1111
成都乐行毅体育文化传播有限公司,8392,体育培训,0.8736,0.95,否,,1,1,乒乓球培训,,乒乓球培训,1.0,1.0,0.85,0.1111
四川雄冠未来健身服务有限公司,8930,健身休闲,0.8736,0.95,否,,1,1,健身服务,,健身服务,1.0,1.0,0.85,0.1111
成都禅木健身服务有限公司,8930,健身休闲,0.2125,0.85,否,,1,0,,健身休闲活动,,0.0,0.0,0.85,0.0
成都中合健身服务有限公司,8930,健身休闲,0.2125,0.85,否,,1,0,,健身休闲活动,,0.0,0.0,0.85,0.0
成都乐而健体育发展有限公司,8392,体育培训,0.8736,0.95,否,,1,1,体育培训服务,,体育培训,1.0,1.0,0.85,0.1111
成都逐日健身服务有限公司,8930,健身休闲,0.2125,0.85,否,,1,0,,健身休闲活动,,0.0,0.0,0.85,0.0
四川康利成健身器材有限公司,5142,体育用品,0.8736,0.95,否,,1,1,健身器材批发,,健身器材,1.0,1.0,0.85,0.1111
成都正烁国际贸易有限公司,5142,体育用品,0.8736,0.95,否,,1,1,批发体育用品,,体育用品,1.0,1.0,0.85,0.1111
四川行动派健身有限公司,8930,健身休闲,0.2125,0.85,否,,1,0,,健身休闲活动,,0.0,0.0,0.85,0.0
四川呈诺企业管理有限公司,8921,体育场馆,0.8736,0.95,否,,1,1,体育场地设施管理,,体育场地设施,1.0,1.0,0.85,0.1111
成都云起梵天文化传播有限公司,8930,健身休闲,0.2125,0.85,否,,1,0,,健身休闲活动,,0.0,0.0,0.85,0.0
成都世聚氧气体育文化发展有限公司,8911,体育赛事,0.8736,0.95,否,,1,1,组织体育表演体育竞赛,,体育表演; 体育竞赛,1.0,1.0,0.85,0.1111
成都博骏邦腾体育发展有限公司,8392,健身休闲,0.8736,0.95,否,,1,1,马术培训,,马术,1.0,1.0,0.85,0.1111
成都馨动极氧健身有限公司,8930,健身休闲,0.2125,0.85,否,,1,0,,健身咨询,,0.0,0.0,0.85,0.0
四川豪顺力健康管理有限公司,8930,健身休闲,0.2125,0.85,否,,1,0,,健身咨询,,0.0,0.0,0.85,0.0
四川和记银隆贸易有限公司,5142,体育用品,0.8736,0.95,否,,1,1,体育用品及器械批发,,体育用品,1.0,1.0,0.85,0.1111
成都达人体育文化发展有限公司,8911,体育赛事,0.8736,0.95,否,,1,1,体育赛事组织,,体育赛事,1.0,1.0,0.85,0.1111
四川新辉体育发展有限公司,8921,体育场馆,0.8736,0.95,否,,1,1,体育馆经营,,体育馆,1.0,1.0,0.85,0.1111
成都银河致远健身服务有限公司,8930,健身休闲,0.8736,0.95,否,,1,1,健身服务,,健身服务,1.0,1.0,0.85,0.1111
成都跃世瑞达科技有限公司,5242,体育用品,0.8736,0.95,否,,1,1,文化体育用品零售,,体育用品零售,1.0,1.0,0.85,0.1111
四川跆家体育发展有限公司,8392,健身休闲,0.8847,0.95,否,,1,1,跆拳道运动培训,,跆拳道; 运动培训,1.0,1.0,0.85,0.2222
四川聚合万力健身服务有限公司,8930,健身休闲,0.8736,0.95,否,,1,1,健身服务,,健身服务,1.0,1.0,0.85,0.1111
四川华弈星屹文化发展有限公司,8911,体育赛事,0.8736,0.95,否,,1,1,体育竞赛组织,,体育竞赛,1.0,1.0,0.85,0.1111
成都海力泳胜体育文化传播有限公司,8930,健身休闲,0.2125,0.85,否,,1,0,,健身休闲活动,,0.0,0.0,0.85,0.0
四川小飞蛙户外拓展有限公司,8930,健身休闲,0.8736,0.95,否,,1,1,户外拓展活动,,户外拓展,1.0,1.0,0.85,0.1111
四川启航亚太电子竞技有限公司,8911,电子竞技,0.8736,0.95,否,,1,1,电子竞技组织,,电子竞技,1.0,1.0,0.85,0.1111
成都西门里实业有限公司,8921,体育场馆,0.8736,0.95,否,,1,1,体育场地设施经营,,体育场地设施,1.0,1.0,0.85,0.1111
四川聚英火车头足球俱乐部有限公司,8911,体育赛事,0.8736,0.95,否,,1,1,体育竞赛组织,,体育竞赛,1.0,1.0,0.85,0.1111
成都市金牛区陆兮健身服务有限责任公司,8930,健身休闲,0.2125,0.85,否,,1,0,,健身休闲活动,,0.0,0.0,0.85,0.0
成都泳动体育发展有限公司,8930,健身休闲,0.8736,0.95,否,,1,1,健身服务,,健身服务,1.0,1.0,0.85,0.1111
四川小布丁体育发展有限公司,8921,体育场馆,0.8736,0.95,否,,1,1,体育场馆管理,,体育场馆,1.0,1.0,0.85,0.1111
四川兴腾源商贸有限公司,5242,体育用品,0.8736,0.95,否,,1,1,体育用品及器材零售,,体育用品,1.0,1.0,0.85,0.1111
众澳体育发展成都有限公司,5142,体育用品,0.8736,0.95,否,,1,1,体育用品及器材批发,,体育用品,1.0,1.0,0.85,0.1111
成都栖安露茶楼有限公司,8930,健身休闲,0.2125,0.85,否,,1,0,,健身休闲活动,,0.0,0.0,0.85,0.0
四川省信吾科技有限责任公司,5142,体育用品,0.8736,0.95,否,,1,1,体育用品及器材批发,,体育用品,1.0,1.0,0.85,0.1111
成都立炼健身服务有限公司,8930,健身休闲,0.8736,0.95,否,,1,1,健身服务,,健身服务,1.0,1.0,0.85,0.1111
四川康韵体育文化传播有限公司,8930,健身休闲,0.2125,0.85,否,,1,0,,健身休闲活动,,0.0,0.0,0.85,0.0
四川道盟星蕴体育文化发展有限公司,8911,体育赛事,0.8736,0.95,否,,1,1,体育竞赛组织,,体育竞赛,1.0,1.0,0.85,0.1111
四川省钬创科技有限责任公司,5242,体育用品,0.2125,0.85,否,,1,0,,器材专门零售,,0.0,0.0,0.85,0.0
成都向上健身服务有限公司,8930,健身休闲,0.2125,0.85,否,,1,0,,健身休闲活动,,0.0,0.0,0.85,0.0
成都酷动星起航体育俱乐部有限公司,8392,体育培训,0.8736,0.95,否,,1,1,少儿体育培训,,体育培训,1.0,1.0,0.85,0.1111
成都嘉腾华瑞科技有限公司,5142,体育用品,0.8736,0.95,否,,1,1,健身器材批发,,健身器材,1.0,1.0,0.85,0.1111
四川储安科技有限公司,8930,健身休闲,0.2125,0.85,否,,1,0,,健身休闲活动,,0.0,0.0,0.85,0.0
成都市忠武体育文化传播有限责任公司,8392,体育培训,0.8736,0.95,否,,1,1,体育培训,,体育培训,1.0,1.0,0.85,0.1111
成都行学拓展训练中心,8930,健身休闲,0.2125,0.85,否,,1,0,,健身休闲活动,,0.0,0.0,0.85,0.0
成都鑫众悦体育文化发展有限公司,8392,体育培训,0.8736,0.95,否,,1,1,体校及体育培训,,体育培训,1.0,1.0,0.85,0.1111
成都金勇士体育文化传播有限公司,7246,体育管理,0.6611,0.9,是,纯跨界（行业代码非体育，文本有体育业务）,1,1,体育咨询,,体育咨询,1.0,1.0,0.0,0.1111
成都思凯瑞体育用品有限公司,7246,体育管理,0.6611,0.9,是,纯跨界（行业代码非体育，文本有体育业务）,1,1,体育咨询,,体育咨询,1.0,1.0,0.0,0.1111
成都合庐茶楼有限公司,8930,健身休闲,0.2125,0.85,否,,1,0,,健身休闲活动,,0.0,0.0,0.85,0.0
成都动享体育文化传播有限责任公司,8392,体育培训,0.8736,0.95,否,,1,1,体育培训,,体育培训,1.0,1.0,0.85,0.1111
成都动享启航体育发展有限公司,8392,体育培训,0.8736,0.95,否,,1,1,体育培训,,体育培训,1.0,1.0,0.85,0.1111
成都稳哒体育文化传播有限公司,8911,体育赛事,0.8736,0.95,否,,1,1,体育竞赛组织,,体育竞赛,1.0,1.0,0.85,0.1111
成都动享青春体育发展有限公司,8392,体育培训,0.8736,0.95,否,,1,1,体育培训,,体育培训,1.0,1.0,0.85,0.1111
四川香蕉船体育文化传播有限公司,8392,体育培训,0.8736,0.95,否,,1,1,体育培训,,体育培训,1.0,1.0,0.85,0.1111
成都人从众体育文化传播有限公司,8930,健身休闲,0.2125,0.85,否,,1,0,,群众文体活动,,0.0,0.0,0.85,0.0
成都立洋商贸有限公司,5242,体育用品,0.8736,0.95,否,,1,1,体育用品及器材零售,,体育用品,1.0,1.0,0.85,0.1111
成都蜀和雅韵健身服务有限公司,8930,健身休闲,0.2125,0.85,否,,1,0,,健身休闲活动,,0.0,0.0,0.85,0.0
成都骊珠户外运动有限责任公司,8930,健身休闲,0.2125,0.85,否,,1,0,,健身休闲活动,,0.0,0.0,0.85,0.0
成都壹珈品牌管理有限公司,8930,健身休闲,0.8736,0.95,否,,1,1,健身服务,,健身服务,1.0,1.0,0.85,0.1111
成都梵途户外运动有限公司,8930,健身休闲,0.8736,0.95,否,,1,1,户外运动的组织策划,,户外运动,1.0,1.0,0.85,0.1111
成都瑾色瑜伽健身有限公司,8930,健身休闲,0.2125,0.85,否,,1,0,,体育活动,,0.0,0.0,0.85,0.0
四川艮恒电器有限公司,5242,体育用品,0.2125,0.85,否,,1,0,,游艺器材零售,,0.0,0.0,0.85,0.0
成都市铸信羽毛球俱乐部有限公司,8921,体育用品,0.8736,0.95,否,,1,1,羽毛球场馆服务,,羽毛球,1.0,1.0,0.85,0.1111
成都好兄弟体育俱乐部有限公司,8911,体育赛事,0.8736,0.95,否,,1,1,体育赛事策划,,赛事策划,1.0,1.0,0.85,0.1111
成都健康行实业有限公司,5142,体育用品,0.8736,0.95,否,,1,1,体育用品及器材批发,,体育用品,1.0,1.0,0.85,0.1111
成都天石坊珠宝有限公司,5242,体育用品,0.8736,0.95,否,,1,1,体育用品及器材零售,,体育用品,1.0,1.0,0.85,0.1111
成都海客体育经纪服务有限公司,8911,体育赛事,0.8736,0.95,否,,1,1,体育竞赛组织,,体育竞赛,1.0,1.0,0.85,0.1111
成都拾佳创健身服务有限公司,8930,健身休闲,0.2125,0.85,否,,1,0,,健身咨询服务,,0.0,0.0,0.85,0.0
成都紫橙体育发展有限责任公司,9052,体育赛事,0.6611,0.9,是,纯跨界（行业代码非体育，文本有体育业务）,1,1,体育赛事策划,,赛事策划,1.0,1.0,0.0,0.1111
成都达乐斯体育文化发展有限公司,8930,健身休闲,0.8736,0.95,否,,1,1,马术运动服务,,马术,1.0,1.0,0.85,0.1111
成都奇迹辉煌健身服务有限公司,7246,体育管理,0.6611,0.9,是,纯跨界（行业代码非体育，文本有体育业务）,1,1,体育管理,,体育管理,1.0,1.0,0.0,0.1111
成都反重力体育文化发展有限公司,9052,体育赛事,0.6611,0.9,是,纯跨界（行业代码非体育，文本有体育业务）,1,1,体育赛事策划,,赛事策划,1.0,1.0,0.0,0.1111
成都云涛亥午体育文化传播有限公司,7122,体育用品,0.6611,0.9,是,纯跨界（行业代码非体育，文本有体育业务）,1,1,体育用品设备出租,,体育用品,1.0,1.0,0.0,0.1111
成都鱼米鱼乐文化传播有限公司,5242,体育用品,0.2125,0.85,否,,1,0,,零售体育产品,,0.0,0.0,0.85,0.0
成都金球西成体育文化传播有限公司,8911,体育赛事,0.8736,0.95,否,,1,1,体育竞赛组织,,体育竞赛,1.0,1.0,0.85,0.1111
成都灵动享瑜伽有限公司,8930,健身休闲,0.8736,0.95,否,,1,1,健身服务,,健身服务,1.0,1.0,0.85,0.1111
成都捷芙文化传播有限公司,8930,健身休闲,0.8736,0.95,否,,1,1,健身服务,,健身服务,1.0,1.0,0.85,0.1111
成都市嗨集体育文化发展有限公司,8911,体育赛事,0.8847,0.95,否,,2,2,体育竞赛组织; 体育用品及器材零售,,体育竞赛; 体育用品,1.0,1.0,0.85,0.2222
四川博格文化体育有限公司,5242,体育用品,0.2125,0.85,否,,1,0,,零售体育产品,,0.0,0.0,0.85,0.0
成都市希尔道之邑教育咨询有限公司,8392,体育培训,0.8736,0.95,否,,1,1,体育培训服务,,体育培训,1.0,1.0,0.85,0.1111
成都浙岭商商贸有限公司,5142,体育用品,0.8736,0.95,否,,1,1,体育用品及器材批发,,体育用品,1.0,1.0,0.85,0.1111
成都吾良健康管理有限公司,8392,体育培训,0.2125,0.85,否,,1,0,,体育课外辅导,,0.0,0.0,0.85,0.0
成都盖尔森体育文化传播有限公司,9054,体育管理,0.6611,0.9,是,纯跨界（行业代码非体育，文本有体育业务）,1,1,体育组织服务,,体育组织,1.0,1.0,0.0,0.1111
成都星耀成足球俱乐部有限公司,9054,体育传媒,0.6611,0.9,是,纯跨界（行业代码非体育，文本有体育业务）,1,1,体育经纪服务,,体育经纪,1.0,1.0,0.0,0.1111
四川德恩普体育设施工程有限公司,5242,体育场馆,0.8736,0.95,否,,1,1,体育设施零售,,体育设施,1.0,1.0,0.85,0.1111
成都足迹户外运动有限公司,8930,健身休闲,0.2125,0.85,否,,1,0,,休闲健身活动,,0.0,0.0,0.85,0.0
成都沃顿户外用品有限公司,5242,体育用品,0.8736,0.95,否,,1,1,体育用品零售,,体育用品零售,1.0,1.0,0.85,0.1111
成都君鑫商贸有限公司,5142,体育用品,0.8736,0.95,否,,1,1,体育用品批发,,体育用品批发,1.0,1.0,0.85,0.1111
成都太阳雨户外休闲用品有限公司,5242,体育用品,0.2125,0.85,否,,1,0,,户外用品零售,,0.0,0.0,0.85,0.0
成都城投青和文化发展有限公司,8921,体育场馆,0.8736,0.95,否,,1,1,体育场馆管理服务,,体育场馆,1.0,1.0,0.85,0.1111
成都市黑青稞户外运动有限责任公司,8911,体育管理,0.2125,0.85,否,,1,0,,体育项目组织服务,,0.0,0.0,0.85,0.0
成都湃索贸易有限公司,5142,体育用品,0.2125,0.85,否,,1,0,,骑行装备批发,,0.0,0.0,0.85,0.0
四川蓉体建筑工程有限公司,5242,体育用品,0.8736,0.95,否,,1,1,体育用品器材零售,,体育用品,1.0,1.0,0.85,0.1111
四川旺鑫龙体育用品有限公司,5142,体育用品,0.8736,0.95,否,,1,1,体育用品批发,,体育用品批发,1.0,1.0,0.85,0.1111
康文健（成都）社区服务有限公司,9052,体育赛事,0.6611,0.9,是,纯跨界（行业代码非体育，文本有体育业务）,1,1,组织体育表演活动,,体育表演,1.0,1.0,0.0,0.1111
成都吾爱尚健身服务有限公司,8930,健身休闲,0.8736,0.95,否,,1,1,健身服务,,健身服务,1.0,1.0,0.85,0.1111
成都天艺茗仁茶楼有限公司,8930,健身休闲,0.2125,0.85,否,,1,0,,棋牌室服务,,0.0,0.0,0.85,0.0
成都鑫达旺源帐篷有限公司,5142,体育用品,0.8736,0.95,否,,1,1,帐篷批发,,帐篷,1.0,1.0,0.85,0.1111
成都市美日新商贸有限责任公司,5242,体育用品,0.8736,0.95,否,,1,1,零售体育用品,,体育用品,1.0,1.0,0.85,0.1111
成都西交川体育文化发展有限公司,9052,体育赛事,0.6611,0.9,是,纯跨界（行业代码非体育，文本有体育业务）,1,1,体育赛事策划,,赛事策划,1.0,1.0,0.0,0.1111
成都三书六礼图书有限公司,5242,体育用品,0.8736,0.95,否,,1,1,体育用品及器材零售,,体育用品,1.0,1.0,0.85,0.1111
成都南沐成辰图书有限公司,5242,体育用品,0.8736,0.95,否,,1,1,体育用品及器材零售,,体育用品,1.0,1.0,0.85,0.1111
成都信利发商贸有限公司,5142,体育用品,0.8736,0.95,否,,1,1,批发体育用品,,体育用品,1.0,1.0,0.85,0.1111
成都蜀行山水户外运动有限公司,8930,健身休闲,0.2125,0.85,否,,1,0,,健身休闲活动,,0.0,0.0,0.85,0.0
成都吉瑞恒科技有限公司,8919,体育管理,0.8736,0.95,否,,1,1,其他体育组织,,体育组织,1.0,1.0,0.85,0.1111
成都新京武体育发展有限公司,5242,体育用品,0.8736,0.95,否,,1,1,体育用品及器材零售,,体育用品,1.0,1.0,0.85,0.1111
成都迪卡克体育用品有限责任公司,5142,体育用品,0.8736,0.95,否,,1,1,体育用品批发,,体育用品批发,1.0,1.0,0.85,0.1111
成都市鑫茂兴商贸有限公司,5142,体育用品,0.8736,0.95,否,,1,1,体育用品及器材批发,,体育用品,1.0,1.0,0.85,0.1111
成都田胜教学设备有限公司,5142,体育用品,0.8736,0.95,否,,1,1,体育用品批发,,体育用品批发,1.0,1.0,0.85,0.1111
四川锋速商贸有限公司,5142,体育用品,0.8736,0.95,否,,1,1,体育用品批发,,体育用品批发,1.0,1.0,0.85,0.1111
成都流浪者户外用品有限公司,5142,体育用品,0.8736,0.95,否,,1,1,体育用品批发,,体育用品批发,1.0,1.0,0.85,0.1111
四川鑫悦呈鑫商贸有限公司,8930,健身休闲,0.8736,0.95,否,,1,1,健身服务,,健身服务,1.0,1.0,0.85,0.1111
成都稳静健身服务有限公司,8930,健身休闲,0.2125,0.85,否,,1,0,,健身休闲活动,,0.0,0.0,0.85,0.0
四川省嘉乐康体育用品有限公司,5142,体育用品,0.8736,0.95,否,,1,1,体育用品批发,,体育用品批发,1.0,1.0,0.85,0.1111
成都缘来健龙体育用品有限公司,5142,体育用品,0.8736,0.95,否,,1,1,体育用品器材批发,,体育用品,1.0,1.0,0.85,0.1111
四川全季体育产业发展有限公司,8921,体育场馆,0.8736,0.95,否,,1,1,体育场地设施经营,,体育场地设施,1.0,1.0,0.85,0.1111
成都肖成希商贸有限公司,5142,体育用品,0.2125,0.85,否,,1,0,,体用用品批发,,0.0,0.0,0.85,0.0
成都斯腾赛尔体育用品有限公司,5142,体育用品,0.8736,0.95,否,,1,1,体育用品批发,,体育用品批发,1.0,1.0,0.85,0.1111
吉凯媛（成都）体育文化发展有限公司,8930,健身休闲,0.2125,0.85,否,,1,0,,休闲健身活动,,0.0,0.0,0.85,0.0
成都绿芽豆豆体育文化传播有限公司,9052,体育赛事,0.6611,0.9,是,纯跨界（行业代码非体育，文本有体育业务）,1,1,体育赛事策划服务,,赛事策划,1.0,1.0,0.0,0.1111
成都尚品名汇贸易有限公司,5242,体育用品,0.8736,0.95,否,,1,1,体育用品零售,,体育用品零售,1.0,1.0,0.85,0.1111
四川荒野玩家户外运动有限公司,9052,体育赛事,0.6611,0.9,是,纯跨界（行业代码非体育，文本有体育业务）,1,1,体育赛事策划,,赛事策划,1.0,1.0,0.0,0.1111
成都众缘动力体育用品有限公司,5142,体育用品,0.8736,0.95,否,,1,1,体育用品批发,,体育用品批发,1.0,1.0,0.85,0.1111
成都宁达牛牛健身服务有限公司,8930,健身休闲,0.8736,0.95,否,,1,1,健身服务,,健身服务,1.0,1.0,0.85,0.1111
成都弋淘商贸有限公司,5142,体育用品,0.8736,0.95,否,,1,1,体育用品批发,,体育用品批发,1.0,1.0,0.85,0.1111
四川亦星辰商贸有限公司,5142,体育用品,0.8736,0.95,否,,1,1,体育用品批发,,体育用品批发,1.0,1.0,0.85,0.1111
成都追风者户外用品有限公司,5242,体育用品,0.2125,0.85,否,,1,0,,户外用品零售,,0.0,0.0,0.85,0.0
成都野牛体育场馆管理服务有限公司,8921,体育场馆,0.8736,0.95,否,,1,1,体育场管理,,体育场,1.0,1.0,0.85,0.1111
成都水水水文化传播有限公司,9052,体育赛事,0.6611,0.9,是,纯跨界（行业代码非体育，文本有体育业务）,1,1,体育赛事策划,,赛事策划,1.0,1.0,0.0,0.1111
成都市峥玙体育器材有限公司,5142,体育用品,0.8736,0.95,否,,1,1,体育用品及器材批发,,体育用品,1.0,1.0,0.85,0.1111
四川久协教学设备有限公司,5142,体育用品,0.8736,0.95,否,,1,1,体育用品批发,,体育用品批发,1.0,1.0,0.85,0.1111
成都渔聚电子商务有限公司,5242,体育用品,0.2125,0.85,否,,1,0,,户外用品零售,,0.0,0.0,0.85,0.0
四川千渡体育器材有限公司,5142,体育用品,0.8736,0.95,否,,1,1,体育器材批发,,体育器材,1.0,1.0,0.85,0.1111
四川盈鑫旺体育用品有限公司,5142,体育用品,0.8736,0.95,否,,1,1,体育用品批发,,体育用品批发,1.0,1.0,0.85,0.1111
成都新嘉奕商贸有限公司,5142,体育用品,0.8736,0.95,否,,1,1,体育用品批发,,体育用品批发,1.0,1.0,0.85,0.1111
成都武道龙体育用品有限公司,5142,体育用品,0.8736,0.95,否,,1,1,批发体育器材,,体育器材,1.0,1.0,0.85,0.1111
成都万华通商贸有限公司,5142,体育用品,0.8736,0.95,否,,1,1,体育用品及器材批发,,体育用品,1.0,1.0,0.85,0.1111
成都同彩翼商贸有限公司,5242,体育用品,0.8736,0.95,否,,1,1,体育用品零售,,体育用品零售,1.0,1.0,0.85,0.1111
成都路客深度户外运动有限公司,5142,体育用品,0.8736,0.95,否,,1,1,体育用品及器材批发,,体育用品,1.0,1.0,0.85,0.1111
成都怡然优雅文化传播有限公司,8919,体育管理,0.2125,0.85,否,,1,0,,组织文化艺术交流活动,,0.0,0.0,0.85,0.0
四川新伦体育文化传播有限公司,8911,体育赛事,0.8736,0.95,否,,1,1,体育竞赛组织,,体育竞赛,1.0,1.0,0.85,0.1111
成都吾梦体育文化传播有限公司,8392,体育培训,0.2125,0.85,否,,1,0,,体育技能培训,,0.0,0.0,0.85,0.0
成都莱美体育用品有限公司,5142,体育用品,0.8736,0.95,否,,1,1,体育用品批发,,体育用品批发,1.0,1.0,0.85,0.1111
成都朗拓体育用品有限公司,5242,体育用品,0.8736,0.95,否,,1,1,体育用品及器材零售,,体育用品,1.0,1.0,0.85,0.1111
璟点四川体育用品有限公司,5142,体育用品,0.8736,0.95,否,,1,1,体育用品及器材批发,,体育用品,1.0,1.0,0.85,0.1111
成都力展永华贸易有限公司,5142,体育用品,0.8736,0.95,否,,1,1,批发体育器材,,体育器材,1.0,1.0,0.85,0.1111
成都五只熊体育发展有限公司,9052,体育赛事,0.6611,0.9,是,纯跨界（行业代码非体育，文本有体育业务）,1,1,组织体育表演活动,,体育表演,1.0,1.0,0.0,0.1111
成都爱贝加体育文化传播有限公司,9052,体育赛事,0.6611,0.9,是,纯跨界（行业代码非体育，文本有体育业务）,1,1,组织体育表演活动,,体育表演,1.0,1.0,0.0,0.1111
成都青翼体育文化发展有限公司,5142,体育用品,0.8736,0.95,否,,1,1,体育用品批发,,体育用品批发,1.0,1.0,0.85,0.1111
四川中特旭峰能源设备有限公司,5142,体育用品,0.8736,0.95,否,,1,1,体育用品器材批发,,体育用品,1.0,1.0,0.85,0.1111
四川世纪蓝图教学设备有限公司,5142,体育用品,0.8736,0.95,否,,1,1,体育用品批发,,体育用品批发,1.0,1.0,0.85,0.1111
四川金健实业有限责任公司,5142,体育用品,0.8736,0.95,否,,1,1,体育用品批发,,体育用品批发,1.0,1.0,0.85,0.1111
成都童之梦游乐设备有限公司,5142,体育用品,0.2125,0.85,否,,1,0,,批发游乐设施,,0.0,0.0,0.85,0.0
成都市川朋天建体育用品有限责任公司,5142,体育用品,0.8736,0.95,否,,1,1,体育用品批发,,体育用品批发,1.0,1.0,0.85,0.1111
四川熠虹贸易有限公司,5142,体育用品,0.8736,0.95,否,,1,1,体育用品及器材批发,,体育用品,1.0,1.0,0.85,0.1111
成都福兴缘商贸有限公司,5242,体育用品,0.8736,0.95,否,,1,1,体育用品零售,,体育用品零售,1.0,1.0,0.85,0.1111
成都院子里体育文化发展有限公司,8911,体育赛事,0.8736,0.95,否,,1,1,体育竞赛组织,,体育竞赛,1.0,1.0,0.85,0.1111
成都斯博特尔体育用品有限公司,5142,体育用品,0.8736,0.95,否,,1,1,体育用品批发,,体育用品批发,1.0,1.0,0.85,0.1111
成都奥尼亚体育设备有限公司,5142,体育用品,0.8736,0.95,否,,1,1,体育用品批发,,体育用品批发,1.0,1.0,0.85,0.1111
四川康驰体育用品有限公司,5142,体育用品,0.8736,0.95,否,,1,1,批发体育器材,,体育器材,1.0,1.0,0.85,0.1111
成都蓝邦威豪体育用品有限公司,5142,体育用品,0.8736,0.95,否,,1,1,批发体育器材,,体育器材,1.0,1.0,0.85,0.1111
四川宝峰体育产业发展有限公司,5242,体育用品,0.8736,0.95,否,,1,1,体育器材零售,,体育器材,1.0,1.0,0.85,0.1111
四川艾斯瑞森体育文化传播有限公司,9052,体育赛事,0.6611,0.9,是,纯跨界（行业代码非体育，文本有体育业务）,1,1,体育赛事策划服务,,赛事策划,1.0,1.0,0.0,0.1111
成都德匠体育文化发展有限公司,8919,体育赛事,0.8736,0.95,否,,1,1,体育赛事,,体育赛事,1.0,1.0,0.85,0.1111
成都龙辰体育用品有限公司,5142,体育用品,0.8736,0.95,否,,1,1,体育器材批发,,体育器材,1.0,1.0,0.85,0.1111
四川嘉利泰贸易有限责任公司,5142,体育用品,0.8736,0.95,否,,1,1,体育用品批发,,体育用品批发,1.0,1.0,0.85,0.1111
四川承权体育文化传播有限公司,5142,体育用品,0.8736,0.95,否,,1,1,体育用品批发,,体育用品批发,1.0,1.0,0.85,0.1111
成都奥信体育文化发展有限公司,9052,体育赛事,0.6611,0.9,是,纯跨界（行业代码非体育，文本有体育业务）,1,1,体育赛事策划,,赛事策划,1.0,1.0,0.0,0.1111
四川星耀盛世体育用品有限公司,5142,体育用品,0.8736,0.95,否,,1,1,体育器材批发,,体育器材,1.0,1.0,0.85,0.1111
四川中康倍力体育用品有限公司,5142,体育用品,0.8736,0.95,否,,1,1,体育用品批发,,体育用品批发,1.0,1.0,0.85,0.1111
成都弘奥体育器材有限公司,5142,体育用品,0.8736,0.95,否,,1,1,体育器材批发,,体育器材,1.0,1.0,0.85,0.1111
成都玖肆玖肆健身服务有限公司,8930,健身休闲,0.8736,0.95,否,,1,1,健身服务,,健身服务,1.0,1.0,0.85,0.1111
成都吴连红商贸有限公司,5142,体育用品,0.8736,0.95,否,,1,1,健身器材,,健身器材,1.0,1.0,0.85,0.1111
成都好彩商贸有限公司,5142,体育用品,0.8736,0.95,否,,1,1,批发体育用品,,体育用品,1.0,1.0,0.85,0.1111
成都两只鱼儿体育文化传播有限公司,8921,体育场馆,0.8736,0.95,否,,1,1,体育场馆管理,,体育场馆,1.0,1.0,0.85,0.1111
成都市金源体育器材有限公司,5142,体育用品,0.8736,0.95,否,,1,1,体育器材销售,,体育器材,1.0,1.0,0.85,0.1111
成都饮善肌械师健身有限责任公司,8930,健身休闲,0.2125,0.85,否,,1,0,,健身休闲活动,,0.0,0.0,0.85,0.0
四川奥健体育设施有限公司,5142,体育用品,0.8736,0.95,否,,1,1,体育用品批发,,体育用品批发,1.0,1.0,0.85,0.1111
四川得禧体育文化传播有限公司,7246,体育管理,0.6611,0.9,是,纯跨界（行业代码非体育，文本有体育业务）,1,1,体育咨询,,体育咨询,1.0,1.0,0.0,0.1111
成都戎马时刻健身服务有限责任公司,8930,健身休闲,0.2125,0.85,否,,1,0,,健身休闲活动,,0.0,0.0,0.85,0.0
四川乐远乐水体育发展有限公司,9052,体育赛事,0.6611,0.9,是,纯跨界（行业代码非体育，文本有体育业务）,1,1,体育赛事策划服务,,赛事策划,1.0,1.0,0.0,0.1111
四川渝蓉康斯体育用品有限公司,5142,体育用品,0.8736,0.95,否,,1,1,体育用品批发,,体育用品批发,1.0,1.0,0.85,0.1111
四川东万智能科技有限公司,5142,体育用品,0.8736,0.95,否,,1,1,体育用品器材批发,,体育用品,1.0,1.0,0.85,0.1111
成都小红帽体育文化传播有限公司,8911,体育管理,0.8736,0.95,否,,1,1,体育和娱乐业体育组织,,体育组织,1.0,1.0,0.85,0.1111
四川康展体育设施有限公司,5142,体育用品,0.8736,0.95,否,,1,1,体育用品及器材批发,,体育用品,1.0,1.0,0.85,0.1111
成都奥维斯特体育文化传播有限公司,8911,体育管理,0.2125,0.85,否,,1,0,,组织策划文化体育,,0.0,0.0,0.85,0.0
成都同莘玖悦科技有限公司,5142,体育用品,0.8736,0.95,否,,1,1,体育用品器材批发,,体育用品,1.0,1.0,0.85,0.1111
成都星签体育文化发展有限公司,8911,体育赛事,0.8736,0.95,否,,1,1,体育竞赛组织,,体育竞赛,1.0,1.0,0.85,0.1111
成都巴蜀新起点体育文化传播有限公司,8392,体育培训,0.8736,0.95,否,,1,1,体育培训,,体育培训,1.0,1.0,0.85,0.1111
成都逸动康体健康科技有限公司,5242,体育用品,0.8736,0.95,否,,1,1,体育用品零售,,体育用品零售,1.0,1.0,0.85,0.1111
成都视乐乒体育文化发展有限公司,8911,体育赛事,0.8736,0.95,否,,1,1,体育竞赛组织服务,,体育竞赛,1.0,1.0,0.85,0.1111
四川荣商鼎盛商贸有限公司,5142,体育用品,0.8736,0.95,否,,1,1,体育用品批发,,体育用品批发,1.0,1.0,0.85,0.1111
成都宏远弘体育文化发展有限公司,8911,体育赛事,0.8736,0.95,否,,1,1,体育竞赛组织,,体育竞赛,1.0,1.0,0.85,0.1111
成都星耀瑞驰体育文化传播有限公司,9052,体育赛事,0.6611,0.9,是,纯跨界（行业代码非体育，文本有体育业务）,1,1,体育竞赛组织,,体育竞赛,1.0,1.0,0.0,0.1111
成都市爱这山户外用品有限公司,5142,体育用品,0.2125,0.85,否,,1,0,,户外用品批发,,0.0,0.0,0.85,0.0
成都常知尚乐健康管理有限公司,8930,健身休闲,0.8736,0.95,否,,1,1,健身服务,,健身服务,1.0,1.0,0.85,0.1111
成都馨馨泰体育用品有限公司,5142,体育用品,0.8736,0.95,否,,1,1,批发体育用品,,体育用品,1.0,1.0,0.85,0.1111
成都欧金瑞商业管理有限公司,8930,健身休闲,0.2125,0.85,否,,1,0,,休闲健身娱乐活动,,0.0,0.0,0.85,0.0
成都布伽糖健身服务有限责任公司,8930,健身休闲,0.8736,0.95,否,,1,1,健身服务,,健身服务,1.0,1.0,0.85,0.1111
成都中胤装饰工程有限公司,8911,体育管理,0.2125,0.85,否,,1,0,,组织文化艺术交流活动,,0.0,0.0,0.85,0.0
成都泵铁时代体育文化传播有限公司,8930,健身休闲,0.8736,0.95,否,,1,1,健身房健身活动,,健身房,1.0,1.0,0.85,0.1111
成都鹿动健身服务有限公司,8930,健身休闲,0.2125,0.85,否,,1,0,,健身休闲活动,,0.0,0.0,0.85,0.0
四川岩夕体育科技有限公司,5242,体育用品,0.8736,0.95,否,,1,1,体育用品零售,,体育用品零售,1.0,1.0,0.85,0.1111
成都飞盘大体育文化发展有限公司,9054,体育管理,0.6611,0.9,是,纯跨界（行业代码非体育，文本有体育业务）,1,1,体育组织服务,,体育组织,1.0,1.0,0.0,0.1111
成都半镜人生文化传媒有限公司,5242,体育用品,0.8736,0.95,否,,1,1,体育用品零售,,体育用品零售,1.0,1.0,0.85,0.1111
成都灵溪美韵文化传播有限责任公司,8930,健身休闲,0.8736,0.95,否,,1,1,健身服务,,健身服务,1.0,1.0,0.85,0.1111
成都烽鼎体育文化传播有限公司,8921,体育场馆,0.8736,0.95,否,,1,1,体育场地服务,,体育场地,1.0,1.0,0.85,0.1111
成都心莲心瑜伽健身有限公司,8930,健身休闲,0.2125,0.85,否,,1,0,,健身休闲活动,,0.0,0.0,0.85,0.0
成都劲健体育设施工程有限公司,4892,体育场馆,0.8736,0.95,否,,1,1,体育设施施工,,体育设施,1.0,1.0,0.85,0.1111
成都辰佳体育发展有限公司,9052,体育赛事,0.6611,0.9,是,纯跨界（行业代码非体育，文本有体育业务）,1,1,体育赛事策划,,赛事策划,1.0,1.0,0.0,0.1111
四川多乐力嘉体育文化传播有限责任公司,8392,体育培训,0.8736,0.95,否,,1,1,体育培训,,体育培训,1.0,1.0,0.85,0.1111
成都弘邦华凯商贸有限公司,5142,体育用品,0.2125,0.85,否,,1,0,,日用品批发,,0.0,0.0,0.85,0.0
成都市鸣鑫文化传媒有限责任公司,8930,健身休闲,0.8736,0.95,否,,1,1,体育休闲娱乐,,体育休闲,1.0,1.0,0.85,0.1111
成都蒲海科技有限公司,5242,体育用品,0.8736,0.95,否,,1,1,文化体育用品,,体育用品,1.0,1.0,0.85,0.1111
成都杰信达体育用品有限公司,5142,体育用品,0.8736,0.95,否,,1,1,体育器材批发,,体育器材,1.0,1.0,0.85,0.1111
成都泛安科技有限公司,5242,体育用品,0.2125,0.85,否,,1,0,,户外用品零售,,0.0,0.0,0.85,0.0
成都艾克斯艾欧健身服务有限公司,8930,健身休闲,0.2125,0.85,否,,1,0,,健身休闲活动,,0.0,0.0,0.85,0.0
四川多喜福珠宝有限公司,5242,体育用品,0.8736,0.95,否,,1,1,文化体育用品专门零售,,体育用品,1.0,1.0,0.85,0.1111
成都创瀚兴文化传播有限公司,8930,健身休闲,0.8736,0.95,否,,1,1,体育休闲娱乐,,体育休闲,1.0,1.0,0.85,0.1111
成都剑腾飞体育用品有限公司,5242,体育用品,0.8736,0.95,否,,1,1,零售台球桌,,台球桌,1.0,1.0,0.85,0.1111
成都空丁户外运动有限公司,8999,健身休闲,0.6611,0.9,是,纯跨界（行业代码非体育，文本有体育业务）,1,1,组织户外运动,,户外运动,1.0,1.0,0.0,0.1111
成都少讯户外拓展有限公司,8930,健身休闲,0.2125,0.85,否,,1,0,,健身休闲活动,,0.0,0.0,0.85,0.0
四川孚睿恩健身管理有限公司,8930,健身休闲,0.2125,0.85,否,,1,0,,健身休闲活动,,0.0,0.0,0.85,0.0
四川虎展翼体育设施工程有限公司,5142,体育用品,0.8736,0.95,否,,1,1,体育用品及器材批发,,体育用品,1.0,1.0,0.85,0.1111
成都辰逐耀篮体育俱乐部有限责任公司,8911,体育赛事,0.8736,0.95,否,,1,1,体育竞赛组织,,体育竞赛,1.0,1.0,0.85,0.1111
成都全锐锋渔具有限公司,5242,体育用品,0.8736,0.95,否,,1,1,渔具零售,,渔具,1.0,1.0,0.85,0.1111
成都市金牛区奥林公司,8921,体育场馆,0.8736,0.95,否,,1,1,体育场地管理,,体育场地管理,1.0,1.0,0.85,0.1111
成都金奥联健身服务有限责任公司,8921,健身休闲,0.8736,0.95,否,,1,1,保龄球场馆活动,,保龄球,1.0,1.0,0.85,0.1111
成都百年得林体育文化传播有限公司,8392,体育培训,0.8736,0.95,否,,1,1,跆拳道培训,,跆拳道培训,1.0,1.0,0.85,0.1111
成都康适能健身服务有限公司,8930,健身休闲,0.8736,0.95,否,,1,1,健身服务,,健身服务,1.0,1.0,0.85,0.1111
成都圣珈瑜伽有限公司,8930,健身休闲,0.8736,0.95,否,,1,1,瑜伽健身服务,,瑜伽; 健身服务,1.0,1.0,0.85,0.1111
成都穗灵子文化传播有限公司,8930,健身休闲,0.2125,0.85,否,,1,0,,健身休闲活动服务,,0.0,0.0,0.85,0.0
成都骏奥健身服务有限公司,8930,健身休闲,0.8736,0.95,否,,1,1,健身服务,,健身服务,1.0,1.0,0.85,0.1111
成都极峰户外运动有限公司,8919,健身休闲,0.8736,0.95,否,,1,1,户外运动组织策划,,户外运动,1.0,1.0,0.85,0.1111
成都凡尘远行文化传播有限公司,8930,健身休闲,0.8736,0.95,否,,1,1,户外拓展活动,,户外拓展,1.0,1.0,0.85,0.1111
四川智合创农科技有限公司,5142,体育用品,0.8736,0.95,否,,1,1,体育用品批发,,体育用品批发,1.0,1.0,0.85,0.1111
四川安晟达体育用品有限公司,5242,体育用品,0.8736,0.95,否,,1,1,体育用品零售,,体育用品零售,1.0,1.0,0.85,0.1111
成都劲动体育设施有限公司,4892,体育场馆,0.8736,0.95,否,,1,1,体育场地设施施工,,体育场地设施,1.0,1.0,0.85,0.1111
成都凯程圣地户外运动有限公司,8930,健身休闲,0.8736,0.95,否,,1,1,户外运动策划,,户外运动,1.0,1.0,0.85,0.1111
四川英利雅智慧体育科技有限公司,5242,体育用品,0.8736,0.95,否,,1,1,体育用品零售,,体育用品零售,1.0,1.0,0.85,0.1111
成都美格健身服务有限公司,8930,健身休闲,0.8736,0.95,否,,1,1,健身服务,,健身服务,1.0,1.0,0.85,0.1111
成都天行健太乙龙珠文化传播有限公司,8392,体育培训,0.2125,0.85,否,,1,0,,体育运动培训服务,,0.0,0.0,0.85,0.0
成都卓尔达企业管理咨询有限公司,8930,健身休闲,0.2125,0.85,否,,1,0,,拓展训练,,0.0,0.0,0.85,0.0
成都英耐德商贸有限公司,5142,体育用品,0.2125,0.85,否,,1,0,,户外用品批发,,0.0,0.0,0.85,0.0
成都狐河里体育文化发展有限公司,9052,体育赛事,0.6611,0.9,是,纯跨界（行业代码非体育，文本有体育业务）,1,1,体育赛事策划,,赛事策划,1.0,1.0,0.0,0.1111
成都永信永义体育俱乐部有限公司,8392,体育培训,0.2125,0.85,否,,1,0,,体育运动培训,,0.0,0.0,0.85,0.0
成都锐壹零壹健身服务有限公司,8930,健身休闲,0.8736,0.95,否,,1,1,健身服务,,健身服务,1.0,1.0,0.85,0.1111
四川蓉城熙创体育文化发展有限公司,8930,健身休闲,0.8736,0.95,否,,1,1,台球服务,,台球,1.0,1.0,0.85,0.1111
成都鱼多多户外用品有限公司,5142,体育用品,0.8736,0.95,否,,1,1,渔具批发,,渔具,1.0,1.0,0.85,0.1111
成都点爱情感教育咨询有限公司,5242,体育用品,0.2125,0.85,否,,1,0,,户外用品零售,,0.0,0.0,0.85,0.0
成都骁步体育器材有限公司,5242,体育用品,0.8736,0.95,否,,1,1,体育用品及器材零售,,体育用品,1.0,1.0,0.85,0.1111
成都夏寻户外用品有限公司,5242,体育用品,0.2125,0.85,否,,1,0,,户外用品零售,,0.0,0.0,0.85,0.0
成都丽氏商务有限公司,5142,体育用品,0.8736,0.95,否,,1,1,体育用品批发,,体育用品批发,1.0,1.0,0.85,0.1111
四川三晖伟业科技集团有限公司,5242,体育用品,0.2125,0.85,否,,1,0,,教育器材零售,,0.0,0.0,0.85,0.0
成都力帅体育文化发展有限公司,8930,健身休闲,0.8736,0.95,否,,1,1,体育健身服务,,健身服务,1.0,1.0,0.85,0.1111
成都东弘之屹商贸有限公司,5242,体育用品,0.8736,0.95,否,,1,1,体育用品零售,,体育用品零售,1.0,1.0,0.85,0.1111
成都妤悦文化传播有限公司,8930,健身休闲,0.8736,0.95,否,,1,1,射箭服务,,射箭,1.0,1.0,0.85,0.1111
四川贝儿奈斯医疗科技有限公司,5242,体育用品,0.8736,0.95,否,,1,1,体育用品零售,,体育用品零售,1.0,1.0,0.85,0.1111
成都侣途视界文化传播有限公司,8930,健身休闲,0.8736,0.95,否,,1,1,户外运动策划,,户外运动,1.0,1.0,0.85,0.1111
四川康之杰体育用品有限公司,5242,体育用品,0.8736,0.95,否,,1,1,体育用品零售,,体育用品零售,1.0,1.0,0.85,0.1111
成都因动乐体育文化传播有限公司,8919,体育管理,0.8736,0.95,否,,1,1,体育组织,,体育组织,1.0,1.0,0.85,0.1111
四川省紫枫文化传媒有限责任公司,5242,体育用品,0.8736,0.95,否,,1,1,体育用品零售,,体育用品零售,1.0,1.0,0.85,0.1111
维美瑜伽健身成都有限公司,8930,健身休闲,0.8736,0.95,否,,1,1,瑜伽健身活动,,瑜伽,1.0,1.0,0.85,0.1111
成都星柠酷玩体育文化传播有限公司,8911,体育赛事,0.8736,0.95,否,,1,1,体育竞赛组织,,体育竞赛,1.0,1.0,0.85,0.1111
成都嘉成时代文化传媒有限公司,5242,体育用品,0.8736,0.95,否,,1,1,体育用品零售,,体育用品零售,1.0,1.0,0.85,0.1111
成都维他健身服务有限公司,8930,健身休闲,0.8736,0.95,否,,1,1,健身服务,,健身服务,1.0,1.0,0.85,0.1111
成都晨朝健身管理有限公司,8930,健身休闲,0.8736,0.95,否,,1,1,休闲健身服务,,健身服务,1.0,1.0,0.85,0.1111
成都帝一科技有限公司,5142,体育用品,0.8736,0.95,否,,1,1,体育用品批发,,体育用品批发,1.0,1.0,0.85,0.1111
四川惟意体育文化发展有限责任公司,8911,体育赛事,0.8736,0.95,否,,1,1,体育竞赛组织,,体育竞赛,1.0,1.0,0.85,0.1111
成都蔡伟娱乐有限公司,8930,健身休闲,0.8736,0.95,否,,1,1,台球活动,,台球,1.0,1.0,0.85,0.1111
成都赛无畏体育文化传播有限公司,5242,体育用品,0.8736,0.95,否,,1,1,体育器材零售,,体育器材,1.0,1.0,0.85,0.1111
四川阳光爱邻茶楼有限公司,8930,健身休闲,0.2125,0.85,否,,1,0,,棋牌服务,,0.0,0.0,0.85,0.0
四川加中体育文化管理有限公司,8921,体育场馆,0.8736,0.95,否,,1,1,体育场管理,,体育场,1.0,1.0,0.85,0.1111
四川悠途户外运动有限公司,8930,健身休闲,0.2125,0.85,否,,1,0,,拓展活动,,0.0,0.0,0.85,0.0
成都伽迷文化传播有限公司,8392,健身休闲,0.8736,0.95,否,,1,1,瑜伽培训,,瑜伽,1.0,1.0,0.85,0.1111
四川动络集体育俱乐部有限公司,8911,健身休闲,0.8736,0.95,否,,1,1,体育健身服务,,健身服务,1.0,1.0,0.85,0.1111
四川川高达西部体育科技有限公司,5142,体育用品,0.8736,0.95,否,,1,1,销售体育用品,,体育用品,1.0,1.0,0.85,0.1111
成都骏腾体育文化传播有限公司金牛分公司,8930,健身休闲,0.8736,0.95,否,,1,1,游泳服务,,游泳,1.0,1.0,0.85,0.1111
成都瑞吉西健康科技有限公司,5142,体育用品,0.8736,0.95,否,,1,1,批发体育用品,,体育用品,1.0,1.0,0.85,0.1111
四川花运文化传媒有限公司,8999,体育管理,0.6611,0.9,是,纯跨界（行业代码非体育，文本有体育业务）,1,1,体育服务,,体育服务,1.0,1.0,0.0,0.1111
成都小咖联盟体育文化传播有限公司,8921,体育场馆,0.2125,0.85,否,,1,0,,组织策划文化交流活动,,0.0,0.0,0.85,0.0
四川无限未来体育文化发展有限公司,8930,健身休闲,0.2125,0.85,否,,1,0,,健身休闲活动,,0.0,0.0,0.85,0.0
成都天弓体育文化传播有限公司,8919,体育赛事,0.8736,0.95,否,,1,1,体育赛事策划,,赛事策划,1.0,1.0,0.85,0.1111
成都蜀光派对娱乐有限公司,8911,体育管理,0.2125,0.85,否,,1,0,,KTV服务,,0.0,0.0,0.85,0.0
成都川藏登山运动服务有限责任公司,8919,体育管理,0.2125,0.85,否,,1,0,,登山运动组织策划,,0.0,0.0,0.85,0.0
四川恩波体育文化传播有限公司,8919,体育管理,0.8736,0.95,否,,1,1,体育文化交流,,体育文化,1.0,1.0,0.85,0.1111
成都玩派户外运动有限公司,8919,健身休闲,0.8736,0.95,否,,1,1,户外运动组织策划,,户外运动,1.0,1.0,0.85,0.1111
成都疯狂潘哒科技有限公司,8930,健身休闲,0.8736,0.95,否,,1,1,健身服务,,健身服务,1.0,1.0,0.85,0.1111
成都鑫入室健身服务有限公司,8930,健身休闲,0.8736,0.95,否,,1,1,健身服务,,健身服务,1.0,1.0,0.85,0.1111
成都行途户外运动有限公司,8930,健身休闲,0.8736,0.95,否,,1,1,户外拓展服务,,户外拓展,1.0,1.0,0.85,0.1111
成都恩加无限运动休闲有限公司,8930,体育用品,0.8847,0.95,否,,1,1,网球健身服务,,网球; 健身服务,1.0,1.0,0.85,0.2222
四川中辰盛达科技有限公司,5242,体育用品,0.8736,0.95,否,,1,1,体育器材零售,,体育器材,1.0,1.0,0.85,0.1111
四川思博瑞特文化传媒有限公司,9052,体育赛事,0.6611,0.9,是,纯跨界（行业代码非体育，文本有体育业务）,1,1,组织体育表演活动,,体育表演,1.0,1.0,0.0,0.1111
成都苏心林商贸有限公司,5142,体育用品,0.8736,0.95,否,,1,1,体育用品及器材批发,,体育用品,1.0,1.0,0.85,0.1111
成都威意孚健身管理有限公司,8930,健身休闲,0.2125,0.85,否,,1,0,,健身休闲活动,,0.0,0.0,0.85,0.0
成都蔚央体育文化传播有限公司,8911,体育赛事,0.8736,0.95,否,,1,1,体育赛事举办,,体育赛事,1.0,1.0,0.85,0.1111
成都颇高体育文化传播有限公司,5242,体育用品,0.8736,0.95,否,,1,1,零售体育用品,,体育用品,1.0,1.0,0.85,0.1111
成都知野文化传播有限公司,8930,健身休闲,0.8736,0.95,否,,1,1,户外拓展旅游服务,,户外拓展,1.0,1.0,0.85,0.1111
四川省川藏七加二户外运动有限公司,5242,健身休闲,0.8736,0.95,否,,1,1,登山用品零售,,登山,1.0,1.0,0.85,0.1111
成都伊凯特体育用品有限公司,5242,体育用品,0.8736,0.95,否,,1,1,体育用品零售,,体育用品零售,1.0,1.0,0.85,0.1111
成都市英杰欣康体设备有限公司,5142,体育用品,0.8736,0.95,否,,1,1,体育用品及器材批发,,体育用品,1.0,1.0,0.85,0.1111
四川川云健体育用品有限公司,5142,体育用品,0.8736,0.95,否,,1,1,体育用品批发,,体育用品批发,1.0,1.0,0.85,0.1111
四川华体竞健体育文化传播有限公司,8911,体育管理,0.2125,0.85,否,,1,0,,一般项目组织文化艺术交流活动,,0.0,0.0,0.85,0.0
四川菲之梵瑜伽健身有限公司,8930,健身休闲,0.2125,0.85,否,,1,0,,健身休闲服务,,0.0,0.0,0.85,0.0
成都市雯华若锦供应链管理有限公司,5142,体育用品,0.8736,0.95,否,,1,1,体育用品批发,,体育用品批发,1.0,1.0,0.85,0.1111
成都市鼎迅商贸有限公司,5142,体育用品,0.2125,0.85,否,,1,0,,户外用品批发,,0.0,0.0,0.85,0.0
成都东方猛兽冰球俱乐部有限公司,8392,体育培训,0.2125,0.85,否,,1,0,,冰上运动培训,,0.0,0.0,0.85,0.0
成都绿林鲜超市有限公司,5142,体育用品,0.2125,0.85,否,,1,0,,户外用品批发,,0.0,0.0,0.85,0.0
成都泳鑫文化传播有限公司,8921,健身休闲,0.8736,0.95,否,,1,1,游泳服务,,游泳,1.0,1.0,0.85,0.1111
四川易搏特体育文化传播有限公司,8911,体育管理,0.2125,0.85,否,,1,0,,体育项目组织策划,,0.0,0.0,0.85,0.0
四川恒翔体育设施有限公司,5142,体育用品,0.8736,0.95,否,,1,1,体育器材批发,,体育器材,1.0,1.0,0.85,0.1111
四川省亦元盛体育设施有限公司,5242,体育用品,0.8736,0.95,否,,1,1,健身器材零售,,健身器材,1.0,1.0,0.85,0.1111
四川优茄健康管理有限公司,8930,健身休闲,0.2125,0.85,否,,1,0,,健身休闲活动,,0.0,0.0,0.85,0.0
成都思锐基业商贸有限公司,5242,体育用品,0.8736,0.95,否,,1,1,塑胶跑道零售,,塑胶跑道,1.0,1.0,0.85,0.1111
四川百世怡杰体育文化发展有限责任公司,5242,体育用品,0.8736,0.95,否,,1,1,健身器材零售,,健身器材,1.0,1.0,0.85,0.1111
成都匡赐崆户外用品经营部,5242,体育用品,0.2125,0.85,否,,1,0,,户外用品零售,,0.0,0.0,0.85,0.0
四川轩源康翔体育科技有限公司,5242,体育用品,0.8736,0.95,否,,1,1,零售体育用品,,体育用品,1.0,1.0,0.85,0.1111
成都蜀佰惠商贸有限公司,8930,健身休闲,0.8736,0.95,否,,1,1,户外运动,,户外运动,1.0,1.0,0.85,0.1111
四川牧星户外运动有限责任公司,8919,健身休闲,0.8736,0.95,否,,1,1,户外运动组织,,户外运动,1.0,1.0,0.85,0.1111
四川奥美康体育设施有限公司,5142,体育用品,0.8736,0.95,否,,1,1,体育用品及器材批发,,体育用品,1.0,1.0,0.85,0.1111
成都棋霖商贸有限公司,5242,体育用品,0.2125,0.85,否,,1,0,,企业形象策划,,0.0,0.0,0.85,0.0
成都市源武道文化传播有限公司,8930,健身休闲,0.8736,0.95,否,,1,1,健身服务,,健身服务,1.0,1.0,0.85,0.1111
四川省晟之夏文化传播有限公司,8930,健身休闲,0.8736,0.95,否,,1,1,瑜伽活动,,瑜伽,1.0,1.0,0.85,0.1111
成都胜利十一人足球俱乐部有限公司,8392,体育用品,0.8736,0.95,否,,1,1,足球教育,,足球,1.0,1.0,0.85,0.1111
四川蜀都建业建筑工程有限公司,4892,体育场馆,0.8736,0.95,否,,1,1,体育场地设施工程服务,,体育场地设施,1.0,1.0,0.85,0.1111
四川天乐宜佳文化传媒有限公司,5142,体育用品,0.2125,0.85,否,,1,0,,文化体育和娱乐业,,0.0,0.0,0.85,0.0
成都飞翼体育文化有限公司,8921,体育场馆,0.8736,0.95,否,,1,1,室内体育场馆,,体育场馆,1.0,1.0,0.85,0.1111
成都繁树美式体能体育文化传播有限公司,8392,体育用品,0.8736,0.95,否,,1,1,羽毛球运动服务,,羽毛球,1.0,1.0,0.85,0.1111
成都正扬贝佳健康科技有限公司,8930,健身休闲,0.8736,0.95,否,,1,1,健身服务,,健身服务,1.0,1.0,0.85,0.1111
成都塔格军研科技有限公司,5242,体育用品,0.2125,0.85,否,,1,0,,零售户外用品,,0.0,0.0,0.85,0.0
成都亿传体育文化发展有限公司,8911,体育赛事,0.8736,0.95,否,,1,1,体育竞赛组织,,体育竞赛,1.0,1.0,0.85,0.1111
四川株野时代体育文化发展有限公司,8930,健身休闲,0.8736,0.95,否,,1,1,体育健身服务,,健身服务,1.0,1.0,0.85,0.1111
成都东江升晨健身有限公司,8930,健身休闲,0.2125,0.85,否,,1,0,,健身休闲活动,,0.0,0.0,0.85,0.0
成都海金鑫健身服务有限公司,8930,健身休闲,0.2125,0.85,否,,1,0,,健身休闲服务,,0.0,0.0,0.85,0.0
成都八十五毫米娱乐有限公司,8930,健身休闲,0.8736,0.95,否,,1,1,台球休闲活动,,台球,1.0,1.0,0.85,0.1111
成都曼动体育文化推广有限公司,8392,体育培训,0.8736,0.95,否,,1,1,篮球培训,,篮球培训,1.0,1.0,0.85,0.1111
成都健了么科技有限公司,8930,健身休闲,0.8736,0.95,否,,1,1,健身服务,,健身服务,1.0,1.0,0.85,0.1111
成都凯思远体育设施有限公司,5242,体育用品,0.2125,0.85,否,,1,0,,体育草坪零售,,0.0,0.0,0.85,0.0
高德汉斯成都文化传播有限公司,9052,体育赛事,0.6611,0.9,是,纯跨界（行业代码非体育，文本有体育业务）,1,1,体育赛事策划,,赛事策划,1.0,1.0,0.0,0.1111
成都飞速体育用品有限公司,5142,体育用品,0.8736,0.95,否,,1,1,体育用品及器材批发,,体育用品,1.0,1.0,0.85,0.1111
成都方飞元商贸部,5142,体育用品,0.8736,0.95,否,,1,1,体育用品批发,,体育用品批发,1.0,1.0,0.85,0.1111
成都五育林体育发展有限公司,8911,体育赛事,0.8736,0.95,否,,1,1,体育赛事组织策划,,体育赛事,1.0,1.0,0.85,0.1111
四川英蓝体育文化传播有限公司,8911,体育赛事,0.8736,0.95,否,,1,1,体育竞赛组织,,体育竞赛,1.0,1.0,0.85,0.1111
成都克莱姆户外用品有限公司,5242,体育用品,0.8736,0.95,否,,1,1,体育用品及器材零售,,体育用品,1.0,1.0,0.85,0.1111
成都千善健身服务有限公司,8930,健身休闲,0.2125,0.85,否,,1,0,,健身休闲活动,,0.0,0.0,0.85,0.0
成都逸然文化传播有限公司,8919,体育管理,0.8736,0.95,否,,1,1,其他体育组织,,体育组织,1.0,1.0,0.85,0.1111
成都宸万文化传媒有限公司,9052,体育管理,0.6611,0.9,是,纯跨界（行业代码非体育，文本有体育业务）,1,1,体育服务,,体育服务,1.0,1.0,0.0,0.1111
成都动之美体育俱乐部有限公司,8911,体育场馆,0.8736,0.95,否,,1,1,体育场馆管理,,体育场馆,1.0,1.0,0.85,0.1111
成都韬阳星体育文化传播有限公司,7246,体育管理,0.6611,0.9,是,纯跨界（行业代码非体育，文本有体育业务）,1,1,体育咨询,,体育咨询,1.0,1.0,0.0,0.1111
成都本直体育产业发展有限公司,8930,健身休闲,0.2125,0.85,否,,1,0,,休闲健身活动,,0.0,0.0,0.85,0.0
成都蓝速卡丁车健身服务有限公司,8930,健身休闲,0.2125,0.85,否,,1,0,,健身休闲活动,,0.0,0.0,0.85,0.0
创意世界赛事组织有限公司,8919,体育管理,0.8736,0.95,否,,1,1,其他体育组织,,体育组织,1.0,1.0,0.85,0.1111
成都一起棒体育文化传播有限公司,8392,体育培训,0.2125,0.85,否,,1,0,,棒球培训,,0.0,0.0,0.85,0.0
四川省浓沐源商贸有限公司,5242,体育用品,0.8736,0.95,否,,1,1,体育用品及器材零售,,体育用品,1.0,1.0,0.85,0.1111
成都风雪健身中心,8930,健身休闲,0.8736,0.95,否,,1,1,健身服务,,健身服务,1.0,1.0,0.85,0.1111
成都海鲸灵亲水教育科技有限公司,8930,健身休闲,0.8736,0.95,否,,1,1,儿童游泳,,游泳,1.0,1.0,0.85,0.1111
四川华锐达体育设施工程有限责任公司,4892,体育场馆,0.8736,0.95,否,,1,1,体育场地设施工程施工,,体育场地设施,1.0,1.0,0.85,0.1111
成都一诺健身服务有限公司,8930,健身休闲,0.2125,0.85,否,,1,0,,室内少儿健身休闲服务,,0.0,0.0,0.85,0.0
成都凯德星河砾岩体育文化传播有限责任公司,8930,健身休闲,0.8736,0.95,否,,1,1,室内攀岩服务,,攀岩,1.0,1.0,0.85,0.1111
成都星河灵悦体育文化传播有限责任公司,8392,体育培训,0.8736,0.95,否,,1,1,篮球培训,,篮球培训,1.0,1.0,0.85,0.1111
成都奇迹之旅体育健身发展有限公司,8930,健身休闲,0.8736,0.95,否,,1,1,健身服务,,健身服务,1.0,1.0,0.85,0.1111
瑞雪兆丰成都健身服务有限公司,8930,健身休闲,0.2125,0.85,否,,1,0,,健身休闲活动,,0.0,0.0,0.85,0.0
成都铭创道格健身服务有限公司,8930,健身休闲,0.8736,0.95,否,,1,1,健身服务,,健身服务,1.0,1.0,0.85,0.1111
成都宜动体育文化传播有限公司,8911,体育赛事,0.8736,0.95,否,,1,1,体育竞赛组织,,体育竞赛,1.0,1.0,0.85,0.1111
成都凯尚美容服务有限公司,8930,健身休闲,0.8736,0.95,否,,1,1,保健健身服务,,健身服务,1.0,1.0,0.85,0.1111
四川德成拓展训练有限公司,8930,健身休闲,0.8736,0.95,否,,1,1,户外拓展活动,,户外拓展,1.0,1.0,0.85,0.1111
四川阿顿体育文化传播有限责任公司,8392,体育培训,0.8736,0.95,否,,1,1,乒乓球培训,,乒乓球培训,1.0,1.0,0.85,0.1111
成都伽玥瑜伽有限公司,8930,健身休闲,0.8736,0.95,否,,1,1,健身服务,,健身服务,1.0,1.0,0.85,0.1111
成都市金牛区三只鱼文化艺术培训学校有限公司,8392,体育培训,0.2125,0.85,否,,1,0,,艺体培训服务,,0.0,0.0,0.85,0.0
成都反斗文化创意有限公司,8930,健身休闲,0.2125,0.85,否,,1,0,,健身休闲活动,,0.0,0.0,0.85,0.0
成都胜冠体育用品有限公司,5142,体育用品,0.8736,0.95,否,,1,1,体育器材批发,,体育器材,1.0,1.0,0.85,0.1111
成都民安体育文化发展有限公司,5242,体育用品,0.8736,0.95,否,,1,1,体育用品零售,,体育用品零售,1.0,1.0,0.85,0.1111
成都静汐瑜伽健身有限公司,8930,健身休闲,0.2125,0.85,否,,1,0,,健身休闲活动,,0.0,0.0,0.85,0.0
成都海乐北星健身服务有限公司,8930,健身休闲,0.2125,0.85,否,,1,0,,健身休闲活动,,0.0,0.0,0.85,0.0
四川星迹光线文化传播有限公司,9052,体育赛事,0.6611,0.9,是,纯跨界（行业代码非体育，文本有体育业务）,1,1,体育表演服务,,体育表演,1.0,1.0,0.0,0.1111
成都瑞震扬健身有限公司,8930,健身休闲,0.2125,0.85,否,,1,0,,室内休闲活动,,0.0,0.0,0.85,0.0
中大聚鑫成都贸易有限公司,5242,体育用品,0.8736,0.95,否,,1,1,健身器材零售,,健身器材,1.0,1.0,0.85,0.1111
成都衡玲健康管理有限公司,8930,健身休闲,0.2125,0.85,否,,1,0,,健身休闲活动,,0.0,0.0,0.85,0.0
四川巍屹铮展览有限公司,9052,体育赛事,0.6611,0.9,是,纯跨界（行业代码非体育，文本有体育业务）,1,1,体育赛事策划,,赛事策划,1.0,1.0,0.0,0.1111
四川斯坦斯商贸有限公司,5142,体育用品,0.8736,0.95,否,,1,1,体育器材批发,,体育器材,1.0,1.0,0.85,0.1111
成都泳恒健身服务有限公司,8930,健身休闲,0.2125,0.85,否,,1,0,,健身休闲活动,,0.0,0.0,0.85,0.0
成都诃汀健康科技有限公司,8930,健身休闲,0.8736,0.95,否,,1,1,休闲健身服务,,健身服务,1.0,1.0,0.85,0.1111
四川固本体育发展有限公司,8992,体育管理,0.6611,0.9,是,纯跨界（行业代码非体育，文本有体育业务）,1,1,体育服务,,体育服务,1.0,1.0,0.0,0.1111
成都柠檬树体育文化传播有限公司,8930,健身休闲,0.8736,0.95,否,,1,1,健身服务,,健身服务,1.0,1.0,0.85,0.1111
四川笑脸宝贝体育文化传播有限公司,8911,体育管理,0.2125,0.85,否,,1,0,,体育活动策划,,0.0,0.0,0.85,0.0
成都箭西探索户外运动有限公司,8919,健身休闲,0.8736,0.95,否,,1,1,户外运动组织策划,,户外运动,1.0,1.0,0.85,0.1111
成都三箭体育器材有限公司,5142,体育用品,0.8736,0.95,否,,1,1,体育用品批发,,体育用品批发,1.0,1.0,0.85,0.1111
成都富明源体育用品销售有限公司,5242,体育用品,0.8736,0.95,否,,1,1,体育用品零售,,体育用品零售,1.0,1.0,0.85,0.1111
成都云秀体育用品有限公司,5242,体育用品,0.8736,0.95,否,,1,1,体育用品零售,,体育用品零售,1.0,1.0,0.85,0.1111
成都程详贸易有限公司,5242,体育用品,0.8736,0.95,否,,1,1,体育用品零售,,体育用品零售,1.0,1.0,0.85,0.1111
成都武毅心体育文化传播有限公司,8930,健身休闲,0.2125,0.85,否,,1,0,,健身休闲服务,,0.0,0.0,0.85,0.0
成都大雄阅川健身服务有限公司,8930,健身休闲,0.2125,0.85,否,,1,0,,健身休闲服务,,0.0,0.0,0.85,0.0
成都光盒动量文化传媒有限公司,8919,体育管理,0.2125,0.85,否,,1,0,,体育娱乐活动,,0.0,0.0,0.85,0.0
四川美高体育文化发展有限公司,8911,体育赛事,0.8736,0.95,否,,1,1,体育竞赛组织,,体育竞赛,1.0,1.0,0.85,0.1111
四川好多礼商贸有限公司,5242,体育用品,0.2125,0.85,否,,1,0,,运动休闲装零售,,0.0,0.0,0.85,0.0
成都智尚仁合数码科技有限公司,5142,体育用品,0.2125,0.85,否,,1,0,,批发麻将机,,0.0,0.0,0.85,0.0
四川省卓然星体育文化传播有限公司,8392,体育培训,0.8736,0.95,否,,1,1,游泳培训,,游泳培训,1.0,1.0,0.85,0.1111
成都市蜀动体育俱乐部有限公司,5242,体育用品,0.8736,0.95,否,,1,1,体育用品零售,,体育用品零售,1.0,1.0,0.85,0.1111
成都市沃坤商贸有限公司,5242,体育用品,0.8736,0.95,否,,1,1,体育用品零售,,体育用品零售,1.0,1.0,0.85,0.1111
四川众萌贸易有限公司,5142,体育用品,0.8736,0.95,否,,1,1,体育用品批发,,体育用品批发,1.0,1.0,0.85,0.1111
四川裕至瑜禄商贸有限公司,5242,体育用品,0.8736,0.95,否,,1,1,体育用品零售,,体育用品零售,1.0,1.0,0.85,0.1111
成都即刻型动体育文化传播有限公司,8930,健身休闲,0.8736,0.95,否,,1,1,健身服务,,健身服务,1.0,1.0,0.85,0.1111
拓一体育发展（成都）有限公司,9052,体育赛事,0.6611,0.9,是,纯跨界（行业代码非体育，文本有体育业务）,1,1,组织体育赛事,,体育赛事,1.0,1.0,0.0,0.1111
四川天行嘉德体育文化传播有限公司,5242,健身休闲,0.6736,0.95,是,多元经营（体育+1条非体育业务）,2,1,跆拳道器具,零售健身,跆拳道,0.5,1.0,0.85,0.1111
四川金誉鸿安商贸有限公司,5142,体育用品,0.8736,0.95,否,,1,1,运动器材批发,,运动器材,1.0,1.0,0.85,0.1111
成都伫立户外用品有限公司,5242,体育用品,0.2125,0.85,否,,1,0,,零售户外用品,,0.0,0.0,0.85,0.0
成都德胜荷花健身服务有限公司,8921,健身休闲,0.8736,0.95,否,,1,1,游泳池经营管理,,游泳池,1.0,1.0,0.85,0.1111
成都市慷源朱古力体育文化传播有限公司,9052,体育赛事,0.6611,0.9,是,纯跨界（行业代码非体育，文本有体育业务）,1,1,组织体育表演活动,,体育表演,1.0,1.0,0.0,0.1111
成都顶途户外用品有限公司,5242,体育用品,0.2125,0.85,否,,1,0,,户外用品零售,,0.0,0.0,0.85,0.0
成都源畅文化传播有限公司,8911,体育管理,0.2125,0.85,否,,1,0,,组织搏击运动赛事,,0.0,0.0,0.85,0.0
成都强大发健身器材经营部,5242,体育用品,0.8736,0.95,否,,1,1,体育用品及器材零售,,体育用品,1.0,1.0,0.85,0.1111
四川景智深沅商贸有限公司,5142,体育用品,0.8736,0.95,否,,1,1,运动器材批发,,运动器材,1.0,1.0,0.85,0.1111
成都汇萃体育文化传播有限公司,8911,体育赛事,0.8736,0.95,否,,1,1,策划体育赛事活动,,体育赛事,1.0,1.0,0.85,0.1111
四川中重景腾建筑工程有限公司,4720,体育场馆,0.6611,0.9,是,纯跨界（行业代码非体育，文本有体育业务）,1,1,体育场馆建筑,,体育场馆,1.0,1.0,0.0,0.1111
成都乐优动体育发展有限公司,8919,体育管理,0.2125,0.85,否,,1,0,,体育活动,,0.0,0.0,0.85,0.0
成都万邻秋商贸部,5242,体育用品,0.8736,0.95,否,,1,1,运动器材零售,,运动器材,1.0,1.0,0.85,0.1111
四川威尔华体育器材有限公司,5142,体育用品,0.8736,0.95,否,,1,1,批发体育用品,,体育用品,1.0,1.0,0.85,0.1111
四川一杆进洞体育俱乐部有限公司,8911,体育赛事,0.8736,0.95,否,,1,1,体育竞赛组织,,体育竞赛,1.0,1.0,0.85,0.1111
成都瑞航健身服务有限责任公司,8930,健身休闲,0.2125,0.85,否,,1,0,,健身休闲活动,,0.0,0.0,0.85,0.0
成都洛克男孩文化传媒有限公司,8392,体育培训,0.8736,0.95,否,,1,1,体育培训,,体育培训,1.0,1.0,0.85,0.1111
成都市恒源体育用品有限公司,5242,体育用品,0.8736,0.95,否,,1,1,零售体育用品,,体育用品,1.0,1.0,0.85,0.1111
成都优安笙医疗科技有限公司,8930,健身休闲,0.2125,0.85,否,,1,0,,健身教学,,0.0,0.0,0.85,0.0
成都蜀道户外行户外运动有限公司,8930,健身休闲,0.8736,0.95,否,,1,1,户外运动的组织策划,,户外运动,1.0,1.0,0.85,0.1111
成都飞人体育俱乐部,8392,体育培训,0.8736,0.95,否,,1,1,体育培训,,体育培训,1.0,1.0,0.85,0.1111
成都美蛙体育发展有限公司,9052,体育赛事,0.6611,0.9,是,纯跨界（行业代码非体育，文本有体育业务）,1,1,体育赛事策划,,赛事策划,1.0,1.0,0.0,0.1111
四川省星瑞购商贸有限公司,5242,体育用品,0.8736,0.95,否,,1,1,体育用品及器材零售,,体育用品,1.0,1.0,0.85,0.1111
成都路客户外运动有限公司,9052,体育赛事,0.6611,0.9,是,纯跨界（行业代码非体育，文本有体育业务）,1,1,组织体育表演活动,,体育表演,1.0,1.0,0.0,0.1111
成都企洪东商贸部,8930,健身休闲,0.2125,0.85,否,,1,0,,健身休闲活动,,0.0,0.0,0.85,0.0
成都信健体育文化传播有限责任公司,8921,体育场馆,0.8736,0.95,否,,1,1,体育场馆管理,,体育场馆,1.0,1.0,0.85,0.1111
成都尚上品商贸有限公司,5242,体育用品,0.8736,0.95,否,,1,1,零售体育用品,,体育用品,1.0,1.0,0.85,0.1111
成都飞焰户外运动用品有限公司,5142,体育用品,0.8736,0.95,否,,1,1,体育用品批发,,体育用品批发,1.0,1.0,0.85,0.1111
成都吉圣健身服务有限责任公司,8930,健身休闲,0.8736,0.95,否,,1,1,健身服务,,健身服务,1.0,1.0,0.85,0.1111
成都市蜀球汇企业管理咨询有限公司,9052,体育管理,0.6611,0.9,是,纯跨界（行业代码非体育，文本有体育业务）,1,1,体育服务,,体育服务,1.0,1.0,0.0,0.1111
成都爱知财商务服务有限公司,5142,体育用品,0.8736,0.95,否,,1,1,体育用品及器材批发,,体育用品,1.0,1.0,0.85,0.1111
四川创新时空体育文化传播有限公司,8392,体育培训,0.2125,0.85,否,,1,0,,体育辅导,,0.0,0.0,0.85,0.0
成都金仂红商贸部,5142,体育用品,0.8736,0.95,否,,1,1,体育用品及器材批发,,体育用品,1.0,1.0,0.85,0.1111
四川云扬四海武术文化传播有限责任公司,8392,体育培训,0.8736,0.95,否,,1,1,武术培训,,武术培训,1.0,1.0,0.85,0.1111
四川佳胜格斗体育文化传播有限公司,8930,健身休闲,0.8736,0.95,否,,1,1,健身服务,,健身服务,1.0,1.0,0.85,0.1111
四川戎威体育设施有限公司,5242,体育用品,0.8736,0.95,否,,1,1,健身器材零售,,健身器材,1.0,1.0,0.85,0.1111
成都德瑞足球培训中心有限公司,8392,体育培训,0.8736,0.95,否,,1,1,足球培训,,足球培训,1.0,1.0,0.85,0.1111
成都莫宁健康管理有限责任公司,8930,健身休闲,0.2125,0.85,否,,1,0,,健身休闲活动,,0.0,0.0,0.85,0.0
成都赛逸体育文化传播有限公司,8930,健身休闲,0.8736,0.95,否,,1,1,健身服务,,健身服务,1.0,1.0,0.85,0.1111
成都毅致健康管理咨询有限公司,8930,健身休闲,0.2125,0.85,否,,1,0,,健身休闲活动,,0.0,0.0,0.85,0.0
四川恒峰铭扬体育科技有限公司,8930,健身休闲,0.8736,0.95,否,,1,1,户外拓展,,户外拓展,1.0,1.0,0.85,0.1111
成都顶峰体育场馆管理有限公司,8930,健身休闲,0.8736,0.95,否,,1,1,健身服务,,健身服务,1.0,1.0,0.85,0.1111
成都未来启明星体育文化发展有限公司,8912,体育管理,0.2125,0.85,否,,1,0,,体育保障组织,,0.0,0.0,0.85,0.0
成都麋鹿健身有限公司,8930,健身休闲,0.8736,0.95,否,,1,1,健身服务,,健身服务,1.0,1.0,0.85,0.1111
成都音呈文化传播有限公司,8911,体育管理,0.2125,0.85,否,,1,0,,体育宣传服务,,0.0,0.0,0.85,0.0
成都威盛健身有限公司,8930,健身休闲,0.2125,0.85,否,,1,0,,健身休闲活动,,0.0,0.0,0.85,0.0
成都趣玩户外运动有限公司,8919,体育管理,0.2125,0.85,否,,1,0,,文化体育和娱乐业,,0.0,0.0,0.85,0.0
成都市爱伽乐语健身服务有限公司,8930,健身休闲,0.8736,0.95,否,,1,1,健身服务,,健身服务,1.0,1.0,0.85,0.1111
四川建侬体育文化发展有限公司,8919,体育管理,0.8736,0.95,否,,1,1,其他体育组织,,体育组织,1.0,1.0,0.85,0.1111
四川陆地一家商贸有限公司,5242,体育用品,0.8736,0.95,否,,1,1,体育用品零售,,体育用品零售,1.0,1.0,0.85,0.1111
成都焱火体育发展有限公司,9052,体育赛事,0.6611,0.9,是,纯跨界（行业代码非体育，文本有体育业务）,1,1,体育赛事策划,,赛事策划,1.0,1.0,0.0,0.1111
成都至高体育文化传播有限公司,8392,体育培训,0.8736,0.95,否,,1,1,体育培训,,体育培训,1.0,1.0,0.85,0.1111
成都北润商贸有限公司,5142,体育用品,0.8736,0.95,否,,1,1,体育用品及器材批发,,体育用品,1.0,1.0,0.85,0.1111
成都雄雅优品商贸有限公司,5242,体育用品,0.8736,0.95,否,,1,1,体育用品及器材零售,,体育用品,1.0,1.0,0.85,0.1111
失重（成都市）健身服务有限公司,8930,健身休闲,0.2125,0.85,否,,1,0,,健身休闲活动,,0.0,0.0,0.85,0.0
成都锐诺体育文化发展有限公司,8912,体育管理,0.2125,0.85,否,,1,0,,体育保障组织,,0.0,0.0,0.85,0.0
四川德瑞克体育文化传播股份有限公司,8911,体育管理,0.2125,0.85,否,,1,0,,组织策划文体活动,,0.0,0.0,0.85,0.0
四川且木建筑劳务有限公司,5142,体育用品,0.2125,0.85,否,,1,0,,办公设备,,0.0,0.0,0.85,0.0
四川德瑞克篮球俱乐部有限公司,8919,体育管理,0.8736,0.95,否,,1,1,体育组织,,体育组织,1.0,1.0,0.85,0.1111
成都金戈勇士健身服务有限公司,8930,健身休闲,0.8736,0.95,否,,1,1,健身服务,,健身服务,1.0,1.0,0.85,0.1111
成都砺峰文化传播有限公司,8930,健身休闲,0.8736,0.95,否,,1,1,健身服务,,健身服务,1.0,1.0,0.85,0.1111
成都蜀跃体育文化传播有限责任公司,9052,体育赛事,0.6611,0.9,是,纯跨界（行业代码非体育，文本有体育业务）,1,1,体育赛事活动策划,,体育赛事,1.0,1.0,0.0,0.1111
成都上橙天一文化传媒有限公司,8930,健身休闲,0.2125,0.85,否,,1,0,,健身休闲活动,,0.0,0.0,0.85,0.0
成都途羊体育文化传播有限责任公司,8921,体育场馆,0.8736,0.95,否,,1,1,体育场馆运营,,体育场馆,1.0,1.0,0.85,0.1111
成都行野户外运动俱乐部有限公司,8930,健身休闲,0.8736,0.95,否,,1,1,健身服务,,健身服务,1.0,1.0,0.85,0.1111
锐诺体育公园管理成都有限公司,8392,体育培训,0.8736,0.95,否,,1,1,体校及体育培训,,体育培训,1.0,1.0,0.85,0.1111
成都时代今朝科技有限公司,2444,体育用品,0.2125,0.85,否,,1,0,,运动创伤护具制作,,0.0,0.0,0.85,0.0
成都森苍科技有限公司,5242,体育用品,0.8736,0.95,否,,1,1,体育用品零售,,体育用品零售,1.0,1.0,0.85,0.1111
成都恒达文汇商贸有限公司,5142,体育用品,0.2125,0.85,否,,1,0,,批发办公用品,,0.0,0.0,0.85,0.0
成都每时健康管理有限公司,8921,体育场馆,0.8736,0.95,否,,1,1,体育场馆管理,,体育场馆,1.0,1.0,0.85,0.1111
成都焕型健身管理有限公司,8930,健身休闲,0.2125,0.85,否,,1,0,,健身休闲活动,,0.0,0.0,0.85,0.0
成都每时西岸体育文化传播有限公司,8930,健身休闲,0.8736,0.95,否,,1,1,健身服务,,健身服务,1.0,1.0,0.85,0.1111
成都箐花驰文化传播有限公司,8930,健身休闲,0.8736,0.95,否,,1,1,保健健身服务,,健身服务,1.0,1.0,0.85,0.1111
四川凯鸣文化传媒有限公司,8921,体育管理,0.8736,0.95,否,,1,1,体育运营,,体育运营,1.0,1.0,0.85,0.1111
成都德瑞克体育产业发展有限公司,9052,体育赛事,0.6611,0.9,是,纯跨界（行业代码非体育，文本有体育业务）,1,1,体育表演服务,,体育表演,1.0,1.0,0.0,0.1111
成都弗里奥体育设施工程有限公司,4892,体育场馆,0.8736,0.95,否,,1,1,体育场地设施工程施工,,体育场地设施,1.0,1.0,0.85,0.1111
四川火星之门科技有限公司,9052,体育赛事,0.6611,0.9,是,纯跨界（行业代码非体育，文本有体育业务）,1,1,体育赛事策划,,赛事策划,1.0,1.0,0.0,0.1111
四川奥海体育工程有限公司,4892,体育场馆,0.8736,0.95,否,,1,1,体育场地设施工程施工,,体育场地设施,1.0,1.0,0.85,0.1111
四川陆上体育赛事策划有限公司,8911,体育赛事,0.8736,0.95,否,,1,1,体育赛事组织,,体育赛事,1.0,1.0,0.85,0.1111
成都欣玛珠宝有限公司,5142,体育用品,0.8736,0.95,否,,1,1,体育用品批发,,体育用品批发,1.0,1.0,0.85,0.1111
四川乔师傅体育设施工程有限公司,4892,体育场馆,0.8736,0.95,否,,1,1,体育场地设施工程施工,,体育场地设施,1.0,1.0,0.85,0.1111
四川雷跃卓浩文化传媒有限公司,8930,健身休闲,0.2125,0.85,否,,1,0,,体育活动,,0.0,0.0,0.85,0.0
成都威斯特优伽健身有限责任公司,8930,健身休闲,0.8736,0.95,否,,1,1,健身服务,,健身服务,1.0,1.0,0.85,0.1111
尚动四川品牌营销策划有限公司,8911,体育赛事,0.8736,0.95,否,,1,1,体育竞赛组织,,体育竞赛,1.0,1.0,0.85,0.1111
成都聚鑫源瑞贝斯健身服务有限公司,8930,健身休闲,0.2125,0.85,否,,1,0,,健身休闲服务,,0.0,0.0,0.85,0.0
四川三聚合胜体育发展集团有限公司,9054,体育管理,0.6611,0.9,是,纯跨界（行业代码非体育，文本有体育业务）,1,1,体育组织服务,,体育组织,1.0,1.0,0.0,0.1111
成都勇恒体育文化发展有限公司,9052,体育赛事,0.6611,0.9,是,纯跨界（行业代码非体育，文本有体育业务）,1,1,体育赛事策划,,赛事策划,1.0,1.0,0.0,0.1111
成都开拓商贸有限责任公司,5142,体育用品,0.8736,0.95,否,,1,1,体育用品及器材批发,,体育用品,1.0,1.0,0.85,0.1111
成都锐月新业商贸有限公司,5142,体育用品,0.8736,0.95,否,,1,1,体育用品批发,,体育用品批发,1.0,1.0,0.85,0.1111
成都亚体体育用品有限公司,5242,体育用品,0.8736,0.95,否,,1,1,体育用品,,体育用品,1.0,1.0,0.85,0.1111
成都背包客户外用品有限公司,5142,体育用品,0.2125,0.85,否,,1,0,,户外用品批发,,0.0,0.0,0.85,0.0
成都玖珑荟健身服务有限公司,8930,健身休闲,0.2125,0.85,否,,1,0,,健身休闲活动,,0.0,0.0,0.85,0.0
四川华体体育设施有限公司,5242,体育场馆,0.8736,0.95,否,,1,1,体育设施零售,,体育设施,1.0,1.0,0.85,0.1111
四川师大德瑞克足球俱乐部有限责任公司,8911,体育赛事,0.8736,0.95,否,,1,1,体育竞赛组织,,体育竞赛,1.0,1.0,0.85,0.1111
四川省林海户外运动有限公司,5142,健身休闲,0.8736,0.95,否,,1,1,户外运动用品批发,,户外运动,1.0,1.0,0.85,0.1111
四川雏鹰少年文化传播有限公司,8392,体育培训,0.2125,0.85,否,,1,0,,活动训练,,0.0,0.0,0.85,0.0
成都华骥体育场地建设有限公司,4892,体育场馆,0.8736,0.95,否,,1,1,体育场地施工,,体育场地,1.0,1.0,0.85,0.1111
成都国王氪引体育文化发展有限公司,8930,健身休闲,0.8736,0.95,否,,1,1,体育健身服务,,健身服务,1.0,1.0,0.85,0.1111
四川逆行者摩旅商贸有限责任公司,5142,体育用品,0.8736,0.95,否,,1,1,其他体育用品批发,,体育用品批发,1.0,1.0,0.85,0.1111
高德锐司成都体育文化传播有限公司,9052,体育赛事,0.6611,0.9,是,纯跨界（行业代码非体育，文本有体育业务）,1,1,体育赛事活动策划,,体育赛事,1.0,1.0,0.0,0.1111
成都黑色盒子行动户外拓展有限公司,8930,健身休闲,0.2125,0.85,否,,1,0,,健身休闲,,0.0,0.0,0.85,0.0
四川端正堂健康管理有限公司,8930,健身休闲,0.8736,0.95,否,,1,1,保健健身服务,,健身服务,1.0,1.0,0.85,0.1111
摩利根渔具成都有限公司,5142,体育用品,0.8736,0.95,否,,1,1,批发渔具,,渔具,1.0,1.0,0.85,0.1111
成都蜀西新辉体育发展有限公司,9052,体育赛事,0.6611,0.9,是,纯跨界（行业代码非体育，文本有体育业务）,1,1,体育赛事策划,,赛事策划,1.0,1.0,0.0,0.1111
成都乐智体健体育文化传播有限公司,9052,体育赛事,0.6611,0.9,是,纯跨界（行业代码非体育，文本有体育业务）,1,1,体育赛事策划,,赛事策划,1.0,1.0,0.0,0.1111
成都市大牛体育文化传播有限公司,9052,体育赛事,0.6611,0.9,是,纯跨界（行业代码非体育，文本有体育业务）,1,1,体育赛事组织,,体育赛事,1.0,1.0,0.0,0.1111
成都龙裕健身服务有限公司,8930,健身休闲,0.2125,0.85,否,,1,0,,健身业务,,0.0,0.0,0.85,0.0
成都宾贝特体育发展有限公司,8930,健身休闲,0.2125,0.85,否,,1,0,,健身休闲活动,,0.0,0.0,0.85,0.0
四川一小时健身服务有限责任公司,5242,体育用品,0.8736,0.95,否,,1,1,体育用品及器材零售,,体育用品,1.0,1.0,0.85,0.1111
成都旭雯园林绿化工程有限公司,5142,体育用品,0.8736,0.95,否,,1,1,批发健身器材,,健身器材,1.0,1.0,0.85,0.1111
四川大秦金樽商贸有限责任公司,5142,体育用品,0.8736,0.95,否,,1,1,体育用品批发,,体育用品批发,1.0,1.0,0.85,0.1111
成都健格麟体育文化传播有限公司,8911,体育赛事,0.8736,0.95,否,,1,1,组织体育赛事,,体育赛事,1.0,1.0,0.85,0.1111
成都嘉业通商贸有限公司,5142,体育用品,0.8736,0.95,否,,1,1,体育器材及用品批发,,体育器材,1.0,1.0,0.85,0.1111
四川吴永京乒乓球俱乐部馆,8930,健身休闲,0.2125,0.85,否,,1,0,,健身休闲活动,,0.0,0.0,0.85,0.0
成都索克戴斯体育文化传播有限公司,8919,体育管理,0.2125,0.85,否,,1,0,,体育活动组织策划,,0.0,0.0,0.85,0.0
四川槿呈昊业体育用品有限公司,5142,体育用品,0.8736,0.95,否,,1,1,体育用品批发,,体育用品批发,1.0,1.0,0.85,0.1111
成都拓荒者户外运动有限公司,8930,健身休闲,0.2125,0.85,否,,1,0,,文化体育和娱乐业,,0.0,0.0,0.85,0.0
榕辰体育俱乐部（成都）有限公司,8911,体育用品,0.8847,0.95,否,,1,1,篮球体育服务,,篮球; 体育服务,1.0,1.0,0.85,0.2222
成都铁三小鼎力足球俱乐部有限公司,8919,体育管理,0.8736,0.95,否,,1,1,其他体育组织,,体育组织,1.0,1.0,0.85,0.1111
成都嘉艺博体育文化传播有限公司,8919,体育赛事,0.8736,0.95,否,,1,1,体育竞赛组织,,体育竞赛,1.0,1.0,0.85,0.1111
成都健航体育器材有限公司,5142,体育用品,0.8736,0.95,否,,1,1,体育器材批发,,体育器材,1.0,1.0,0.85,0.1111
成都健博锐体育文化传播有限公司,8919,体育管理,0.8736,0.95,否,,1,1,体育组织服务,,体育组织,1.0,1.0,0.85,0.1111
成都市有格钓电子商务有限公司,5142,体育用品,0.8736,0.95,否,,1,1,体育用品批发,,体育用品批发,1.0,1.0,0.85,0.1111
成都贤友商贸有限公司,5142,体育用品,0.2125,0.85,否,,1,0,,麻将机批发,,0.0,0.0,0.85,0.0
成都鸿途体育设施工程有限公司,5142,体育用品,0.8736,0.95,否,,1,1,体育用品批发,,体育用品批发,1.0,1.0,0.85,0.1111
成都奥力健体育用品有限公司,5142,体育用品,0.8736,0.95,否,,1,1,批发体育用品及器材,,体育用品,1.0,1.0,0.85,0.1111
成都冠川体育设施有限公司,5142,体育用品,0.8736,0.95,否,,1,1,体育用品及器材批发,,体育用品,1.0,1.0,0.85,0.1111
四川五一户外用品有限公司,5142,体育用品,0.2125,0.85,否,,1,0,,户外用品批发,,0.0,0.0,0.85,0.0
道之钉（成都）体育科技有限公司,5142,体育用品,0.8736,0.95,否,,1,1,体育用品批发,,体育用品批发,1.0,1.0,0.85,0.1111
四川海圭特体育文化发展有限公司,9052,体育赛事,0.6611,0.9,是,纯跨界（行业代码非体育，文本有体育业务）,1,1,体育赛事策划,,赛事策划,1.0,1.0,0.0,0.1111
成都市金牛区问动体育文化发展有限公司,7283,体育赛事,0.6611,0.9,是,纯跨界（行业代码非体育，文本有体育业务）,1,1,体育赛事策划,,赛事策划,1.0,1.0,0.0,0.1111
成都比干商贸有限公司,5142,体育用品,0.2125,0.85,否,,1,0,,户外用品批发,,0.0,0.0,0.85,0.0
四川绿茵时代建筑工程有限公司,4892,体育场馆,0.8736,0.95,否,,1,1,运动场馆施工,,运动场馆,1.0,1.0,0.85,0.1111
成都蜀都强森帐篷有限公司,5142,体育用品,0.2125,0.85,否,,1,0,,防水工程,,0.0,0.0,0.85,0.0
四川浪浪体育用品销售有限公司,7122,体育用品,0.6611,0.9,是,纯跨界（行业代码非体育，文本有体育业务）,1,1,体育用品设备出租,,体育用品,1.0,1.0,0.0,0.1111
四川康尔健体育发展有限公司,4892,体育场馆,0.8736,0.95,否,,1,1,体育场地设施工程施工,,体育场地设施,1.0,1.0,0.85,0.1111
成都振武体育文化传播有限公司,8392,体育培训,0.2125,0.85,否,,1,0,,青少儿体育训练,,0.0,0.0,0.85,0.0
成都北星辰悦科技有限公司,8992,健身休闲,0.6611,0.9,是,纯跨界（行业代码非体育，文本有体育业务）,1,1,体育健身服务,,健身服务,1.0,1.0,0.0,0.1111
四川乾盈体育文化传播有限公司,9052,体育赛事,0.6611,0.9,是,纯跨界（行业代码非体育，文本有体育业务）,1,1,体育赛事活动策划,,体育赛事,1.0,1.0,0.0,0.1111
四川天赋能娱乐有限公司,8930,健身休闲,0.2125,0.85,否,,1,0,,健身休闲活动,,0.0,0.0,0.85,0.0
成都城投万馆体育文化发展有限公司,8921,体育场馆,0.8736,0.95,否,,1,1,体育场馆管理,,体育场馆,1.0,1.0,0.85,0.1111
成都路鑫瑞建筑经营部个人独资,5142,体育用品,0.8736,0.95,否,,1,1,体育用品批发,,体育用品批发,1.0,1.0,0.85,0.1111
成都凯立新鱼饵有限公司,5242,体育用品,0.8736,0.95,否,,1,1,渔具零售,,渔具,1.0,1.0,0.85,0.1111
成都光济耀商贸部,5242,体育用品,0.8736,0.95,否,,1,1,体育用品零售,,体育用品零售,1.0,1.0,0.85,0.1111
成都建竿匝商贸部,5142,体育用品,0.8736,0.95,否,,1,1,体育器材批发,,体育器材,1.0,1.0,0.85,0.1111
成都拥缶纪商贸部,5142,体育用品,0.8736,0.95,否,,1,1,体育用品批发服务,,体育用品批发,1.0,1.0,0.85,0.1111
成都定湛玟商贸部,5142,体育用品,0.8736,0.95,否,,1,1,体育器材批发,,体育器材,1.0,1.0,0.85,0.1111
成都市北星城娱乐有限责任公司,9052,体育管理,0.6611,0.9,是,纯跨界（行业代码非体育，文本有体育业务）,1,1,体育服务,,体育服务,1.0,1.0,0.0,0.1111
成都鑫溪波商贸部,5142,体育用品,0.8736,0.95,否,,1,1,体育用品批发,,体育用品批发,1.0,1.0,0.85,0.1111
四川华影共创文化传媒有限公司,9052,体育管理,0.6611,0.9,是,纯跨界（行业代码非体育，文本有体育业务）,1,1,体育服务,,体育服务,1.0,1.0,0.0,0.1111
成都瑕松商贸部,5142,体育用品,0.8736,0.95,否,,1,1,体育用品及器材批发,,体育用品,1.0,1.0,0.85,0.1111
成都秉近漳商贸部,5142,体育用品,0.8736,0.95,否,,1,1,体育用品及器材批发,,体育用品,1.0,1.0,0.85,0.1111
成都忠典枚商贸部,5142,体育用品,0.8736,0.95,否,,1,1,体育用品批发,,体育用品批发,1.0,1.0,0.85,0.1111
成都敏詹柠商贸部,5142,体育用品,0.8736,0.95,否,,1,1,体育用品及器材批发,,体育用品,1.0,1.0,0.85,0.1111
成都香碑隆商贸部,5242,体育用品,0.8736,0.95,否,,1,1,体育用品零售,,体育用品零售,1.0,1.0,0.85,0.1111
成都市吉美高体育文化传播有限公司,8911,体育赛事,0.8736,0.95,否,,1,1,体育竞赛组织,,体育竞赛,1.0,1.0,0.85,0.1111
成都星雨商贸有限公司,5142,体育用品,0.8736,0.95,否,,1,1,体育用品批发,,体育用品批发,1.0,1.0,0.85,0.1111
成都禾众三人篮球俱乐部有限公司,8911,体育赛事,0.8736,0.95,否,,1,1,组织体育竞赛,,体育竞赛,1.0,1.0,0.85,0.1111
成都建孜旺商贸部,5142,体育用品,0.8736,0.95,否,,1,1,体育用品及器材批发,,体育用品,1.0,1.0,0.85,0.1111
成都振淼帅商贸部,5142,体育用品,0.8736,0.95,否,,1,1,体育用品批发,,体育用品批发,1.0,1.0,0.85,0.1111
成都洪岛辉商贸部,5142,体育用品,0.8736,0.95,否,,1,1,体育用品批发,,体育用品批发,1.0,1.0,0.85,0.1111
成都宛庆焕平商贸部,5242,体育用品,0.8736,0.95,否,,1,1,体育用品零售,,体育用品零售,1.0,1.0,0.85,0.1111
成都松堪林商贸部,5142,体育用品,0.8736,0.95,否,,1,1,体育用品批发,,体育用品批发,1.0,1.0,0.85,0.1111
成都沃畔剑商贸部,5142,体育用品,0.8736,0.95,否,,1,1,体育用品批发,,体育用品批发,1.0,1.0,0.85,0.1111
成都瑶恺荃商贸部,5142,体育用品,0.8736,0.95,否,,1,1,批发体育用品及器材,,体育用品,1.0,1.0,0.85,0.1111
成都萌佳奕川商贸部,5142,体育用品,0.8736,0.95,否,,1,1,批发体育用品,,体育用品,1.0,1.0,0.85,0.1111
成都盼荪祥商贸部,5142,体育用品,0.8736,0.95,否,,1,1,体育用品及器材批发,,体育用品,1.0,1.0,0.85,0.1111
成都棠岑习商贸部,5242,体育用品,0.8736,0.95,否,,1,1,零售体育用品,,体育用品,1.0,1.0,0.85,0.1111
成都润町鹏商贸部,5142,体育用品,0.8736,0.95,否,,1,1,体育用品及器材批发,,体育用品,1.0,1.0,0.85,0.1111
成都承恬武商贸部,5142,体育用品,0.8736,0.95,否,,1,1,体育用品及器材批发,,体育用品,1.0,1.0,0.85,0.1111
成都贰尼才商贸部,5142,体育用品,0.8736,0.95,否,,1,1,体育用品及器材批发,,体育用品,1.0,1.0,0.85,0.1111
成都良梗海商贸部,5142,体育用品,0.8736,0.95,否,,1,1,体育用品及器材批发,,体育用品,1.0,1.0,0.85,0.1111
成都思倪发商贸部,5142,体育用品,0.8736,0.95,否,,1,1,体育用品及器材批发,,体育用品,1.0,1.0,0.85,0.1111
成都衷枝玟商贸部,5142,体育用品,0.8736,0.95,否,,1,1,体育用品及器材批发,,体育用品,1.0,1.0,0.85,0.1111
成都长隆华茂商贸有限公司,5142,体育用品,0.8736,0.95,否,,1,1,体育用品批发,,体育用品批发,1.0,1.0,0.85,0.1111
成都拼函州商贸部,5142,体育用品,0.8736,0.95,否,,1,1,体育用品及器材批发,,体育用品,1.0,1.0,0.85,0.1111
成都爱尚凡品商贸有限公司,5242,体育用品,0.8736,0.95,否,,1,1,体育用品零售,,体育用品零售,1.0,1.0,0.85,0.1111
四川童欣晨商贸有限公司,5242,体育用品,0.8736,0.95,否,,1,1,体育器材零售,,体育器材,1.0,1.0,0.85,0.1111
成都荪拓波商贸部,5242,体育用品,0.8736,0.95,否,,1,1,体育用品零售,,体育用品零售,1.0,1.0,0.85,0.1111
成都郡筏镇商贸部,5142,体育用品,0.8736,0.95,否,,1,1,体育用品批发服务,,体育用品批发,1.0,1.0,0.85,0.1111
成都珠囡雪商贸部,5142,体育用品,0.8736,0.95,否,,1,1,体育用品批发,,体育用品批发,1.0,1.0,0.85,0.1111
成都大众经典体育发展有限公司,8921,体育场馆,0.8736,0.95,否,,1,1,体育场馆管理,,体育场馆,1.0,1.0,0.85,0.1111
四川侣行世嘉户外运动有限责任公司,5142,体育用品,0.8736,0.95,否,,1,1,体育用品批发,,体育用品批发,1.0,1.0,0.85,0.1111
四川优必选城市体育产业发展有限责任公司,8921,体育场馆,0.8736,0.95,否,,1,1,体育场馆管理,,体育场馆,1.0,1.0,0.85,0.1111
成都陇波南商贸部,5142,体育用品,0.8736,0.95,否,,1,1,体育器材批发,,体育器材,1.0,1.0,0.85,0.1111
成都靖涪廷商贸部,5142,体育用品,0.2125,0.85,否,,1,0,,体育器械批发,,0.0,0.0,0.85,0.0
成都洛琛松商贸部,5142,体育用品,0.8736,0.95,否,,1,1,体育器材批发,,体育器材,1.0,1.0,0.85,0.1111
成都拔奇落商贸部,5142,体育用品,0.8736,0.95,否,,1,1,体育用品批发,,体育用品批发,1.0,1.0,0.85,0.1111
成都炳琛旭商贸部,5142,体育用品,0.8736,0.95,否,,1,1,体育器材批发,,体育器材,1.0,1.0,0.85,0.1111
成都佳集昊商贸部,5142,体育用品,0.8736,0.95,否,,1,1,体育器材批发,,体育器材,1.0,1.0,0.85,0.1111
成都和众三人篮球俱乐部有限公司,8911,体育赛事,0.8736,0.95,否,,1,1,体育赛事组织,,体育赛事,1.0,1.0,0.85,0.1111
简熙成都体育文化发展有限公司,8911,体育赛事,0.8736,0.95,否,,1,1,体育竞赛组织,,体育竞赛,1.0,1.0,0.85,0.1111
成都玖斯林五金经营部,5142,体育用品,0.8736,0.95,否,,1,1,体育用品批发,,体育用品批发,1.0,1.0,0.85,0.1111
成都集撰昼商贸部,5142,体育用品,0.8736,0.95,否,,1,1,体育器材批发,,体育器材,1.0,1.0,0.85,0.1111
成都正若刚商贸部,5142,体育用品,0.8736,0.95,否,,1,1,体育用品批发,,体育用品批发,1.0,1.0,0.85,0.1111
成都鑫宏派杰商贸有限公司,5142,体育用品,0.8736,0.95,否,,1,1,体育用品批发,,体育用品批发,1.0,1.0,0.85,0.1111
成都籽玥商贸有限公司,5242,体育用品,0.8736,0.95,否,,1,1,体育用品及器材零售,,体育用品,1.0,1.0,0.85,0.1111
成都恬笛兵商贸部,5142,体育用品,0.8736,0.95,否,,1,1,批发体育用品及器材,,体育用品,1.0,1.0,0.85,0.1111
成都坤鑫游泳场服务有限公司,8921,体育场馆,0.8736,0.95,否,,1,1,游泳馆服务,,游泳馆,1.0,1.0,0.85,0.1111
成都单撰垭商贸部,5142,体育用品,0.8736,0.95,否,,1,1,批发体育用品,,体育用品,1.0,1.0,0.85,0.1111
成都浏宕良商贸部,5142,体育用品,0.8736,0.95,否,,1,1,体育器材批发,,体育器材,1.0,1.0,0.85,0.1111
成都度况建商贸部,5142,体育用品,0.8736,0.95,否,,1,1,体育用品批发,,体育用品批发,1.0,1.0,0.85,0.1111
成都素匝君商贸部,5142,体育用品,0.8736,0.95,否,,1,1,体育用品批发,,体育用品批发,1.0,1.0,0.85,0.1111
成都茂忡帆商贸部,5142,体育用品,0.8736,0.95,否,,1,1,体育用品及器材批发,,体育用品,1.0,1.0,0.85,0.1111
成都荀兴锆容商贸部,5142,体育用品,0.8736,0.95,否,,1,1,体育用品及器材批发,,体育用品,1.0,1.0,0.85,0.1111
成都务况珑商贸部,5142,体育用品,0.8736,0.95,否,,1,1,批发体育用品,,体育用品,1.0,1.0,0.85,0.1111
成都珑或飞商贸部,5142,体育用品,0.8736,0.95,否,,1,1,批发体育用品,,体育用品,1.0,1.0,0.85,0.1111
成都贡撰凯商贸部,5142,体育用品,0.8736,0.95,否,,1,1,体育用品及器材批发,,体育用品,1.0,1.0,0.85,0.1111
成都映储呛商贸部,5142,体育用品,0.8736,0.95,否,,1,1,体育用品批发,,体育用品批发,1.0,1.0,0.85,0.1111
成都伟荚匝商贸部,5142,体育用品,0.8736,0.95,否,,1,1,体育用品批发,,体育用品批发,1.0,1.0,0.85,0.1111
成都伟萃帼商贸部,5142,体育用品,0.8736,0.95,否,,1,1,体育用品及器材批发,,体育用品,1.0,1.0,0.85,0.1111
成都芹琉辉商贸部,5142,体育用品,0.8736,0.95,否,,1,1,体育用品批发,,体育用品批发,1.0,1.0,0.85,0.1111
成都雪坎莲商贸部,5142,体育用品,0.8736,0.95,否,,1,1,体育用品及器材批发,,体育用品,1.0,1.0,0.85,0.1111
成都四怀荣商贸部,5242,体育用品,0.8736,0.95,否,,1,1,零售体育用品,,体育用品,1.0,1.0,0.85,0.1111
成都光卞酣商贸部,5142,体育用品,0.8736,0.95,否,,1,1,体育用品批发,,体育用品批发,1.0,1.0,0.85,0.1111
成都呦芒娟商贸部,5142,体育用品,0.8736,0.95,否,,1,1,体育用品及器材批发,,体育用品,1.0,1.0,0.85,0.1111
成都奢瑞户外运动用品有限公司,5142,体育用品,0.2125,0.85,否,,1,0,,户外用品销售,,0.0,0.0,0.85,0.0
成都多诺乐户外运动有限公司,8930,健身休闲,0.2125,0.85,否,,1,0,,健身休闲活动,,0.0,0.0,0.85,0.0
成都鸿志达体育文化推广有限公司,8911,体育赛事,0.8736,0.95,否,,1,1,体育赛事策划,,赛事策划,1.0,1.0,0.85,0.1111
成都市梵音优品体育用品有限公司,5142,体育用品,0.8736,0.95,否,,1,1,体育用品及器材批发,,体育用品,1.0,1.0,0.85,0.1111
洱然电子竞技体育赛事策划（四川）有限公司,8911,体育赛事,0.8736,0.95,否,,1,1,体育竞赛组织,,体育竞赛,1.0,1.0,0.85,0.1111
成都梦之瑶体育文化传播有限公司,8911,体育管理,0.2125,0.85,是,多元经营（体育+2条非体育业务）,2,0,,文化; 体育和娱乐业,,0.0,0.0,0.85,0.0
四川登峰鑫宇科技有限公司,8919,体育管理,0.8736,0.95,否,,1,1,其他体育组织,,体育组织,1.0,1.0,0.85,0.1111
成都山谷里体育文化有限公司,8919,体育管理,0.8736,0.95,否,,1,1,体育组织,,体育组织,1.0,1.0,0.85,0.1111
成都久久创艺户外用品有限公司,5142,体育用品,0.2125,0.85,否,,1,0,,户外用品批发,,0.0,0.0,0.85,0.0
四川艺冠体育设施工程有限公司,4892,体育场馆,0.8736,0.95,否,,1,1,体育场地设施工程施工,,体育场地设施,1.0,1.0,0.85,0.1111
成都市品砚体育器材有限公司,5142,体育用品,0.8736,0.95,否,,1,1,批发体育用品,,体育用品,1.0,1.0,0.85,0.1111
四川羽若商贸有限公司,5242,体育用品,0.8736,0.95,否,,1,1,体育用品零售,,体育用品零售,1.0,1.0,0.85,0.1111
成都市盛大音响器材有限公司,5142,体育用品,0.8736,0.95,否,,1,1,体育用品及器材批发,,体育用品,1.0,1.0,0.85,0.1111
四川小川足球俱乐部有限公司,5142,体育用品,0.8736,0.95,否,,1,1,体育用品批发,,体育用品批发,1.0,1.0,0.85,0.1111
成都市健成功伟体育文化发展有限公司,8911,体育赛事,0.8736,0.95,否,,1,1,体育竞赛组织,,体育竞赛,1.0,1.0,0.85,0.1111
成都众星恒宇体育场馆管理有限公司,8921,体育场馆,0.8736,0.95,否,,1,1,体育场管理服务,,体育场,1.0,1.0,0.85,0.1111
成都柏羽体育文化发展有限责任公司,9052,体育赛事,0.6611,0.9,是,纯跨界（行业代码非体育，文本有体育业务）,1,1,体育赛事策划,,赛事策划,1.0,1.0,0.0,0.1111
成都博金冠体育文化传播有限公司,8921,体育场馆,0.8736,0.95,否,,1,1,体育场馆管理,,体育场馆,1.0,1.0,0.85,0.1111
成都好喜欢儿童用品有限公司,5142,体育用品,0.8736,0.95,否,,1,1,体育用品及器材批发,,体育用品,1.0,1.0,0.85,0.1111
成都博旭户外用品有限公司,5142,体育用品,0.2125,0.85,否,,1,0,,户外用品批发,,0.0,0.0,0.85,0.0
成都三业体育设施有限公司,5142,体育用品,0.8736,0.95,否,,1,1,体育用品及器材批发,,体育用品,1.0,1.0,0.85,0.1111
成都鲲尚台商贸有限公司,5242,体育用品,0.8736,0.95,否,,1,1,体育器材零售,,体育器材,1.0,1.0,0.85,0.1111
成都丸维屋家居饰品有限公司,5242,体育用品,0.8736,0.95,否,,1,1,体育用品零售,,体育用品零售,1.0,1.0,0.85,0.1111
四川言力行体育文化传播有限公司,5142,体育用品,0.8736,0.95,否,,1,1,体育器材批发,,体育器材,1.0,1.0,0.85,0.1111
四川具安建筑劳务有限公司,4991,体育场馆,0.6611,0.9,是,纯跨界（行业代码非体育，文本有体育业务）,1,1,体育场地设施安装,,体育场地设施,1.0,1.0,0.0,0.1111
成都波谛贸易有限责任公司,5142,体育用品,0.8736,0.95,否,,1,1,体育用品及器材批发,,体育用品,1.0,1.0,0.85,0.1111
成都星锐锋体育文化传播有限公司,8911,体育赛事,0.8736,0.95,否,,1,1,体育赛事策划,,赛事策划,1.0,1.0,0.85,0.1111
成都邦红尼健身服务有限公司,5142,体育用品,0.8736,0.95,否,,1,1,体育用品批发,,体育用品批发,1.0,1.0,0.85,0.1111
成都锐克达斯体育用品有限公司,5142,体育用品,0.8736,0.95,否,,1,1,体育用品批发,,体育用品批发,1.0,1.0,0.85,0.1111
成都景盛丰源商贸有限公司,5142,体育用品,0.8736,0.95,否,,1,1,体育用品及器材批发,,体育用品,1.0,1.0,0.85,0.1111
成都市恒翼足球俱乐部有限公司,8911,体育赛事,0.8736,0.95,否,,1,1,体育竞赛组织,,体育竞赛,1.0,1.0,0.85,0.1111
成都瑞科捷科技有限公司,5242,体育用品,0.8736,0.95,否,,1,1,体育用品零售,,体育用品零售,1.0,1.0,0.85,0.1111
四川恩宁韦特马术俱乐部有限公司,9052,体育赛事,0.6611,0.9,是,纯跨界（行业代码非体育，文本有体育业务）,1,1,马球运动赛事组织,,赛事组织,1.0,1.0,0.0,0.1111
成都倩萌健身管理有限公司,8930,健身休闲,0.8736,0.95,否,,1,1,健身服务,,健身服务,1.0,1.0,0.85,0.1111
成都三夫户外用品有限公司,5242,健身休闲,0.8736,0.95,否,,1,1,户外运动用品零售,,户外运动,1.0,1.0,0.85,0.1111
成都市武侯区野萍果艺体培训学校有限公司,8392,体育培训,0.8736,0.95,否,,1,1,体育舞蹈篮球培训,,篮球培训,1.0,1.0,0.85,0.1111
成都欧宏文化传播有限公司,5242,体育用品,0.8736,0.95,否,,1,1,体育用品零售,,体育用品零售,1.0,1.0,0.85,0.1111
成都君武体育文化传播有限公司,8911,体育管理,0.2125,0.85,否,,1,0,,体育活动策划,,0.0,0.0,0.85,0.0
四川鹏体教育咨询有限公司,7122,体育用品,0.6611,0.9,是,纯跨界（行业代码非体育，文本有体育业务）,1,1,体育用品租赁,,体育用品,1.0,1.0,0.0,0.1111
成都掷铁饼者科技有限公司,8911,体育赛事,0.8736,0.95,否,,1,1,体育赛事活动组织与管理,,体育赛事,1.0,1.0,0.85,0.1111
成都艾力绅体育文化传播有限公司,8921,体育场馆,0.8736,0.95,否,,1,1,体育场馆管理,,体育场馆,1.0,1.0,0.85,0.1111
成都中华绝技艺术团,9052,健身休闲,0.6611,0.9,是,纯跨界（行业代码非体育，文本有体育业务）,1,1,武术绝技综合演出,,武术,1.0,1.0,0.0,0.1111
成都星际鼎航健身服务有限公司,8930,健身休闲,0.2125,0.85,否,,1,0,,健身休闲活动,,0.0,0.0,0.85,0.0
成都丽阳户外营销有限公司,5142,体育用品,0.2125,0.85,否,,1,0,,户外用品批发,,0.0,0.0,0.85,0.0
成都恒康源科技有限公司,5142,体育用品,0.8736,0.95,否,,1,1,体育器材批发,,体育器材,1.0,1.0,0.85,0.1111
成都锦诚亿科技有限公司,5142,体育用品,0.8736,0.95,否,,1,1,体育用品批发,,体育用品批发,1.0,1.0,0.85,0.1111
成都功夫之家文化传媒有限公司,8392,体育培训,0.8736,0.95,否,,1,1,体校及体育培训,,体育培训,1.0,1.0,0.85,0.1111
成都立辰体育文化传播有限公司,8921,体育场馆,0.8736,0.95,否,,1,1,体育场管理及维护,,体育场,1.0,1.0,0.85,0.1111
四川遇尚礼科技有限公司,5142,体育用品,0.8736,0.95,否,,1,1,体育用品及器材批发,,体育用品,1.0,1.0,0.85,0.1111
成都昊威体育文化传播有限公司,8911,体育赛事,0.8736,0.95,否,,1,1,策划各类体育赛事,,体育赛事,1.0,1.0,0.85,0.1111
四川体育俱乐部有限公司,8911,体育赛事,0.8736,0.95,否,,1,1,体育赛事策划,,赛事策划,1.0,1.0,0.85,0.1111
四川文渊盛合文化传媒有限公司,9052,体育管理,0.6611,0.9,是,纯跨界（行业代码非体育，文本有体育业务）,1,1,体育服务,,体育服务,1.0,1.0,0.0,0.1111
四川卓文教学设备有限公司,5142,体育用品,0.8736,0.95,否,,1,1,体育用品批发,,体育用品批发,1.0,1.0,0.85,0.1111
成都倍思博棒垒球运动有限公司,8930,健身休闲,0.2125,0.85,否,,1,0,,棒垒球运动辅导,,0.0,0.0,0.85,0.0
成都途睿体育场馆管理有限公司,8921,体育场馆,0.8736,0.95,否,,1,1,体育场馆管理服务,,体育场馆,1.0,1.0,0.85,0.1111
四川天廷雁航空体育运动有限公司,7122,体育用品,0.6611,0.9,是,纯跨界（行业代码非体育，文本有体育业务）,1,1,体育设备租赁服务,,体育设备,1.0,1.0,0.0,0.1111
成都高升青春之翼体育发展有限公司,8392,体育培训,0.8736,0.95,否,,1,1,体育培训,,体育培训,1.0,1.0,0.85,0.1111
四川齐伟业体育用品有限公司,4991,体育用品,0.6611,0.9,是,纯跨界（行业代码非体育，文本有体育业务）,1,1,体育器材安装,,体育器材,1.0,1.0,0.0,0.1111
成都雅臻茶楼有限公司,8930,健身休闲,0.2125,0.85,否,,1,0,,棋牌室服务,,0.0,0.0,0.85,0.0
四川勇骄科技有限公司,8911,体育赛事,0.8736,0.95,否,,1,1,体育赛事策划服务,,赛事策划,1.0,1.0,0.85,0.1111
成都驴友行天下户外用品有限公司,5242,体育用品,0.8736,0.95,否,,1,1,体育用品零售,,体育用品零售,1.0,1.0,0.85,0.1111
四川卓孚体育文化发展有限公司,8911,体育赛事,0.8736,0.95,否,,1,1,体育竞赛组织,,体育竞赛,1.0,1.0,0.85,0.1111
成都红狼体育发展有限公司,8911,体育赛事,0.8736,0.95,否,,1,1,体育竞赛,,体育竞赛,1.0,1.0,0.85,0.1111
成都赛欢体育文化传播有限公司,8930,健身休闲,0.8736,0.95,否,,1,1,健身服务,,健身服务,1.0,1.0,0.85,0.1111
成都中体大健康体育文化传播有限公司,8911,体育赛事,0.8736,0.95,否,,1,1,体育竞赛组织,,体育竞赛,1.0,1.0,0.85,0.1111
成都多康体育用品有限公司,5142,体育用品,0.8736,0.95,否,,1,1,体育用品批发,,体育用品批发,1.0,1.0,0.85,0.1111
四川龙速博耀体育科技有限公司,5242,体育用品,0.8736,0.95,否,,1,1,体育用品零售,,体育用品零售,1.0,1.0,0.85,0.1111
成都市丽呈诺兰酒店有限公司,8930,健身休闲,0.2125,0.85,否,,1,0,,棋牌服务,,0.0,0.0,0.85,0.0
四川恒众合力建筑劳务有限公司,4892,体育场馆,0.2125,0.85,否,,1,0,,绿道施工,,0.0,0.0,0.85,0.0
四川三入茶山餐饮管理有限公司,8930,健身休闲,0.2125,0.85,否,,1,0,,棋牌室服务,,0.0,0.0,0.85,0.0
四川风云冰雪体育文化发展有限责任公司,8930,健身休闲,0.8736,0.95,否,,1,1,滑冰运动,,滑冰,1.0,1.0,0.85,0.1111
四川艾动星体育文化发展有限公司,8392,体育培训,0.2125,0.85,否,,1,0,,信息技术咨询服务,,0.0,0.0,0.85,0.0
成都清思体育文化传播有限公司,8999,体育管理,0.6611,0.9,是,纯跨界（行业代码非体育，文本有体育业务）,1,1,体育文化传播,,体育文化,1.0,1.0,0.0,0.1111
成都乐智体文化传播有限公司,9052,体育赛事,0.6611,0.9,是,纯跨界（行业代码非体育，文本有体育业务）,1,1,体育赛事表演服务,,体育赛事,1.0,1.0,0.0,0.1111
四川省满天星体育发展有限公司,9052,体育赛事,0.6611,0.9,是,纯跨界（行业代码非体育，文本有体育业务）,1,1,体育表演服务,,体育表演,1.0,1.0,0.0,0.1111
四川腾丰羽体育用品有限公司,5242,体育用品,0.8736,0.95,否,,1,1,体育用品零售,,体育用品零售,1.0,1.0,0.85,0.1111
成都恩尧商贸有限公司,5142,体育用品,0.2125,0.85,否,,1,0,,玩具动漫及游艺用品零售,,0.0,0.0,0.85,0.0
成都制胜往前体育文化传播有限责任公司,8921,体育场馆,0.8736,0.95,否,,1,1,体育场馆管理,,体育场馆,1.0,1.0,0.85,0.1111
四川蓝康健身服务有限公司,8930,健身休闲,0.2125,0.85,否,,1,0,,健身休闲活动,,0.0,0.0,0.85,0.0
成都宇瀚体育用品有限公司,5242,体育用品,0.8736,0.95,否,,1,1,体育用品及器材零售,,体育用品,1.0,1.0,0.85,0.1111
成都乒搏体育用品有限公司,5242,体育用品,0.8736,0.95,否,,1,1,体育用品及器材零售,,体育用品,1.0,1.0,0.85,0.1111
四川世博德体育设施工程有限公司,4892,体育场馆,0.8736,0.95,否,,1,1,体育场地设施工程施工,,体育场地设施,1.0,1.0,0.85,0.1111
四川新辰体育文化有限公司,8930,健身休闲,0.8736,0.95,否,,1,1,体育健身服务,,健身服务,1.0,1.0,0.85,0.1111
成都欢鸿腾体育文化传播有限公司,5242,体育用品,0.8736,0.95,否,,1,1,体育用品及器械零售,,体育用品,1.0,1.0,0.85,0.1111
四川菲瑞克小飞人文化传播有限公司,8392,体育培训,0.8736,0.95,否,,1,1,体育培训,,体育培训,1.0,1.0,0.85,0.1111
成都锐森文化传播有限公司,9052,体育赛事,0.6611,0.9,是,纯跨界（行业代码非体育，文本有体育业务）,1,1,体育赛事策划服务,,赛事策划,1.0,1.0,0.0,0.1111
成都荣冠诚美体育用品有限公司,5242,体育用品,0.8736,0.95,否,,1,1,体育用品及器材批发,,体育用品,1.0,1.0,0.85,0.1111
成都隆创友邦建设工程有限公司,4892,体育场馆,0.8736,0.95,否,,1,1,体育场地设施工程施工,,体育场地设施,1.0,1.0,0.85,0.1111
成都卷卷体育俱乐部有限公司,8911,体育赛事,0.8736,0.95,否,,1,1,体育竞赛组织,,体育竞赛,1.0,1.0,0.85,0.1111
成都滔凡体育文化传播有限公司,9052,体育赛事,0.6611,0.9,是,纯跨界（行业代码非体育，文本有体育业务）,1,1,体育赛事策划,,赛事策划,1.0,1.0,0.0,0.1111
四川洪飞杨体育文化发展有限公司,8919,体育管理,0.8736,0.95,否,,1,1,其他体育组织,,体育组织,1.0,1.0,0.85,0.1111
成都嘉动力体育文化传播有限公司,8392,体育培训,0.8736,0.95,否,,1,1,体育培训,,体育培训,1.0,1.0,0.85,0.1111
四川天际瑞博科技有限公司,5242,体育用品,0.8736,0.95,否,,1,1,运动器材零售,,运动器材,1.0,1.0,0.85,0.1111
成都宏通雨洋进出口贸易有限公司,5242,体育用品,0.8736,0.95,否,,1,1,体育用品及器材零售,,体育用品,1.0,1.0,0.85,0.1111
成都奥创体育文化传播有限公司,5142,体育用品,0.8736,0.95,否,,1,1,体育用品及器材批发,,体育用品,1.0,1.0,0.85,0.1111
四川明田源建筑工程有限公司,4892,体育场馆,0.8736,0.95,否,,1,1,体育场地设施工程施工,,体育场地设施,1.0,1.0,0.85,0.1111
成都燊源鑫达商贸有限公司,5242,体育用品,0.8736,0.95,否,,1,1,体育用品及器材零售,,体育用品,1.0,1.0,0.85,0.1111
四川邺生建筑工程有限公司,4892,体育场馆,0.8736,0.95,否,,1,1,体育场地工程施工,,体育场地,1.0,1.0,0.85,0.1111
成都一路驴行户外运动有限公司,8930,健身休闲,0.8736,0.95,否,,1,1,户外运动,,户外运动,1.0,1.0,0.85,0.1111
成都冲搏体育文化发展有限公司,8392,体育培训,0.8736,0.95,否,,1,1,体育培训,,体育培训,1.0,1.0,0.85,0.1111
四川飞派健身器材有限公司,5242,体育用品,0.8736,0.95,否,,1,1,体育用品及器材零售,,体育用品,1.0,1.0,0.85,0.1111
四川鑫雄起体育产业发展有限公司,8911,体育赛事,0.8736,0.95,否,,1,1,体育赛事组织策划服务,,体育赛事,1.0,1.0,0.85,0.1111
成都美又佳文化体育用品有限公司,5242,体育用品,0.8736,0.95,否,,1,1,零售文化体育用品,,体育用品,1.0,1.0,0.85,0.1111
成都恒淼贸易有限公司,5142,体育用品,0.8736,0.95,否,,1,1,体育用品及器材批发,,体育用品,1.0,1.0,0.85,0.1111
四川天皓康体体育设施有限公司,5242,体育用品,0.8736,0.95,否,,1,1,体育用品零售,,体育用品零售,1.0,1.0,0.85,0.1111
成都七彩祥云文化传媒有限责任公司,8930,健身休闲,0.2125,0.85,否,,1,0,,户外活动拓展训练,,0.0,0.0,0.85,0.0
四川普罗修斯体育文化传播有限公司,8911,体育管理,0.2125,0.85,否,,1,0,,组织策划体育活动,,0.0,0.0,0.85,0.0
成都美佳佳体育用品有限公司,5242,体育用品,0.8736,0.95,否,,1,1,体育用品零售,,体育用品零售,1.0,1.0,0.85,0.1111
成都豪伦乒乓球俱乐部有限公司,8392,体育培训,0.2125,0.85,否,,1,0,,乒乓培训,,0.0,0.0,0.85,0.0
四川成都联诚体育健身有限公司,8912,体育管理,0.8736,0.95,否,,1,1,体育管理服务,,体育管理,1.0,1.0,0.85,0.1111
四川奕融盛建设工程有限公司,4892,体育场馆,0.8736,0.95,否,,1,1,体育场地设施工程施工,,体育场地设施,1.0,1.0,0.85,0.1111
成都第三力量训练技术有限公司,8392,体育培训,0.2125,0.85,否,,1,0,,户外培训,,0.0,0.0,0.85,0.0
成都至高点户外运动有限公司,8930,健身休闲,0.2125,0.85,否,,1,0,,健身休闲活动,,0.0,0.0,0.85,0.0
成都洪兴教育咨询有限公司,8392,体育培训,0.8736,0.95,否,,1,1,体育教育服务,,体育教育,1.0,1.0,0.85,0.1111
成都精兵商贸有限公司,8930,健身休闲,0.2125,0.85,否,,1,0,,团建活动策划,,0.0,0.0,0.85,0.0
成都鼎傲汇健身服务有限公司,8930,健身休闲,0.8736,0.95,否,,1,1,健身服务,,健身服务,1.0,1.0,0.85,0.1111
四川集成社体育文化传播有限公司,5242,体育用品,0.8736,0.95,否,,1,1,体育用品零售,,体育用品零售,1.0,1.0,0.85,0.1111
成都众和晨康体育用品有限责任公司,5242,体育用品,0.8736,0.95,否,,1,1,体育用品零售,,体育用品零售,1.0,1.0,0.85,0.1111
成都疾风星辰羽毛球俱乐部有限公司,5242,体育用品,0.8736,0.95,否,,1,1,体育用品零售,,体育用品零售,1.0,1.0,0.85,0.1111
成都集成康力体育用品有限责任公司,5242,体育用品,0.8736,0.95,否,,1,1,体育用品零售,,体育用品零售,1.0,1.0,0.85,0.1111
四川冠驰舞林体育俱乐部有限公司,8930,体育管理,0.8736,0.95,否,,1,1,体育俱乐部服务,,体育俱乐部,1.0,1.0,0.85,0.1111
成都凯途高山户外运动有限责任公司,8919,体育管理,0.2125,0.85,否,,1,0,,户外技术服务,,0.0,0.0,0.85,0.0
成都构思特健身有限责任公司,8930,健身休闲,0.2125,0.85,否,,1,0,,健身娱乐活动,,0.0,0.0,0.85,0.0
成都霓呀霓雅文化传播有限公司,8930,健身休闲,0.2125,0.85,否,,1,0,,组织健身休闲活动,,0.0,0.0,0.85,0.0
成都嘉翔体育文化传播有限公司,8930,健身休闲,0.8736,0.95,否,,1,1,健身服务,,健身服务,1.0,1.0,0.85,0.1111
成都造梦番文化艺术有限公司,8930,健身休闲,0.2125,0.85,否,,1,0,,健身休闲活动,,0.0,0.0,0.85,0.0
成都跃达体育健身有限公司,8930,体育用品,0.8847,0.95,否,,1,1,体育用品健身服务,,体育用品; 健身服务,1.0,1.0,0.85,0.2222
四川泓旭汇体育用品有限公司,5242,体育用品,0.8736,0.95,否,,1,1,体育用品零售,,体育用品零售,1.0,1.0,0.85,0.1111
成都飞人舞夫体育文化传播有限责任公司,5142,体育用品,0.8736,0.95,否,,1,1,体育用品批发,,体育用品批发,1.0,1.0,0.85,0.1111
四川安体致远实业有限公司,8392,体育赛事,0.8736,0.95,否,,1,1,体育赛事培训,,体育赛事,1.0,1.0,0.85,0.1111
四川淼沐杰游泳健身服务有限公司,8921,体育场馆,0.8736,0.95,否,,1,1,游泳馆,,游泳馆,1.0,1.0,0.85,0.1111
四川平云通用航空服务有限公司,8930,健身休闲,0.2125,0.85,否,,1,0,,热汽球动力伞飞行,,0.0,0.0,0.85,0.0
四川星耀优华体育科技有限公司,7246,体育管理,0.6611,0.9,是,纯跨界（行业代码非体育，文本有体育业务）,1,1,体育咨询,,体育咨询,1.0,1.0,0.0,0.1111
成都道佳科技有限公司,5142,体育用品,0.8736,0.95,否,,1,1,体育用品批发,,体育用品批发,1.0,1.0,0.85,0.1111
成都欣轻扬健身服务有限公司,8930,健身休闲,0.8736,0.95,否,,1,1,健身服务,,健身服务,1.0,1.0,0.85,0.1111
中外天地电竞联赛有限公司,8911,体育管理,0.2125,0.85,否,,1,0,,游戏竞赛活动策划服务,,0.0,0.0,0.85,0.0
四川砺剑拓展训练服务有限公司,8930,健身休闲,0.2125,0.85,否,,1,0,,拓展训练服务,,0.0,0.0,0.85,0.0
四川英华莱恩文化发展有限公司,5242,体育用品,0.8736,0.95,否,,1,1,体育用品零售,,体育用品零售,1.0,1.0,0.85,0.1111
成都悦来悦健身服务有限公司,8930,健身休闲,0.2125,0.85,否,,1,0,,私教健身,,0.0,0.0,0.85,0.0
成都极音音游文化传播有限公司,8930,健身休闲,0.2125,0.85,否,,1,0,,健身休闲活动,,0.0,0.0,0.85,0.0
成都马一鸣体育文化传播有限公司,8392,体育培训,0.2125,0.85,否,,1,0,,拳击培训,,0.0,0.0,0.85,0.0
四川普罗帝泳池浴室设备安装有限公司,5242,体育用品,0.2125,0.85,否,,1,0,,泳池浴室设备零售,,0.0,0.0,0.85,0.0
成都飞炫科技有限公司,5142,体育用品,0.8736,0.95,否,,1,1,体育用品及器材批发,,体育用品,1.0,1.0,0.85,0.1111
成都鑫宏宇体育场馆设施工程有限公司,5142,体育用品,0.8736,0.95,否,,1,1,体育用品批发,,体育用品批发,1.0,1.0,0.85,0.1111
四川韦艾斯健身服务有限公司,8930,健身休闲,0.8736,0.95,否,,1,1,健身服务,,健身服务,1.0,1.0,0.85,0.1111
四川伯斯特赤龙体育设施有限公司,5242,体育用品,0.8736,0.95,否,,1,1,零售体育器材,,体育器材,1.0,1.0,0.85,0.1111
四川尚戈体育发展有限公司,8930,健身休闲,0.8736,0.95,否,,1,1,健身服务,,健身服务,1.0,1.0,0.85,0.1111
四川丰报未来文化传播有限公司,8392,体育培训,0.8736,0.95,否,,1,1,少儿体能培训,,少儿体能,1.0,1.0,0.85,0.1111
成都好时健乐会健身服务有限公司,8930,健身休闲,0.8736,0.95,否,,1,1,健身服务,,健身服务,1.0,1.0,0.85,0.1111
成都孚瑞鑫泰科技有限公司,5242,体育用品,0.8736,0.95,否,,1,1,体育用品零售,,体育用品零售,1.0,1.0,0.85,0.1111
成都嘉信同恒文化传播有限公司,8919,体育管理,0.2125,0.85,否,,1,0,,组织文化艺术交流活动,,0.0,0.0,0.85,0.0
成都创融达科技有限公司,2449,体育用品,0.2125,0.85,否,,1,0,,生产钓鱼用具,,0.0,0.0,0.85,0.0
成都原力熊健身有限公司,8930,健身休闲,0.8736,0.95,否,,1,1,健身服务,,健身服务,1.0,1.0,0.85,0.1111
成都中印丁丁瑜伽有限公司,8930,健身休闲,0.8736,0.95,否,,1,1,瑜伽健身服务,,瑜伽; 健身服务,1.0,1.0,0.85,0.1111
成都未来之星网球俱乐部,8392,体育培训,0.8736,0.95,否,,1,1,网球培训服务,,网球培训,1.0,1.0,0.85,0.1111
四川巴巴适适体育设施有限公司,4892,体育场馆,0.8736,0.95,否,,1,1,体育场地设施工程施工,,体育场地设施,1.0,1.0,0.85,0.1111
成都浪池游泳服务有限公司,8921,健身休闲,0.8736,0.95,否,,1,1,经营游泳池,,游泳池,1.0,1.0,0.85,0.1111
成都红红火火科技有限公司,5242,体育用品,0.8736,0.95,否,,1,1,销售体育用品体育用品维修咨询服务,,体育用品,1.0,1.0,0.85,0.1111
金衫贸易（成都）有限公司,5242,体育用品,0.8736,0.95,否,,1,1,体育用品零售,,体育用品零售,1.0,1.0,0.85,0.1111
成都市能量跳动健身服务有限公司,8930,健身休闲,0.8736,0.95,否,,1,1,健身服务,,健身服务,1.0,1.0,0.85,0.1111
成都佳俊星体育文化传播有限公司,8911,体育赛事,0.8736,0.95,否,,1,1,体育竞赛组织,,体育竞赛,1.0,1.0,0.85,0.1111
成都惊鲵潜水设备有限公司,5242,健身休闲,0.8736,0.95,否,,1,1,潜水设备零售,,潜水,1.0,1.0,0.85,0.1111
四川爱虹体育文化传播有限公司,5242,体育用品,0.8736,0.95,否,,1,1,体育用品零售,,体育用品零售,1.0,1.0,0.85,0.1111
成都聚源宝川商贸有限责任公司,8930,健身休闲,0.8736,0.95,否,,1,1,健身服务,,健身服务,1.0,1.0,0.85,0.1111
成都布潭儿体育文化推广有限公司,8392,体育培训,0.2125,0.85,否,,1,0,,少儿蓝球培训,,0.0,0.0,0.85,0.0
四川省远正体育文化发展有限公司,8392,体育培训,0.8736,0.95,否,,1,1,体育培训,,体育培训,1.0,1.0,0.85,0.1111
成都深行户外运动有限公司,9052,体育赛事,0.6611,0.9,是,纯跨界（行业代码非体育，文本有体育业务）,1,1,体育赛事组织,,体育赛事,1.0,1.0,0.0,0.1111
四川慧辰体育文化传播有限责任公司,8921,体育场馆,0.8736,0.95,否,,1,1,体育场馆管理,,体育场馆,1.0,1.0,0.85,0.1111
成都谢菲联投资有限责任公司,8911,体育用品,0.8736,0.95,否,,1,1,足球俱乐部服务,,足球,1.0,1.0,0.85,0.1111
四川普煦体育文化发展有限公司,8930,健身休闲,0.8736,0.95,否,,1,1,普拉提瑜伽服务,,普拉提; 瑜伽,1.0,1.0,0.85,0.1111
成都蓉德茶府有限公司,8930,健身休闲,0.2125,0.85,否,,1,0,,健身休闲活动,,0.0,0.0,0.85,0.0
成都天下齐文体育发展有限公司,8930,健身休闲,0.2125,0.85,否,,1,0,,匹克球推广服务,,0.0,0.0,0.85,0.0
成都山隹户外文化传媒有限公司,5242,体育用品,0.2125,0.85,否,,1,0,,户外用品零售,,0.0,0.0,0.85,0.0
成都义伯尼健身服务有限公司,8930,健身休闲,0.2125,0.85,否,,1,0,,健身休闲活动,,0.0,0.0,0.85,0.0
世民四川足球俱乐部有限公司,8911,体育赛事,0.8736,0.95,否,,1,1,体育赛事策划,,赛事策划,1.0,1.0,0.85,0.1111
四川利顺体育文化发展有限公司,8911,体育赛事,0.8736,0.95,否,,1,1,体育竞赛组织,,体育竞赛,1.0,1.0,0.85,0.1111
四川省中科启航户外拓展有限责任公司,8930,健身休闲,0.2125,0.85,否,,1,0,,健身休闲活动,,0.0,0.0,0.85,0.0
成都燚万体育发展有限责任公司,8930,健身休闲,0.8736,0.95,否,,1,1,健身服务,,健身服务,1.0,1.0,0.85,0.1111
成都极麟体育文化发展有限公司,8392,体育培训,0.8736,0.95,否,,1,1,体育培训,,体育培训,1.0,1.0,0.85,0.1111
成都鑫宏未来体育俱乐部有限公司,9052,体育赛事,0.6611,0.9,是,纯跨界（行业代码非体育，文本有体育业务）,1,1,体育赛事策划,,赛事策划,1.0,1.0,0.0,0.1111
成都超玥且思教育科技有限公司,8392,体育培训,0.2125,0.85,否,,1,0,,棋类训练,,0.0,0.0,0.85,0.0
成都楠仟煜电子商务工作室,5242,体育用品,0.8736,0.95,否,,1,1,体育用品及器材零售,,体育用品,1.0,1.0,0.85,0.1111
成都道合亦禅体育文化传播有限公司,8392,体育培训,0.8736,0.95,否,,1,1,体育培训,,体育培训,1.0,1.0,0.85,0.1111
四川寰球拓海体育文化发展有限公司,8919,体育管理,0.8736,0.95,否,,1,1,体育文化组织,,体育文化,1.0,1.0,0.85,0.1111
成都优加瑜伽健身有限公司,8930,健身休闲,0.2125,0.85,否,,1,0,,健身休闲活动,,0.0,0.0,0.85,0.0
成都佰仕偈体育用品有限公司,5242,体育用品,0.8736,0.95,否,,1,1,体育用品及器材零售,,体育用品,1.0,1.0,0.85,0.1111
四川奥雅体育文化传播有限责任公司,8930,健身休闲,0.8736,0.95,否,,1,1,台球服务,,台球,1.0,1.0,0.85,0.1111
四川艾弗温尼体育发展有限公司,8911,体育赛事,0.8736,0.95,否,,1,1,体育赛事策划,,赛事策划,1.0,1.0,0.85,0.1111
四川有家斜杠体育文化传播有限公司,8930,健身休闲,0.2125,0.85,否,,1,0,,休闲健身活动,,0.0,0.0,0.85,0.0
成都征程户外运动有限公司,8930,健身休闲,0.2125,0.85,否,,1,0,,户外活动策划,,0.0,0.0,0.85,0.0
成都市悟同健身服务有限公司,8930,健身休闲,0.2125,0.85,否,,1,0,,健身休闲活动,,0.0,0.0,0.85,0.0
成都天益氧体育文化传播有限责任公司,8921,体育场馆,0.8736,0.95,否,,1,1,体育场馆管理,,体育场馆,1.0,1.0,0.85,0.1111
成都九六健身有限公司,8930,健身休闲,0.8736,0.95,否,,1,1,健身服务,,健身服务,1.0,1.0,0.85,0.1111
四川省奕乐连昇户外运动有限公司,8930,健身休闲,0.2125,0.85,否,,1,0,,健身休闲活动,,0.0,0.0,0.85,0.0
成都龙麦健身服务有限公司,8930,健身休闲,0.8736,0.95,否,,1,1,健身服务,,健身服务,1.0,1.0,0.85,0.1111
成都欢腾教育咨询有限公司,8392,体育培训,0.8736,0.95,否,,1,1,0-6岁游泳培训,,游泳培训,1.0,1.0,0.85,0.1111
成都市运之星健身服务有限公司,8930,健身休闲,0.8736,0.95,否,,1,1,健身服务,,健身服务,1.0,1.0,0.85,0.1111
四川果思路体育运动有限公司,8911,体育赛事,0.8736,0.95,否,,1,1,体育赛事策划,,赛事策划,1.0,1.0,0.85,0.1111
四川鑫启源体育场馆管理有限公司,8921,体育场馆,0.8736,0.95,否,,1,1,体育场馆管理,,体育场馆,1.0,1.0,0.85,0.1111
成都邦峻商贸有限公司,5242,体育用品,0.8736,0.95,否,,1,1,体育用品零售,,体育用品零售,1.0,1.0,0.85,0.1111
成都瀚海奇门健身服务有限公司,8930,健身休闲,0.8736,0.95,否,,1,1,室内健身服务,,健身服务,1.0,1.0,0.85,0.1111
成都泰谱运康生命健康科技有限公司,8992,健身休闲,0.6611,0.9,是,纯跨界（行业代码非体育，文本有体育业务）,1,1,运动康复服务,,运动康复,1.0,1.0,0.0,0.1111
四川麦田晨曦商业管理有限公司,8930,健身休闲,0.8736,0.95,否,,1,1,健身服务,,健身服务,1.0,1.0,0.85,0.1111
成都驰胜体育文化推广有限公司,8921,体育场馆,0.8736,0.95,否,,1,1,体育场馆服务,,体育场馆,1.0,1.0,0.85,0.1111
成都满球体育文化传播有限公司,9052,体育赛事,0.6611,0.9,是,纯跨界（行业代码非体育，文本有体育业务）,1,1,体育赛事策划服务,,赛事策划,1.0,1.0,0.0,0.1111
四川无界领域文化发展有限公司,9052,体育赛事,0.6611,0.9,是,纯跨界（行业代码非体育，文本有体育业务）,1,1,体育赛事策划,,赛事策划,1.0,1.0,0.0,0.1111
成都一心臻健康管理有限公司,8930,健身休闲,0.8736,0.95,否,,1,1,瑜珈健身服务,,健身服务,1.0,1.0,0.85,0.1111
成都木本缘健身服务有限公司,8930,健身休闲,0.8736,0.95,否,,1,1,瑜伽健身经营,,瑜伽,1.0,1.0,0.85,0.1111
成都猴哥茶楼有限公司,8930,健身休闲,0.2125,0.85,否,,1,0,,棋牌室服务,,0.0,0.0,0.85,0.0
四川御风体育文化发展有限公司,5242,体育用品,0.8736,0.95,否,,1,1,体育用品及器材零售,,体育用品,1.0,1.0,0.85,0.1111
成都新凌云体育培训有限公司,8392,体育培训,0.2125,0.85,否,,1,0,,体育技能培训,,0.0,0.0,0.85,0.0
成都文阳众源体育器材有限公司,7122,体育用品,0.6611,0.9,是,纯跨界（行业代码非体育，文本有体育业务）,1,1,体育器材租赁,,体育器材,1.0,1.0,0.0,0.1111
成都粉兔体育文化传播有限公司,8930,健身休闲,0.8736,0.95,否,,1,1,健身服务,,健身服务,1.0,1.0,0.85,0.1111
成都理想主义商贸有限公司,5142,体育用品,0.8736,0.95,否,,1,1,体育用品批发,,体育用品批发,1.0,1.0,0.85,0.1111
成都目的地健身俱乐部有限公司,8930,健身休闲,0.2125,0.85,否,,1,0,,健身锻炼服务,,0.0,0.0,0.85,0.0
四川金钩体育文化发展有限公司,5242,体育用品,0.2125,0.85,否,,1,0,,体育产品零售,,0.0,0.0,0.85,0.0
成都米罗健身服务有限公司,8930,健身休闲,0.8736,0.95,否,,1,1,健身服务,,健身服务,1.0,1.0,0.85,0.1111
成都野阔体育用品有限责任公司,5242,体育用品,0.8736,0.95,否,,1,1,体育用品零售,,体育用品零售,1.0,1.0,0.85,0.1111
成都光合健康管理有限公司,8921,体育场馆,0.8736,0.95,否,,1,1,体育场管理,,体育场,1.0,1.0,0.85,0.1111
成都里高体育经纪有限公司,9052,体育赛事,0.6611,0.9,是,纯跨界（行业代码非体育，文本有体育业务）,1,1,体育赛事活动策划服务,,体育赛事,1.0,1.0,0.0,0.1111
成都骑星文化传播有限公司,8930,健身休闲,0.2125,0.85,否,,1,0,,骑术服务,,0.0,0.0,0.85,0.0
成都瑞得轩商贸有限公司,5142,健身休闲,0.8736,0.95,否,,1,1,批发户外运动装备,,户外运动,1.0,1.0,0.85,0.1111
成都程欣体育文化传播有限公司,8911,体育赛事,0.8736,0.95,否,,1,1,体育竞赛组织,,体育竞赛,1.0,1.0,0.85,0.1111
四川省医美体育俱乐部有限公司,8911,体育赛事,0.8736,0.95,否,,1,1,体育赛事组织,,体育赛事,1.0,1.0,0.85,0.1111
成都安得天健体育科技有限公司,8930,健身休闲,0.8736,0.95,否,,1,1,健身服务,,健身服务,1.0,1.0,0.85,0.1111
成都迈盛众勃体育设施有限公司,5142,体育用品,0.8736,0.95,否,,1,1,运动器材批发,,运动器材,1.0,1.0,0.85,0.1111
成都拾汐瑜伽有限公司,8930,健身休闲,0.8736,0.95,否,,1,1,瑜伽健身服务,,瑜伽; 健身服务,1.0,1.0,0.85,0.1111
成都兴迈通商贸有限公司,5142,体育用品,0.8736,0.95,否,,1,1,体育用品批发,,体育用品批发,1.0,1.0,0.85,0.1111
成都简练体育文化传播有限公司,8930,健身休闲,0.8736,0.95,否,,1,1,健身服务,,健身服务,1.0,1.0,0.85,0.1111
四川极潜户外运动有限公司,7122,体育用品,0.6611,0.9,是,纯跨界（行业代码非体育，文本有体育业务）,1,1,体育用品设备出租,,体育用品,1.0,1.0,0.0,0.1111
成都鑫恩体育用品有限公司,5242,体育用品,0.8736,0.95,否,,1,1,体育用品零售,,体育用品零售,1.0,1.0,0.85,0.1111
四川旅投体育文化传播有限公司,7246,体育管理,0.6611,0.9,是,纯跨界（行业代码非体育，文本有体育业务）,1,1,体育咨询,,体育咨询,1.0,1.0,0.0,0.1111
成都大川会务服务有限公司,8930,健身休闲,0.2125,0.85,否,,1,0,,户外活动组织策划,,0.0,0.0,0.85,0.0
成都康鸿贵运电子商务有限公司,5242,体育用品,0.2125,0.85,否,,1,0,,互联网销售,,0.0,0.0,0.85,0.0
成都棒球帽健身服务有限公司,8930,健身休闲,0.2125,0.85,否,,1,0,,信息咨询服务,,0.0,0.0,0.85,0.0
四川魔瘦麦吉克体育管理有限公司,8911,体育赛事,0.8736,0.95,否,,1,1,体育赛事活动组织,,体育赛事,1.0,1.0,0.85,0.1111
四川渝鸿福记餐饮管理有限公司,8930,健身休闲,0.2125,0.85,否,,1,0,,健身休闲服务,,0.0,0.0,0.85,0.0
成都仁武形体育文化有限公司,5142,体育用品,0.8736,0.95,否,,1,1,体育用品批发,,体育用品批发,1.0,1.0,0.85,0.1111
成都滔思翌体育文化传播有限公司,8921,体育场馆,0.8736,0.95,否,,1,1,体育场馆经营管理活动,,体育场馆,1.0,1.0,0.85,0.1111
成都匠王德利缘商贸有限公司,5142,体育用品,0.8736,0.95,否,,1,1,体育用品批发,,体育用品批发,1.0,1.0,0.85,0.1111
四川左图右书图书有限公司,5242,体育用品,0.8736,0.95,否,,1,1,体育用品及器材零售,,体育用品,1.0,1.0,0.85,0.1111
成都拳星狮门体育文化传播有限公司,9052,体育赛事,0.6611,0.9,是,纯跨界（行业代码非体育，文本有体育业务）,1,1,体育赛事策划,,赛事策划,1.0,1.0,0.0,0.1111
四川路索体育文化发展有限公司,8912,体育管理,0.2125,0.85,否,,1,0,,体育保障组织,,0.0,0.0,0.85,0.0
成都动乐康品牌管理有限公司,7246,体育管理,0.6611,0.9,是,纯跨界（行业代码非体育，文本有体育业务）,1,1,体育咨询,,体育咨询,1.0,1.0,0.0,0.1111
成都梦舞蝶娱乐有限公司,8930,健身休闲,0.2125,0.85,否,,1,0,,健身休闲活动,,0.0,0.0,0.85,0.0
四川动络星体育赛事策划有限公司,9052,体育赛事,0.6611,0.9,是,纯跨界（行业代码非体育，文本有体育业务）,1,1,体育赛事策划,,赛事策划,1.0,1.0,0.0,0.1111
成都梧淯文化传播有限公司,5242,体育用品,0.8736,0.95,否,,1,1,体育用品零售,,体育用品零售,1.0,1.0,0.85,0.1111
四川雪怪户外运动有限公司,8930,健身休闲,0.2125,0.85,否,,1,0,,健身休闲服务,,0.0,0.0,0.85,0.0
四川争先体育设施工程有限公司,4892,体育场馆,0.8736,0.95,否,,1,1,体育场地工程施工,,体育场地,1.0,1.0,0.85,0.1111
四川智慧锦城体育发展有限公司,9052,体育赛事,0.6611,0.9,是,纯跨界（行业代码非体育，文本有体育业务）,1,1,体育竞赛组织,,体育竞赛,1.0,1.0,0.0,0.1111
成都动源健身服务有限公司,8930,健身休闲,0.2125,0.85,否,,1,0,,健身休闲活动,,0.0,0.0,0.85,0.0
成都鸣安拓展训练有限公司,8930,健身休闲,0.2125,0.85,否,,1,0,,体验式拓展活动及策划,,0.0,0.0,0.85,0.0
四川丰凯乐体育场馆管理有限公司,8921,体育场馆,0.8736,0.95,否,,1,1,体育场馆管理,,体育场馆,1.0,1.0,0.85,0.1111
成都海乐西智健身服务有限公司,8930,健身休闲,0.8736,0.95,否,,1,1,健身服务,,健身服务,1.0,1.0,0.85,0.1111
四川斯泊特体育文化传播有限公司,9052,体育赛事,0.6611,0.9,是,纯跨界（行业代码非体育，文本有体育业务）,1,1,体育赛事策划,,赛事策划,1.0,1.0,0.0,0.1111
成都市武外体育发展有限公司,7246,体育管理,0.6611,0.9,是,纯跨界（行业代码非体育，文本有体育业务）,1,1,体育咨询,,体育咨询,1.0,1.0,0.0,0.1111
成都人才书会商贸有限公司,5242,体育用品,0.8736,0.95,否,,1,1,体育用品及器材零售,,体育用品,1.0,1.0,0.85,0.1111
四川晟睿体育设施工程有限公司,4892,体育场馆,0.8736,0.95,否,,1,1,体育场地设施工程,,体育场地设施,1.0,1.0,0.85,0.1111
成都酷建体育文化传播有限公司,5242,体育用品,0.8736,0.95,否,,1,1,运动器材零售,,运动器材,1.0,1.0,0.85,0.1111
成都韦同体育健身有限公司,8930,健身休闲,0.8736,0.95,否,,1,1,健身服务,,健身服务,1.0,1.0,0.85,0.1111
成都华淼传媒有限公司,9052,体育赛事,0.6611,0.9,是,纯跨界（行业代码非体育，文本有体育业务）,1,1,组织体育表演活动,,体育表演,1.0,1.0,0.0,0.1111
成都书筑图书有限公司,5242,体育用品,0.8736,0.95,否,,1,1,体育用品及器材零售,,体育用品,1.0,1.0,0.85,0.1111
成都源熙体育文化传播有限责任公司,8930,健身休闲,0.8736,0.95,否,,1,1,体育健身服务,,健身服务,1.0,1.0,0.85,0.1111
成都宏腾威科技有限责任公司,8991,体育传媒,0.6611,0.9,是,纯跨界（行业代码非体育，文本有体育业务）,1,1,文化体育推广及服务,,体育推广,1.0,1.0,0.0,0.1111
成都鑫海业体育用品有限公司,5242,体育用品,0.8736,0.95,否,,1,1,零售体育用品,,体育用品,1.0,1.0,0.85,0.1111
成都绿橄榄教育科技有限公司,8919,体育管理,0.2125,0.85,否,,1,0,,户外体育活动策划,,0.0,0.0,0.85,0.0
成都东铭广告有限公司,5142,体育用品,0.8736,0.95,否,,1,1,文化体育用品批发,,体育用品批发,1.0,1.0,0.85,0.1111
四川校园阳光体育文化发展有限公司,8392,体育培训,0.8736,0.95,否,,2,2,体育教育; 体育培训,,体育教育; 体育培训,1.0,1.0,0.85,0.1111
四川红气球体育发展有限公司,5242,体育用品,0.8736,0.95,否,,1,1,体育用品及器材零售,,体育用品,1.0,1.0,0.85,0.1111
成都源观达讯文化传播有限公司,5242,体育用品,0.8736,0.95,否,,1,1,体育用品及器材零售,,体育用品,1.0,1.0,0.85,0.1111
成都市靖健体育文化传播有限责任公司,9052,体育赛事,0.6611,0.9,是,纯跨界（行业代码非体育，文本有体育业务）,1,1,体育赛事活动组织策划,,体育赛事,1.0,1.0,0.0,0.1111
成都市华体行健体育科技有限责任公司,8921,体育场馆,0.8736,0.95,否,,1,1,体育场馆运营服务,,体育场馆,1.0,1.0,0.85,0.1111
成都树波体育文化传播有限公司,8911,体育赛事,0.8736,0.95,否,,1,1,体育赛事策划,,赛事策划,1.0,1.0,0.85,0.1111
成都简意平欣电子商务有限公司,5242,体育用品,0.2125,0.85,否,,1,0,,互联网销售,,0.0,0.0,0.85,0.0
成都大脚掌体育文化有限公司,8392,体育培训,0.8736,0.95,否,,1,1,体育培训教育,,体育培训,1.0,1.0,0.85,0.1111
成都启扬飞凡体育文化传播有限公司,9052,体育赛事,0.6611,0.9,是,纯跨界（行业代码非体育，文本有体育业务）,1,1,体育赛事策划,,赛事策划,1.0,1.0,0.0,0.1111
成都沁雅瑜伽有限公司,8930,健身休闲,0.8736,0.95,否,,1,1,瑜伽健身服务,,瑜伽; 健身服务,1.0,1.0,0.85,0.1111
成都晴天体育器材有限公司,5242,体育用品,0.8736,0.95,否,,1,1,体育用品零售,,体育用品零售,1.0,1.0,0.85,0.1111
成都结创源游泳池设备有限公司,5242,健身休闲,0.8736,0.95,否,,1,1,游泳池设备零售,,游泳池,1.0,1.0,0.85,0.1111
四川驰钦户外用品有限公司,5142,体育用品,0.2125,0.85,否,,1,0,,户外用品批发,,0.0,0.0,0.85,0.0
四川安力宏远体育设施有限公司,4892,体育场馆,0.8736,0.95,否,,1,1,体育场地设施工程施工,,体育场地设施,1.0,1.0,0.85,0.1111
成都领攀户外运动有限公司,8930,健身休闲,0.8736,0.95,否,,1,1,户外攀登攀岩,,攀岩,1.0,1.0,0.85,0.1111
成都利来福商贸有限公司,5242,体育用品,0.8736,0.95,否,,1,1,体育用品零售,,体育用品零售,1.0,1.0,0.85,0.1111
成都乐游天下旅游资源开发有限公司,8919,健身休闲,0.8736,0.95,否,,1,1,户外运动组织策划,,户外运动,1.0,1.0,0.85,0.1111
四川闻弈围棋俱乐部有限公司,8930,健身休闲,0.2125,0.85,否,,1,0,,棋牌室服务,,0.0,0.0,0.85,0.0
成都遥牧体育文化传播有限公司,9052,体育赛事,0.6611,0.9,是,纯跨界（行业代码非体育，文本有体育业务）,1,1,组织体育表演活动,,体育表演,1.0,1.0,0.0,0.1111
成都圣鹰体育文化传播有限公司,8930,健身休闲,0.8736,0.95,否,,1,1,运动健身服务,,健身服务,1.0,1.0,0.85,0.1111
成都芭纳内健身服务有限公司,8930,健身休闲,0.2125,0.85,否,,1,0,,健身休闲活动,,0.0,0.0,0.85,0.0
四川迪凯建设工程有限公司,2449,体育用品,0.2125,0.85,否,,1,0,,雕塑品设计,,0.0,0.0,0.85,0.0
四川栎峰体育发展有限公司,9052,体育赛事,0.6611,0.9,是,纯跨界（行业代码非体育，文本有体育业务）,1,1,体育赛事策划服务,,赛事策划,1.0,1.0,0.0,0.1111
成都柴虎健身服务有限公司,8930,健身休闲,0.8736,0.95,否,,1,1,健身服务,,健身服务,1.0,1.0,0.85,0.1111
成都白帽子健身服务有限公司,8930,健身休闲,0.8736,0.95,否,,1,1,健身服务,,健身服务,1.0,1.0,0.85,0.1111
四川惠泽智体体育文化传播有限公司,5242,体育用品,0.8736,0.95,否,,1,1,体育用品零售,,体育用品零售,1.0,1.0,0.85,0.1111
成都蓝博鑫体育文化传播有限公司,8392,体育培训,0.2125,0.85,否,,1,0,,体育运动辅导,,0.0,0.0,0.85,0.0
成都涌青体育俱乐部有限公司,8911,体育用品,0.6442,0.95,是,多元经营（体育+5条非体育业务）,9,4,一般项目：体育竞赛组织; 体育场地设施经营（不含高危险性体育运动）; 体育用品及器材零售; 体育用品设备出租,信息咨询服务（不含许可类信息咨询服务）; 健身休闲活动; 体育健康服务; （除依法须经批准的项目外; 凭营业执照依法自主开展经营活动）,体育竞赛; 体育场地设施; 体育用品,0.4444,0.8824,0.85,0.3333
四川川榜有样体育文化传播有限公司,5242,体育用品,0.8736,0.95,否,,1,1,体育用品零售,,体育用品零售,1.0,1.0,0.85,0.1111
成都助吉体育设施有限公司,5242,体育用品,0.2125,0.85,否,,1,0,,体育运动设备零售,,0.0,0.0,0.85,0.0
四川晟威尼邦体育文化传播有限公司,9052,体育赛事,0.6611,0.9,是,纯跨界（行业代码非体育，文本有体育业务）,1,1,体育赛事组织,,体育赛事,1.0,1.0,0.0,0.1111
成都活力美健身器材有限公司,5242,体育用品,0.8736,0.95,否,,1,1,零售健身器材,,健身器材,1.0,1.0,0.85,0.1111
成都昭红健身服务有限公司,8930,健身休闲,0.8736,0.95,否,,1,1,健身服务,,健身服务,1.0,1.0,0.85,0.1111
成都金博韵体育用品有限公司,5142,体育用品,0.8736,0.95,否,,1,1,体育用品批发,,体育用品批发,1.0,1.0,0.85,0.1111
成都灵指悦动体育文化发展有限公司,8392,体育培训,0.8736,0.95,否,,1,1,体育培训,,体育培训,1.0,1.0,0.85,0.1111
成都市锐型健身服务有限公司,8930,健身休闲,0.8736,0.95,否,,1,1,健身服务,,健身服务,1.0,1.0,0.85,0.1111
成都林多斯体育文化传播有限公司,8392,体育培训,0.8736,0.95,否,,1,1,体育培训服务,,体育培训,1.0,1.0,0.85,0.1111
四川千翼体育设施工程有限公司,4892,体育场馆,0.8736,0.95,否,,1,1,体育设施建设施工,,体育设施,1.0,1.0,0.85,0.1111
成都路途旅行家户外俱乐部有限公司,9052,健身休闲,0.6611,0.9,是,纯跨界（行业代码非体育，文本有体育业务）,1,1,户外运动策划服务,,户外运动,1.0,1.0,0.0,0.1111
成都禾瑞精灵体育文化发展有限公司,8392,体育培训,0.8736,0.95,否,,1,1,体育培训,,体育培训,1.0,1.0,0.85,0.1111
成都大章鱼体育俱乐部有限公司,8911,体育赛事,0.8736,0.95,否,,1,1,赛事组织服务,,赛事组织,1.0,1.0,0.85,0.1111
成都蜂鸟飞扬体育文化传播有限公司,8911,体育赛事,0.8736,0.95,否,,1,1,体育赛事活动策划,,体育赛事,1.0,1.0,0.85,0.1111
华屹（成都）体育文化传播有限公司,8911,体育赛事,0.8736,0.95,否,,1,1,体育赛事组织,,体育赛事,1.0,1.0,0.85,0.1111
四川启成体育发展有限公司,5242,体育用品,0.8736,0.95,否,,1,1,体育器材零售,,体育器材,1.0,1.0,0.85,0.1111
成都奥博特体育文化传播有限公司,9052,体育赛事,0.6611,0.9,是,纯跨界（行业代码非体育，文本有体育业务）,1,1,体育赛事策划,,赛事策划,1.0,1.0,0.0,0.1111
成都分秒动彩体育文化传播有限公司,9052,体育管理,0.6611,0.9,是,纯跨界（行业代码非体育，文本有体育业务）,1,1,体育文化传播,,体育文化,1.0,1.0,0.0,0.1111
成都五零健身服务有限公司,8930,健身休闲,0.8736,0.95,否,,1,1,健身服务,,健身服务,1.0,1.0,0.85,0.1111
成都飞特活力体育用品有限公司,5142,体育用品,0.8736,0.95,否,,1,1,体育用品批发,,体育用品批发,1.0,1.0,0.85,0.1111
成都乔氏曦月体育用品销售有限公司,5142,体育用品,0.8736,0.95,否,,1,1,体育用品及器材批发,,体育用品,1.0,1.0,0.85,0.1111
成都乔一体育文化传播有限公司,8930,健身休闲,0.2125,0.85,否,,1,0,,健身休闲活动,,0.0,0.0,0.85,0.0
成都旺媛体育器材经营部,8912,体育管理,0.2125,0.85,否,,1,0,,体育保障组织服务,,0.0,0.0,0.85,0.0
四川冠之羽羽毛球俱乐部有限公司,8392,体育培训,0.8736,0.95,否,,1,1,羽毛球培训,,羽毛球培训,1.0,1.0,0.85,0.1111
四川悦翼体育文化传播有限公司,8911,体育赛事,0.8736,0.95,否,,1,1,体育赛事服务,,体育赛事,1.0,1.0,0.85,0.1111
四川谷方月体育发展有限公司,8930,健身休闲,0.2125,0.85,否,,1,0,,健身休闲服务,,0.0,0.0,0.85,0.0
成都尚夏体育科技有限公司,8911,体育赛事,0.8736,0.95,否,,1,1,体育赛事策划,,赛事策划,1.0,1.0,0.85,0.1111
四川育国星体育科技有限公司,5142,体育用品,0.8736,0.95,否,,1,1,体育用品批发,,体育用品批发,1.0,1.0,0.85,0.1111
成都林熙户外拓展服务有限公司,8930,健身休闲,0.8736,0.95,否,,1,1,户外拓展服务,,户外拓展,1.0,1.0,0.85,0.1111
四川环球亚太电子竞技集团有限公司,8911,电子竞技,0.8736,0.95,否,,1,1,电子竞技活动组织服务,,电子竞技,1.0,1.0,0.85,0.1111
成都业华体育文化传播有限公司,8921,体育场馆,0.8736,0.95,否,,1,1,体育场地管理服务,,体育场地管理,1.0,1.0,0.85,0.1111
四川晟迈星睿体育文化传播有限公司,8921,体育场馆,0.8736,0.95,否,,1,1,体育场管理服务,,体育场,1.0,1.0,0.85,0.1111
四川浩建宇鸿建设工程有限公司,4892,体育场馆,0.8736,0.95,否,,1,1,体育场地设施工程施工,,体育场地设施,1.0,1.0,0.85,0.1111
成都叁幺幺健身管理有限公司,8930,健身休闲,0.8736,0.95,否,,1,1,健身服务,,健身服务,1.0,1.0,0.85,0.1111
四川锦亦和体育文化传播有限公司,9052,体育赛事,0.6611,0.9,是,纯跨界（行业代码非体育，文本有体育业务）,1,1,组织体育赛事,,体育赛事,1.0,1.0,0.0,0.1111
成都汉将户外运动有限公司,9052,体育赛事,0.6611,0.9,是,纯跨界（行业代码非体育，文本有体育业务）,1,1,体育赛事组织,,体育赛事,1.0,1.0,0.0,0.1111
四川毅行体育发展有限公司,9052,体育赛事,0.6611,0.9,是,纯跨界（行业代码非体育，文本有体育业务）,1,1,体育赛事策划,,赛事策划,1.0,1.0,0.0,0.1111
少年时光成都科技有限责任公司,8930,健身休闲,0.8736,0.95,否,,1,1,户外拓展团建旅游服务,,户外拓展,1.0,1.0,0.85,0.1111
四川华娱之雪体育设备有限公司,5242,体育用品,0.8736,0.95,否,,1,1,体育设备及器材零售,,体育设备,1.0,1.0,0.85,0.1111
成都咆哮拳击俱乐部有限公司,8921,体育场馆,0.8736,0.95,否,,1,1,体育场地设施经营,,体育场地设施,1.0,1.0,0.85,0.1111
成都清然户外用品有限公司,5142,体育用品,0.8736,0.95,否,,1,1,体育用品批发,,体育用品批发,1.0,1.0,0.85,0.1111
成都繁风体育文化发展有限公司,9052,体育赛事,0.6611,0.9,是,纯跨界（行业代码非体育，文本有体育业务）,1,1,体育赛事活动策划,,体育赛事,1.0,1.0,0.0,0.1111
成都惠通行商贸有限公司,5242,体育用品,0.8736,0.95,否,,1,1,体育用品零售,,体育用品零售,1.0,1.0,0.85,0.1111
成都山丘体育发展有限公司,8392,体育培训,0.8736,0.95,否,,1,1,体育培训服务,,体育培训,1.0,1.0,0.85,0.1111
成都山灯健身有限公司,8930,健身休闲,0.8736,0.95,否,,1,1,瑜伽服务,,瑜伽,1.0,1.0,0.85,0.1111
成都艾尚雅健身服务有限公司,8930,健身休闲,0.2125,0.85,否,,1,0,,健身休闲活动,,0.0,0.0,0.85,0.0
四川启明宏商务咨询有限公司,8930,健身休闲,0.8736,0.95,否,,1,1,健身服务,,健身服务,1.0,1.0,0.85,0.1111
成都忠正远行企业管理有限公司,8930,健身休闲,0.2125,0.85,否,,1,0,,健身休闲活动,,0.0,0.0,0.85,0.0
四川省益州联足球俱乐部有限公司,8911,体育管理,0.2125,0.85,否,,1,0,,体育项目策划,,0.0,0.0,0.85,0.0
四川奈斯健身管理有限责任公司,8930,健身休闲,0.2125,0.85,否,,1,0,,健身休闲服务,,0.0,0.0,0.85,0.0
成都普蕴诗文化传播有限公司,8930,健身休闲,0.8736,0.95,否,,1,1,瑜伽服务,,瑜伽,1.0,1.0,0.85,0.1111
成都奥尔赛名流健身服务有限公司,8930,健身休闲,0.2125,0.85,否,,1,0,,健身活动,,0.0,0.0,0.85,0.0
云创智慧成都体育发展有限公司,9052,体育赛事,0.6611,0.9,是,纯跨界（行业代码非体育，文本有体育业务）,1,1,体育赛事策划,,赛事策划,1.0,1.0,0.0,0.1111
成都匹特非特健身服务有限公司,8930,健身休闲,0.8736,0.95,否,,1,1,健身服务,,健身服务,1.0,1.0,0.85,0.1111
成都斯利达文化体育用品有限公司,5242,体育用品,0.8736,0.95,否,,1,1,体育用品零售,,体育用品零售,1.0,1.0,0.85,0.1111
四川锤子户外运动有限公司,8930,健身休闲,0.2125,0.85,否,,1,0,,健身休闲活动,,0.0,0.0,0.85,0.0
成都斐梵美域文化传播有限公司,8930,健身休闲,0.8736,0.95,否,,1,1,健身服务,,健身服务,1.0,1.0,0.85,0.1111
四川动力岛体育文化发展集团有限公司,8919,健身休闲,0.8736,0.95,否,,1,1,射击竞技体育运动,,射击,1.0,1.0,0.85,0.1111
四川省新缘道体育产业发展有限公司,8392,体育培训,0.8736,0.95,否,,1,1,成人体育培训,,体育培训,1.0,1.0,0.85,0.1111
四川向野露营地服务有限公司,8919,体育管理,0.2125,0.85,否,,1,0,,户外活动组织,,0.0,0.0,0.85,0.0
成都市承武门搏击俱乐部有限公司,8930,健身休闲,0.2125,0.85,否,,1,0,,健身休闲活动,,0.0,0.0,0.85,0.0
四川自然恩惠体育文化传播有限公司,8392,体育培训,0.8736,0.95,否,,1,1,体育培训服务,,体育培训,1.0,1.0,0.85,0.1111
成都晨翔体育文化传播有限公司,8911,体育赛事,0.8736,0.95,否,,1,1,体育赛事策划,,赛事策划,1.0,1.0,0.85,0.1111
四川阿南达体育发展有限公司,8930,健身休闲,0.8736,0.95,否,,1,1,健身服务,,健身服务,1.0,1.0,0.85,0.1111
成都热赤健身服务有限公司,8930,健身休闲,0.2125,0.85,否,,1,0,,健身休闲活动,,0.0,0.0,0.85,0.0
成都鑫航凯体育用品有限公司,5142,体育用品,0.8736,0.95,否,,1,1,体育用品批发,,体育用品批发,1.0,1.0,0.85,0.1111
成都杰森淼体育文化传播有限公司,8392,体育培训,0.8736,0.95,否,,1,1,游泳培训,,游泳培训,1.0,1.0,0.85,0.1111
四川汇创体育设施工程有限公司,4892,体育场馆,0.8736,0.95,否,,1,1,体育场地设施工程施工,,体育场地设施,1.0,1.0,0.85,0.1111
四川脊健科技有限公司,8930,健身休闲,0.8736,0.95,否,,1,1,健身服务,,健身服务,1.0,1.0,0.85,0.1111
四川金织关艳电子商务有限公司,5242,体育用品,0.8736,0.95,否,,1,1,健身器材零售,,健身器材,1.0,1.0,0.85,0.1111
成都清晨健身服务有限公司,8930,健身休闲,0.8736,0.95,否,,1,1,健身服务,,健身服务,1.0,1.0,0.85,0.1111
四川根廷教育科技有限公司,5242,体育用品,0.2125,0.85,否,,1,0,,货物进出口,,0.0,0.0,0.85,0.0
成都山地精英运动有限公司,5242,体育用品,0.2125,0.85,否,,1,0,,运动用品零售,,0.0,0.0,0.85,0.0
四川君华劳务有限公司,4892,体育场馆,0.8736,0.95,否,,1,1,体育场馆施工,,体育场馆,1.0,1.0,0.85,0.1111
成都冰雪天成科技有限公司,7122,健身休闲,0.6611,0.9,是,纯跨界（行业代码非体育，文本有体育业务）,1,1,滑雪器材租赁,,滑雪,1.0,1.0,0.0,0.1111
成都跃动体育文化传播有限公司,9052,体育赛事,0.6611,0.9,是,纯跨界（行业代码非体育，文本有体育业务）,1,1,体育赛事活动策划,,体育赛事,1.0,1.0,0.0,0.1111
成都花与禅瑜伽健身服务有限公司,8930,健身休闲,0.2125,0.85,否,,1,0,,健身休闲服务,,0.0,0.0,0.85,0.0
四川蓝海飞悦体育航空运动有限责任公司,8930,健身休闲,0.2125,0.85,否,,1,0,,健身休闲服务,,0.0,0.0,0.85,0.0
成都波利坦商贸有限公司,5242,体育用品,0.8736,0.95,否,,1,1,体育器材零售,,体育器材,1.0,1.0,0.85,0.1111
四川省体科数字智慧体育场馆有限公司,4892,体育场馆,0.8736,0.95,否,,1,1,体育场地设施工程施工,,体育场地设施,1.0,1.0,0.85,0.1111
四川渔枭户外用品有限公司,5242,体育用品,0.2125,0.85,否,,1,0,,户外用品零售,,0.0,0.0,0.85,0.0
四川中海共创体育设施工程有限公司,5242,体育用品,0.8736,0.95,否,,1,1,体育器材零售,,体育器材,1.0,1.0,0.85,0.1111
成都市正祥户外用品有限公司,5242,体育用品,0.8736,0.95,否,,1,1,帐篷零售,,帐篷,1.0,1.0,0.85,0.1111
成都金度体育文化传播有限公司,8392,体育培训,0.8736,0.95,否,,1,1,体育培训服务,,体育培训,1.0,1.0,0.85,0.1111
成都三马体育用品有限公司,7122,体育用品,0.6611,0.9,是,纯跨界（行业代码非体育，文本有体育业务）,1,1,体育用品设备出租,,体育用品,1.0,1.0,0.0,0.1111
成都市恩格玛科技有限公司,5242,体育用品,0.8736,0.95,否,,1,1,体育器材零售,,体育器材,1.0,1.0,0.85,0.1111
成都科记马房马术俱乐部有限公司,8911,健身休闲,0.8847,0.95,否,,1,1,马术运动赛事策划,,马术; 赛事策划,1.0,1.0,0.85,0.2222
成都悦动宏远体育文化传播有限公司,8911,体育赛事,0.8736,0.95,否,,1,1,体育赛事活动策划,,体育赛事,1.0,1.0,0.85,0.1111
成都蓉杰体育设施工程有限公司,2443,体育用品,0.8736,0.95,否,,1,1,体育健身器材制造,,健身器材,1.0,1.0,0.85,0.1111
成都领跑者体育文化传播有限公司,8392,体育培训,0.8736,0.95,否,,1,1,体育培训服务,,体育培训,1.0,1.0,0.85,0.1111
四川龙腾体育设施工程有限公司,4892,体育场馆,0.8736,0.95,否,,1,1,体育场地设施施工,,体育场地设施,1.0,1.0,0.85,0.1111
成都青龙瑞豪体育设施工程有限公司,4991,体育用品,0.6611,0.9,是,纯跨界（行业代码非体育，文本有体育业务）,1,1,小区体育健身器材安装,,健身器材,1.0,1.0,0.0,0.1111
四川恒胜致远体育文化传播有限公司,8919,体育管理,0.2125,0.85,否,,1,0,,其他体育,,0.0,0.0,0.85,0.0
成都路菲特体育用品有限公司,2449,体育用品,0.8736,0.95,否,,1,1,体育用品制造,,体育用品制造,1.0,1.0,0.85,0.1111
成都未命名健身服务有限公司,8930,健身休闲,0.8736,0.95,否,,1,1,健身服务,,健身服务,1.0,1.0,0.85,0.1111
成都旭龙体育设施有限公司,5142,体育用品,0.8736,0.95,否,,1,1,体育器材批发,,体育器材,1.0,1.0,0.85,0.1111
四川速载体育发展有限公司,9052,体育赛事,0.6611,0.9,是,纯跨界（行业代码非体育，文本有体育业务）,1,1,体育赛事组织,,体育赛事,1.0,1.0,0.0,0.1111
中翔宏信成都体育俱乐部有限公司,8911,体育管理,0.8736,0.95,否,,1,1,体育俱乐部服务,,体育俱乐部,1.0,1.0,0.85,0.1111
成都喜摄汇文化传播有限公司,8930,健身休闲,0.8736,0.95,否,,1,1,游泳健身服务,,游泳; 健身服务,1.0,1.0,0.85,0.1111
四川蜀峰智傲教育咨询有限公司,8930,健身休闲,0.8736,0.95,否,,1,1,户外拓展活动,,户外拓展,1.0,1.0,0.85,0.1111
四川栢滔贸易有限公司,5242,体育用品,0.2125,0.85,否,,1,0,,户外用品零售,,0.0,0.0,0.85,0.0
成都青柠风尚健身服务有限责任公司,8930,健身休闲,0.8736,0.95,否,,1,1,健身房服务,,健身房,1.0,1.0,0.85,0.1111
成都昂驹致远科技有限公司,5142,体育用品,0.2125,0.85,否,,1,0,,体育运动器材批发,,0.0,0.0,0.85,0.0
成都狂克健身服务有限公司,8930,健身休闲,0.2125,0.85,否,,1,0,,健身私教服务,,0.0,0.0,0.85,0.0
成都市翼龙体育服务有限责任公司,8930,健身休闲,0.8736,0.95,否,,1,1,健身服务,,健身服务,1.0,1.0,0.85,0.1111
成都庆多林体育文化传播有限公司,9052,体育赛事,0.6611,0.9,是,纯跨界（行业代码非体育，文本有体育业务）,1,1,体育表演活动策划服务,,体育表演,1.0,1.0,0.0,0.1111
成都喜文乐见体育文化传播有限公司,8930,健身休闲,0.8736,0.95,否,,1,1,健身房服务,,健身房,1.0,1.0,0.85,0.1111
四川心跃动体育科技有限公司,8392,体育培训,0.2125,0.85,否,,1,0,,体育项目培训服务,,0.0,0.0,0.85,0.0
成都义和四方体育文化发展有限责任公司,8930,健身休闲,0.8736,0.95,否,,1,1,体育健身房服务,,健身房,1.0,1.0,0.85,0.1111
成都艾宇体育文化发展有限公司,8919,体育管理,0.8736,0.95,否,,1,1,其他体育组织,,体育组织,1.0,1.0,0.85,0.1111
成都万里行户外运动有限公司,5242,体育用品,0.8736,0.95,否,,1,1,体育用品零售,,体育用品零售,1.0,1.0,0.85,0.1111
成都风向标教育咨询有限公司,5242,体育用品,0.8736,0.95,否,,1,1,文化体育用品零售,,体育用品零售,1.0,1.0,0.85,0.1111
四川摩立斯电竞科技有限责任公司,9052,体育赛事,0.6611,0.9,是,纯跨界（行业代码非体育，文本有体育业务）,1,1,体育赛事策划,,赛事策划,1.0,1.0,0.0,0.1111
成都锟耀体育用品有限责任公司,5242,体育用品,0.8736,0.95,否,,1,1,体育用品及器材零售,,体育用品,1.0,1.0,0.85,0.1111
四川铭琪体育用品有限责任公司,5242,体育用品,0.8736,0.95,否,,1,1,体育用品零售,,体育用品零售,1.0,1.0,0.85,0.1111
成都吉力达科技有限公司,5242,体育用品,0.8736,0.95,否,,1,1,体育用品零售,,体育用品零售,1.0,1.0,0.85,0.1111
成都康龙体育文化传播有限公司,8921,体育场馆,0.8736,0.95,否,,1,1,体育场馆管理,,体育场馆,1.0,1.0,0.85,0.1111
成都旦宝斯特文体用品有限公司,5142,体育用品,0.8736,0.95,否,,1,1,体育用品及器材批发,,体育用品,1.0,1.0,0.85,0.1111
成都黛晓未来体育科技有限公司,8392,体育培训,0.8736,0.95,否,,1,1,体校及体育培训,,体育培训,1.0,1.0,0.85,0.1111
成都极翔健身服务有限公司,8921,体育场馆,0.8736,0.95,否,,1,1,体育馆管理,,体育馆,1.0,1.0,0.85,0.1111
四川莱此动体育文化传播有限公司,8912,体育管理,0.2125,0.85,否,,1,0,,体育保障组织,,0.0,0.0,0.85,0.0
成都阳航锋行体育文化发展有限公司,8921,体育场馆,0.8736,0.95,否,,1,1,游泳馆经营,,游泳馆,1.0,1.0,0.85,0.1111
赛骑麟体育文化发展成都有限公司,5242,体育用品,0.8736,0.95,否,,1,1,体育用品及器材零售,,体育用品,1.0,1.0,0.85,0.1111
四川省型动派健身服务有限公司,8930,健身休闲,0.8736,0.95,否,,1,1,健身服务,,健身服务,1.0,1.0,0.85,0.1111
四川栋康体育文化发展有限公司,9052,体育管理,0.6611,0.9,是,纯跨界（行业代码非体育，文本有体育业务）,1,1,体育服务,,体育服务,1.0,1.0,0.0,0.1111
成都禧泰飞来科技有限公司,8921,体育赛事,0.8847,0.95,否,,1,1,体育赛事场馆运营,,体育赛事; 场馆运营,1.0,1.0,0.85,0.2222
成都蓉乐锦星体育文化传播有限公司,8392,体育培训,0.8736,0.95,否,,1,1,体育培训服务,,体育培训,1.0,1.0,0.85,0.1111
成都速型体育发展有限公司,8930,健身休闲,0.2125,0.85,否,,1,0,,健身休闲,,0.0,0.0,0.85,0.0
成都飞扬乒乓球俱乐部有限公司,8911,体育赛事,0.8736,0.95,否,,1,1,体育竞赛组织业务,,体育竞赛,1.0,1.0,0.85,0.1111
成都华翔悦商贸有限公司,2449,体育用品,0.8736,0.95,否,,1,1,体育用品制造,,体育用品制造,1.0,1.0,0.85,0.1111
成都乐馨教育咨询有限公司,8392,体育培训,0.8736,0.95,否,,1,1,体校及体育培训,,体育培训,1.0,1.0,0.85,0.1111
成都天际线体育发展有限公司,8930,健身休闲,0.2125,0.85,否,,1,0,,健身休闲活动,,0.0,0.0,0.85,0.0
成都星美健文化传播有限公司,8930,健身休闲,0.2125,0.85,否,,1,0,,健身休闲活动,,0.0,0.0,0.85,0.0
成都功守道体之道体育文化传播有限公司,9052,体育赛事,0.6611,0.9,是,纯跨界（行业代码非体育，文本有体育业务）,1,1,体育赛事组织服务,,体育赛事,1.0,1.0,0.0,0.1111
成都市武侯区钧阳舞蹈培训学校有限公司,8392,体育培训,0.8736,0.95,否,,1,1,体育舞蹈培训,,舞蹈培训,1.0,1.0,0.85,0.1111
成都市九津体育发展有限公司,8919,健身休闲,0.8736,0.95,否,,1,1,户外运动组织策划,,户外运动,1.0,1.0,0.85,0.1111
成都市海星耀体育设施有限公司,4892,体育场馆,0.8736,0.95,否,,1,1,体育场地设施工程施工,,体育场地设施,1.0,1.0,0.85,0.1111
四川豫丰源建设工程有限公司,4892,体育场馆,0.8736,0.95,否,,1,1,体育场地设施工程,,体育场地设施,1.0,1.0,0.85,0.1111
四川中达路通路桥工程有限公司,4720,体育场馆,0.6611,0.9,是,纯跨界（行业代码非体育，文本有体育业务）,1,1,体育场馆建筑施工,,体育场馆,1.0,1.0,0.0,0.1111
四川名扬羽瑞体育文化传播有限公司,8911,体育管理,0.2125,0.85,否,,1,0,,其他未列明商务服务,,0.0,0.0,0.85,0.0
成都沸火足球俱乐部有限公司,8930,健身休闲,0.2125,0.85,否,,1,0,,健身休闲活动,,0.0,0.0,0.85,0.0
四川森雷户外运动有限公司,9052,体育赛事,0.6611,0.9,是,纯跨界（行业代码非体育，文本有体育业务）,1,1,策划体育赛事,,体育赛事,1.0,1.0,0.0,0.1111
成都天一佳体育设施工程有限公司,5242,体育用品,0.2125,0.85,否,,1,0,,体育建材零售,,0.0,0.0,0.85,0.0
成都木驴子户外运动有限公司,8930,健身休闲,0.2125,0.85,否,,1,0,,健身休闲活动,,0.0,0.0,0.85,0.0
成都好达鑫健身器材有限责任公司,5242,体育用品,0.8736,0.95,否,,1,1,体育用品及器材零售,,体育用品,1.0,1.0,0.85,0.1111
成都新光速体育文化发展有限公司,9052,体育赛事,0.6611,0.9,是,纯跨界（行业代码非体育，文本有体育业务）,1,1,体育赛事活动策划,,体育赛事,1.0,1.0,0.0,0.1111
成都几步路户外运动有限公司,8930,健身休闲,0.2125,0.85,否,,1,0,,体育活动策划,,0.0,0.0,0.85,0.0
四川朝画体育场馆管理有限公司,8921,体育场馆,0.8736,0.95,否,,1,1,体育场馆管理,,体育场馆,1.0,1.0,0.85,0.1111
乘黄盛元体育文化发展成都有限公司,8911,体育赛事,0.8736,0.95,否,,1,1,体育竞赛组织,,体育竞赛,1.0,1.0,0.85,0.1111
成都满分体育发展有限公司,8921,体育场馆,0.8736,0.95,否,,1,1,体育中心,,体育中心,1.0,1.0,0.85,0.1111
成都飞凫体育文化传播有限公司,8911,体育赛事,0.8736,0.95,否,,1,1,体育赛事活动策划,,体育赛事,1.0,1.0,0.85,0.1111
四川风雨者户外拓展有限公司,8930,健身休闲,0.2125,0.85,否,,1,0,,健身休闲活动,,0.0,0.0,0.85,0.0
成都有羡科技有限公司,5242,体育用品,0.8736,0.95,否,,1,1,体育用品及器材零售,,体育用品,1.0,1.0,0.85,0.1111
成都海川体育设施工程有限公司,4892,体育场馆,0.8736,0.95,否,,1,1,体育场地施工,,体育场地,1.0,1.0,0.85,0.1111
四川亚代体育设施工程有限公司,4892,体育场馆,0.8736,0.95,否,,1,1,体育场地施工,,体育场地,1.0,1.0,0.85,0.1111
四川斯宝特体育文化传播有限公司,9052,体育赛事,0.6611,0.9,是,纯跨界（行业代码非体育，文本有体育业务）,1,1,体育赛事策划,,赛事策划,1.0,1.0,0.0,0.1111
成都天宇远洋体育文化传播有限责任公司,8392,体育培训,0.8736,0.95,否,,1,1,游泳培训服务,,游泳培训,1.0,1.0,0.85,0.1111
四川腾翔体育俱乐部有限公司,8911,体育赛事,0.8736,0.95,否,,1,1,体育竞赛活动策划,,体育竞赛,1.0,1.0,0.85,0.1111
成都绿徒体育发展有限公司,8911,体育赛事,0.8736,0.95,否,,1,1,体育竞赛组织,,体育竞赛,1.0,1.0,0.85,0.1111
四川北宸壹心体育文化传播有限公司,8911,体育赛事,0.8736,0.95,否,,1,1,体育赛事策划组织服务,,赛事策划,1.0,1.0,0.85,0.1111
四川西野南途贸易有限公司,5242,体育用品,0.2125,0.85,否,,1,0,,零售户外用品,,0.0,0.0,0.85,0.0
四川天韵远瞩户外用品有限公司,5242,体育用品,0.2125,0.85,否,,1,0,,户外用品零售服务,,0.0,0.0,0.85,0.0
成都凯瑞环境工程有限公司,5242,体育用品,0.8736,0.95,否,,1,1,健身器材零售,,健身器材,1.0,1.0,0.85,0.1111
成都跃航体育文化传播有限公司,9052,体育赛事,0.6611,0.9,是,纯跨界（行业代码非体育，文本有体育业务）,1,1,体育赛事策划,,赛事策划,1.0,1.0,0.0,0.1111
成都行树户外运动有限公司,8930,健身休闲,0.2125,0.85,否,,1,0,,户外活动,,0.0,0.0,0.85,0.0
成都四和茶楼有限公司,8930,健身休闲,0.2125,0.85,否,,1,0,,棋牌娱乐服务,,0.0,0.0,0.85,0.0
四川乐汇鑫体育文化发展有限公司,8911,体育赛事,0.8736,0.95,否,,1,1,体育赛事策划,,赛事策划,1.0,1.0,0.85,0.1111
成都羽你相约体育科技有限公司,8921,体育场馆,0.8736,0.95,否,,1,1,体育场馆管理,,体育场馆,1.0,1.0,0.85,0.1111
成都赫普体育文化传播有限公司,8930,健身休闲,0.2125,0.85,否,,1,0,,健身休闲活动,,0.0,0.0,0.85,0.0
四川胜欧体育用品有限公司,5242,体育用品,0.8736,0.95,否,,1,1,体育用品零售,,体育用品零售,1.0,1.0,0.85,0.1111
乐琪多体育场馆管理成都有限公司,8930,健身休闲,0.2125,0.85,否,,1,0,,健身休闲活动,,0.0,0.0,0.85,0.0
成都泳力体育文化传播有限公司,8930,健身休闲,0.2125,0.85,否,,1,0,,健身休闲服务,,0.0,0.0,0.85,0.0
四川省顺飞扬渔具有限公司,5242,体育用品,0.8736,0.95,否,,1,1,渔具鱼料零售,,渔具,1.0,1.0,0.85,0.1111
四川行者居文化传播有限公司,5242,体育用品,0.8736,0.95,否,,1,1,体育器材零售,,体育器材,1.0,1.0,0.85,0.1111
四川省鸿川建设工程有限公司,4892,体育场馆,0.2125,0.85,否,,1,0,,园林绿化工程施工,,0.0,0.0,0.85,0.0
成都升川体育工程有限公司,4720,体育场馆,0.6611,0.9,是,纯跨界（行业代码非体育，文本有体育业务）,1,1,体育场馆建筑,,体育场馆,1.0,1.0,0.0,0.1111
成都优潜户外运动有限公司,8930,健身休闲,0.8736,0.95,否,,1,1,户外运动培训,,户外运动,1.0,1.0,0.85,0.1111
四川中体博美体育设施工程有限公司,9052,体育赛事,0.6611,0.9,是,纯跨界（行业代码非体育，文本有体育业务）,1,1,体育赛事策划,,赛事策划,1.0,1.0,0.0,0.1111
成都慧灵体育用品有限责任公司,5142,体育用品,0.8736,0.95,否,,1,1,批发体育用品,,体育用品,1.0,1.0,0.85,0.1111
四川余康体育设施管理有限公司,5242,体育用品,0.8736,0.95,否,,1,1,体育用品零售,,体育用品零售,1.0,1.0,0.85,0.1111
成都力欧体育用品有限公司,5142,体育用品,0.8736,0.95,否,,1,1,体育用品批发,,体育用品批发,1.0,1.0,0.85,0.1111
四川准者体育用品有限公司,5142,体育用品,0.8736,0.95,否,,1,1,体育用品及器材批发,,体育用品,1.0,1.0,0.85,0.1111
成都引力佰星科技有限公司,8930,健身休闲,0.2125,0.85,否,,1,0,,健身休闲服务,,0.0,0.0,0.85,0.0
成都沧海月明文化传播有限公司,8919,体育管理,0.2125,0.85,是,多元经营（体育+33条非体育业务）,33,0,,一般项目：组织文化艺术交流活动; 国内贸易代理; 广告设计; 代理; 广告制作; 平面设计; 市场营销策划; 互联网销售（除销售需要许可的商品）; 会议及展览服务; 信息咨询服务（不含许可类信息咨询服务）; 技术服务; 技术开发; 技术咨询; 技术交流; 技术转让; 技术推广; 销售代理; 礼品花卉销售; 婚庆礼仪服务; 专业设计服务; 日用百货销售; 化妆品零售; 化妆品批发; 家具销售; 家用电器销售; 文艺创作; 数字内容制作服务（不含出版发行）; 个人互联网直播服务; （除依法须经批准的项目外; 凭营业执照依法自主开展经营活动）许可项目：互联网直播技术服务; （依法须经批准的项目; 经相关部门批准后方可开展经营活动; 具体经营项目以相关部门批准文件,,0.0,0.0,0.85,0.0
成都金亿瑞商贸有限公司,5142,体育用品,0.2125,0.85,否,,1,0,,办公用品,,0.0,0.0,0.85,0.0
成都娇阳娱乐有限公司,8930,健身休闲,0.2125,0.85,是,多元经营（体育+13条非体育业务）,13,0,,许可项目：歌舞娱乐活动; 食品销售; （依法须经批准的项目; 经相关部门批准后方可开展经营活动; 具体经营项目以相关部门批准文件或许可证件为准）一般项目：健身休闲活动; 娱乐性展览; 组织文化艺术交流活动; 商业综合体管理服务; 会议及展览服务; 物业管理; 集贸市场管理服务; （除依法须经批准的项目外; 凭营业执照依法自主开展经营活动）,,0.0,0.0,0.85,0.0
成都壹之豹科技有限公司,5142,体育用品,0.2125,0.85,是,多元经营（体育+27条非体育业务）,27,0,,许可项目：水利工程建设监理; （依法须经批准的项目; 经相关部门批准后方可开展经营活动; 具体经营项目以相关部门批准文件或许可证件为准）一般项目：软件开发; 网络技术服务; 办公设备耗材销售; 办公设备销售; 计算机软硬件及辅助设备批发; 计算机软硬件及辅助设备零售; 电子产品销售; 人工智能硬件销售; 信息系统集成服务; 数据处理和存储支持服务; 企业管理咨询; 信息咨询服务（不含许可类信息咨询服务）; 市场营销策划; 汽车零配件零售; 发电机及发电机组销售; 摩托车及零部件研发; 木制容器销售; 光通信设备销售; 新能源汽车生产测试设备销售; 汽车零配件批发; 五金产品批发; 海上风力发电机组销售; 安全系统监控服务; 自行车及零配件批发,,0.0,0.0,0.85,0.0
成都伊诺豪尔体育发展有限公司,8999,健身休闲,0.6611,0.9,是,纯跨界（行业代码非体育，文本有体育业务）,1,1,健身服务,,健身服务,1.0,1.0,0.0,0.1111
成都双圆满文化传播有限公司,8999,体育赛事,0.11,0.6,是,纯跨界（行业代码非体育，文本有体育业务）,22,2,体育竞赛组织; 组织体育表演活动,一般项目：组织文化艺术交流活动; 体验式拓展活动及策划; 会议及展览服务; 教育咨询服务（不含涉许可审批的教育培训活动）; 招生辅助服务; 广告设计; 代理; 广告制作; 广告发布; 信息咨询服务（不含许可类信息咨询服务）; 市场营销策划; 礼仪服务; 文艺创作; 家政服务; （除依法须经批准的项目外; 凭营业执照依法自主开展经营活动）许可项目：演出经纪; 营业性演出; （依法须经批准的项目; 经相关部门批准后方可开展经营活动; 具体经营项目以相关部门批准文件或许可证件为准）,体育竞赛; 体育表演,0.0909,0.25,0.0,0.1111
四川家乐翱翔文化传媒有限公司,8999,体育赛事,0.2474,0.75,是,纯跨界（行业代码非体育，文本有体育业务）,10,2,体育竞赛组织; 组织体育表演活动,一般项目：文艺创作; 组织文化艺术交流活动; 企业形象策划; 专业设计服务; 会议及展览服务; 体育中介代理服务; （除依法须经批准的项目外; 凭营业执照依法自主开展经营活动）,体育竞赛; 体育表演,0.2,0.625,0.0,0.1111
成都卿予健身服务有限公司,8930,体育赛事,0.31,0.95,是,多元经营（体育+10条非体育业务）,11,1,体育赛事策划,一般项目：健身休闲活动; 健康咨询服务（不含诊疗服务）; 个人卫生用品销售; 保健食品（预包装）销售; 服装服饰零售; （除依法须经批准的项目外; 凭营业执照依法自主开展经营活动）许可项目：生活美容服务; （依法须经批准的项目; 经相关部门批准后方可开展经营活动; 具体经营项目以相关部门批准文件或许可证件为准）,赛事策划,0.0909,0.2,0.85,0.1111
四川影子之书文化传媒有限公司,8919,体育用品,0.271,0.85,是,多元经营（体育+35条非体育业务）,37,2,体育用品及器材零售; 体育用品及器材批发,一般项目：剧本娱乐活动; 文艺创作; 组织文化艺术交流活动; 服装; 服饰检验; 整理服务; 服装服饰出租; 服装服饰零售; 鞋帽零售; 办公用品销售; 会议及展览服务; 广告设计; 代理; 广告发布; 销售代理; 珠宝首饰批发; 珠宝首饰零售; 礼品花卉销售; 日用品销售; 技术服务; 技术开发; 技术咨询; 技术交流; 技术转让; 技术推广; 企业形象策划; 食品销售（仅销售预包装食品）; （除依法须经批准的项目外; 凭营业执照依法自主开展经营活动）许可项目：游艺娱乐活动; 营业性演出; 音像制品制作; 出版物零售; （依法须经批准的项目; 经相关部门批准后方可开展经营活动; 具体经营项目以相关部门批准文件或许可证件,体育用品,0.0541,0.1031,0.85,0.1111
四川俊如商贸有限公司,8919,体育场馆,0.2614,0.85,是,多元经营（体育+33条非体育业务）,34,1,体育场地设施工程,许可项目：建设工程施工; 建设工程设计; 建设工程勘察; 施工专业作业; 建设工程监理; 认证服务; 安全评价业务; 水利工程质量检测; 安全生产检验检测; （依法须经批准的项目; 经相关部门批准后方可开展经营活动; 具体经营项目以相关部门批准文件或许可证件为准）一般项目：园林绿化工程施工; 工程管理服务; 采购代理服务; 政府采购代理服务; 招投标代理服务; 企业管理咨询; 安全咨询服务; 社会经济咨询服务; 认证咨询; 工程造价咨询业务; 会议及展览服务; 规划设计管理; 城市绿化管理; 技术服务; 技术开发; 技术咨询; 技术交流; 技术转让; 技术推广; 信息咨询服务（不含许可类信息咨询服务）; 土石方工程施工; 林草种子质量检验,体育场地设施,0.0294,0.1042,0.85,0.1111
成都佳佑体育发展有限公司,8911,体育赛事,0.4649,0.95,是,多元经营（体育+25条非体育业务）,32,7,一般项目：体育竞赛组织; 体育场地设施经营（不含高危险性体育运动）; 组织体育表演活动; 体育赛事策划; 体育用品及器材零售; 体育用品及器材批发; 体育用品设备出租,组织文化艺术交流活动; 教育咨询服务（不含涉许可审批的教育培训活动）; 社会经济咨询服务; 业务培训（不含教育培训; 职业技能培训等需取得许可的培训）; 信息咨询服务（不含许可类信息咨询服务）; 体育经纪人服务; 广告制作; 广告发布; 广告设计; 代理; 品牌管理; 体育保障组织; 会议及展览服务; 户外用品销售; 体育健康服务; 体育中介代理服务; 鞋帽零售; 服装服饰零售; 日用品销售; 文具用品零售; 玩具销售; 玩具; 动漫及游艺用品销售（除依法须经批准的项目外; 凭营业执照依,体育竞赛; 体育场地设施; 体育表演; 赛事策划; 体育用品,0.2188,0.5263,0.85,0.3333
成都凯儿星动体育文化传播有限公司,8999,体育用品,0.296,0.75,是,纯跨界（行业代码非体育，文本有体育业务）,18,5,体育场地设施经营（不含高危险性体育运动）; 体育用品及器材批发; 体育用品及器材零售; 体育赛事策划; 体育竞赛组织,一般项目：组织文化艺术交流活动; 会议及展览服务; 健身休闲活动; 软件开发; 信息咨询服务（不含许可类信息咨询服务）; 教育咨询服务（不含涉许可审批的教育培训活动）; 社会经济咨询服务; 计算机软硬件及辅助设备零售; 计算机软硬件及辅助设备批发; 日用品销售; 建筑材料销售; （除依法须经批准的项目外; 凭营业执照依法自主开展经营活动）,体育场地设施; 体育用品; 赛事策划; 体育竞赛,0.2778,0.6061,0.0,0.3333
成都壹叁肆肆体育发展有限公司,9052,体育赛事,0.6611,0.9,是,纯跨界（行业代码非体育，文本有体育业务）,1,1,体育赛事策划,,赛事策划,1.0,1.0,0.0,0.1111
成都市雅玉包装有限公司,5142,体育用品,0.8736,0.95,否,,1,1,体育用品及器材批发,,体育用品,1.0,1.0,0.85,0.1111
四川省大吉文化传播有限公司,8999,体育赛事,0.1329,0.6,是,纯跨界（行业代码非体育，文本有体育业务）,28,3,组织体育表演活动; 体育赛事策划; 体育竞赛组织,许可项目：广播电视节目制作经营; 营业性演出; 互联网信息服务; （依法须经批准的项目; 经相关部门批准后方可开展经营活动; 具体经营项目以相关部门批准文件或许可证件为准）一般项目：组织文化艺术交流活动; 文艺创作; 会议及展览服务; 项目策划与公关服务; 企业形象策划; 信息咨询服务（不含许可类信息咨询服务）; 企业管理咨询; 广播电视设备制造（不含广播电视传输设备）【分支机构经营】; 人力资源服务（不含职业中介活动; 劳务派遣服务）; 信息技术咨询服务; 软件开发; 网络与信息安全软件开发; 技术服务; 技术开发; 技术咨询; 技术交流; 技术转让; 技术推广; 计算机软硬件及辅助设备零售,体育表演; 赛事策划; 体育竞赛,0.1071,0.3158,0.0,0.1111
成都可彩可贝轮滑有限公司,5142,体育用品,0.2125,0.85,是,多元经营（体育+9条非体育业务）,9,0,,批发兼零售：体育文化用品; 服装; 鞋帽; 玩具; 办公用品; 日用百货; 电子产品; （依法须经批准的项目; 经相关部门批准后方可开展经营活动）,,0.0,0.0,0.85,0.0
成都宜慧轩贸易有限公司,5142,体育用品,0.8736,0.95,否,,1,1,体育用品批发,,体育用品批发,1.0,1.0,0.85,0.1111
成都旭日体育设施工程有限公司,4720,体育场馆,0.6611,0.9,是,纯跨界（行业代码非体育，文本有体育业务）,1,1,体育场设施工程施工,,体育场,1.0,1.0,0.0,0.1111
四川诚茂世家建筑工程有限公司,4892,体育场馆,0.2125,0.85,否,,1,0,,建筑劳务,,0.0,0.0,0.85,0.0
成都乐享蜂动体育管理有限公司,8911,体育管理,0.2125,0.85,否,,1,0,,体育活动策划,,0.0,0.0,0.85,0.0
成都锦熙互娱文化传媒有限公司,8919,体育管理,0.2125,0.85,否,,1,0,,文艺创作与表演,,0.0,0.0,0.85,0.0
成都吉母仕健身服务有限公司,8930,健身休闲,0.2125,0.85,否,,1,0,,食品销售,,0.0,0.0,0.85,0.0
成都鲸遨格斗体育文化传播有限公司,8930,健身休闲,0.2125,0.85,否,,1,0,,健身,,0.0,0.0,0.85,0.0
成都中体力健体育发展有限公司,9052,体育赛事,0.6611,0.9,是,纯跨界（行业代码非体育，文本有体育业务）,1,1,体育赛事活动策划,,体育赛事,1.0,1.0,0.0,0.1111
成都潇文健身服务有限公司,8930,健身休闲,0.2125,0.85,否,,1,0,,健身休闲活动,,0.0,0.0,0.85,0.0
四川顺为体育发展有限公司,5242,体育用品,0.8736,0.95,否,,1,1,体育器材销售,,体育器材,1.0,1.0,0.85,0.1111
四川墨唐子体育用品有限公司,5142,体育用品,0.8736,0.95,否,,1,1,体育用品及器材批发,,体育用品,1.0,1.0,0.85,0.1111
四川省七桥项目管理有限公司,8392,体育培训,0.2125,0.85,否,,1,0,,组织培训活动,,0.0,0.0,0.85,0.0
成都嘉奈尔芭蕾舞蹈有限公司,8919,体育管理,0.2125,0.85,否,,1,0,,文艺创作与表演,,0.0,0.0,0.85,0.0
成都奥林云图体育文化传播有限公司,8921,体育场馆,0.8736,0.95,否,,1,1,体育场馆管理,,体育场馆,1.0,1.0,0.85,0.1111
成都谷力户外用品有限公司,5242,体育用品,0.2125,0.85,否,,1,0,,运动类器材零售,,0.0,0.0,0.85,0.0
成都梦泪健康科技有限责任公司,8930,健身休闲,0.2125,0.85,否,,1,0,,健康服务,,0.0,0.0,0.85,0.0
四川澎湃致远文化传播有限公司,8392,体育培训,0.8736,0.95,否,,1,1,游泳培训,,游泳培训,1.0,1.0,0.85,0.1111
成都索科游泳池管理有限公司,8921,体育场馆,0.2125,0.85,否,,1,0,,泳池管理,,0.0,0.0,0.85,0.0
四川康倍德圣体育科技有限公司,8911,体育管理,0.2125,0.85,否,,1,0,,其他未列明专业技术服务业,,0.0,0.0,0.85,0.0
成都一畅体育文化传播有限公司,8911,体育赛事,0.8736,0.95,否,,1,1,体育竞赛组织,,体育竞赛,1.0,1.0,0.85,0.1111
成都华威体育文化传播有限公司,8911,体育赛事,0.8736,0.95,否,,1,1,体育赛事策划,,赛事策划,1.0,1.0,0.85,0.1111
四川知合商贸有限公司,5142,体育用品,0.8736,0.95,否,,1,1,体育器材批发,,体育器材,1.0,1.0,0.85,0.1111
成都龙雨体育场馆设施工程有限公司,4720,体育场馆,0.6611,0.9,是,纯跨界（行业代码非体育，文本有体育业务）,1,1,体育场馆建设施工,,体育场馆,1.0,1.0,0.0,0.1111
成都畅想时代体育文化传播有限公司,9052,体育赛事,0.6611,0.9,是,纯跨界（行业代码非体育，文本有体育业务）,1,1,体育表演服务,,体育表演,1.0,1.0,0.0,0.1111
成都聚创瑞禾体育文化传播有限公司,8911,体育赛事,0.8736,0.95,否,,1,1,体育赛事组织,,体育赛事,1.0,1.0,0.85,0.1111
四川恒煜建设工程有限公司,4892,体育场馆,0.2125,0.85,否,,1,0,,体育总坪建设施工,,0.0,0.0,0.85,0.0
四川昊克天程工程建设有限公司,4892,体育场馆,0.8736,0.95,否,,1,1,体育场地设施工程施工,,体育场地设施,1.0,1.0,0.85,0.1111
四川卓航户外拓展有限公司,8930,健身休闲,0.2125,0.85,否,,1,0,,健身休闲服务,,0.0,0.0,0.85,0.0
成都圣西罗卡体育文化发展有限公司,8921,体育场馆,0.2125,0.85,否,,1,0,,运动场所运营,,0.0,0.0,0.85,0.0
四川乐鱼水商贸有限公司,5242,体育用品,0.8736,0.95,否,,1,1,渔具零售,,渔具,1.0,1.0,0.85,0.1111
四川嘉丽邦七色体育文化发展有限公司,5142,体育用品,0.8736,0.95,否,,1,1,体育用品批发,,体育用品批发,1.0,1.0,0.85,0.1111
四川同誉体育设施工程有限公司,4892,体育场馆,0.8736,0.95,否,,1,1,体育场地设施工程施工,,体育场地设施,1.0,1.0,0.85,0.1111
成都厚三箭体育用品有限公司,5142,体育用品,0.8736,0.95,否,,1,1,健身器材批发,,健身器材,1.0,1.0,0.85,0.1111
成都熵度科技有限公司,7122,体育用品,0.6611,0.9,是,纯跨界（行业代码非体育，文本有体育业务）,1,1,健身器材租赁,,健身器材,1.0,1.0,0.0,0.1111
成都汀安格体育发展有限公司,8911,体育赛事,0.8736,0.95,否,,1,1,体育比赛策划,,体育比赛,1.0,1.0,0.85,0.1111
四川战神联盟体育文化传播有限公司,8911,体育赛事,0.8736,0.95,否,,1,1,体育竞赛组织,,体育竞赛,1.0,1.0,0.85,0.1111
四川杰出体育设施工程有限公司,4892,体育场馆,0.8736,0.95,否,,1,1,体育场地工程施工,,体育场地,1.0,1.0,0.85,0.1111
四川叙州茶楼有限公司,8930,健身休闲,0.2125,0.85,否,,1,0,,棋牌室服务,,0.0,0.0,0.85,0.0
成都泰格尔体育文化发展有限公司,8911,体育赛事,0.8736,0.95,否,,1,1,体育赛事策划,,赛事策划,1.0,1.0,0.85,0.1111
成都已己文化用品有限公司,5242,体育用品,0.8736,0.95,否,,1,1,体育用品及器材零售,,体育用品,1.0,1.0,0.85,0.1111
成都有玉健康管理有限公司,8392,体育培训,0.2125,0.85,否,,1,0,,健康咨询服务,,0.0,0.0,0.85,0.0
成都小伴天芙蓉园户外拓展有限公司,8930,健身休闲,0.8736,0.95,否,,1,1,户外拓展,,户外拓展,1.0,1.0,0.85,0.1111
成都布拉沃健身服务有限公司,8930,健身休闲,0.2125,0.85,否,,1,0,,健身休闲活动,,0.0,0.0,0.85,0.0
成都尚美聚合体育发展有限公司,8919,体育管理,0.8736,0.95,否,,1,1,体育组织,,体育组织,1.0,1.0,0.85,0.1111
成都吴限户外运动策划有限公司,8930,健身休闲,0.2125,0.85,否,,1,0,,健身休闲活动,,0.0,0.0,0.85,0.0
成都闹腾体育文化传播有限公司,8392,体育培训,0.8736,0.95,否,,1,1,网球培训,,网球培训,1.0,1.0,0.85,0.1111
成都小壳体育文化有限公司,5242,体育用品,0.8736,0.95,否,,1,1,体育用品零售,,体育用品零售,1.0,1.0,0.85,0.1111
成都圣搏体育场馆管理有限公司,8392,体育培训,0.8736,0.95,否,,1,1,体校及体育培训,,体育培训,1.0,1.0,0.85,0.1111
成都奕津体育场馆管理有限公司,8921,体育场馆,0.8736,0.95,否,,1,1,运动场馆管理服务,,运动场馆,1.0,1.0,0.85,0.1111
四川乐堂游乐设备有限公司,5142,体育用品,0.8736,0.95,否,,1,1,体育器材及配件批发,,体育器材,1.0,1.0,0.85,0.1111
成都健佳游泳场管理有限公司,8921,体育场馆,0.8736,0.95,否,,1,1,体育场馆管理,,体育场馆,1.0,1.0,0.85,0.1111
成都依瑞德体育文化传播有限责任公司,9052,体育赛事,0.6611,0.9,是,纯跨界（行业代码非体育，文本有体育业务）,1,1,体育表演服务,,体育表演,1.0,1.0,0.0,0.1111
成都锦欣泰建筑工程技术有限公司,4892,体育场馆,0.8736,0.95,否,,1,1,体育场地设施工程施工,,体育场地设施,1.0,1.0,0.85,0.1111
成都琰琳体育文化传播有限公司,8930,健身休闲,0.8736,0.95,否,,1,1,健身房服务,,健身房,1.0,1.0,0.85,0.1111
成都持凡体育科技有限公司,8911,体育赛事,0.8736,0.95,否,,1,1,体育竞赛组织,,体育竞赛,1.0,1.0,0.85,0.1111
四川省文武简爱文化传播有限公司,8911,体育管理,0.2125,0.85,否,,1,0,,体育运动训练指导服务,,0.0,0.0,0.85,0.0
四川泰尔乐康体设备有限公司,5142,体育用品,0.8736,0.95,否,,1,1,体育用品及器材批发,,体育用品,1.0,1.0,0.85,0.1111
成都军胜羽毛球俱乐部有限公司,8930,体育用品,0.8847,0.95,否,,1,1,羽毛球健身服务,,羽毛球; 健身服务,1.0,1.0,0.85,0.2222
成都奥尚汐搏体育文化传播有限公司,8921,体育场馆,0.8736,0.95,否,,1,1,体育场馆管理,,体育场馆,1.0,1.0,0.85,0.1111
四川绅锐体育用品有限公司,5142,体育用品,0.8736,0.95,否,,1,1,体育用品及器材批发,,体育用品,1.0,1.0,0.85,0.1111
成都悦街芈亚瑜伽健身有限责任公司,8930,健身休闲,0.2125,0.85,否,,1,0,,健身休闲运动服务,,0.0,0.0,0.85,0.0
四川正火梵木足球俱乐部有限公司,8392,体育培训,0.8736,0.95,否,,1,1,体育培训教育,,体育培训,1.0,1.0,0.85,0.1111
四川御翔企业管理有限公司,8921,体育场馆,0.8736,0.95,否,,1,1,体育场馆管理,,体育场馆,1.0,1.0,0.85,0.1111
成都大松果体育文化传播有限责任公司,8392,体育培训,0.8736,0.95,否,,1,1,体校及体育培训,,体育培训,1.0,1.0,0.85,0.1111
成都爱蕾体育文化传播有限公司,8930,健身休闲,0.2125,0.85,否,,1,0,,室外活动服务,,0.0,0.0,0.85,0.0
四川育成云帆体育文化传播有限公司,8392,体育培训,0.8736,0.95,否,,1,1,体育培训,,体育培训,1.0,1.0,0.85,0.1111
四川瑞美鑫胜电子商务有限公司,5242,体育用品,0.8736,0.95,否,,1,1,体育用品零售,,体育用品零售,1.0,1.0,0.85,0.1111
成都索林龙腾体育发展有限公司,8930,健身休闲,0.2125,0.85,否,,1,0,,健身休闲活动,,0.0,0.0,0.85,0.0
成都一木青舍健身服务有限公司,8930,健身休闲,0.8736,0.95,否,,1,1,健身服务,,健身服务,1.0,1.0,0.85,0.1111
成都韦德伍斯悦动健身有限公司,8930,健身休闲,0.8736,0.95,否,,1,1,健身服务,,健身服务,1.0,1.0,0.85,0.1111
成都市傲森健康科技有限公司,8992,健身休闲,0.6611,0.9,是,纯跨界（行业代码非体育，文本有体育业务）,1,1,健身服务,,健身服务,1.0,1.0,0.0,0.1111
成都市天成凯翔体育发展有限公司,8392,体育培训,0.8736,0.95,否,,1,1,体育培训服务,,体育培训,1.0,1.0,0.85,0.1111
四川美瑞体育设备有限公司,5142,体育用品,0.8736,0.95,否,,1,1,体育用品批发,,体育用品批发,1.0,1.0,0.85,0.1111
四川省金牌康体设备有限公司,8930,健身休闲,0.8736,0.95,否,,1,1,健身服务,,健身服务,1.0,1.0,0.85,0.1111
成都梓辛体育场馆管理有限公司,8921,体育场馆,0.8736,0.95,否,,1,1,体育场馆管理,,体育场馆,1.0,1.0,0.85,0.1111
四川智尔创航体育用品有限公司,5242,体育用品,0.8736,0.95,否,,1,1,体育器材零售,,体育器材,1.0,1.0,0.85,0.1111
成都世纪星冰雪体育文化传播有限公司,9052,体育管理,0.6611,0.9,是,纯跨界（行业代码非体育，文本有体育业务）,1,1,体育文化策划活动,,体育文化,1.0,1.0,0.0,0.1111
四川瑞永盛消防工程有限公司,4991,体育场馆,0.6611,0.9,是,纯跨界（行业代码非体育，文本有体育业务）,1,1,体育场馆安装,,体育场馆,1.0,1.0,0.0,0.1111
成都华兴蓉创遮阳蓬有限公司,5142,体育用品,0.2125,0.85,否,,1,0,,户外用品批发,,0.0,0.0,0.85,0.0
四川省欧弗朗特尔创新科技有限公司,9052,体育赛事,0.6611,0.9,是,纯跨界（行业代码非体育，文本有体育业务）,1,1,体育赛事策划服务,,赛事策划,1.0,1.0,0.0,0.1111
瓦鲁瑞克智能技术成都有限公司,4720,体育场馆,0.6611,0.9,是,纯跨界（行业代码非体育，文本有体育业务）,1,1,体育场地施工,,体育场地,1.0,1.0,0.0,0.1111
成都育成凯达体育科技有限公司,9052,体育赛事,0.6611,0.9,是,纯跨界（行业代码非体育，文本有体育业务）,1,1,体育赛事活动策划,,体育赛事,1.0,1.0,0.0,0.1111
四川凯睿莱特体育文化传播有限公司,8930,健身休闲,0.8736,0.95,否,,1,1,健身服务,,健身服务,1.0,1.0,0.85,0.1111
成都万顺飞鸟健身服务有限公司,8930,健身休闲,0.2125,0.85,否,,1,0,,健身课程服务,,0.0,0.0,0.85,0.0
言玺文化传播成都有限公司,8392,体育培训,0.8736,0.95,否,,1,1,体育舞蹈培训服务,,舞蹈培训,1.0,1.0,0.85,0.1111
四川锦发体育发展中心,9052,体育赛事,0.6611,0.9,是,纯跨界（行业代码非体育，文本有体育业务）,1,1,体育赛事组织,,体育赛事,1.0,1.0,0.0,0.1111
成都魔豆智能体育发展有限责任公司,9052,体育赛事,0.6611,0.9,是,纯跨界（行业代码非体育，文本有体育业务）,1,1,体育赛事策划,,赛事策划,1.0,1.0,0.0,0.1111
四川锦尚睿博体育文化发展有限公司,9052,体育赛事,0.6611,0.9,是,纯跨界（行业代码非体育，文本有体育业务）,1,1,体育赛事表演服务,,体育赛事,1.0,1.0,0.0,0.1111
成都市缔康美健身服务有限公司,8930,健身休闲,0.8736,0.95,否,,1,1,健身服务,,健身服务,1.0,1.0,0.85,0.1111
四川省动络添篮球俱乐部有限公司,8921,体育场馆,0.8736,0.95,否,,1,1,篮球场所管理服务,,篮球场,1.0,1.0,0.85,0.1111
四川美凯体育文化产业有限公司,8911,体育赛事,0.8736,0.95,否,,1,1,组织体育赛事及文化交流活动,,体育赛事,1.0,1.0,0.85,0.1111
四川恒星晨体育俱乐部有限公司,8930,健身休闲,0.2125,0.85,否,,1,0,,健身休闲活动,,0.0,0.0,0.85,0.0
成都全体体育文化传播有限公司,8392,体育培训,0.2125,0.85,否,,1,0,,体育训练,,0.0,0.0,0.85,0.0
成都吴宪户外运动策划有限公司,8930,健身休闲,0.8736,0.95,否,,1,1,户外运动策划,,户外运动,1.0,1.0,0.85,0.1111
四川文瀚科技有限公司,5142,体育用品,0.8736,0.95,否,,1,1,体育用品及器材批发,,体育用品,1.0,1.0,0.85,0.1111
成都荣茂梵乐健身服务有限公司,8930,健身休闲,0.2125,0.85,否,,1,0,,健身休闲活动,,0.0,0.0,0.85,0.0
成都帕布利克体育文化传播有限公司,8921,体育场馆,0.8736,0.95,否,,1,1,体育场管理服务,,体育场,1.0,1.0,0.85,0.1111
成都肖智斌文化传媒有限公司,8930,健身休闲,0.2125,0.85,否,,1,0,,组织文化艺术交流活动健身休闲活动,,0.0,0.0,0.85,0.0
成都瑞博晟国际贸易有限公司,5142,体育用品,0.8736,0.95,否,,1,1,体育用品批发,,体育用品批发,1.0,1.0,0.85,0.1111
四川托翔体育科技有限公司,5242,体育用品,0.8736,0.95,否,,1,1,体育用品零售,,体育用品零售,1.0,1.0,0.85,0.1111
四川麓极体育公园管理有限公司,8911,健身休闲,0.8736,0.95,否,,1,1,滑板滑雪体育运动,,滑雪,1.0,1.0,0.85,0.1111
成都运达星商贸有限公司,5142,体育用品,0.8736,0.95,否,,1,1,体育用品及器材批发,,体育用品,1.0,1.0,0.85,0.1111
成都泰乙健康管理有限公司,8930,健身休闲,0.2125,0.85,否,,1,0,,健康咨询服务,,0.0,0.0,0.85,0.0
成都兰途健身服务有限公司,8930,健身休闲,0.8736,0.95,否,,1,1,休闲健身服务,,健身服务,1.0,1.0,0.85,0.1111
成都傲魂体育管理有限公司,8921,体育场馆,0.2125,0.85,否,,1,0,,场地管理,,0.0,0.0,0.85,0.0
成都启霖行体育用品有限公司,5242,体育用品,0.8736,0.95,否,,1,1,体育用品及器材零售,,体育用品,1.0,1.0,0.85,0.1111
成都琥珀川健身服务有限公司,8930,健身休闲,0.2125,0.85,否,,1,0,,健身休闲,,0.0,0.0,0.85,0.0
四川健泳诚体育发展有限公司,8930,健身休闲,0.2125,0.85,否,,1,0,,健身休闲活动,,0.0,0.0,0.85,0.0
四川能语商贸有限公司,5242,体育用品,0.8736,0.95,否,,1,1,体育用品及器材零售,,体育用品,1.0,1.0,0.85,0.1111
四川朗文陆杰体育文化传播有限公司,9052,体育赛事,0.6611,0.9,是,纯跨界（行业代码非体育，文本有体育业务）,1,1,体育赛事活动策划,,体育赛事,1.0,1.0,0.0,0.1111
成都揽创贸易有限公司,5142,体育用品,0.8736,0.95,否,,1,1,体育用品批发,,体育用品批发,1.0,1.0,0.85,0.1111
四川海比利教育咨询有限公司,8930,健身休闲,0.2125,0.85,否,,1,0,,健身休息活动,,0.0,0.0,0.85,0.0
四川骁兔体育文化传播有限公司,5242,体育用品,0.8736,0.95,否,,1,1,体育器材零售,,体育器材,1.0,1.0,0.85,0.1111
四川篮冠体育设施有限公司,5142,体育用品,0.8736,0.95,否,,1,1,体育用品及器材批发,,体育用品,1.0,1.0,0.85,0.1111
成都迦也文化传播有限公司,8930,健身休闲,0.2125,0.85,否,,1,0,,休闲健身活动,,0.0,0.0,0.85,0.0
四川巨浪体育设施工程有限公司,4892,体育场馆,0.8736,0.95,否,,1,1,体育场地设施工程施工,,体育场地设施,1.0,1.0,0.85,0.1111
成都未来蜀途体育俱乐部有限公司,8911,体育管理,0.2125,0.85,否,,1,0,,体育宣传服务,,0.0,0.0,0.85,0.0
成都捷芙斯文化传播有限公司,8930,健身休闲,0.2125,0.85,否,,1,0,,健身休闲活动,,0.0,0.0,0.85,0.0
成都弗佑绅健身服务有限公司,8930,健身休闲,0.8736,0.95,否,,1,1,健身服务,,健身服务,1.0,1.0,0.85,0.1111
成都悦沐禾健身管理有限公司,8930,健身休闲,0.2125,0.85,否,,1,0,,健身休闲活动,,0.0,0.0,0.85,0.0
四川多平建筑工程有限公司,4892,体育场馆,0.8736,0.95,否,,1,1,体育场馆建筑工程施工,,体育场馆,1.0,1.0,0.85,0.1111
雷考旦体育设施成都有限公司,5142,体育用品,0.8736,0.95,否,,1,1,体育用品及器材批发,,体育用品,1.0,1.0,0.85,0.1111
四川奥学建筑工程有限公司,5142,体育用品,0.8736,0.95,否,,1,1,体育用品及器材批发,,体育用品,1.0,1.0,0.85,0.1111
四川优赛乐体育文化传播有限公司,8911,体育赛事,0.8736,0.95,否,,1,1,体育赛事的筹备举办办,,体育赛事,1.0,1.0,0.85,0.1111
四川园丁科教设备有限公司,5142,体育用品,0.8736,0.95,否,,1,1,体育用品及器材批发,,体育用品,1.0,1.0,0.85,0.1111
四川鑫超意户外用品有限公司,5242,体育用品,0.8736,0.95,否,,1,1,帐篷零售,,帐篷,1.0,1.0,0.85,0.1111
成都焱泽霖科技有限公司,5142,体育用品,0.8736,0.95,否,,1,1,体育用品批发,,体育用品批发,1.0,1.0,0.85,0.1111
成都启程健身服务有限公司,8930,健身休闲,0.2125,0.85,否,,1,0,,健身休闲服务,,0.0,0.0,0.85,0.0
四川金腾泳健体育发展有限公司,8911,体育赛事,0.8736,0.95,否,,1,1,体育赛事策划,,赛事策划,1.0,1.0,0.85,0.1111
成都星泽佑网络科技有限公司,8911,电子竞技,0.8736,0.95,否,,1,1,电子竞技职业俱乐部的运营,,电子竞技,1.0,1.0,0.85,0.1111
四川极虎体育文化发展集团有限公司,8921,体育场馆,0.8736,0.95,否,,1,1,体育场馆管理,,体育场馆,1.0,1.0,0.85,0.1111
四川丰谷乒乓球俱乐部有限责任公司,8911,体育赛事,0.8736,0.95,否,,1,1,体育竞赛组织,,体育竞赛,1.0,1.0,0.85,0.1111
成都梦马体育文化发展有限公司,9052,体育赛事,0.6611,0.9,是,纯跨界（行业代码非体育，文本有体育业务）,1,1,体育赛事策划,,赛事策划,1.0,1.0,0.0,0.1111
四川睿哲弈博体育文化发展有限公司,9052,体育赛事,0.6611,0.9,是,纯跨界（行业代码非体育，文本有体育业务）,1,1,体育赛事策划,,赛事策划,1.0,1.0,0.0,0.1111
四川鸿辰户外拓展有限公司,8392,体育培训,0.2125,0.85,否,,1,0,,体育拓展培训,,0.0,0.0,0.85,0.0
成都月亮湾体育活动中心,8930,健身休闲,0.8736,0.95,否,,1,1,体育休闲,,体育休闲,1.0,1.0,0.85,0.1111
成都全煋煋体育俱乐部有限公司,8392,体育培训,0.8736,0.95,否,,1,1,跆拳道培训,,跆拳道培训,1.0,1.0,0.85,0.1111
成都横断之心户外运动有限公司,8919,体育管理,0.2125,0.85,否,,1,0,,组织户外活动,,0.0,0.0,0.85,0.0
成都墨图电子商务有限公司,5242,体育用品,0.8736,0.95,否,,1,1,体育用品零售,,体育用品零售,1.0,1.0,0.85,0.1111
四川浪体教学设备有限公司,5242,体育用品,0.8736,0.95,否,,1,1,体育用品及器材零售,,体育用品,1.0,1.0,0.85,0.1111
四川探视界户外运动有限公司,8930,健身休闲,0.2125,0.85,否,,1,0,,健身休闲活动,,0.0,0.0,0.85,0.0
成都速帆体育文化有限公司,8392,体育培训,0.8736,0.95,否,,1,1,体校及体育培训,,体育培训,1.0,1.0,0.85,0.1111
成都肆潮健身俱乐部有限公司,8930,健身休闲,0.2125,0.85,否,,1,0,,健身休闲活动,,0.0,0.0,0.85,0.0
成都袋鼠拳力体育俱乐部有限公司,8911,体育赛事,0.8736,0.95,否,,1,1,体育竞赛组织,,体育竞赛,1.0,1.0,0.85,0.1111
四川圣钧体育器材有限公司,5242,体育用品,0.8736,0.95,否,,1,1,体育用品及器材零售,,体育用品,1.0,1.0,0.85,0.1111
成都安仲呈体育用品店,5142,体育用品,0.8736,0.95,否,,1,1,体育用品及器材批发,,体育用品,1.0,1.0,0.85,0.1111
成都昶刚悦体育用品店,5142,体育用品,0.5323,0.95,是,多元经营（体育+2条非体育业务）,4,2,一般项目：体育用品及器材批发; 体育用品及器材零售,互联网销售（除销售需要许可的商品）（除依法须经批准的项目外; 凭营业执照依法自主开展经营活动）,体育用品,0.5,0.4348,0.85,0.1111
成都讯文兆体育用品店,5142,体育用品,0.5323,0.95,是,多元经营（体育+2条非体育业务）,4,2,一般项目：体育用品及器材批发; 体育用品及器材零售,互联网销售（除销售需要许可的商品）（除依法须经批准的项目外; 凭营业执照依法自主开展经营活动）,体育用品,0.5,0.4348,0.85,0.1111
成都垒尤洋体育用品店,5142,体育用品,0.5323,0.95,是,多元经营（体育+2条非体育业务）,4,2,一般项目：体育用品及器材批发; 体育用品及器材零售,互联网销售（除销售需要许可的商品）（除依法须经批准的项目外; 凭营业执照依法自主开展经营活动）,体育用品,0.5,0.4348,0.85,0.1111
成都韶权觅体育用品店,5142,体育用品,0.5323,0.95,是,多元经营（体育+2条非体育业务）,4,2,一般项目：体育用品及器材批发; 体育用品及器材零售,互联网销售（除销售需要许可的商品）（除依法须经批准的项目外; 凭营业执照依法自主开展经营活动）,体育用品,0.5,0.4348,0.85,0.1111
成都成华世茂美嘉健身服务有限责任公司,8930,健身休闲,0.2125,0.85,否,,1,0,,健身休闲活动,,0.0,0.0,0.85,0.0
成都加玩拳创文化传播有限责任公司,8930,健身休闲,0.2125,0.85,否,,1,0,,健身休闲活动,,0.0,0.0,0.85,0.0
成都莹志莱体育用品店,5142,体育用品,0.5323,0.95,是,多元经营（体育+2条非体育业务）,4,2,一般项目：体育用品及器材批发; 体育用品及器材零售,互联网销售（除销售需要许可的商品）（除依法须经批准的项目外; 凭营业执照依法自主开展经营活动）,体育用品,0.5,0.4348,0.85,0.1111
成都伍德易佳体育文化传播有限公司,8930,健身休闲,0.8736,0.95,否,,1,1,健身服务,,健身服务,1.0,1.0,0.85,0.1111
成都沃登健身服务有限公司,8930,健身休闲,0.8736,0.95,否,,1,1,健身服务,,健身服务,1.0,1.0,0.85,0.1111
成都奇迹鸿运健身服务有限公司,8930,体育用品,0.37,0.95,是,多元经营（体育+6条非体育业务）,7,1,体育用品及器材零售（除依法须经批准的项目外,一般项目：健身休闲活动; 体育健康服务; 体育保障组织; 产业用纺织制成品销售; 服装服饰零售; 凭营业执照依法自主开展经营活动）,体育用品,0.1429,0.3571,0.85,0.1111
成都阑东阅体育用品店,5142,体育用品,0.5323,0.95,是,多元经营（体育+2条非体育业务）,4,2,一般项目：体育用品及器材批发; 体育用品及器材零售,互联网销售（除销售需要许可的商品）（除依法须经批准的项目外; 凭营业执照依法自主开展经营活动）,体育用品,0.5,0.4348,0.85,0.1111
成都快乐体育文化有限公司,9052,体育赛事,0.6611,0.9,是,纯跨界（行业代码非体育，文本有体育业务）,1,1,体育赛事策划,,赛事策划,1.0,1.0,0.0,0.1111
成都瑞西健康管理有限公司,8930,健身休闲,0.8736,0.95,否,,1,1,健身服务,,健身服务,1.0,1.0,0.85,0.1111
四川洪卓企业管理咨询有限公司,5142,体育用品,0.8736,0.95,否,,1,1,体育用品批发,,体育用品批发,1.0,1.0,0.85,0.1111
成都市麦斯卡体育用品有限公司,5142,体育用品,0.8736,0.95,否,,1,1,体育用品批发,,体育用品批发,1.0,1.0,0.85,0.1111
成都市骏宁健身有限公司,8930,健身休闲,0.2125,0.85,否,,1,0,,健身管理,,0.0,0.0,0.85,0.0
成都巴啦啦体育发展有限公司,8392,体育培训,0.8736,0.95,否,,1,1,体育培训服务,,体育培训,1.0,1.0,0.85,0.1111
成都舞艾灵文化传媒有限公司,8930,健身休闲,0.2125,0.85,否,,1,0,,健身休闲活动,,0.0,0.0,0.85,0.0
成都美力邦科技有限公司,5142,体育用品,0.8736,0.95,否,,1,1,体育用品及器材批发,,体育用品,1.0,1.0,0.85,0.1111
成都毛毛球体育用品有限公司,5242,体育用品,0.8736,0.95,否,,1,1,体育用品零售,,体育用品零售,1.0,1.0,0.85,0.1111
成都威腾体育发展有限责任公司,8921,体育场馆,0.8736,0.95,否,,1,1,体育场馆管理,,体育场馆,1.0,1.0,0.85,0.1111
成都铂水健身服务有限公司,8930,健身休闲,0.8736,0.95,否,,1,1,健身服务,,健身服务,1.0,1.0,0.85,0.1111
成都婵院健身服务有限公司,8930,健身休闲,0.8736,0.95,否,,1,1,健身服务,,健身服务,1.0,1.0,0.85,0.1111
成都优胜特体育运动有限公司,8911,体育管理,0.2125,0.85,否,,1,0,,体育运动训练指导服务,,0.0,0.0,0.85,0.0
四川闪电雄体育文化发展有限公司,8392,体育培训,0.8736,0.95,否,,1,1,少儿体育培训,,体育培训,1.0,1.0,0.85,0.1111
四川大舞门文化传播有限公司,8392,体育培训,0.8736,0.95,否,,1,1,成人体育培训,,体育培训,1.0,1.0,0.85,0.1111
成都玩味文化传播有限公司,8930,健身休闲,0.2125,0.85,否,,1,0,,健身休闲活动,,0.0,0.0,0.85,0.0
成都肌械师健身管理有限公司,8930,健身休闲,0.8736,0.95,否,,1,1,健身房健身活动,,健身房,1.0,1.0,0.85,0.1111
成都骄傲羚羊体育发展有限公司,9052,体育赛事,0.6611,0.9,是,纯跨界（行业代码非体育，文本有体育业务）,1,1,体育表演服务,,体育表演,1.0,1.0,0.0,0.1111
成都翌航文化传媒有限公司,8992,健身休闲,0.6611,0.9,是,纯跨界（行业代码非体育，文本有体育业务）,1,1,户外拓展服务,,户外拓展,1.0,1.0,0.0,0.1111
文氏华承（成都）体育俱乐部有限公司,8392,体育培训,0.8736,0.95,否,,1,1,体校及体育培训,,体育培训,1.0,1.0,0.85,0.1111
成都众星力行体育有限公司,8921,体育场馆,0.8736,0.95,否,,1,1,体育场馆管理,,体育场馆,1.0,1.0,0.85,0.1111
成都大唐户外体育用品有限公司,5242,体育用品,0.8736,0.95,否,,1,1,体育用品及器材零售,,体育用品,1.0,1.0,0.85,0.1111
成都脉谱健身服务有限公司,8930,健身休闲,0.8736,0.95,否,,1,1,健身房健身活动,,健身房,1.0,1.0,0.85,0.1111
成都魔星体育科技有限公司,8930,健身休闲,0.2125,0.85,否,,1,0,,健身休闲活动,,0.0,0.0,0.85,0.0
成都迦南户外运动有限公司,8930,健身休闲,0.2125,0.85,否,,1,0,,健身休闲活动,,0.0,0.0,0.85,0.0
成都蓝幼教育咨询有限公司,8392,体育培训,0.2125,0.85,否,,1,0,,幼儿园体智能课程服务,,0.0,0.0,0.85,0.0
成都小倩健身服务有限公司,8930,健身休闲,0.2125,0.85,否,,1,0,,健身休闲活动,,0.0,0.0,0.85,0.0
四川蓝雨体育文化传播有限公司,8921,体育场馆,0.8736,0.95,否,,1,1,体育场馆管理,,体育场馆,1.0,1.0,0.85,0.1111
成都迈杰诺体育用品有限公司,5142,体育用品,0.8736,0.95,否,,1,1,销售体育用品等,,体育用品,1.0,1.0,0.85,0.1111
德馨舞瑜成都健身有限公司,8930,健身休闲,0.2125,0.85,否,,1,0,,健身休闲活动,,0.0,0.0,0.85,0.0
成都叁叁壹健身有限公司,8930,健身休闲,0.2125,0.85,否,,1,0,,健身休闲活动,,0.0,0.0,0.85,0.0
成都奥兰多体育发展有限公司,5142,体育用品,0.8736,0.95,否,,1,1,体育用品批发,,体育用品批发,1.0,1.0,0.85,0.1111
夸父成都体育发展有限公司,7246,体育管理,0.6611,0.9,是,纯跨界（行业代码非体育，文本有体育业务）,1,1,体育咨询,,体育咨询,1.0,1.0,0.0,0.1111
成都泽一瑜伽有限公司,8930,健身休闲,0.2125,0.85,否,,1,0,,健身休闲活动,,0.0,0.0,0.85,0.0
成都恒彩健康管理有限责任公司,8392,体育培训,0.8736,0.95,否,,1,1,体校及体育培训,,体育培训,1.0,1.0,0.85,0.1111
成都布库体育文化传播有限公司,8930,健身休闲,0.2125,0.85,否,,1,0,,健身休闲活动,,0.0,0.0,0.85,0.0
成都寿云电子科技有限公司,5242,体育用品,0.8736,0.95,否,,1,1,体育用品零售,,体育用品零售,1.0,1.0,0.85,0.1111
四川椿天健身有限公司,8930,健身休闲,0.2125,0.85,否,,1,0,,健身休闲活动,,0.0,0.0,0.85,0.0
四川乐动万奥体育科技有限公司,8392,体育培训,0.8736,0.95,否,,1,1,少儿体育培训,,体育培训,1.0,1.0,0.85,0.1111
成都鼎骋体育科技有限公司,8921,体育场馆,0.8736,0.95,否,,1,1,体育场馆管理,,体育场馆,1.0,1.0,0.85,0.1111
四川云吉体育文化发展有限公司,9054,体育管理,0.6611,0.9,是,纯跨界（行业代码非体育，文本有体育业务）,1,1,体育组织服务,,体育组织,1.0,1.0,0.0,0.1111
成都市骏腾健身有限公司,8930,健身休闲,0.2125,0.85,否,,1,0,,健身休闲服务,,0.0,0.0,0.85,0.0
成都九元渔具有限公司,5242,体育用品,0.8736,0.95,否,,1,1,渔具零售,,渔具,1.0,1.0,0.85,0.1111
成都武铭文化传播有限公司,8930,健身休闲,0.2125,0.85,否,,1,0,,健身休闲活动,,0.0,0.0,0.85,0.0
成都市诚武体育用品有限公司,5242,体育用品,0.2125,0.85,否,,1,0,,太极扇零售,,0.0,0.0,0.85,0.0
成都康瑞达健身器材有限公司,5142,体育用品,0.8736,0.95,否,,1,1,健身器材批发,,健身器材,1.0,1.0,0.85,0.1111
成都野草蛮生体育文化传播有限公司,5242,体育用品,0.8736,0.95,否,,1,1,体育用品零售,,体育用品零售,1.0,1.0,0.85,0.1111
成都红彩江游乐设备有限公司,5242,体育用品,0.8736,0.95,否,,1,1,体育用品零售,,体育用品零售,1.0,1.0,0.85,0.1111
四川乘洋健身有限公司,8930,健身休闲,0.2125,0.85,否,,1,0,,健身休闲活动,,0.0,0.0,0.85,0.0
萌踪文化创意（成都）有限公司,8930,健身休闲,0.2125,0.85,否,,1,0,,健身休闲活动,,0.0,0.0,0.85,0.0
成都市苏安文化传播有限公司,5142,体育用品,0.8736,0.95,否,,1,1,体育用品批发,,体育用品批发,1.0,1.0,0.85,0.1111
成都新银锐科技有限公司,8930,健身休闲,0.2125,0.85,否,,1,0,,健身休闲活动,,0.0,0.0,0.85,0.0
奇迹天地成都健身服务有限公司,8930,健身休闲,0.8736,0.95,否,,1,1,健身服务,,健身服务,1.0,1.0,0.85,0.1111
四川金源鸿鑫时代实业有限公司,5242,体育用品,0.8736,0.95,否,,1,1,零售文化和体育用品,,体育用品,1.0,1.0,0.85,0.1111
成都长卿健身服务有限责任公司,8930,健身休闲,0.2125,0.85,否,,1,0,,健身休闲活动,,0.0,0.0,0.85,0.0
四川阿虎体育文化传播有限公司,8930,健身休闲,0.2125,0.85,否,,1,0,,搏击类运动健身活动,,0.0,0.0,0.85,0.0
四川优体体育文化发展有限公司,5242,体育用品,0.8736,0.95,否,,1,1,体育用品零售,,体育用品零售,1.0,1.0,0.85,0.1111
四川匹克体育文化传播有限公司,5242,体育用品,0.8736,0.95,否,,1,1,体育用品零售,,体育用品零售,1.0,1.0,0.85,0.1111
成都劲源傲天体育文化传播有限公司,8392,体育培训,0.8736,0.95,否,,1,1,体校及体育培训,,体育培训,1.0,1.0,0.85,0.1111
四川橙仁亦美信息科技有限公司,8392,体育培训,0.2125,0.85,否,,1,0,,职业技能培训服务,,0.0,0.0,0.85,0.0
四川雄冠体育文化发展有限公司,8930,健身休闲,0.2125,0.85,否,,1,0,,健身休闲活动,,0.0,0.0,0.85,0.0
成都优力体育文化传播有限公司,8930,健身休闲,0.2125,0.85,否,,1,0,,健身休闲活动,,0.0,0.0,0.85,0.0
成都普瑞儿文化传播有限公司,8930,健身休闲,0.2125,0.85,否,,1,0,,健身休闲活动,,0.0,0.0,0.85,0.0
成都神秘人文化传播有限公司,8930,健身休闲,0.2125,0.85,否,,1,0,,健身休闲活动,,0.0,0.0,0.85,0.0
四川省春润供应链管理有限公司,8911,体育赛事,0.8736,0.95,否,,1,1,赛事组织,,赛事组织,1.0,1.0,0.85,0.1111
成都途斯搏户外运动有限公司,5242,体育赛事,0.8736,0.95,否,,1,1,一般项目体育竞赛组织,,体育竞赛,1.0,1.0,0.85,0.1111
成都源宇瑜伽健身有限公司,8930,健身休闲,0.2125,0.85,否,,1,0,,健身休闲活动,,0.0,0.0,0.85,0.0
成都鼎成尚丰文化传播有限公司,8930,健身休闲,0.2125,0.85,否,,1,0,,健身休闲活动,,0.0,0.0,0.85,0.0
成都奇航吉业教育咨询有限公司,8930,健身休闲,0.2125,0.85,否,,1,0,,健身休闲活动,,0.0,0.0,0.85,0.0
成都风之翼户外运动有限公司,5242,健身休闲,0.8736,0.95,否,,1,1,户外运动用品零售,,户外运动,1.0,1.0,0.85,0.1111
四川嘉建佳健身俱乐部有限责任公司,8930,健身休闲,0.2125,0.85,否,,1,0,,健身休闲活动,,0.0,0.0,0.85,0.0
泰美盈瑞（成都）体育文化发展有限公司,8930,健身休闲,0.2125,0.85,否,,1,0,,健身休闲活动,,0.0,0.0,0.85,0.0
四川雄冠优克体育发展有限公司,5242,体育用品,0.8736,0.95,否,,1,1,体育用品零售,,体育用品零售,1.0,1.0,0.85,0.1111
成都汇盛康体育用品有限公司,5142,体育用品,0.8736,0.95,否,,1,1,体育用品及器材批发,,体育用品,1.0,1.0,0.85,0.1111
四川志祥玄达教育咨询有限公司,8999,体育赛事,0.1064,0.6,是,纯跨界（行业代码非体育，文本有体育业务）,25,2,组织体育表演活动; 体育竞赛组织,一般项目：企业形象策划; 市场营销策划; 组织文化艺术交流活动; 信息咨询服务（不含许可类信息咨询服务）; 信息系统集成服务; 礼仪服务; 个人商务服务; 婚庆礼仪服务; 租赁服务（不含许可类租赁服务）; 文化用品设备出租; 企业管理咨询; 数字内容制作服务（不含出版发行）; 图文设计制作; 数字创意产品展览展示服务; 会议及展览服务; 包装服务; 广告制作; 平面设计; 文艺创作; 专业设计服务; 娱乐性展览; （除依法须经批准的项目外; 凭营业执照依法自主开展经营活动）,体育表演; 体育竞赛,0.08,0.2532,0.0,0.1111
四川安茁体育发展有限公司,8911,体育赛事,0.8736,0.95,否,,1,1,体育竞赛组织,,体育竞赛,1.0,1.0,0.85,0.1111
成都净梵瑜伽健身服务有限公司,8930,健身休闲,0.8736,0.95,否,,1,1,瑜伽健身服务,,瑜伽; 健身服务,1.0,1.0,0.85,0.1111
成都天沐商贸有限公司,5142,体育用品,0.2125,0.85,否,,1,0,,玩具批发,,0.0,0.0,0.85,0.0
成都明心康健体育用品有限公司,5142,体育用品,0.2125,0.85,否,,1,0,,户外用品批发,,0.0,0.0,0.85,0.0
成都力米特体育用品有限公司,5142,体育用品,0.8736,0.95,否,,1,1,销售体育用品,,体育用品,1.0,1.0,0.85,0.1111
四川百巨业体育设施工程有限公司,4892,体育场馆,0.8736,0.95,否,,1,1,体育场地设施施工,,体育场地设施,1.0,1.0,0.85,0.1111
四川宇搏体育文化传播有限公司,9052,体育赛事,0.6611,0.9,是,纯跨界（行业代码非体育，文本有体育业务）,1,1,体育赛事活动策划,,体育赛事,1.0,1.0,0.0,0.1111
成都欢乐福尼体育发展有限公司,9052,体育赛事,0.6611,0.9,是,纯跨界（行业代码非体育，文本有体育业务）,1,1,体育赛事活动策划,,体育赛事,1.0,1.0,0.0,0.1111
成都林宸健身服务有限公司,8930,健身休闲,0.2125,0.85,否,,1,0,,健身休闲活动,,0.0,0.0,0.85,0.0
四川鹏飞乐享健身服务有限公司,8930,健身休闲,0.8736,0.95,否,,1,1,健身服务,,健身服务,1.0,1.0,0.85,0.1111
成都康尔美健康科技有限公司,5242,体育用品,0.2125,0.85,否,,1,0,,零售健身用品,,0.0,0.0,0.85,0.0
成都传艺道文化传播有限公司,8392,体育培训,0.8736,0.95,否,,1,1,武术培训,,武术培训,1.0,1.0,0.85,0.1111
四川星海新知体育文化传播有限公司,8930,健身休闲,0.2125,0.85,否,,1,0,,健身休闲活动,,0.0,0.0,0.85,0.0
四川白色元素体育用品有限公司,5242,体育用品,0.3828,0.95,是,多元经营（体育+14条非体育业务）,16,2,一般项目：体育用品及器材零售; 组织体育表演活动,户外用品销售; 鞋帽批发; 眼镜销售（不含隐形眼镜）; 鞋帽零售; 图文设计制作; 文艺创作; 服装服饰批发; 服装服饰零售; 互联网销售（除销售需要许可的商品）; 组织文化艺术交流活动; 国内贸易代理; 其他文化艺术经纪代理; （除依法须经批准的项目外; 凭营业执照依法自主开展经营活动）,体育用品; 体育表演,0.125,0.3922,0.85,0.2222
成都明健体育场馆管理有限公司,9052,体育赛事,0.6611,0.9,是,纯跨界（行业代码非体育，文本有体育业务）,1,1,策划体育赛事活动,,体育赛事,1.0,1.0,0.0,0.1111
成都蔚素仕体育用品店,5142,体育用品,0.8736,0.95,否,,1,1,体育用品及器材销售,,体育用品,1.0,1.0,0.85,0.1111
成都豪宇君达健身服务有限公司,8930,健身休闲,0.8736,0.95,否,,1,1,健身服务,,健身服务,1.0,1.0,0.85,0.1111
成都悦享健身服务有限公司,8930,健身休闲,0.2125,0.85,否,,1,0,,健身休闲活动,,0.0,0.0,0.85,0.0
成都彬潮立体育用品店,5142,体育用品,0.8736,0.95,否,,1,1,体育用品及器材销售,,体育用品,1.0,1.0,0.85,0.1111
成都威尔斯健身服务有限责任公司,8930,健身休闲,0.8736,0.95,否,,1,1,室内健身房健身活动,,健身房,1.0,1.0,0.85,0.1111
成都辰铭体育文化发展有限公司,9052,体育赛事,0.6611,0.9,是,纯跨界（行业代码非体育，文本有体育业务）,1,1,体育赛事策划,,赛事策划,1.0,1.0,0.0,0.1111
成都四九城健身服务有限公司,8930,健身休闲,0.2125,0.85,否,,1,0,,健身休闲活动,,0.0,0.0,0.85,0.0
四川君安康爱尚健康科技有限公司,8930,健身休闲,0.2125,0.85,否,,1,0,,健康咨询服务,,0.0,0.0,0.85,0.0
成都赛乐健身服务有限公司,8930,健身休闲,0.2125,0.85,否,,1,0,,健身休闲活动,,0.0,0.0,0.85,0.0
四川力量引擎体育文化发展有限公司,8930,体育赛事,0.8736,0.95,否,,1,1,体育竞赛组织,,体育竞赛,1.0,1.0,0.85,0.1111
成都蔻动扳机体育俱乐部有限公司,5242,体育用品,0.8736,0.95,否,,1,1,体育用品零售,,体育用品零售,1.0,1.0,0.85,0.1111
成都众合鑫体育文化有限公司,8911,体育赛事,0.8736,0.95,否,,1,1,体育竞赛组织,,体育竞赛,1.0,1.0,0.85,0.1111
成都澈恬辰体育用品店,5242,体育用品,0.8736,0.95,否,,1,1,乒乓球专用,,乒乓球,1.0,1.0,0.85,0.1111
四川君体飞腾体育用品有限公司,5142,体育用品,0.8736,0.95,否,,1,1,体育用品,,体育用品,1.0,1.0,0.85,0.1111
成都具诚禾体育用品店,5142,体育用品,0.8736,0.95,否,,1,1,体育用品及器材销售,,体育用品,1.0,1.0,0.85,0.1111
成都水精灵瑜伽有限公司,8930,健身休闲,0.8736,0.95,否,,1,1,健身房健身活动,,健身房,1.0,1.0,0.85,0.1111
四川皓月繁星体育文化传播有限公司,8911,体育赛事,0.8736,0.95,否,,1,1,体育竞赛组织,,体育竞赛,1.0,1.0,0.85,0.1111
成都克钰呈体育用品店,5142,体育用品,0.8736,0.95,否,,1,1,体育用品及器材销售,,体育用品,1.0,1.0,0.85,0.1111
成都锋翔洋体育用品店,5242,体育用品,0.8736,0.95,否,,1,1,排球运动用品,,排球,1.0,1.0,0.85,0.1111
成都琉文淑体育用品店,5142,体育用品,0.8736,0.95,否,,1,1,体育用品及器材销售,,体育用品,1.0,1.0,0.85,0.1111
成都酷动空间健身管理有限公司,8930,健身休闲,0.8736,0.95,否,,1,1,健身房健身活动,,健身房,1.0,1.0,0.85,0.1111
成都奥旗盛商贸有限公司,5242,体育用品,0.8736,0.95,否,,1,1,体育用品,,体育用品,1.0,1.0,0.85,0.1111
成都小冰花体育文化发展有限公司,8392,体育培训,0.8736,0.95,否,,1,1,青少年体育培训服务,,青少年体育,1.0,1.0,0.85,0.1111
四川挚友众力体育文化传播有限公司,8919,体育管理,0.8736,0.95,否,,1,1,体育组织服务,,体育组织,1.0,1.0,0.85,0.1111
成都果萌霖体育用品店,5242,体育用品,0.8736,0.95,否,,1,1,体育用品,,体育用品,1.0,1.0,0.85,0.1111
成都金色橘子瑜伽健身有限公司,8930,健身休闲,0.8736,0.95,否,,1,1,瑜伽健身,,瑜伽,1.0,1.0,0.85,0.1111
成都荣辰锦都游泳俱乐部有限公司,8921,体育场馆,0.8736,0.95,否,,1,1,游泳馆服务,,游泳馆,1.0,1.0,0.85,0.1111
成都市戴氏八面文化传播有限公司,9052,体育管理,0.6611,0.9,是,纯跨界（行业代码非体育，文本有体育业务）,1,1,体育文化活动组织,,体育文化,1.0,1.0,0.0,0.1111
成都冠华体育文化传播有限公司,8911,体育赛事,0.8736,0.95,否,,1,1,体育竞赛组织,,体育竞赛,1.0,1.0,0.85,0.1111
成都道珞健身服务有限公司,8930,健身休闲,0.2125,0.85,否,,1,0,,健身馆服务,,0.0,0.0,0.85,0.0
成都蜀航体育文化传播有限公司,5142,体育用品,0.8736,0.95,否,,1,1,体育器材批发,,体育器材,1.0,1.0,0.85,0.1111
成都市赫冉柔道俱乐部有限公司,8911,体育赛事,0.8736,0.95,否,,1,1,体育竞赛组织,,体育竞赛,1.0,1.0,0.85,0.1111
成都市纱妃健身服务有限公司,8930,健身休闲,0.2125,0.85,否,,1,0,,健身休闲活动,,0.0,0.0,0.85,0.0
四川爱健体育设施工程有限公司,4892,体育场馆,0.8736,0.95,否,,1,1,体育场地设施工程施工,,体育场地设施,1.0,1.0,0.85,0.1111
成都飞扬米高体育俱乐部有限公司,8911,体育赛事,0.8736,0.95,否,,1,1,体育竞赛组织,,体育竞赛,1.0,1.0,0.85,0.1111
成都腾飞经典足球俱乐部有限公司,8911,体育用品,0.8736,0.95,否,,1,1,民间足球俱乐部,,足球,1.0,1.0,0.85,0.1111
成都谊搏体育文化传播有限公司,8930,健身休闲,0.2125,0.85,否,,1,0,,体育健身活动,,0.0,0.0,0.85,0.0
成都谊搏八里体育文化发展有限公司,8930,体育用品,0.8847,0.95,否,,1,1,乒乓球健身服务,,乒乓球; 健身服务,1.0,1.0,0.85,0.2222
成都市喜象瑜伽健身有限公司,8930,健身休闲,0.2125,0.85,否,,1,0,,健身休闲活动,,0.0,0.0,0.85,0.0
成都茅苍悦体育用品店,5142,体育用品,0.4531,0.95,是,多元经营（体育+4条非体育业务）,6,2,一般项目：体育用品及器材批发; 体育用品及器材零售,会议及展览服务; 互联网销售（除销售需要许可的商品）; （除依法须经批准的项目外; 凭营业执照依法自主开展经营活动）,体育用品,0.3333,0.3846,0.85,0.1111
成都深白领跑健身服务有限公司,8930,健身休闲,0.2125,0.85,否,,1,0,,健身休闲活动,,0.0,0.0,0.85,0.0
成都哆啦宝箱贸易有限公司,5142,体育用品,0.3208,0.95,是,多元经营（体育+20条非体育业务）,21,1,体育用品,销售：建筑材料; 五金交电; 日用品; 建材; 金属制品; 石材; 阀门; 电线电缆; 环保设备; 灯具; 塑料制品; 橡胶制品; 木制品; 机械设备及配件; 办公用品; 电气设备; 电子产品; 户外用品; （依法须经批准的项目; 经相关部门批准后方可展开经营活动）,体育用品,0.0476,0.3125,0.85,0.1111
成都市成华区维依歌舞厅,8911,体育管理,0.2125,0.85,否,,1,0,,歌舞娱乐活动,,0.0,0.0,0.85,0.0
CD,8911,体育赛事,0.8736,0.95,否,,1,1,体育竞赛组织,,体育竞赛,1.0,1.0,0.85,0.1111
成都威客阿普文化传播有限公司,8919,体育管理,0.2125,0.85,否,,1,0,,组织文化艺术交流活动,,0.0,0.0,0.85,0.0
成都梦竞技文化传媒有限公司,8911,体育赛事,0.8736,0.95,否,,1,1,体育竞赛组织,,体育竞赛,1.0,1.0,0.85,0.1111
成都梦达成体育文化发展有限公司,8392,体育培训,0.8736,0.95,否,,1,1,体育培训,,体育培训,1.0,1.0,0.85,0.1111
四川百炼体育文化传播有限公司,8392,体育培训,0.8736,0.95,否,,1,1,体校及体育培训,,体育培训,1.0,1.0,0.85,0.1111
成都圣火体育文化传播有限公司,8930,健身休闲,0.8736,0.95,否,,1,1,跆拳道健身,,跆拳道,1.0,1.0,0.85,0.1111
成都鸿兴盛体育用品有限公司,5242,体育用品,0.8736,0.95,否,,1,1,体育用品零售,,体育用品零售,1.0,1.0,0.85,0.1111
成都即刻行动体育文化传播有限公司,8392,体育培训,0.8736,0.95,否,,1,1,篮球培训教育,,篮球培训,1.0,1.0,0.85,0.1111
成都诗克莲体育用品店,5242,体育用品,0.8736,0.95,否,,1,1,足球用品零售,,足球,1.0,1.0,0.85,0.1111
成都春戎鹏体育用品店,5242,体育用品,0.8736,0.95,否,,1,1,足球零售,,足球,1.0,1.0,0.85,0.1111
成都贝赫明体育用品店,5242,体育用品,0.2125,0.85,否,,1,0,,篮球运动用品零售,,0.0,0.0,0.85,0.0
成都河秋全体育用品店,5142,体育用品,0.2125,0.85,否,,1,0,,nan,,0.0,0.0,0.85,0.0
四川梅宝体育科技有限公司,5242,体育用品,0.2125,0.85,否,,1,0,,体育器械零售,,0.0,0.0,0.85,0.0
成都市华之茵杰体育文化传播有限公司,5142,体育用品,0.8736,0.95,否,,1,1,体育用品批发,,体育用品批发,1.0,1.0,0.85,0.1111
成都人生营佳企业管理有限公司,8919,体育管理,0.2125,0.85,否,,1,0,,户外活动组织,,0.0,0.0,0.85,0.0
成都华狼文化传播有限公司,8930,健身休闲,0.2125,0.85,否,,1,0,,青少年拓展培训,,0.0,0.0,0.85,0.0
成都冠篮盛世体育文化传播有限公司,8392,体育培训,0.8736,0.95,否,,1,1,体校及体育培训,,体育培训,1.0,1.0,0.85,0.1111
松涛馆成都体育发展有限公司,9052,体育用品,0.6611,0.9,是,纯跨界（行业代码非体育，文本有体育业务）,1,1,体育用品制造服务,,体育用品制造,1.0,1.0,0.0,0.1111
成都稻谷智投品牌管理有限公司,9052,体育赛事,0.6611,0.9,是,纯跨界（行业代码非体育，文本有体育业务）,1,1,体育赛事活动策划,,体育赛事,1.0,1.0,0.0,0.1111
四川菲尔德利健身俱乐部有限公司,8930,体育用品,0.8736,0.95,否,,1,1,健身器材制造,,健身器材,1.0,1.0,0.85,0.1111
成都鼎盛广和体育文化发展有限公司,8911,体育赛事,0.8736,0.95,否,,1,1,体育竞赛组织服务,,体育竞赛,1.0,1.0,0.85,0.1111
成都象野户外用品有限公司,5242,体育用品,0.2125,0.85,否,,1,0,,户外用品销售,,0.0,0.0,0.85,0.0
四川少年川起体育科技有限公司,9052,体育赛事,0.6611,0.9,是,纯跨界（行业代码非体育，文本有体育业务）,1,1,体育赛事策划服务,,赛事策划,1.0,1.0,0.0,0.1111
成都米特健身服务有限公司,8930,健身休闲,0.8736,0.95,否,,1,1,健身服务,,健身服务,1.0,1.0,0.85,0.1111
成都沃文羽体育用品店,5242,体育用品,0.2125,0.85,否,,1,0,,篮球运动用品批发,,0.0,0.0,0.85,0.0
成都悠勤惠体育用品店,5242,体育用品,0.8736,0.95,否,,1,1,足球运动用品零售,,足球,1.0,1.0,0.85,0.1111
成都速开荣体育用品店,5242,体育用品,0.8736,0.95,否,,1,1,篮球零售,,篮球,1.0,1.0,0.85,0.1111
四川壹玖玖壹健身管理有限公司,8930,健身休闲,0.2125,0.85,否,,1,0,,商业综合体管理服务,,0.0,0.0,0.85,0.0
成都达笛仕体育用品店,5242,体育用品,0.2125,0.85,否,,1,0,,篮球运动用品零售,,0.0,0.0,0.85,0.0
成都衍笛才体育用品店,5242,体育用品,0.2125,0.85,否,,1,0,,篮球运动用品零售,,0.0,0.0,0.85,0.0
四川泳澎德瑞克园区运营管理有限公司,8921,体育场馆,0.8736,0.95,否,,1,1,体育场地设施经营服务,,体育场地设施,1.0,1.0,0.85,0.1111
成都莲恩驰体育用品店,5242,体育用品,0.8736,0.95,否,,1,1,篮球零售,,篮球,1.0,1.0,0.85,0.1111
成都倘宪孚体育用品店,5242,体育用品,0.8736,0.95,否,,1,1,篮球零售,,篮球,1.0,1.0,0.85,0.1111
成都惠分享文化传播有限公司,8930,健身休闲,0.8736,0.95,否,,1,1,健身服务,,健身服务,1.0,1.0,0.85,0.1111
成都越航体育设施有限公司,5242,体育用品,0.8736,0.95,否,,1,1,体育用品及器材批发,,体育用品,1.0,1.0,0.85,0.1111
成都优体健身服务有限公司,8930,健身休闲,0.8736,0.95,否,,1,1,健身服务,,健身服务,1.0,1.0,0.85,0.1111
成都弗依觅体育用品店,5242,体育用品,0.8736,0.95,否,,1,1,体育用品零售,,体育用品零售,1.0,1.0,0.85,0.1111
成都碧菘波体育用品店,5142,体育用品,0.8736,0.95,否,,1,1,体育用品及器材批发,,体育用品,1.0,1.0,0.85,0.1111
成都度康秋体育用品店,5242,体育用品,0.8736,0.95,否,,1,1,体育用品零售,,体育用品零售,1.0,1.0,0.85,0.1111
成都无限上升健身工作室,8930,健身休闲,0.8736,0.95,否,,1,1,健身服务,,健身服务,1.0,1.0,0.85,0.1111
成都仕艾康健身服务有限公司,8930,健身休闲,0.8736,0.95,否,,1,1,健身服务,,健身服务,1.0,1.0,0.85,0.1111
奇迹汇聚（成都）健身服务有限公司,8930,健身休闲,0.8736,0.95,否,,1,1,健身服务,,健身服务,1.0,1.0,0.85,0.1111
成都快攻体育文化传播有限公司,8999,体育用品,0.2198,0.75,是,纯跨界（行业代码非体育，文本有体育业务）,21,4,体育场地设施经营（不含高危险性体育运动）; 体育竞赛组织; 体育用品及器材零售; 体育用品及器材批发,一般项目：组织文化艺术交流活动; 健身休闲活动; 会议及展览服务; 广告制作; 广告发布; 广告设计; 代理; 企业管理; 商务代理代办服务; 企业管理咨询; 文化场馆管理服务; 针纺织品销售; 服装服饰零售; 服装服饰批发; 工艺美术品及礼仪用品销售（象牙及其制品除外）; 建筑材料销售（除依法须经批准的项目外; 凭营业执照依法自主开展经营活动）,体育场地设施; 体育竞赛; 体育用品,0.1905,0.4412,0.0,0.3333
四川思锐鼎尚体育文化传播有限公司,8930,健身休闲,0.8736,0.95,否,,1,1,健身房经营,,健身房,1.0,1.0,0.85,0.1111
成都文氏道承体育文化传播有限公司,8392,体育培训,0.8736,0.95,否,,1,1,跆拳道培训,,跆拳道培训,1.0,1.0,0.85,0.1111
成都每时星辰星体育文化传播有限公司,9052,体育赛事,0.6611,0.9,是,纯跨界（行业代码非体育，文本有体育业务）,1,1,体育赛事活动策划,,体育赛事,1.0,1.0,0.0,0.1111
成都清弢文化传播有限公司,8392,体育培训,0.8736,0.95,否,,1,1,跆拳道培训,,跆拳道培训,1.0,1.0,0.85,0.1111
四川华世普焊接设备有限公司,2442,体育用品,0.2125,0.85,否,,1,0,,制造非标准零配件,,0.0,0.0,0.85,0.0
成都海乐体育场馆管理有限公司,8921,体育场馆,0.8736,0.95,否,,1,1,体育场地设施管理,,体育场地设施,1.0,1.0,0.85,0.1111
成都日有利盛体育文化传播有限责任公司,5242,体育用品,0.494,0.95,是,多元经营（体育+18条非体育业务）,22,4,体育用品及器材销售与维修; 健身器材的销售与维修; 体育赛事活动策划; 健身服务,组织文化艺术交流活动（不含演出）; 计算机; 软件及辅助设备销售; 服装销售; 市场营销策划; 企业形象策划; 设计; 制作; 代理; 发布各类广告; 多媒体设计; 图文设计; 动漫设计; 商务信息咨询; 体育经纪人服务; 会议及展览服务; （依法须经批准的项目; 经相关部门批准后方可开展经营活动）,体育用品; 健身器材; 体育赛事; 健身服务,0.1818,0.7018,0.85,0.3333
成都爱动健身服务有限公司,8930,健身休闲,0.8736,0.95,否,,1,1,健身服务,,健身服务,1.0,1.0,0.85,0.1111
成都一拳屋体育文化传播有限公司,8911,体育管理,0.2125,0.85,否,,1,0,,组织策划文化交流活动,,0.0,0.0,0.85,0.0
成都帝恩健身服务有限责任公司,8930,健身休闲,0.2125,0.85,否,,1,0,,健身休闲活动,,0.0,0.0,0.85,0.0
成都蜀汉柒文化传播有限公司,8930,健身休闲,0.2125,0.85,否,,1,0,,健身休闲活动,,0.0,0.0,0.85,0.0
成都晟轩体育用品有限公司,5242,体育用品,0.8736,0.95,否,,1,1,体育用品零售,,体育用品零售,1.0,1.0,0.85,0.1111
爱极限成都体育文化传播有限公司,8392,体育培训,0.2125,0.85,否,,1,0,,体育课程培训,,0.0,0.0,0.85,0.0
成都成华区艾弗易健身服务有限公司,8930,健身休闲,0.8736,0.95,否,,1,1,体育健身服务,,健身服务,1.0,1.0,0.85,0.1111
成都豪群佳翼体育发展有限责任公司,8911,体育赛事,0.8736,0.95,否,,1,1,体育竞赛组织,,体育竞赛,1.0,1.0,0.85,0.1111
成都大佬健身服务有限公司,8930,健身休闲,0.8736,0.95,否,,1,1,健身服务,,健身服务,1.0,1.0,0.85,0.1111
成都奥普斯体育文化传播有限公司,8392,体育培训,0.8736,0.95,否,,1,1,游泳培训,,游泳培训,1.0,1.0,0.85,0.1111
成都掌心体育文化传播有限公司,8392,体育培训,0.2125,0.85,否,,1,0,,体育教学,,0.0,0.0,0.85,0.0
成都百力科技有限公司,5242,体育用品,0.8736,0.95,否,,1,1,体育用品零售,,体育用品零售,1.0,1.0,0.85,0.1111
成都伊蒂丝体育器材有限公司,5142,体育用品,0.8736,0.95,否,,1,1,体育用品及器材批发,,体育用品,1.0,1.0,0.85,0.1111
广元吾同体育文化传播有限公司,8921,体育场馆,0.8736,0.95,否,,1,1,体育场地设施管理,,体育场地设施,1.0,1.0,0.85,0.1111
成都温能体育文化传播有限责任公司,8930,体育用品,0.8736,0.95,否,,1,1,网球授课,,网球,1.0,1.0,0.85,0.1111
芮坤成都体育文化发展有限公司,9052,体育赛事,0.6611,0.9,是,纯跨界（行业代码非体育，文本有体育业务）,1,1,体育赛事策划服务,,赛事策划,1.0,1.0,0.0,0.1111
成都弧线体育文化传播有限公司,8911,体育管理,0.2125,0.85,否,,1,0,,组织体育活动竞赛,,0.0,0.0,0.85,0.0
成都市魔方健身有限责任公司,8930,健身休闲,0.8736,0.95,否,,1,1,健身服务活动,,健身服务,1.0,1.0,0.85,0.1111
成都合木优伽瑜伽健身有限公司,8930,健身休闲,0.2125,0.85,否,,1,0,,健身休闲,,0.0,0.0,0.85,0.0
成都贞观松立体育文化传播有限公司,8392,体育培训,0.8736,0.95,否,,1,1,跆拳道培训,,跆拳道培训,1.0,1.0,0.85,0.1111
四川一鸣恒康体育文化传播有限公司,5242,体育用品,0.8736,0.95,否,,1,1,体育用品零售,,体育用品零售,1.0,1.0,0.85,0.1111
四川弘森体育设施工程有限公司,4892,体育场馆,0.2125,0.85,否,,1,0,,运动场施工服务,,0.0,0.0,0.85,0.0
四川西禾体育设施有限公司,8392,体育管理,0.8736,0.95,否,,1,1,体育文化培训,,体育文化,1.0,1.0,0.85,0.1111
成都倍胜肌械师健身有限责任公司,8930,健身休闲,0.2125,0.85,否,,1,0,,身体锻炼休闲健身,,0.0,0.0,0.85,0.0
宜宾吾帮体育文化传播有限公司,8921,体育场馆,0.8736,0.95,否,,1,1,体育场地设施管理,,体育场地设施,1.0,1.0,0.85,0.1111
成都吉姆叔叔教学设备有限公司,5242,体育用品,0.2125,0.85,否,,1,0,,中小学运动草坪零售,,0.0,0.0,0.85,0.0
成都费乐尼体育运动有限公司,8930,健身休闲,0.8736,0.95,否,,1,1,健身服务,,健身服务,1.0,1.0,0.85,0.1111
成都初幸体育俱乐部有限公司,8392,体育培训,0.2125,0.85,否,,1,0,,体育舞蹈,,0.0,0.0,0.85,0.0
华爱羽成都体育文化传播有限公司,8392,体育培训,0.8736,0.95,否,,1,1,羽毛球培训,,羽毛球培训,1.0,1.0,0.85,0.1111
自贡吾同体育文化传播有限公司,8921,体育场馆,0.8736,0.95,否,,1,1,体育场地设施管理,,体育场地设施,1.0,1.0,0.85,0.1111
成都斯脉健身管理有限公司,8930,健身休闲,0.2125,0.85,否,,1,0,,健身娱乐服务,,0.0,0.0,0.85,0.0
四川谷创建筑工程有限公司,8392,体育管理,0.8736,0.95,否,,1,1,体育文化培训,,体育文化,1.0,1.0,0.85,0.1111
四川嗨体体育有限责任公司,9052,体育赛事,0.6611,0.9,是,纯跨界（行业代码非体育，文本有体育业务）,1,1,体育赛事策划,,赛事策划,1.0,1.0,0.0,0.1111
成都本念健身服务有限公司,8930,健身休闲,0.2125,0.85,否,,1,0,,健身休闲活动,,0.0,0.0,0.85,0.0
成都吾畏体育文化传播有限公司,8392,体育培训,0.8736,0.95,否,,1,1,青少年体育培训,,青少年体育,1.0,1.0,0.85,0.1111
南充吾同猩动体育文化传播有限公司,8921,体育场馆,0.8736,0.95,否,,1,1,体育场所设施管理,,体育场,1.0,1.0,0.85,0.1111
成都赛尚健身服务有限公司,8930,健身休闲,0.8736,0.95,否,,1,1,健身服务,,健身服务,1.0,1.0,0.85,0.1111
成都科恩菲特吉姆体育文化传播有限公司,8930,健身休闲,0.8736,0.95,否,,1,1,健身服务,,健身服务,1.0,1.0,0.85,0.1111
达州吾同体育文化传播有限公司,8921,体育场馆,0.8736,0.95,否,,1,1,体育场地设施管理,,体育场地设施,1.0,1.0,0.85,0.1111
成都茂何壹健身管理有限公司,8930,健身休闲,0.8736,0.95,否,,1,1,健身服务,,健身服务,1.0,1.0,0.85,0.1111
成都艾克奇文化传播有限公司,8911,体育赛事,0.8736,0.95,否,,1,1,体育赛事策划,,赛事策划,1.0,1.0,0.85,0.1111
成都壹捌零体育文化传播有限公司,8911,体育赛事,0.8736,0.95,否,,1,1,体育竞赛组,,体育竞赛,1.0,1.0,0.85,0.1111
成都象新力健身服务有限公司,8930,健身休闲,0.8736,0.95,否,,1,1,健身服务,,健身服务,1.0,1.0,0.85,0.1111
四川星屹都行文化传媒有限公司,9052,体育管理,0.6611,0.9,是,纯跨界（行业代码非体育，文本有体育业务）,1,1,体育组织服务,,体育组织,1.0,1.0,0.0,0.1111
昆明吾同体育文化传播有限公司,8921,体育场馆,0.8736,0.95,否,,1,1,体育场地设施管理,,体育场地设施,1.0,1.0,0.85,0.1111
成都吾同星动体育文化传播有限公司,8921,体育场馆,0.8736,0.95,否,,1,1,体育场地设施管理,,体育场地设施,1.0,1.0,0.85,0.1111
成都量子互娱体育有限公司,8919,体育管理,0.8736,0.95,否,,1,1,其他体育组织,,体育组织,1.0,1.0,0.85,0.1111
成都苏里瑜伽健身有限公司,8930,健身休闲,0.8736,0.95,否,,1,1,瑜伽培训,,瑜伽,1.0,1.0,0.85,0.1111
成都大洋白鲨体育文化传播有限责任公司,8930,健身休闲,0.8736,0.95,否,,1,1,健身服务,,健身服务,1.0,1.0,0.85,0.1111
成都东郊聚成体育发展有限公司,8930,健身休闲,0.8736,0.95,否,,1,1,体育健身服务,,健身服务,1.0,1.0,0.85,0.1111
成都香霖阁茶楼有限公司,8930,健身休闲,0.2125,0.85,否,,1,0,,茶楼棋牌服务,,0.0,0.0,0.85,0.0
成都迈驰体育用品有限公司,5142,体育用品,0.8736,0.95,否,,1,1,健身器材批发,,健身器材,1.0,1.0,0.85,0.1111
四川言擎建筑工程有限公司,4892,体育场馆,0.2125,0.85,否,,1,0,,塑胶道路施工,,0.0,0.0,0.85,0.0
成都游镜户外运动有限公司,8930,健身休闲,0.2125,0.85,否,,1,0,,文化娱乐,,0.0,0.0,0.85,0.0
四川和美达人体育文化传播有限公司,7122,体育场馆,0.6611,0.9,是,纯跨界（行业代码非体育，文本有体育业务）,1,1,体育设施场地租赁,,体育设施; 场地租赁,1.0,1.0,0.0,0.1111
伊比利亚成都体育文化传播有限公司,9052,体育赛事,0.6611,0.9,是,纯跨界（行业代码非体育，文本有体育业务）,1,1,体育赛事策划,,赛事策划,1.0,1.0,0.0,0.1111
四川德艺集禾商贸有限公司,5242,体育用品,0.2125,0.85,否,,1,0,,户外用品零售,,0.0,0.0,0.85,0.0
成都纽英帆健康管理有限公司,8930,健身休闲,0.8736,0.95,否,,1,1,游泳服务,,游泳,1.0,1.0,0.85,0.1111
成都斯塔克商贸有限公司,5242,体育用品,0.8736,0.95,否,,1,1,体育用品零售,,体育用品零售,1.0,1.0,0.85,0.1111
成都育成全速体育文化传播有限公司,9052,体育赛事,0.6611,0.9,是,纯跨界（行业代码非体育，文本有体育业务）,1,1,体育赛事活动策划,,体育赛事,1.0,1.0,0.0,0.1111
成都义武体育文化传播有限公司,8930,健身休闲,0.2125,0.85,否,,1,0,,还健身休闲活动,,0.0,0.0,0.85,0.0
成都金锋百羿体育俱乐部有限责任公司,8930,健身休闲,0.8736,0.95,否,,1,1,射箭运动服务,,射箭,1.0,1.0,0.85,0.1111
四川皇家老年产业发展有限公司,8392,体育管理,0.8736,0.95,否,,1,1,体育文化培训,,体育文化,1.0,1.0,0.85,0.1111
四川奥特体育文化传播有限公司,8930,健身休闲,0.8736,0.95,否,,1,1,健身服务,,健身服务,1.0,1.0,0.85,0.1111
成都逗号起源体育发展有限公司,8930,体育管理,0.8736,0.95,否,,1,1,健身体育服务,,体育服务,1.0,1.0,0.85,0.1111
四川龙行邦克体育文化传播有限公司,8911,体育管理,0.2125,0.85,否,,1,0,,户外策划,,0.0,0.0,0.85,0.0
成都凡人汇体育文化传播有限公司,8930,健身休闲,0.8736,0.95,否,,1,1,健身服务,,健身服务,1.0,1.0,0.85,0.1111
四川龙魄文化传播有限公司,8392,体育培训,0.8736,0.95,否,,1,1,成人跆拳道培训,,跆拳道培训,1.0,1.0,0.85,0.1111
成都伟祥天成体育文化传播有限公司,8392,体育培训,0.8736,0.95,否,,1,1,儿童游泳培训,,游泳培训,1.0,1.0,0.85,0.1111
成都撒格来福文化传播有限公司,8392,体育管理,0.8736,0.95,否,,1,1,体育文化培训,,体育文化,1.0,1.0,0.85,0.1111
成都莫树文化传播有限公司,8392,体育管理,0.8736,0.95,否,,1,1,体育文化培训,,体育文化,1.0,1.0,0.85,0.1111
成都明鑫颖商贸有限公司,5142,体育用品,0.8736,0.95,否,,1,1,销售体育用品,,体育用品,1.0,1.0,0.85,0.1111
成都市杰成盛世体育文化发展有限公司,8392,体育用品,0.8847,0.95,否,,1,1,篮球体育培训,,篮球; 体育培训,1.0,1.0,0.85,0.2222
四川红枕科技有限公司,8930,健身休闲,0.8736,0.95,否,,1,1,台球娱乐服务,,台球,1.0,1.0,0.85,0.1111
四川元度体育文化传播有限公司,8930,健身休闲,0.2125,0.85,否,,1,0,,健身休闲活动,,0.0,0.0,0.85,0.0
成都思普锦轩体育文化传播有限公司,8392,体育培训,0.2125,0.85,否,,1,0,,体育舞蹈服务,,0.0,0.0,0.85,0.0
四川训练星球健身服务有限公司,8930,健身休闲,0.8736,0.95,否,,1,1,健身服务,,健身服务,1.0,1.0,0.85,0.1111
成都辛巴教育咨询有限公司,5142,体育用品,0.2125,0.85,否,,1,0,,教育信息咨询,,0.0,0.0,0.85,0.0
成都传百健身服务有限公司,8930,健身休闲,0.8736,0.95,否,,1,1,健身服务,,健身服务,1.0,1.0,0.85,0.1111
四川瑞动艺琳体育文化传播有限公司,4892,体育用品,0.8736,0.95,否,,1,1,塑胶跑道工程施工,,塑胶跑道,1.0,1.0,0.85,0.1111
成都鑫国辉商贸有限公司,5242,体育用品,0.8736,0.95,否,,1,1,文化体育用品零售,,体育用品零售,1.0,1.0,0.85,0.1111
成都卓誉博瑞商贸有限公司,8392,体育用品,0.261,0.85,是,多元经营（体育+32条非体育业务）,33,1,体育用品及器材零售,一般项目：互联网销售（除销售需要许可的商品）; 食品互联网销售（仅销售预包装食品）; 离岸贸易经营; 货物进出口; 进出口代理; 国内贸易代理; 贸易经纪; 销售代理; 日用品销售; 日用百货销售; 移动终端设备销售; 电子产品销售; 家用电器销售; 母婴用品销售; 服装服饰零售; 针纺织品销售; 宠物食品及用品零售; 办公用品销售; 珠宝首饰零售; 箱包销售; 钟表与计时仪器销售; 家具销售; 办公设备销售; 玩具; 动漫及游艺用品销售; 游艺用品及室内游艺器材销售; 机械电气设备销售; 金属制品销售; 五金产品零售; 工艺美术品及礼仪用品销售（象牙及其制品除外）; 地产中草药(不含中药饮片）购销（除依法须经批准的项目外; 凭营业执,体育用品,0.0303,0.101,0.85,0.1111
四川巧猫毅远体育科技有限公司,8392,体育培训,0.2125,0.85,否,,1,0,,体育技能服务,,0.0,0.0,0.85,0.0
四川漫涂艺画文化创意有限公司,8919,体育管理,0.2125,0.85,否,,1,0,,文艺创作,,0.0,0.0,0.85,0.0
成都锐速体育文化传播有限公司,9052,体育赛事,0.6611,0.9,是,纯跨界（行业代码非体育，文本有体育业务）,1,1,组织体育表演活动,,体育表演,1.0,1.0,0.0,0.1111
成都韩瑞克体育运动有限公司,8911,体育赛事,0.8736,0.95,否,,1,1,体育竞赛组织,,体育竞赛,1.0,1.0,0.85,0.1111
成都噢克体育文化传播有限公司,8911,体育赛事,0.8736,0.95,否,,1,1,体育竞赛组织,,体育竞赛,1.0,1.0,0.85,0.1111
成都勇帆体育用品有限公司,5242,体育用品,0.8736,0.95,否,,1,1,体育用品零售,,体育用品零售,1.0,1.0,0.85,0.1111
四川超逸翔健康科技有限公司,8930,健身休闲,0.2125,0.85,否,,1,0,,健身技术服务,,0.0,0.0,0.85,0.0
成都科文体育设施工程有限公司,4892,体育场馆,0.8736,0.95,否,,1,1,体育场地设施工程设计施工,,体育场地设施,1.0,1.0,0.85,0.1111
成都来跑体育用品有限公司,5142,体育用品,0.8736,0.95,否,,1,1,体育用品批发,,体育用品批发,1.0,1.0,0.85,0.1111
成都世鹏棍悟体育文化传播有限公司,9052,体育赛事,0.6611,0.9,是,纯跨界（行业代码非体育，文本有体育业务）,1,1,体育赛事活动策划,,体育赛事,1.0,1.0,0.0,0.1111
成都以礼体育俱乐部有限责任公司,9052,体育赛事,0.6611,0.9,是,纯跨界（行业代码非体育，文本有体育业务）,1,1,体育赛事策划,,赛事策划,1.0,1.0,0.0,0.1111
四川睿力体育文化发展有限公司,9052,体育赛事,0.6611,0.9,是,纯跨界（行业代码非体育，文本有体育业务）,1,1,体育赛事策划,,赛事策划,1.0,1.0,0.0,0.1111
成都东享体育文化传播有限公司,8911,体育管理,0.2125,0.85,否,,1,0,,体育项目服务,,0.0,0.0,0.85,0.0
成都奥尔达科技有限公司,5242,体育用品,0.8736,0.95,否,,1,1,运动器材零售,,运动器材,1.0,1.0,0.85,0.1111
四川鑫瑞濠晨贸易有限公司,5242,体育用品,0.8736,0.95,否,,1,1,体育用品零售,,体育用品零售,1.0,1.0,0.85,0.1111
成都华韵乐器有限公司,5142,体育用品,0.2125,0.85,否,,1,0,,器材批发,,0.0,0.0,0.85,0.0
四川金康利体育用品有限公司,5142,体育用品,0.8736,0.95,否,,1,1,体育用品批发,,体育用品批发,1.0,1.0,0.85,0.1111
成都青凌体育文化发展有限公司,8911,体育赛事,0.8736,0.95,否,,1,1,体育竞赛组织,,体育竞赛,1.0,1.0,0.85,0.1111
四川泊康体育设施工程有限公司,4892,体育场馆,0.8736,0.95,否,,1,1,体育场地施工,,体育场地,1.0,1.0,0.85,0.1111
成都梦琴星凡健身服务有限公司,8930,健身休闲,0.8736,0.95,否,,1,1,健身服务,,健身服务,1.0,1.0,0.85,0.1111
成都天驰誉铭商贸有限公司,5142,体育用品,0.2125,0.85,否,,1,0,,批发兼零售预包装食品及散装食品,,0.0,0.0,0.85,0.0
成都金满鸿商贸有限公司,5242,体育用品,0.2125,0.85,否,,1,0,,服装服饰零售,,0.0,0.0,0.85,0.0
四川尘耀体育用品有限公司,8930,健身休闲,0.2125,0.85,否,,1,0,,健身咨询服务,,0.0,0.0,0.85,0.0
成都市舞知星舞蹈健身工作室,8930,健身休闲,0.2125,0.85,否,,1,0,,健身休闲活动,,0.0,0.0,0.85,0.0
成都满贯体育文化发展有限公司,8911,体育赛事,0.8736,0.95,否,,1,1,体育竞赛组织,,体育竞赛,1.0,1.0,0.85,0.1111
成都康尔特体育用品有限公司,5142,体育用品,0.8736,0.95,否,,1,1,批发体育用品,,体育用品,1.0,1.0,0.85,0.1111
四川坤和体育设备有限公司,5142,体育场馆,0.8736,0.95,否,,1,1,体育设施设备批发,,体育设施,1.0,1.0,0.85,0.1111
成都市成华区问动体育文化发展有限公司,8911,体育赛事,0.8736,0.95,否,,1,1,体育赛事策划,,赛事策划,1.0,1.0,0.85,0.1111
成都科力美商贸有限公司,5242,体育用品,0.8736,0.95,否,,1,1,文化体育用品零售,,体育用品零售,1.0,1.0,0.85,0.1111
四川浩海体育设施工程有限公司,5142,体育用品,0.8736,0.95,否,,1,1,体育用品批发,,体育用品批发,1.0,1.0,0.85,0.1111
四川赛康体育设施工程有限公司,5142,体育用品,0.8736,0.95,否,,1,1,体育器材批发,,体育器材,1.0,1.0,0.85,0.1111
成都顶峰浩瀚户外运动有限责任公司,8930,健身休闲,0.8736,0.95,否,,1,1,户外运动策划,,户外运动,1.0,1.0,0.85,0.1111
成都恒动体育文化发展有限公司,8911,体育赛事,0.8736,0.95,否,,1,1,体育竞赛组织,,体育竞赛,1.0,1.0,0.85,0.1111
四川亚力亚体育器材有限公司,5142,体育用品,0.8736,0.95,否,,1,1,体育器材及配件批发,,体育器材,1.0,1.0,0.85,0.1111
四川天狼体育设施工程有限公司,4892,体育场馆,0.8736,0.95,否,,1,1,体育场地施工,,体育场地,1.0,1.0,0.85,0.1111
四川今朝体育设施有限公司,5242,体育场馆,0.8736,0.95,否,,1,1,体育设施零售,,体育设施,1.0,1.0,0.85,0.1111
四川管德宽户外用品有限公司,5242,体育用品,0.2125,0.85,否,,1,0,,户外用品销售,,0.0,0.0,0.85,0.0
四川尚宸寰宇体育文化发展有限公司,8999,体育用品,0.4036,0.75,是,纯跨界（行业代码非体育，文本有体育业务）,28,11,许可项目：高危险性体育运动（潜水）; 体育场地设施经营（不含高危险性体育运动）; 高危险性体育运动（滑雪）; 具体经营项目以相关部门批准文件或许可证件为准）一般项目：体育赛事策划; 体育场地设施工程施工; 体育用品及器材零售; 体育用品及器材批发; 体育竞赛组织; 体育用品设备出租; 组织体育表演活动; 渔具销售,通用航空服务; 演出经纪; 演出场所经营; 互联网信息服务（依法须经批准的项目; 经相关部门批准后方可开展经营活动; 体育保障组织; 体育健康服务; 体育中介代理服务; 体育经纪人服务; 户外用品销售; 组织文化艺术交流活动; 游览景区管理; 日用品销售; 会议及展览服务; 服装服饰零售; 鞋帽批发; 信息咨询服务（不含许可类信息咨询,潜水; 体育场地设施; 滑雪; 赛事策划; 体育用品; 体育竞赛; 体育表演; 渔具,0.3929,0.8081,0.0,0.4444
成都明武体育文化传播有限公司,9052,体育赛事,0.6611,0.9,是,纯跨界（行业代码非体育，文本有体育业务）,1,1,体育赛事活动策划,,体育赛事,1.0,1.0,0.0,0.1111
四川新爱动体育文化传播有限公司,5242,体育用品,0.8736,0.95,否,,1,1,体育用品零售,,体育用品零售,1.0,1.0,0.85,0.1111
成都乐体尚锦贸易有限公司,8911,体育赛事,0.8736,0.95,否,,1,1,体育赛事活动策划,,体育赛事,1.0,1.0,0.85,0.1111
四川鼎盛天祥商贸有限公司,9052,体育管理,0.6611,0.9,是,纯跨界（行业代码非体育，文本有体育业务）,1,1,体育文化活动策划,,体育文化,1.0,1.0,0.0,0.1111
四川锦运兴蓉体育文化传播有限公司,8911,体育赛事,0.8736,0.95,否,,1,1,体育赛事活动策划,,体育赛事,1.0,1.0,0.85,0.1111
成都度优佳健身服务有限公司,8930,健身休闲,0.8736,0.95,否,,1,1,健身服务,,健身服务,1.0,1.0,0.85,0.1111
成都藏行户外运动有限公司,8930,健身休闲,0.2125,0.85,否,,1,0,,户外具乐部,,0.0,0.0,0.85,0.0
成都曾与陈健身有限公司,8930,健身休闲,0.8736,0.95,否,,1,1,健身服务,,健身服务,1.0,1.0,0.85,0.1111
成都晶匠健身服务有限公司,8930,健身休闲,0.2125,0.85,否,,1,0,,健身休闲活动,,0.0,0.0,0.85,0.0
成都东威健身服务有限公司,8930,健身休闲,0.8736,0.95,否,,1,1,健身服务,,健身服务,1.0,1.0,0.85,0.1111
四川力合创享体育文化传播有限公司,9052,体育赛事,0.6611,0.9,是,纯跨界（行业代码非体育，文本有体育业务）,1,1,体育赛事活动策划,,体育赛事,1.0,1.0,0.0,0.1111
成都悦星蓝体育场馆管理有限公司,8921,体育场馆,0.8736,0.95,否,,1,1,体育场地设施经营,,体育场地设施,1.0,1.0,0.85,0.1111
成都蓬勃少年体育俱乐部有限公司,8930,健身休闲,0.8736,0.95,否,,1,1,健身服务,,健身服务,1.0,1.0,0.85,0.1111
四川净梵优伽瑜伽健身有限公司,8930,健身休闲,0.8736,0.95,否,,1,1,健身服务,,健身服务,1.0,1.0,0.85,0.1111
四川嘉乐佳兰瑜伽健身有限责任公司,8930,健身休闲,0.2125,0.85,否,,1,0,,健身休闲活动,,0.0,0.0,0.85,0.0
成都君墨虎健身服务有限公司,8930,健身休闲,0.2125,0.85,否,,1,0,,健身活动,,0.0,0.0,0.85,0.0
成都魔方双林健身有限公司,2443,体育用品,0.2125,0.85,否,,1,0,,健身活动,,0.0,0.0,0.85,0.0
宇辰兴科技（成都）有限公司,8930,健身休闲,0.8736,0.95,否,,1,1,健身服务,,健身服务,1.0,1.0,0.85,0.1111
成都骏驰体育用品有限公司,5142,体育用品,0.8736,0.95,否,,1,1,体育用品及器材批发,,体育用品,1.0,1.0,0.85,0.1111
四川奥远体育俱乐部有限公司,8930,健身休闲,0.2125,0.85,否,,1,0,,健身休闲活动服务,,0.0,0.0,0.85,0.0
四川安纳普尔那体育发展有限公司,8911,体育用品,0.8736,0.95,否,,1,1,足球俱乐部服务,,足球,1.0,1.0,0.85,0.1111
成都汐恩商贸有限公司,5242,体育用品,0.8736,0.95,否,,1,1,体育用品及器材零售,,体育用品,1.0,1.0,0.85,0.1111
四川心艺空翻毯功艺术发展有限公司,8392,体育培训,0.2125,0.85,否,,1,0,,体育技能培训,,0.0,0.0,0.85,0.0
四川金飞鸿体育发展有限公司,5142,体育用品,0.8736,0.95,否,,1,1,体育用品批发,,体育用品批发,1.0,1.0,0.85,0.1111
成都领冠蜀兴建设工程有限公司,4892,体育场馆,0.8736,0.95,否,,1,1,体育场地设施工程施工,,体育场地设施,1.0,1.0,0.85,0.1111
四川西莱莉建筑劳务有限公司,4892,体育场馆,0.2125,0.85,否,,1,0,,暖道工程施工,,0.0,0.0,0.85,0.0
成都海豚体育文化发展有限公司,8930,健身休闲,0.2125,0.85,否,,1,0,,棋牌竞技,,0.0,0.0,0.85,0.0
成都汐泳体育场馆管理有限公司,8921,体育场馆,0.8736,0.95,否,,1,1,体育场馆管理,,体育场馆,1.0,1.0,0.85,0.1111
四川红侠体育文化传播有限公司,5242,体育用品,0.8736,0.95,否,,1,1,体育用品零售服务,,体育用品零售,1.0,1.0,0.85,0.1111
成都倍腾旅游用品发展有限公司,5242,体育用品,0.8736,0.95,否,,1,1,体育器材零售,,体育器材,1.0,1.0,0.85,0.1111
成都其宏健身服务有限公司,8930,健身休闲,0.8736,0.95,否,,1,1,健身房健身服务,,健身房; 健身服务,1.0,1.0,0.85,0.1111
四川骏虹体育设施有限公司,5242,体育场馆,0.8736,0.95,否,,1,1,体育场地设施零售,,体育场地设施,1.0,1.0,0.85,0.1111
成都弘极体育文化传播有限公司,8392,体育培训,0.2125,0.85,否,,1,0,,体育运动职业技能培训,,0.0,0.0,0.85,0.0
四川炬浪体育场馆管理有限公司,8921,体育场馆,0.8736,0.95,否,,1,1,体育场馆管理,,体育场馆,1.0,1.0,0.85,0.1111
成都涛澜体育文化传播有限公司,5142,体育用品,0.8736,0.95,否,,1,1,体育器材批发,,体育器材,1.0,1.0,0.85,0.1111
成都市梵心一瑜伽健身有限公司,8930,健身休闲,0.8736,0.95,否,,1,1,瑜伽健身,,瑜伽,1.0,1.0,0.85,0.1111
四川万奥体育运动有限责任公司,9052,体育赛事,0.6611,0.9,是,纯跨界（行业代码非体育，文本有体育业务）,1,1,体育赛事活动策划,,体育赛事,1.0,1.0,0.0,0.1111
成都霏筱俪商贸部,5242,体育用品,0.2125,0.85,否,,1,0,,户外休闲娱乐用品零售,,0.0,0.0,0.85,0.0
成都炳迪霖商贸部,5242,体育用品,0.2125,0.85,否,,1,0,,户外休闲娱乐用品零售,,0.0,0.0,0.85,0.0
成都拓亚汇实业有限公司,8930,健身休闲,0.8736,0.95,否,,1,1,健身房健身服务,,健身房; 健身服务,1.0,1.0,0.85,0.1111
成都盛世嘉蓝体育设施有限公司,4892,体育场馆,0.8736,0.95,否,,1,1,体育场地设施工程施工,,体育场地设施,1.0,1.0,0.85,0.1111
四川人青体育文化传播有限公司,8921,体育场馆,0.8736,0.95,否,,1,1,体育场馆运营,,体育场馆,1.0,1.0,0.85,0.1111
成都梵音瑜伽有限公司,8930,健身休闲,0.8736,0.95,否,,1,1,健身服务,,健身服务,1.0,1.0,0.85,0.1111
成都金陵时代贸易有限公司,5142,体育用品,0.8736,0.95,否,,1,1,体育用品批发,,体育用品批发,1.0,1.0,0.85,0.1111
成都雷晟体育文化发展有限公司,8930,健身休闲,0.8736,0.95,否,,1,1,健身服务,,健身服务,1.0,1.0,0.85,0.1111
四川三骥体育发展有限公司,8930,健身休闲,0.2125,0.85,否,,1,0,,健身休闲活动,,0.0,0.0,0.85,0.0
成都捷腾体育用品有限公司,5142,体育用品,0.8736,0.95,否,,1,1,体育用品批发,,体育用品批发,1.0,1.0,0.85,0.1111
四川省伍佰卡体育文化传播有限责任公司,8930,健身休闲,0.2125,0.85,否,,1,0,,健身休闲活动,,0.0,0.0,0.85,0.0
成都元生瑜伽健身有限公司,8930,健身休闲,0.8736,0.95,否,,1,1,瑜伽健身,,瑜伽,1.0,1.0,0.85,0.1111
成都润恒瑜伽健身有限公司,8930,健身休闲,0.2125,0.85,否,,1,0,,健身休闲活动,,0.0,0.0,0.85,0.0
成都体恩体健身服务有限公司,8930,健身休闲,0.8736,0.95,否,,1,1,健身服务,,健身服务,1.0,1.0,0.85,0.1111
成都韦德伍斯悦活健身有限公司,8930,健身休闲,0.8736,0.95,否,,1,1,健身服务,,健身服务,1.0,1.0,0.85,0.1111
成都水金金金健身服务有限公司,8930,健身休闲,0.8736,0.95,否,,1,1,健身房健身活动,,健身房,1.0,1.0,0.85,0.1111
四川多沃普拉提健身有限公司,8930,健身休闲,0.2125,0.85,否,,1,0,,健身休闲活动,,0.0,0.0,0.85,0.0
成都玺悦荟健身服务有限公司,8930,健身休闲,0.2125,0.85,否,,1,0,,健身休闲活动,,0.0,0.0,0.85,0.0
成都趣骑体育科技有限公司,5242,体育用品,0.8736,0.95,否,,1,1,运动器材零售,,运动器材,1.0,1.0,0.85,0.1111
彩兰娱乐成都有限公司,8912,体育管理,0.2125,0.85,否,,1,0,,游艺娱乐活动,,0.0,0.0,0.85,0.0
成都石米多健身服务有限公司,8930,健身休闲,0.2125,0.85,否,,1,0,,健身休闲活动,,0.0,0.0,0.85,0.0
成都泳欣源体育文化传播有限公司,8999,体育赛事,0.3806,0.75,是,纯跨界（行业代码非体育，文本有体育业务）,24,9,一般项目：组织体育表演活动; 体育场地设施经营（不含高危险性体育运动）; 体育竞赛组织; 体育赛事策划; 体育用品及器材零售; 体育用品及器材批发; 体育用品设备出租; 凭营业执照依法自主开展经营活动）许可项目：高危险性体育运动（游泳）; 高危险性体育运动（潜水）,教育咨询服务（不含涉许可审批的教育培训活动）; 中小学生校外托管服务; 信息技术咨询服务; 体育经纪人服务; 体育中介代理服务; 互联网销售（除销售需要许可的商品）; 服装服饰零售; 鞋帽零售; 服装服饰批发; 鞋帽批发; 健身休闲活动; （除依法须经批准的项目外; （依法须经批准的项目; 经相关部门批准后方可开展经营活动; 具体经营项目以相关部门批准文件或许可证件为准）,体育表演; 体育场地设施; 体育竞赛; 赛事策划; 体育用品; 游泳; 潜水,0.375,0.7447,0.0,0.4444
成都内驱力体育发展合伙企业（有限合伙）,8919,体育赛事,0.5697,0.95,是,多元经营（体育+13条非体育业务）,20,7,体育赛事策划; 体育竞赛组织; 体育用品设备出租; 组织体育表演活动; 体育场地设施经营（不含高危险性体育运动）; 体育用品及器材批发; 体育用品及器材零售,一般项目：体育保障组织; 体育健康服务; 体育中介代理服务; 会议及展览服务; 企业管理咨询; 咨询策划服务; 信息咨询服务（不含许可类信息咨询服务）; 企业形象策划; 组织文化艺术交流活动; 专业设计服务; 企业管理; 鞋帽批发（除依法须经批准的项目外; 凭营业执照依法自主开展经营活动）,赛事策划; 体育竞赛; 体育用品; 体育表演; 体育场地设施,0.35,0.7353,0.85,0.3333
成都倾力体育文化传播有限公司,8930,健身休闲,0.8736,0.95,否,,1,1,健身服务,,健身服务,1.0,1.0,0.85,0.1111
成都龙迈体育产业发展有限公司,8911,体育赛事,0.8736,0.95,否,,1,1,体育赛事活动组织和策划,,体育赛事,1.0,1.0,0.85,0.1111
成都一品聚和科技有限责任公司,5142,体育用品,0.8736,0.95,否,,1,1,体育用品及器材批发,,体育用品,1.0,1.0,0.85,0.1111
成都骑骑骑彩体育文化传播有限公司,8930,健身休闲,0.2125,0.85,否,,1,0,,健身休闲活动,,0.0,0.0,0.85,0.0
成都理想赛斯体育设施有限公司,5242,体育用品,0.8736,0.95,否,,1,1,体育用品及器材零售,,体育用品,1.0,1.0,0.85,0.1111
成都众邦体育设施有限公司,5142,体育用品,0.8736,0.95,否,,1,1,体育用品及器材批发,,体育用品,1.0,1.0,0.85,0.1111
成都超级能量健身服务有限公司,8930,健身休闲,0.2125,0.85,否,,1,0,,健身休闲服务,,0.0,0.0,0.85,0.0
成都朝阳晨曦体育设施工程有限公司,5242,体育用品,0.2125,0.85,否,,1,0,,体育跑道设施零售,,0.0,0.0,0.85,0.0
成都奥美氧舱健身服务有限公司,8930,健身休闲,0.2125,0.85,否,,1,0,,健身休闲活动,,0.0,0.0,0.85,0.0
成都隆迈足球俱乐部有限公司,8911,体育赛事,0.8736,0.95,否,,1,1,体育竞赛组织,,体育竞赛,1.0,1.0,0.85,0.1111
青瑜企业管理成都有限公司,8930,健身休闲,0.8736,0.95,否,,1,1,瑜伽休闲健身活动,,瑜伽,1.0,1.0,0.85,0.1111
成都遇见蜗牛文化艺术有限公司,8930,健身休闲,0.2125,0.85,否,,1,0,,健身休闲活动,,0.0,0.0,0.85,0.0
四川优幼智慧体育科技有限公司,5242,体育用品,0.8736,0.95,否,,1,1,体育用品器材零售,,体育用品,1.0,1.0,0.85,0.1111
成都世成文化传播有限公司,8992,体育管理,0.6611,0.9,是,纯跨界（行业代码非体育，文本有体育业务）,1,1,体校及体育服务,,体育服务,1.0,1.0,0.0,0.1111
成都市龙腾武悦体育文化传播有限公司,8930,体育培训,0.8736,0.95,否,,1,1,健身体育培训,,体育培训,1.0,1.0,0.85,0.1111
四川长诺新材料有限公司,5242,体育用品,0.8736,0.95,否,,1,1,体育用品零售,,体育用品零售,1.0,1.0,0.85,0.1111
成都那玛峰登山运动服务有限公司,8930,健身休闲,0.8736,0.95,否,,1,1,健身服务,,健身服务,1.0,1.0,0.85,0.1111
成都全技体育文化发展有限公司,8911,体育赛事,0.8736,0.95,否,,1,1,体育竞赛组织,,体育竞赛,1.0,1.0,0.85,0.1111
成都全胜体育文化发展有限公司,8911,体育赛事,0.8736,0.95,否,,1,1,体育竞赛组织,,体育竞赛,1.0,1.0,0.85,0.1111
成都曼妙雅文化传播有限公司,8930,健身休闲,0.2125,0.85,否,,1,0,,健身休闲活动,,0.0,0.0,0.85,0.0
成都润搏健身服务有限公司,8930,健身休闲,0.2125,0.85,否,,1,0,,健身休闲活动,,0.0,0.0,0.85,0.0
成都森峰健身服务有限公司,8930,健身休闲,0.2125,0.85,否,,1,0,,健身休闲活动,,0.0,0.0,0.85,0.0
成都银之河体育俱乐部有限公司,5242,体育用品,0.8736,0.95,否,,1,1,体育用品及器材零售,,体育用品,1.0,1.0,0.85,0.1111
成都全博体育文化发展有限公司,8911,体育管理,0.2125,0.85,否,,1,0,,体育竞技组织,,0.0,0.0,0.85,0.0
四川芳华之迦健身服务有限公司,8930,健身休闲,0.2125,0.85,否,,1,0,,室内健身运动,,0.0,0.0,0.85,0.0
成都金色伯林健身服务有限公司,8930,健身休闲,0.2125,0.85,否,,1,0,,健身休闲活动,,0.0,0.0,0.85,0.0
成都锲超体育发展有限公司,9052,体育赛事,0.6611,0.9,是,纯跨界（行业代码非体育，文本有体育业务）,1,1,体育赛事策划,,赛事策划,1.0,1.0,0.0,0.1111
四川千里瑞湘文化传媒有限公司,8911,体育管理,0.2125,0.85,否,,1,0,,体育竞技组织,,0.0,0.0,0.85,0.0
成都全竞体育文化发展有限公司,8911,体育赛事,0.8736,0.95,否,,1,1,体育竞赛组织,,体育竞赛,1.0,1.0,0.85,0.1111
成都市成华区菲丽西艺术培训学校有限公司,8392,体育培训,0.8736,0.95,否,,1,1,体校及体育培训,,体育培训,1.0,1.0,0.85,0.1111
成都青体培体育文化发展有限公司,8392,体育培训,0.8736,0.95,否,,1,1,体育培训,,体育培训,1.0,1.0,0.85,0.1111
四川熊猫元元体育文化传播有限公司,5242,体育用品,0.8736,0.95,否,,1,1,体育用品零售,,体育用品零售,1.0,1.0,0.85,0.1111
四川觅行户外运动有限公司,9052,体育赛事,0.6611,0.9,是,纯跨界（行业代码非体育，文本有体育业务）,1,1,体育赛事活动策划,,体育赛事,1.0,1.0,0.0,0.1111
成都六角健身服务有限责任公司,8930,健身休闲,0.2125,0.85,否,,1,0,,健身休闲活动,,0.0,0.0,0.85,0.0
四川中创智联商贸有限公司,5142,体育用品,0.8736,0.95,否,,1,1,体育用品批发,,体育用品批发,1.0,1.0,0.85,0.1111
成都全勤体育文化发展有限公司,8911,体育赛事,0.8736,0.95,否,,1,1,体育竞赛组织,,体育竞赛,1.0,1.0,0.85,0.1111
成都骏琇体育文化发展有限公司,8392,体育培训,0.8736,0.95,否,,1,1,体育培训,,体育培训,1.0,1.0,0.85,0.1111
成都兰途印象健身服务有限公司,8930,健身休闲,0.2125,0.85,否,,1,0,,健身休闲活动,,0.0,0.0,0.85,0.0
成都新运动文化发展有限公司,5242,体育用品,0.8736,0.95,否,,1,1,体育用品及器材零售,,体育用品,1.0,1.0,0.85,0.1111
成都黛芙艾雅商贸有限公司,5242,体育用品,0.2125,0.85,否,,1,0,,体育跑道设施零售,,0.0,0.0,0.85,0.0
成都乐克体育发展有限公司,8392,体育培训,0.8736,0.95,否,,1,1,少儿体育培训,,体育培训,1.0,1.0,0.85,0.1111
成都舞柒健身有限责任公司,8930,健身休闲,0.2125,0.85,否,,1,0,,健身休闲活动,,0.0,0.0,0.85,0.0
四川健博锐健身服务有限公司,8921,体育场馆,0.8736,0.95,否,,1,1,体育场馆管理,,体育场馆,1.0,1.0,0.85,0.1111
成都雷霆健身有限公司,8930,健身休闲,0.2125,0.85,否,,1,0,,健身休闲活动,,0.0,0.0,0.85,0.0
成都市运则美健身服务有限公司,8930,健身休闲,0.2125,0.85,否,,1,0,,健身休闲活动,,0.0,0.0,0.85,0.0
成都青天霹雳体育文化传播有限公司,8921,体育场馆,0.2125,0.85,否,,1,0,,体育训练,,0.0,0.0,0.85,0.0
成都捷思舞汇健身服务有限公司,8930,体育赛事,0.3496,0.95,是,多元经营（体育+16条非体育业务）,18,2,组织体育表演活动; 体育用品及器材零售,一般项目：组织文化艺术交流活动; 健身休闲活动; 会议及展览服务; 教育咨询服务（不含涉许可审批的教育培训活动）; 专业设计服务; 市场营销策划; 文艺创作; 文化用品设备出租; 鞋帽零售; 服装服饰零售; 音响设备销售; （除依法须经批准的项目外; 凭营业执照依法自主开展经营活动）许可项目：营业性演出; （依法须经批准的项目; 经相关部门批准后方可开展经营活动; 具体经营项目以相关部门批准文件或许可证件为准）,体育表演; 体育用品,0.1111,0.2817,0.85,0.2222
四川奥瑞斯体育文化发展有限公司,8919,体育管理,0.8736,0.95,否,,1,1,体育组织,,体育组织,1.0,1.0,0.85,0.1111
四川煜铂体育文化传播有限责任公司,9052,体育赛事,0.6611,0.9,是,纯跨界（行业代码非体育，文本有体育业务）,1,1,组织体育表演活动,,体育表演,1.0,1.0,0.0,0.1111
成都市兴旺艾熙体育文化发展有限公司,8919,体育管理,0.8736,0.95,否,,1,1,基层体育组织,,体育组织,1.0,1.0,0.85,0.1111
四川倍力鸿程体育设施工程有限公司,4892,体育场馆,0.8736,0.95,否,,1,1,体育场地施工,,体育场地,1.0,1.0,0.85,0.1111
四川伯利联合体育文化传播有限公司,8911,体育赛事,0.8736,0.95,否,,1,1,体育赛事策划,,赛事策划,1.0,1.0,0.85,0.1111
成都荣丰体育文化传播有限公司,8392,体育培训,0.8736,0.95,否,,1,1,市场化体育培训,,体育培训,1.0,1.0,0.85,0.1111
成都艾恩博迪健身服务有限公司,8930,健身休闲,0.2125,0.85,否,,1,0,,健身馆服务,,0.0,0.0,0.85,0.0
成都立刻空间健身有限公司,8930,健身休闲,0.2125,0.85,否,,1,0,,健身休闲活动,,0.0,0.0,0.85,0.0
四川爱健体育用品销售有限公司,5142,体育用品,0.3385,0.95,是,多元经营（体育+28条非体育业务）,32,4,一般项目：体育用品及器材零售; 体育用品及器材批发; 体育用品设备出租; 体育场地设施工程施工,健身休闲活动; 电子测量仪器销售; 户外用品销售; 信息安全设备销售; 光通信设备销售; 特种设备销售; 第一类医疗器械销售; 第二类医疗器械销售; 家用电器销售; 电子产品销售; 文具用品零售; 办公用品销售; 服装服饰零售; 针纺织品销售; 橡胶制品销售; 教学用模型及教具销售; 颜料销售; 家具安装和维修服务; 普通机械设备安装服务; 货物进出口; 组织文化艺术交流活动; 会议及展览服务; 日用电器修理; 信息咨询服务（不含许可类信息咨询服务）; 信息技术咨询服务; 道路货物运输站经营; 总质量4; 5吨及以下普通货运车辆道路货物运输（除网络货运和危险,体育用品; 体育场地设施,0.125,0.2151,0.85,0.2222
成都麻酱君商贸有限公司,8930,健身休闲,0.2125,0.85,否,,1,0,,经营棋牌娱乐室,,0.0,0.0,0.85,0.0
成都潇然盛新商贸有限公司,5242,体育用品,0.8736,0.95,否,,1,1,体育用品及器材零售,,体育用品,1.0,1.0,0.85,0.1111
成都守义教育科技有限责任公司,8919,体育管理,0.8736,0.95,否,,1,1,体育组织,,体育组织,1.0,1.0,0.85,0.1111
四川德瑞克体能拓展训练中心有限合伙,8930,健身休闲,0.2125,0.85,否,,1,0,,健身休闲活动,,0.0,0.0,0.85,0.0
成都十号麦田足球俱乐部有限责任公司,9052,体育赛事,0.6611,0.9,是,纯跨界（行业代码非体育，文本有体育业务）,1,1,体育赛事策划,,赛事策划,1.0,1.0,0.0,0.1111
成都阳光享瘦健身服务有限公司,8930,健身休闲,0.8736,0.95,否,,1,1,健身房健身活动,,健身房,1.0,1.0,0.85,0.1111
成都致慧德育健身服务有限公司,8392,健身休闲,0.8736,0.95,否,,1,1,武术教育培训中心,,武术,1.0,1.0,0.85,0.1111
成都奥斯达体育文化传播有限公司,8911,体育赛事,0.8736,0.95,否,,1,1,策划体育赛事,,体育赛事,1.0,1.0,0.85,0.1111
成都千麦瑜伽健身有限公司,8930,健身休闲,0.2125,0.85,否,,1,0,,健身休闲活动,,0.0,0.0,0.85,0.0
成都月中悦茶楼有限公司,8930,健身休闲,0.2125,0.85,否,,1,0,,棋牌娱乐场所管理服务,,0.0,0.0,0.85,0.0
成都弈而优围棋俱乐部有限公司,8911,体育管理,0.2125,0.85,否,,1,0,,围棋俱乐部组织活动,,0.0,0.0,0.85,0.0
成都莱维贝贝体育文化发展有限责任公司,8930,健身休闲,0.8736,0.95,否,,1,1,健身房健身活动,,健身房,1.0,1.0,0.85,0.1111
成都鸿山水韵茶楼有限公司,8930,健身休闲,0.2125,0.85,否,,1,0,,棋牌娱乐场所管理服务,,0.0,0.0,0.85,0.0
成都爱球体育场馆服务股份有限公司,8921,体育场馆,0.8736,0.95,否,,1,1,体育场馆管理,,体育场馆,1.0,1.0,0.85,0.1111
成都爱悠佳健身管理有限公司,8930,健身休闲,0.2125,0.85,否,,1,0,,健身休闲活动,,0.0,0.0,0.85,0.0
成都邦亿通达商贸有限公司,5142,体育用品,0.8736,0.95,否,,1,1,体育用品批发,,体育用品批发,1.0,1.0,0.85,0.1111
成都博毅跆拳道有限公司,8392,健身休闲,0.8736,0.95,否,,1,1,跆拳道活动,,跆拳道,1.0,1.0,0.85,0.1111
成都寰亚高球体育文化传播有限公司,5142,体育用品,0.8736,0.95,否,,1,1,体育用品及器材批发,,体育用品,1.0,1.0,0.85,0.1111
成都蓝麒体育文化传播有限公司,8392,体育培训,0.8736,0.95,否,,1,1,少儿篮球培训,,篮球培训,1.0,1.0,0.85,0.1111
成都青色芒果瑜伽健身有限公司,8930,健身休闲,0.8736,0.95,否,,1,1,瑜伽服务,,瑜伽,1.0,1.0,0.85,0.1111
成都念力健身服务有限公司,8930,健身休闲,0.2125,0.85,否,,1,0,,健身休闲活动,,0.0,0.0,0.85,0.0
四川宏博建业体育设施工程有限公司,4892,体育场馆,0.8736,0.95,否,,1,1,体育场地设施工程施工,,体育场地设施,1.0,1.0,0.85,0.1111
四川悍森健身器材有限公司,5142,体育用品,0.8736,0.95,否,,1,1,运动器材批发,,运动器材,1.0,1.0,0.85,0.1111
成都型动体育用品有限公司,5142,体育用品,0.8736,0.95,否,,1,1,批发体育用品及器材,,体育用品,1.0,1.0,0.85,0.1111
四川易马逊科技发展有限公司,5242,体育用品,0.8736,0.95,否,,1,1,体育用品及器材零售,,体育用品,1.0,1.0,0.85,0.1111
成都井界体育文化传播有限公司,9052,体育赛事,0.6611,0.9,是,纯跨界（行业代码非体育，文本有体育业务）,1,1,体育赛事策划,,赛事策划,1.0,1.0,0.0,0.1111
成都海堂乒乓球俱乐部,8392,体育培训,0.8736,0.95,否,,1,1,乒乓球培训服务,,乒乓球培训,1.0,1.0,0.85,0.1111
成都匠道健身服务有限公司,8930,健身休闲,0.8736,0.95,否,,1,1,健身服务,,健身服务,1.0,1.0,0.85,0.1111
成都君兮瑜伽健身有限公司,8930,健身休闲,0.8736,0.95,否,,1,1,健身房服务,,健身房,1.0,1.0,0.85,0.1111
成都青龙羽凡体育俱乐部有限公司,8911,体育赛事,0.8736,0.95,否,,1,1,体育竞赛组织,,体育竞赛,1.0,1.0,0.85,0.1111
四川卓华体育文化发展有限责任公司,8911,体育管理,0.2125,0.85,否,,1,0,,体育项目开发服务,,0.0,0.0,0.85,0.0
四川畅浪钓具有限公司,5242,体育用品,0.8736,0.95,否,,1,1,渔具垂钓用品零售,,渔具,1.0,1.0,0.85,0.1111
成都索科体育文化传播有限公司,8930,健身休闲,0.8736,0.95,否,,1,1,健身服务,,健身服务,1.0,1.0,0.85,0.1111
成都思威鸣小泳士体育俱乐部有限公司,8911,体育赛事,0.8736,0.95,否,,1,1,体育竞赛组织,,体育竞赛,1.0,1.0,0.85,0.1111
成都沃克体育发展有限公司,5242,体育用品,0.8736,0.95,否,,1,1,体育用品零售,,体育用品零售,1.0,1.0,0.85,0.1111
成都同兴圆电子商务有限公司,5242,体育用品,0.8736,0.95,否,,1,1,体育用品及器材零售,,体育用品,1.0,1.0,0.85,0.1111
成都泉眼体育场馆管理有限公司,8921,体育赛事,0.8736,0.95,否,,1,1,体育赛事活动策划,,体育赛事,1.0,1.0,0.85,0.1111
成都影流文化传媒有限公司,8919,体育管理,0.8736,0.95,否,,1,1,其他体育组织,,体育组织,1.0,1.0,0.85,0.1111
四川北辰德瑞克体育文化发展有限公司,8921,体育赛事,0.8736,0.95,否,,1,1,体育赛事策划,,赛事策划,1.0,1.0,0.85,0.1111
成都哪趣互动文化传播有限公司,8919,体育赛事,0.34,0.95,是,多元经营（体育+26条非体育业务）,29,3,体育赛事策划; 组织体育表演活动; 体育竞赛组织,一般项目：组织文化艺术交流活动; 体验式拓展活动及策划; 露营地服务; 票务代理服务; 娱乐性展览; 企业管理咨询; 信息咨询服务（不含许可类信息咨询服务）; 体育健康服务; 会议及展览服务; 教育咨询服务（不含涉许可审批的教育培训活动）; 社会经济咨询服务; 咨询策划服务; 健身休闲活动; 软件开发; 税务服务; 市场营销策划; 户外用品销售; 广告设计; 代理; 摄影扩印服务; 摄像及视频制作服务; （除依法须经批准的项目外; 凭营业执照依法自主开展经营活动）许可项目：游艺娱乐活动; （依法须经批准的项目; 经相关部门批准后方可开展经营活动; 具体经营项目以相关部门批准文件或许可证件为准）,赛事策划; 体育表演; 体育竞赛,0.1034,0.3,0.85,0.1111
四川省宇晖仁德体育文化传播有限责任公司,8392,体育培训,0.2125,0.85,否,,1,0,,体育课外辅导,,0.0,0.0,0.85,0.0
奇迹麦瑞可成都健身服务有限公司,8930,健身休闲,0.8736,0.95,否,,1,1,健身服务,,健身服务,1.0,1.0,0.85,0.1111
成都布莱恩宇体育文化传播有限公司,8392,体育培训,0.8736,0.95,否,,1,1,体育培训,,体育培训,1.0,1.0,0.85,0.1111
成都龙光龙仁体育文化传播有限公司,8392,体育培训,0.8736,0.95,否,,1,1,娃娃体育培训,,体育培训,1.0,1.0,0.85,0.1111
四川凝聚力水族有限公司,5242,体育用品,0.8736,0.95,否,,1,1,渔具零售,,渔具,1.0,1.0,0.85,0.1111
成都欣希项荣文化传播有限公司,8930,健身休闲,0.2125,0.85,否,,1,0,,健身休闲活动,,0.0,0.0,0.85,0.0
四川紫微星辰体育俱乐部有限公司,8911,体育管理,0.2125,0.85,否,,1,0,,文艺创作,,0.0,0.0,0.85,0.0
成都团建喵户外运动有限公司,8911,体育赛事,0.8736,0.95,否,,1,1,体育竞赛组织,,体育竞赛,1.0,1.0,0.85,0.1111
四川赛立体育设施有限责任公司,4892,体育场馆,0.8736,0.95,否,,1,1,体育场地设施工程施工,,体育场地设施,1.0,1.0,0.85,0.1111
成都兰色旅途体育场馆管理有限公司,8930,健身休闲,0.8736,0.95,否,,1,1,健身服务,,健身服务,1.0,1.0,0.85,0.1111
成都童梦梦之队文化传播有限公司,8392,体育培训,0.8736,0.95,否,,1,1,体育培训,,体育培训,1.0,1.0,0.85,0.1111
成都金露海健身服务有限公司,8930,健身休闲,0.8736,0.95,否,,1,1,健身服务,,健身服务,1.0,1.0,0.85,0.1111
四川尼莫文化传播有限公司,5142,体育用品,0.8736,0.95,否,,1,1,体育用品批发,,体育用品批发,1.0,1.0,0.85,0.1111
成都力智张扬体育文化传播有限公司,8919,体育管理,0.2125,0.85,否,,1,0,,体育资讯服务,,0.0,0.0,0.85,0.0
成都小蓝健康管理有限公司,8930,健身休闲,0.8736,0.95,否,,1,1,瑜伽教学服务,,瑜伽,1.0,1.0,0.85,0.1111
成都加速度户外运动有限公司,9052,体育赛事,0.6611,0.9,是,纯跨界（行业代码非体育，文本有体育业务）,1,1,体育表演服务,,体育表演,1.0,1.0,0.0,0.1111
成都中驰体育文化发展有限公司,8930,健身休闲,0.8736,0.95,否,,1,1,健身服务,,健身服务,1.0,1.0,0.85,0.1111
成都市奇景园林设计工程有限公司,8921,体育场馆,0.8736,0.95,否,,1,1,体育场所管理,,体育场,1.0,1.0,0.85,0.1111
四川锦诚华磊拓展训练有限公司,8930,体育用品,0.8736,0.95,否,,1,1,销售体育器材,,体育器材,1.0,1.0,0.85,0.1111
成都华旺汇鑫体育设施有限公司,5142,体育用品,0.8736,0.95,否,,1,1,体育用品及器材批发,,体育用品,1.0,1.0,0.85,0.1111
成都圣火精武体育文化传播有限公司,8392,体育培训,0.8736,0.95,否,,1,1,体校及体育培训,,体育培训,1.0,1.0,0.85,0.1111
成都美力方健身有限公司,8930,健身休闲,0.2125,0.85,否,,1,0,,健身休闲活动,,0.0,0.0,0.85,0.0
四川蜀陇鑫商贸有限公司,5242,体育用品,0.8736,0.95,否,,1,1,体育用品零售,,体育用品零售,1.0,1.0,0.85,0.1111
四川乐致拓展训练有限公司,8930,健身休闲,0.2125,0.85,否,,1,0,,健身休闲活动,,0.0,0.0,0.85,0.0
成都百步体育用品有限公司,5242,体育用品,0.8736,0.95,否,,1,1,体育用品零售,,体育用品零售,1.0,1.0,0.85,0.1111
四川瑞东健身器材销售有限公司,5142,体育用品,0.8736,0.95,否,,1,1,体育用品及器材批发,,体育用品,1.0,1.0,0.85,0.1111
四川锦泰天禄户外用品有限责任公司,5142,体育用品,0.2125,0.85,否,,1,0,,户外用品批发,,0.0,0.0,0.85,0.0
四川走吧户外运动有限公司,8930,健身休闲,0.2125,0.85,否,,1,0,,健身休闲活动,,0.0,0.0,0.85,0.0
成都吾童星体育文化传播有限公司,8392,体育培训,0.8736,0.95,否,,1,1,体育培训服务,,体育培训,1.0,1.0,0.85,0.1111
慢游族成都户外运动有限公司,8919,体育管理,0.2125,0.85,否,,1,0,,户外活动组织,,0.0,0.0,0.85,0.0
四川劲健美体育文化发展有限公司,8392,体育培训,0.8736,0.95,否,,1,1,体育培训,,体育培训,1.0,1.0,0.85,0.1111
成都市鸿承启点体育文化发展有限公司,8392,体育培训,0.8736,0.95,否,,1,1,体育教育培训,,体育教育,1.0,1.0,0.85,0.1111
成都衷贝昇体育用品店,5142,体育用品,0.8736,0.95,否,,1,1,体育用品及器材批发,,体育用品,1.0,1.0,0.85,0.1111
成都鸣琪东体育用品店,5242,体育用品,0.4923,0.95,是,多元经营（体育+3条非体育业务）,5,2,一般项目：体育用品及器材零售; 体育用品及器材批发,互联网销售（除销售需要许可的商品）; （除依法须经批准的项目外; 凭营业执照依法自主开展经营活动）,体育用品,0.4,0.4348,0.85,0.1111
成都亦图羽体育用品店,5142,体育用品,0.8736,0.95,否,,1,1,体育用品及器材批发,,体育用品,1.0,1.0,0.85,0.1111
成都弥泓宁体育用品店,5142,体育用品,0.4923,0.95,是,多元经营（体育+3条非体育业务）,5,2,一般项目：体育用品及器材批发; 体育用品及器材零售,互联网销售（除销售需要许可的商品）; （除依法须经批准的项目外; 凭营业执照依法自主开展经营活动）,体育用品,0.4,0.4348,0.85,0.1111
四川蓉铄体育科技有限公司,8999,体育赛事,0.6611,0.9,是,纯跨界（行业代码非体育，文本有体育业务）,1,1,体育赛事策划,,赛事策划,1.0,1.0,0.0,0.1111
成都川云体育文化传播有限公司,8392,体育培训,0.8736,0.95,否,,1,1,足球培训,,足球培训,1.0,1.0,0.85,0.1111
四川强盛兴体育文化传播有限公司,8930,健身休闲,0.2125,0.85,否,,1,0,,健身休闲活动,,0.0,0.0,0.85,0.0
成都逸栖瑜伽健身有限公司,8930,健身休闲,0.2125,0.85,否,,1,0,,健身活动,,0.0,0.0,0.85,0.0
成都激速体育场馆管理有限公司,8921,体育场馆,0.8736,0.95,否,,1,1,体育场地经营,,体育场地,1.0,1.0,0.85,0.1111
成都徐姜顺商贸中心,5242,体育用品,0.2125,0.85,否,,1,0,,零售棋牌,,0.0,0.0,0.85,0.0
海口雪迹体育文化有限公司,8921,体育场馆,0.8736,0.95,否,,1,1,体育场地经营,,体育场地,1.0,1.0,0.85,0.1111
成都睿士达体育用品有限公司,5242,体育用品,0.8736,0.95,否,,1,1,健身器材零售,,健身器材,1.0,1.0,0.85,0.1111
成都明臣奕通信工程有限责任公司,5142,体育用品,0.8736,0.95,否,,1,1,体育用品及器材批发,,体育用品,1.0,1.0,0.85,0.1111
四川龙跃天地建设工程有限公司,4892,体育场馆,0.2125,0.85,否,,1,0,,学校跑道修建施工,,0.0,0.0,0.85,0.0
成都淡水致成健身服务有限公司,8930,健身休闲,0.8736,0.95,否,,1,1,健身服务,,健身服务,1.0,1.0,0.85,0.1111
四川羽动力体育文化发展有限公司,8930,健身休闲,0.2125,0.85,否,,1,0,,健身休闲活动,,0.0,0.0,0.85,0.0
四川正阳丰禾健康科技有限公司,5142,体育用品,0.8736,0.95,否,,1,1,体育用品及器材批发,,体育用品,1.0,1.0,0.85,0.1111
四川骏航户外用品有限公司,2449,体育用品,0.2125,0.85,否,,1,0,,制造户外用品,,0.0,0.0,0.85,0.0
成都博俊优胜体育文化传播有限公司,5242,体育用品,0.8736,0.95,否,,1,1,体育用品零售,,体育用品零售,1.0,1.0,0.85,0.1111
四川华腾正同科技有限公司,5142,体育用品,0.8736,0.95,否,,1,1,体育器材定制批发,,体育器材,1.0,1.0,0.85,0.1111
成都凯盛飞鸟体育场馆管理有限公司,8921,体育用品,0.8847,0.95,否,,1,1,篮球体育场馆,,篮球; 体育场馆,1.0,1.0,0.85,0.2222
成都跃杰体育用品有限公司,5142,体育用品,0.2125,0.85,否,,1,0,,篮球架批发,,0.0,0.0,0.85,0.0
成都铭冠胜帆体育俱乐部有限公司,8919,体育培训,0.8736,0.95,否,,1,1,网球培训,,网球培训,1.0,1.0,0.85,0.1111
四川翼道建设工程有限公司,4720,体育场馆,0.6611,0.9,是,纯跨界（行业代码非体育，文本有体育业务）,1,1,体育场地建筑,,体育场地,1.0,1.0,0.0,0.1111
成都攀乐儿游乐设备有限公司,5242,体育用品,0.8736,0.95,否,,1,1,零售健身器材,,健身器材,1.0,1.0,0.85,0.1111
成都球转转体育文化发展有限公司,8921,体育场馆,0.8736,0.95,否,,1,1,篮球场地服务,,篮球场,1.0,1.0,0.85,0.1111
四川华夏汇海科技有限公司,5242,体育用品,0.8736,0.95,否,,1,1,体育器材定零售,,体育器材,1.0,1.0,0.85,0.1111
成都呈尚荟健身服务有限公司,8930,健身休闲,0.8736,0.95,否,,1,1,游泳健身,,游泳,1.0,1.0,0.85,0.1111
成都成北易捷体育咨询服务有限公司,5242,体育用品,0.8736,0.95,否,,1,1,体育器材零售,,体育器材,1.0,1.0,0.85,0.1111
四川赛尔吉奥体育用品有限公司,5142,体育用品,0.8736,0.95,否,,1,1,批发体育用品,,体育用品,1.0,1.0,0.85,0.1111
成都鸿运达体育设施工程有限公司,5142,体育用品,0.8736,0.95,否,,1,1,体育设备批发,,体育设备,1.0,1.0,0.85,0.1111
四川凯翼鸿体育设施有限公司,5142,体育用品,0.2125,0.85,否,,1,0,,体育球场材料批发,,0.0,0.0,0.85,0.0
成都涛庭亦商贸部,5142,体育用品,0.8736,0.95,否,,1,1,体育用品及器材批发,,体育用品,1.0,1.0,0.85,0.1111
捷安特(成都)有限公司,5142,体育用品,0.2125,0.85,否,,1,0,,自行车批发,,0.0,0.0,0.85,0.0
成都劲航智德体育文化发展有限公司,9052,体育赛事,0.6611,0.9,是,纯跨界（行业代码非体育，文本有体育业务）,1,1,体育赛事组织,,体育赛事,1.0,1.0,0.0,0.1111
四川鸿恒铭体育设施有限公司,5142,体育用品,0.2757,0.85,是,多元经营（体育+29条非体育业务）,31,2,一般项目：体育用品及器材零售; 体育用品及器材批发,专业设计服务; 园林绿化工程施工; 规划设计管理; 服装服饰零售; 合成材料销售; 塑料制品销售; 橡胶制品销售; 金属制品销售; 建筑材料销售; 五金产品零售; 高品质合成橡胶销售; 模具销售; 化工产品销售（不含许可类化工产品）; 装卸搬运; 新材料技术推广服务; 技术服务; 技术开发; 技术咨询; 技术交流; 技术转让; 技术推广; 互联网销售（除销售需要许可的商品）; 劳务服务（不含劳务派遣）; （除依法须经批准的项目外; 凭营业执照依法自主开展经营活动）许可项目：建设工程施工; 建筑劳务分包; （依法须经批准的项目; 经相关部门批准后方可开展经营活动; 具体经营项目以相关部门批准文件或许可,体育用品,0.0645,0.1053,0.85,0.1111
成都承虹企业管理服务有限公司,8930,健身休闲,0.8736,0.95,否,,1,1,健身服务,,健身服务,1.0,1.0,0.85,0.1111
四川动咚熊健身服务有限公司,8930,健身休闲,0.2125,0.85,否,,1,0,,健身活动,,0.0,0.0,0.85,0.0
成都驿都城美航健身服务有限责任公司,8930,健身休闲,0.8736,0.95,否,,1,1,健身服务,,健身服务,1.0,1.0,0.85,0.1111
成都海佑庭体育场馆管理有限公司,8921,体育场馆,0.8736,0.95,否,,1,1,体育场地设施经营,,体育场地设施,1.0,1.0,0.85,0.1111
成都悦臻健身服务有限公司,8930,健身休闲,0.2125,0.85,否,,1,0,,健身休闲活动,,0.0,0.0,0.85,0.0
成都新创天地体育文化传播有限公司,7283,体育用品,0.6611,0.9,是,纯跨界（行业代码非体育，文本有体育业务）,1,1,体育用品展览,,体育用品,1.0,1.0,0.0,0.1111
成都志行健身管理有限公司,8930,健身休闲,0.2125,0.85,否,,1,0,,健身休闲活动,,0.0,0.0,0.85,0.0
成都圣威健身服务有限公司,8930,健身休闲,0.2125,0.85,否,,1,0,,健身休闲,,0.0,0.0,0.85,0.0
四川壹捌玖壹体育文化传播有限公司,8930,体育用品,0.8736,0.95,否,,1,1,篮球训练,,篮球,1.0,1.0,0.85,0.1111
成都瑞博恩杰瑞健身器材经营部,5242,体育用品,0.2125,0.85,否,,1,0,,健身器械零售,,0.0,0.0,0.85,0.0
成都众合谦诚体育文化传播有限公司,5242,体育用品,0.8736,0.95,否,,1,1,体育用品零售,,体育用品零售,1.0,1.0,0.85,0.1111
成都诺坎普体育管理有限公司,8930,健身休闲,0.2125,0.85,否,,1,0,,文体体育训练,,0.0,0.0,0.85,0.0
成都凯伦威体育文化传播有限公司,8930,健身休闲,0.8736,0.95,否,,1,1,台球服务,,台球,1.0,1.0,0.85,0.1111
成都市基体体育文化传播有限公司,5242,体育用品,0.8736,0.95,否,,1,1,体育用品零售,,体育用品零售,1.0,1.0,0.85,0.1111
成都即刻觅志体育文化传播有限公司,8911,体育赛事,0.8736,0.95,否,,1,1,体育竞赛组织,,体育竞赛,1.0,1.0,0.85,0.1111
四川烽狼体育文化发展有限公司,8930,体育培训,0.8736,0.95,否,,1,1,乒乓球培训,,乒乓球培训,1.0,1.0,0.85,0.1111
四川顺凯祥拓展训练中心有限合伙,8930,健身休闲,0.2125,0.85,否,,1,0,,拓展训练服务,,0.0,0.0,0.85,0.0
成都蔚篮营篮球俱乐部有限公司,8911,体育培训,0.8736,0.95,否,,1,1,篮球培训,,篮球培训,1.0,1.0,0.85,0.1111
成都大杰健身服务有限公司,8930,健身休闲,0.2125,0.85,否,,1,0,,健身休闲活动,,0.0,0.0,0.85,0.0
成都益彩年华体育发展有限公司,9052,体育赛事,0.6611,0.9,是,纯跨界（行业代码非体育，文本有体育业务）,1,1,体育赛事策划,,赛事策划,1.0,1.0,0.0,0.1111
成都飒动体育用品有限公司,5242,体育用品,0.8736,0.95,否,,1,1,体育用品及器材零售,,体育用品,1.0,1.0,0.85,0.1111
成都浩成体育文化传播有限公司,9052,体育赛事,0.6611,0.9,是,纯跨界（行业代码非体育，文本有体育业务）,1,1,体育赛事策划,,赛事策划,1.0,1.0,0.0,0.1111
成都迈睿创享体育文化发展有限公司,8911,体育培训,0.8736,0.95,否,,1,1,体育培训及比赛,,体育培训,1.0,1.0,0.85,0.1111
四川麻辣体育文化传播有限公司,5242,体育用品,0.8736,0.95,否,,1,1,体育用品零售,,体育用品零售,1.0,1.0,0.85,0.1111
成都周城世纪体育发展有限公司,8930,健身休闲,0.8736,0.95,否,,1,1,健身服务,,健身服务,1.0,1.0,0.85,0.1111
成都智源恒道体育文化传播有限公司,8911,体育赛事,0.8736,0.95,否,,1,1,体育竞赛组织,,体育竞赛,1.0,1.0,0.85,0.1111
成都奥艺健身服务有限公司,8930,健身休闲,0.8736,0.95,否,,1,1,健身服务,,健身服务,1.0,1.0,0.85,0.1111
四川突破领跑体育科技有限公司,8911,体育赛事,0.8736,0.95,否,,1,1,赛事组织,,赛事组织,1.0,1.0,0.85,0.1111
成都西美贝力健身服务有限公司,8930,健身休闲,0.8736,0.95,否,,1,1,健身服务,,健身服务,1.0,1.0,0.85,0.1111
四川突破布雷奇体育发展有限公司,8930,体育用品,0.8736,0.95,否,,1,1,篮球训练服务,,篮球,1.0,1.0,0.85,0.1111
成都巴比伦昊辰体育用品销售有限公司,5142,体育用品,0.8736,0.95,否,,1,1,体育用品和器材批发,,体育用品,1.0,1.0,0.85,0.1111
成都柯洛赛体育文化发展有限公司,8930,健身休闲,0.8736,0.95,否,,1,1,游泳服务,,游泳,1.0,1.0,0.85,0.1111
成都启航二零二壹健身管理有限公司,8930,健身休闲,0.8736,0.95,否,,1,1,健身服务,,健身服务,1.0,1.0,0.85,0.1111
成都基迪艾盟体育文化传播有限公司,9052,体育赛事,0.6611,0.9,是,纯跨界（行业代码非体育，文本有体育业务）,1,1,组织体育表演服务,,体育表演,1.0,1.0,0.0,0.1111
四川麦菲欧体育场馆管理有限公司,8921,体育场馆,0.8736,0.95,否,,1,1,游泳馆服务,,游泳馆,1.0,1.0,0.85,0.1111
成都澳得隆体育文化发展有限责任公司,8930,健身休闲,0.8736,0.95,否,,1,1,健身服务,,健身服务,1.0,1.0,0.85,0.1111
成都金鑫羽体育文化传播有限公司,8930,体育培训,0.8736,0.95,否,,1,1,体育培训,,体育培训,1.0,1.0,0.85,0.1111
四川优格普拉提瑜伽健身有限公司,8930,健身休闲,0.8736,0.95,否,,1,1,瑜伽训练,,瑜伽,1.0,1.0,0.85,0.1111
四川力拔山兮体育文化传播有限公司,8911,体育赛事,0.8736,0.95,否,,1,1,体育赛事组织策划,,体育赛事,1.0,1.0,0.85,0.1111
成都拾号曼巴体育文化传播有限公司,8921,体育场馆,0.8736,0.95,否,,1,1,篮球场地出租,,篮球场,1.0,1.0,0.85,0.1111
成都英克文化传媒有限公司,8921,体育场馆,0.8736,0.95,否,,1,1,室内体育场所服务,,体育场,1.0,1.0,0.85,0.1111
成都创兰图体育科技有限公司,8911,体育赛事,0.8736,0.95,否,,1,1,体育竞赛组织,,体育竞赛,1.0,1.0,0.85,0.1111
四川勤德天酬文化传播有限公司,8911,体育赛事,0.8736,0.95,否,,1,1,体育赛事,,体育赛事,1.0,1.0,0.85,0.1111
成都春来体育科技有限公司,5242,体育用品,0.8736,0.95,否,,1,1,体育器材零售,,体育器材,1.0,1.0,0.85,0.1111
成都恰少年体育文化传播有限公司,8930,体育培训,0.8736,0.95,否,,1,1,体育培训,,体育培训,1.0,1.0,0.85,0.1111
成都竖钇鑫盛文化传播有限公司,8930,健身休闲,0.2125,0.85,否,,1,0,,休闲娱乐服务,,0.0,0.0,0.85,0.0
成都天翼音舞而美舞蹈健身有限公司,8930,健身休闲,0.8736,0.95,否,,1,1,健身服务,,健身服务,1.0,1.0,0.85,0.1111
成都思达思贝思星空间舞蹈健身有限公司,8930,健身休闲,0.2125,0.85,否,,1,0,,街舞健身,,0.0,0.0,0.85,0.0
成都向量体育文化传播有限公司,5242,体育用品,0.8736,0.95,否,,1,1,体育用品零售,,体育用品零售,1.0,1.0,0.85,0.1111
成都城海体育文化传播有限公司,5142,体育用品,0.8736,0.95,否,,1,1,运动器材批发,,运动器材,1.0,1.0,0.85,0.1111
成都周城世纪文化传媒有限公司,8930,健身休闲,0.2125,0.85,否,,1,0,,健身培训,,0.0,0.0,0.85,0.0
四川酷想诚真体育文化传播有限公司,5242,体育用品,0.8736,0.95,否,,1,1,健身器材零售,,健身器材,1.0,1.0,0.85,0.1111
成都星一加健身有限责任公司,8930,健身休闲,0.2125,0.85,否,,1,0,,健身休闲活动,,0.0,0.0,0.85,0.0
成都熠梵星文化传播有限公司,8930,健身休闲,0.8736,0.95,否,,1,1,瑜伽健身,,瑜伽,1.0,1.0,0.85,0.1111
四川火星红霞影视文化传媒有限公司,8930,健身休闲,0.2125,0.85,否,,1,0,,健身休闲活动,,0.0,0.0,0.85,0.0
成都国威搏击俱乐部有限公司,8911,体育管理,0.2125,0.85,否,,1,0,,技能培训,,0.0,0.0,0.85,0.0
小辣骄健身成都有限公司,8930,健身休闲,0.2125,0.85,否,,1,0,,健身休闲活动,,0.0,0.0,0.85,0.0
四川蜀艺风华文化传播有限公司,8930,健身休闲,0.2125,0.85,否,,1,0,,休闲健身太级活动服务,,0.0,0.0,0.85,0.0
成都龙泉驾驶员培训有限公司,8930,健身休闲,0.2125,0.85,否,,1,0,,棋牌服务,,0.0,0.0,0.85,0.0
成都革新武道体育文化传播有限公司,8930,健身休闲,0.2125,0.85,否,,1,0,,健身休闲活动,,0.0,0.0,0.85,0.0
成都三分球体育文化传播有限公司,8930,体育培训,0.8736,0.95,否,,1,1,体育培训,,体育培训,1.0,1.0,0.85,0.1111
成都名辰吉瑞商业运营管理有限公司,8921,体育场馆,0.8736,0.95,否,,1,1,体育场地设施经营,,体育场地设施,1.0,1.0,0.85,0.1111
成都迪卡璐鞋业有限公司,2444,体育用品,0.2125,0.85,否,,1,0,,劳动鞋生产,,0.0,0.0,0.85,0.0
四川耐特诺户外用品有限公司,5142,体育用品,0.2125,0.85,否,,1,0,,户外用品批发,,0.0,0.0,0.85,0.0
成都奥扬体育文化传播有限公司,9052,体育赛事,0.6611,0.9,是,纯跨界（行业代码非体育，文本有体育业务）,1,1,体育赛事策划,,赛事策划,1.0,1.0,0.0,0.1111
成都潮跃体育文化发展有限公司,8921,体育场馆,0.8736,0.95,否,,1,1,体育场地设施管理,,体育场地设施,1.0,1.0,0.85,0.1111
成都斗影体育用品有限公司,2449,体育用品,0.8736,0.95,否,,1,1,体育用品制造,,体育用品制造,1.0,1.0,0.85,0.1111
成都俊杰武道文化传播有限公司,8911,健身休闲,0.8736,0.95,否,,1,1,跆拳道教授服务,,跆拳道,1.0,1.0,0.85,0.1111
成都河马陆人体育发展有限公司,8930,健身休闲,0.8736,0.95,否,,1,1,健身服务,,健身服务,1.0,1.0,0.85,0.1111
成都东之耀体育文化传播有限责任公司,8930,体育培训,0.8736,0.95,否,,1,1,体育培训服务,,体育培训,1.0,1.0,0.85,0.1111
成都市跳跃者健身服务有限责任公司,8930,健身休闲,0.8736,0.95,否,,1,1,j健身服务,,健身服务,1.0,1.0,0.85,0.1111
成都市小蜜蜂健身服务有限责任公司,8930,健身休闲,0.8736,0.95,否,,1,1,健身服务,,健身服务,1.0,1.0,0.85,0.1111
成都简好健身有限公司,8930,健身休闲,0.8736,0.95,否,,1,1,健身服务,,健身服务,1.0,1.0,0.85,0.1111
成都市嗨乐体育文化有限公司,8930,体育培训,0.8736,0.95,否,,1,1,乒乓球培训,,乒乓球培训,1.0,1.0,0.85,0.1111
成都生派体育文化传播有限公司,9052,体育赛事,0.6611,0.9,是,纯跨界（行业代码非体育，文本有体育业务）,1,1,体育赛事组织服务,,体育赛事,1.0,1.0,0.0,0.1111
成都亦心健身服务有限公司,8930,健身休闲,0.8736,0.95,否,,1,1,瑜伽健身服务,,瑜伽; 健身服务,1.0,1.0,0.85,0.1111
四川向尚体育发展有限公司,8930,体育培训,0.8736,0.95,否,,1,1,体能训练培训,,体能训练,1.0,1.0,0.85,0.1111
四川广体体育有限公司,8911,体育赛事,0.8736,0.95,否,,1,1,体育竞赛组织,,体育竞赛,1.0,1.0,0.85,0.1111
成都馨语悦传媒有限公司,8911,体育赛事,0.8736,0.95,否,,1,1,体育竞赛组织,,体育竞赛,1.0,1.0,0.85,0.1111
四川健之美体育有限公司,8911,体育赛事,0.8736,0.95,否,,1,1,体育竞赛组织,,体育竞赛,1.0,1.0,0.85,0.1111
四川西德曼企业管理有限公司,8930,健身休闲,0.8736,0.95,否,,1,1,户外拓展服务,,户外拓展,1.0,1.0,0.85,0.1111
成都东进体育文化传播有限责任公司,8911,体育赛事,0.8736,0.95,否,,1,1,体育比赛组织,,体育比赛,1.0,1.0,0.85,0.1111
成都正艺体育俱乐部有限公司,8392,体育培训,0.8736,0.95,否,,1,1,少儿体育培训,,体育培训,1.0,1.0,0.85,0.1111
漂流岛成都户外用品有限公司,5142,体育用品,0.8736,0.95,否,,1,1,体育用品及器材批发,,体育用品,1.0,1.0,0.85,0.1111
成都微漂商贸有限公司,5142,健身休闲,0.8736,0.95,否,,1,1,水上运动物品批发,,水上运动,1.0,1.0,0.85,0.1111
成都超轻畅游户外装备有限公司,2449,体育用品,0.8736,0.95,否,,1,1,体育用品生产,,体育用品,1.0,1.0,0.85,0.1111
成都武之家武术文化传播有限公司,8911,体育培训,0.8736,0.95,否,,1,1,武术培训,,武术培训,1.0,1.0,0.85,0.1111
四川篮波体育发展有限公司,8921,体育场馆,0.8736,0.95,否,,1,1,体育场馆管理,,体育场馆,1.0,1.0,0.85,0.1111
四川省凡可企业管理有限公司,8930,健身休闲,0.2125,0.85,否,,1,0,,健身休闲活动,,0.0,0.0,0.85,0.0
成都迷高体育科技有限公司,5242,体育用品,0.8736,0.95,否,,1,1,体育器材零售,,体育器材,1.0,1.0,0.85,0.1111
成都市拓匠鼎诚装修工程有限公司,5242,体育用品,0.8736,0.95,否,,1,1,体育用品及器材零售,,体育用品,1.0,1.0,0.85,0.1111
四川竞拓体育发展有限公司,8911,体育赛事,0.8736,0.95,否,,1,1,体育竞赛组织,,体育竞赛,1.0,1.0,0.85,0.1111
成都一号铁房健身服务有限公司,8930,健身休闲,0.2125,0.85,否,,1,0,,健身休闲活动,,0.0,0.0,0.85,0.0
新赛点成都体育用品有限公司,5242,体育用品,0.8736,0.95,否,,1,1,体育用品零售,,体育用品零售,1.0,1.0,0.85,0.1111
极点悦动（成都）体育文化发展有限公司,8930,健身休闲,0.2125,0.85,否,,1,0,,健身休闲活动,,0.0,0.0,0.85,0.0
成都晞乐艺雯户外用品有限公司,5242,体育用品,0.8736,0.95,否,,1,1,体育用品零售,,体育用品零售,1.0,1.0,0.85,0.1111
四川恒创精品体育器材有限公司,5142,体育用品,0.8736,0.95,否,,1,1,体育用品批发,,体育用品批发,1.0,1.0,0.85,0.1111
成都玖瑞佳健身俱乐部,8921,体育场馆,0.8736,0.95,否,,1,1,体育场地设施经营,,体育场地设施,1.0,1.0,0.85,0.1111
四川圣山白玉兰实业有限公司,1821,体育用品,0.2125,0.85,否,,1,0,,运动休闲针织服装制造,,0.0,0.0,0.85,0.0
成都鑫谛美斯体育文化传播有限公司,8930,健身休闲,0.2125,0.85,否,,1,0,,健身休闲活动,,0.0,0.0,0.85,0.0
成都球手体育文化发展有限公司,5242,体育用品,0.8736,0.95,否,,1,1,体育用品及器材零售,,体育用品,1.0,1.0,0.85,0.1111
成都有志文理体育文化传播有限公司,8930,体育培训,0.8736,0.95,否,,1,1,跆拳道培训服务,,跆拳道培训,1.0,1.0,0.85,0.1111
四川盛康瑞科技有限公司,5242,体育用品,0.8736,0.95,否,,1,1,体育器材零售,,体育器材,1.0,1.0,0.85,0.1111
四川方元瑞体育文化发展有限公司,8930,健身休闲,0.2125,0.85,否,,1,0,,休闲健身活动,,0.0,0.0,0.85,0.0
成都恒冠体育文化传播有限公司,8930,健身休闲,0.8736,0.95,否,,1,1,体育休闲服务,,体育休闲,1.0,1.0,0.85,0.1111
四川梦在启航商贸有限责任公司,5142,体育用品,0.8736,0.95,否,,1,1,体育用品及器材批发,,体育用品,1.0,1.0,0.85,0.1111
成都锦尚佳航跆拳道俱乐部有限公司,8930,健身休闲,0.2125,0.85,否,,1,0,,健身休闲活动,,0.0,0.0,0.85,0.0
成都乾坤乐建会健身服务有限公司,8930,健身休闲,0.2125,0.85,否,,1,0,,健身休闲活动,,0.0,0.0,0.85,0.0
成都川蓉驿晟体育文化发展有限公司,8919,体育管理,0.2125,0.85,否,,1,0,,体育运动服务,,0.0,0.0,0.85,0.0
成都舟舟体育科技有限公司,5242,体育用品,0.8736,0.95,否,,1,1,体育用品零售,,体育用品零售,1.0,1.0,0.85,0.1111
成都兴武体育文化传播有限公司,8911,体育赛事,0.8736,0.95,否,,1,1,体育竞赛组织,,体育竞赛,1.0,1.0,0.85,0.1111
四川顺新汇商贸有限公司,8930,健身休闲,0.2125,0.85,否,,1,0,,健身休闲活动,,0.0,0.0,0.85,0.0
成都国川蓉晟体育文化发展有限公司,8930,健身休闲,0.2125,0.85,否,,1,0,,健身休闲活动,,0.0,0.0,0.85,0.0
成都石榴健身服务有限公司,8930,健身休闲,0.2125,0.85,否,,1,0,,健身休闲活动,,0.0,0.0,0.85,0.0
四川莱昂体育发展有限公司,8921,体育场馆,0.8736,0.95,否,,1,1,室内体育场馆服务,,体育场馆,1.0,1.0,0.85,0.1111
四川蓉诚时代科技有限公司,5142,体育用品,0.8736,0.95,否,,1,1,体育用品及器材批发,,体育用品,1.0,1.0,0.85,0.1111
成都市龙天博汇商贸有限公司,5242,体育用品,0.2125,0.85,否,,1,0,,学校训练器材零售,,0.0,0.0,0.85,0.0
成都振辰建设工程有限公司,4892,体育用品,0.8736,0.95,否,,1,1,塑胶跑道工程施工,,塑胶跑道,1.0,1.0,0.85,0.1111
成都中铁建昆仑振蓉生态建设有限公司,4892,体育场馆,0.2125,0.85,否,,1,0,,锦城绿道建设,,0.0,0.0,0.85,0.0
四川川亿高科技有限公司,5142,体育用品,0.8736,0.95,否,,1,1,体育用品批发,,体育用品批发,1.0,1.0,0.85,0.1111
四川泳冠体育文化传播有限公司,8930,健身休闲,0.8736,0.95,否,,1,1,游泳训练,,游泳,1.0,1.0,0.85,0.1111
成都傲楚体育文化发展有限公司,7246,体育管理,0.6611,0.9,是,纯跨界（行业代码非体育，文本有体育业务）,1,1,体育咨询,,体育咨询,1.0,1.0,0.0,0.1111
四川众合盛景健康科技有限公司,5142,体育用品,0.8736,0.95,否,,1,1,体育用品及器材批发,,体育用品,1.0,1.0,0.85,0.1111
成都童之家玩具有限公司,5142,体育用品,0.8736,0.95,否,,1,1,体育用品及器材批发,,体育用品,1.0,1.0,0.85,0.1111
成都克锐泽体育文化传播有限公司,8921,体育场馆,0.8736,0.95,否,,1,1,体育场馆服务,,体育场馆,1.0,1.0,0.85,0.1111
成都泳康体育文化传播有限公司,8930,体育培训,0.8736,0.95,否,,1,1,游泳培训,,游泳培训,1.0,1.0,0.85,0.1111
四川启航创赢体育科技有限责任公司,5242,体育用品,0.8736,0.95,否,,1,1,体育器材零售,,体育器材,1.0,1.0,0.85,0.1111
成都宏博诚训体育文化传播有限公司,9052,体育赛事,0.6611,0.9,是,纯跨界（行业代码非体育，文本有体育业务）,1,1,体育赛事活动策划,,体育赛事,1.0,1.0,0.0,0.1111
四川拓海凝川体育发展有限公司,8930,健身休闲,0.8736,0.95,否,,1,1,潜水培训,,潜水,1.0,1.0,0.85,0.1111
成都嘉悦天城游泳馆管理有限公司,8921,体育场馆,0.8736,0.95,否,,1,1,体育场管管理,,体育场,1.0,1.0,0.85,0.1111
成都双龙至尚体育场馆管理有限公司,8921,体育场馆,0.8736,0.95,否,,1,1,体育场馆管理,,体育场馆,1.0,1.0,0.85,0.1111
四川健达体育文化传播有限公司,8930,体育管理,0.8736,0.95,否,,1,1,体育文化推广,,体育文化,1.0,1.0,0.85,0.1111
成都悠然健身服务有限公司,8392,体育培训,0.8736,0.95,否,,1,1,体育培训,,体育培训,1.0,1.0,0.85,0.1111
成都旭扬乒乓球俱乐部有限公司,8911,体育管理,0.2125,0.85,否,,1,0,,文化艺术培训,,0.0,0.0,0.85,0.0
成都心烽盛火篮球俱乐部有限公司,8911,体育赛事,0.8736,0.95,否,,1,1,体育竞赛组织,,体育竞赛,1.0,1.0,0.85,0.1111
四川光园体育文化传播有限公司,8911,体育赛事,0.8736,0.95,否,,1,1,体育竞赛组织,,体育竞赛,1.0,1.0,0.85,0.1111
吉乐媛（成都）体育文化发展有限公司,8930,健身休闲,0.8736,0.95,否,,1,1,台球服务,,台球,1.0,1.0,0.85,0.1111
成都锦橙灿烂体育文化传播有限责任公司,8930,健身休闲,0.2125,0.85,否,,1,0,,健身休闲服务,,0.0,0.0,0.85,0.0
成都领茂怡健身服务有限责任公司,8930,健身休闲,0.8736,0.95,否,,1,1,健身服务,,健身服务,1.0,1.0,0.85,0.1111
成都昊兴弘雅游泳馆管理有限公司,8921,体育场馆,0.8736,0.95,否,,1,1,体育场馆管理,,体育场馆,1.0,1.0,0.85,0.1111
成都兢本育人体育文化发展有限公司,8930,健身休闲,0.2125,0.85,否,,1,0,,体育训练,,0.0,0.0,0.85,0.0
四川卓跃六一一体育发展有限公司,8930,体育用品,0.8847,0.95,否,,1,1,少儿篮球体育培训,,篮球; 体育培训,1.0,1.0,0.85,0.2222
成都领航星健身管理有限公司,8930,健身休闲,0.2125,0.85,否,,1,0,,健身休闲活动,,0.0,0.0,0.85,0.0
成都青橙子体育文化传播有限公司,8930,健身休闲,0.2125,0.85,否,,1,0,,健身休闲活动,,0.0,0.0,0.85,0.0
四川晶品云商贸易发展有限公司,5142,体育用品,0.8736,0.95,否,,1,1,体育用品批发,,体育用品批发,1.0,1.0,0.85,0.1111
四川博特体育发展有限公司,8930,健身休闲,0.8736,0.95,否,,1,1,健身服务,,健身服务,1.0,1.0,0.85,0.1111
成都市龙泉驿区问动体育文化发展有限公司,8911,体育赛事,0.8736,0.95,否,,1,1,体育竞赛组织,,体育竞赛,1.0,1.0,0.85,0.1111
四川海立方体育文化传播有限公司,8930,健身休闲,0.2125,0.85,否,,1,0,,健身培训服务,,0.0,0.0,0.85,0.0
成都长诚健身服务有限公司,8930,健身休闲,0.2125,0.85,否,,1,0,,健身休闲活动,,0.0,0.0,0.85,0.0
四川尘钛体育文化发展有限公司,8930,体育培训,0.8736,0.95,否,,1,1,体育培训,,体育培训,1.0,1.0,0.85,0.1111
四川鑫奥体育俱乐部有限公司,8930,体育用品,0.8736,0.95,否,,1,1,篮球技能培训,,篮球,1.0,1.0,0.85,0.1111
成都海曲体育文化传播有限公司,8930,健身休闲,0.8736,0.95,否,,1,1,游泳服务,,游泳,1.0,1.0,0.85,0.1111
成都龙泉驿合信体育场馆管理合伙企业（有限合伙）,8930,健身休闲,0.8736,0.95,否,,1,1,游泳健身培训服务,,游泳,1.0,1.0,0.85,0.1111
成都旭林格斗体育文化传播有限公司,8930,健身休闲,0.2125,0.85,否,,1,0,,格斗培训,,0.0,0.0,0.85,0.0
成都冠瑞体育文化传播有限公司,8930,健身休闲,0.2125,0.85,否,,1,0,,少儿体育训练,,0.0,0.0,0.85,0.0
成都凡时瑜伽健身有限公司,8930,健身休闲,0.8736,0.95,否,,1,1,瑜伽健身服务,,瑜伽; 健身服务,1.0,1.0,0.85,0.1111
成都伯浪丁健身有限公司,8930,健身休闲,0.8736,0.95,否,,1,1,游泳健身服务,,游泳; 健身服务,1.0,1.0,0.85,0.1111
四川贝贝爱游乐设备有限公司,5142,体育用品,0.2125,0.85,否,,1,0,,少儿游乐设施批发,,0.0,0.0,0.85,0.0
四川星稚马科技有限公司,8911,体育培训,0.8736,0.95,否,,1,1,少儿体育培训,,体育培训,1.0,1.0,0.85,0.1111
成都琪熙健身服务有限公司,8930,健身休闲,0.8736,0.95,否,,1,1,健身服务,,健身服务,1.0,1.0,0.85,0.1111
四川博弈天浩体育文化传播有限公司,8930,健身休闲,0.2125,0.85,否,,1,0,,乒乓健身活动,,0.0,0.0,0.85,0.0
四川蓝澳体育文化推广有限公司,8930,健身休闲,0.8736,0.95,否,,1,1,体育健身服务,,健身服务,1.0,1.0,0.85,0.1111
成都健冠体育文化传播有限公司,8930,体育培训,0.8736,0.95,否,,1,1,体育培训,,体育培训,1.0,1.0,0.85,0.1111
四川子砺体育文化传播有限公司,5242,体育用品,0.8736,0.95,否,,1,1,体育用品零售,,体育用品零售,1.0,1.0,0.85,0.1111
成都市龙泉驿启智领航体育科技有限公司,8930,体育培训,0.8736,0.95,否,,1,1,体育培训服务,,体育培训,1.0,1.0,0.85,0.1111
成都寸木教育咨询有限公司,8930,体育培训,0.8736,0.95,否,,1,1,跆拳道培训服务,,跆拳道培训,1.0,1.0,0.85,0.1111
成都尚武天下文化传播有限公司,8930,健身休闲,0.8736,0.95,否,,1,1,体育健身服务,,健身服务,1.0,1.0,0.85,0.1111
成都千帆启航体育文化传播有限公司,8930,体育管理,0.8736,0.95,否,,1,1,少儿体育文化培训服务,,体育文化,1.0,1.0,0.85,0.1111
成都壹悦音舞而美舞蹈健身有限公司,8930,健身休闲,0.2125,0.85,否,,1,0,,健身休闲服务,,0.0,0.0,0.85,0.0
成都同优伽健身服务有限公司,8930,健身休闲,0.8736,0.95,否,,1,1,健身服务,,健身服务,1.0,1.0,0.85,0.1111
成都炎禧健身服务有限公司,8930,健身休闲,0.8736,0.95,否,,1,1,健身服务,,健身服务,1.0,1.0,0.85,0.1111
成都健道健身服务有限公司,8930,健身休闲,0.8736,0.95,否,,1,1,健身服务,,健身服务,1.0,1.0,0.85,0.1111
成都博泽远行户外运动有限公司,8930,健身休闲,0.8736,0.95,否,,1,1,户外运动服务,,户外运动,1.0,1.0,0.85,0.1111
成都百泳蜀力体育文化发展有限公司,8919,体育管理,0.8736,0.95,否,,1,1,其他体育组织,,体育组织,1.0,1.0,0.85,0.1111
成都市之所瑜健身服务有限公司,8930,健身休闲,0.8736,0.95,否,,1,1,健身房服务,,健身房,1.0,1.0,0.85,0.1111
成都驰安体育发展有限公司,8911,体育用品,0.8736,0.95,否,,1,1,体育器材销售及租赁,,体育器材,1.0,1.0,0.85,0.1111
成都陌上初雪文化传播有限公司,8919,体育管理,0.8736,0.95,否,,1,1,体育组织,,体育组织,1.0,1.0,0.85,0.1111
成都市融驰体育文化发展有限公司,8930,健身休闲,0.2125,0.85,否,,1,0,,卡丁车娱乐活动,,0.0,0.0,0.85,0.0
成都艾普佳体育文化传播有限公司,8930,健身休闲,0.2125,0.85,否,,1,0,,健身休闲活动,,0.0,0.0,0.85,0.0
成都惠儿瑜伽健身有限公司,8930,健身休闲,0.8736,0.95,否,,1,1,瑜伽健身服务,,瑜伽; 健身服务,1.0,1.0,0.85,0.1111
成都时代篮图体育文化发展有限公司,8392,体育培训,0.8736,0.95,否,,1,1,篮球培训服务,,篮球培训,1.0,1.0,0.85,0.1111
成都奇佳翼舞蹈俱乐部有限公司,8930,健身休闲,0.8736,0.95,否,,1,1,健身服务,,健身服务,1.0,1.0,0.85,0.1111
四川八十一分体育文化传播有限公司,8930,体育管理,0.8736,0.95,否,,1,1,体育文化推广,,体育文化,1.0,1.0,0.85,0.1111
四川贰叁时点体育发展有限公司,8911,体育管理,0.2125,0.85,否,,1,0,,体育项目组织,,0.0,0.0,0.85,0.0
四川康之源体育设施有限公司,5142,体育用品,0.8736,0.95,否,,1,1,体育用品批发,,体育用品批发,1.0,1.0,0.85,0.1111
四川威格健身服务有限公司,8930,健身休闲,0.2125,0.85,否,,1,0,,健身休闲活动,,0.0,0.0,0.85,0.0
成都市逸乐虎体适能体育文化传播有限公司,8930,体育培训,0.8736,0.95,否,,1,1,青少年体育培训,,青少年体育,1.0,1.0,0.85,0.1111
成都首在体育俱乐部有限公司,9052,体育管理,0.6611,0.9,是,纯跨界（行业代码非体育，文本有体育业务）,1,1,体育服务,,体育服务,1.0,1.0,0.0,0.1111
四川骑趣视界体育发展有限公司,8911,体育赛事,0.8736,0.95,否,,1,1,体育赛事策划,,赛事策划,1.0,1.0,0.85,0.1111
成都行动者企业管理咨询有限公司,8930,健身休闲,0.2125,0.85,否,,1,0,,体能拓展训练服务,,0.0,0.0,0.85,0.0
四川川应贝雷帽文化传播有限公司,8919,体育管理,0.2125,0.85,否,,1,0,,夏令营教育培训,,0.0,0.0,0.85,0.0
四川巴斯博体育设施有限公司,5142,体育用品,0.8736,0.95,否,,1,1,体育器材批发,,体育器材,1.0,1.0,0.85,0.1111
四川鑫洲足球俱乐部有限公司,8911,体育培训,0.8736,0.95,否,,1,1,体育培训,,体育培训,1.0,1.0,0.85,0.1111
成都天羽羽毛球俱乐部有限公司,8921,体育用品,0.8847,0.95,否,,1,1,羽毛球场地租赁,,羽毛球; 场地租赁,1.0,1.0,0.85,0.2222
四川天昶御风赛车文化传播有限公司,8911,体育管理,0.2125,0.85,否,,1,0,,摩托车培训,,0.0,0.0,0.85,0.0
成都汇美特科技有限公司,5142,体育用品,0.8736,0.95,否,,1,1,体育用品批发,,体育用品批发,1.0,1.0,0.85,0.1111
成都旭海体育场馆管理有限公司,8930,健身休闲,0.8736,0.95,否,,1,1,游泳服务,,游泳,1.0,1.0,0.85,0.1111
四川悦享跃动体育文化传播有限公司,8930,健身休闲,0.8736,0.95,否,,1,1,健身服务,,健身服务,1.0,1.0,0.85,0.1111
成都手拉手泰昊体育文化传播有限公司,9052,体育赛事,0.6611,0.9,是,纯跨界（行业代码非体育，文本有体育业务）,1,1,体育赛事活动策划,,体育赛事,1.0,1.0,0.0,0.1111
成都兰亭商务服务有限公司,8930,健身休闲,0.2125,0.85,否,,1,0,,棋牌服务,,0.0,0.0,0.85,0.0
四川源上瑜伽健身有限责任公司,8930,健身休闲,0.2125,0.85,否,,1,0,,健身休闲活动,,0.0,0.0,0.85,0.0
成都有家弘熙体育文化传播有限公司,8930,体育培训,0.8736,0.95,否,,1,1,跆拳道培训,,跆拳道培训,1.0,1.0,0.85,0.1111
成都大牧兄弟户外用品有限公司,5242,体育用品,0.2125,0.85,否,,1,0,,户外用品零售,,0.0,0.0,0.85,0.0
成都星弈围棋俱乐部有限公司,8911,体育赛事,0.8736,0.95,否,,1,1,体育竞赛组织,,体育竞赛,1.0,1.0,0.85,0.1111
成都锦成精匠文化传播有限公司,8911,体育培训,0.8736,0.95,否,,1,1,儿童跆拳道培训服务,,跆拳道培训,1.0,1.0,0.85,0.1111
成都超扬健身服务有限公司,8930,健身休闲,0.2125,0.85,否,,1,0,,健身休闲活动,,0.0,0.0,0.85,0.0
成都超凡人健身服务有限公司,8930,健身休闲,0.2125,0.85,否,,1,0,,健身休闲,,0.0,0.0,0.85,0.0
成都游瑞文化传播有限公司,8930,健身休闲,0.8736,0.95,否,,1,1,游泳活动服务,,游泳,1.0,1.0,0.85,0.1111
成都至高之诚体育文化发展有限公司,8930,健身休闲,0.2125,0.85,否,,1,0,,健身休闲活动,,0.0,0.0,0.85,0.0
成都炎阳户外拓展有限公司,8911,体育赛事,0.8736,0.95,否,,1,1,体育竞赛服务,,体育竞赛,1.0,1.0,0.85,0.1111
成都玖舞即现文化传播有限责任公司,8930,健身休闲,0.2125,0.85,否,,1,0,,健身休闲服务,,0.0,0.0,0.85,0.0
成都超凡引擎体育文化传播有限公司,8930,健身休闲,0.2125,0.85,否,,1,0,,健身休闲活动,,0.0,0.0,0.85,0.0
成都奥乐奇体育文化传播有限公司,8930,健身休闲,0.8736,0.95,否,,1,1,健身房经营,,健身房,1.0,1.0,0.85,0.1111
成都悦心悦动健身服务有限公司,7246,体育培训,0.6611,0.9,是,纯跨界（行业代码非体育，文本有体育业务）,1,1,游泳培训,,游泳培训,1.0,1.0,0.0,0.1111
四川晓诺体育设施工程有限公司,4892,体育场馆,0.8736,0.95,否,,1,1,晓诺体育设施工程,,体育设施,1.0,1.0,0.85,0.1111
成都冠培体育文化传播有限公司,8930,体育用品,0.8736,0.95,否,,1,1,羽毛球训练,,羽毛球,1.0,1.0,0.85,0.1111
成都市智禾时代企业管理咨询有限公司,8930,健身休闲,0.2125,0.85,否,,1,0,,团建服务,,0.0,0.0,0.85,0.0
成都古俪瑜佳健康管理有限公司,8930,健身休闲,0.8736,0.95,否,,1,1,瑜伽健身服务,,瑜伽; 健身服务,1.0,1.0,0.85,0.1111
成都名卓体育文化传播有限公司,8930,健身休闲,0.8736,0.95,否,,1,1,台球休闲服务,,台球,1.0,1.0,0.85,0.1111
四川自在健身服务有限公司,8930,健身休闲,0.8736,0.95,否,,1,1,健身服务,,健身服务,1.0,1.0,0.85,0.1111
成都鑫豪体育文化有限责任公司,8930,健身休闲,0.8736,0.95,否,,1,1,健身服务,,健身服务,1.0,1.0,0.85,0.1111
四川德冠文化传播有限公司,8911,体育管理,0.2125,0.85,否,,1,0,,拓展培训,,0.0,0.0,0.85,0.0
成都虎宝宝体育文化传播有限公司,8930,健身休闲,0.2125,0.85,否,,1,0,,健身经营活动,,0.0,0.0,0.85,0.0
成都寻武道文化传播有限公司,8911,体育培训,0.8736,0.95,否,,1,1,跆拳道培训,,跆拳道培训,1.0,1.0,0.85,0.1111
成都亿昂体育文化传播有限公司,8930,健身休闲,0.8736,0.95,否,,1,1,健身服务,,健身服务,1.0,1.0,0.85,0.1111
成都宏毅体育文化有限责任公司,8930,健身休闲,0.2125,0.85,否,,1,0,,健身休闲活动,,0.0,0.0,0.85,0.0
成都八目围棋俱乐部有限公司,8911,体育管理,0.2125,0.85,否,,1,0,,围棋培训,,0.0,0.0,0.85,0.0
四川康海达体育文化传播有限公司,8930,健身休闲,0.2125,0.85,否,,1,0,,健身休闲活动,,0.0,0.0,0.85,0.0
成都鑫永尚体育文化传播有限公司,8930,健身休闲,0.2125,0.85,否,,1,0,,成人健身,,0.0,0.0,0.85,0.0
成都天君体育管理有限公司,8930,健身休闲,0.2125,0.85,否,,1,0,,健身休闲活动,,0.0,0.0,0.85,0.0
成都悦玖健康管理有限公司,8930,健身休闲,0.8736,0.95,否,,1,1,体育休闲服务,,体育休闲,1.0,1.0,0.85,0.1111
新精武会成都体育文化发展有限公司,8930,体育培训,0.8736,0.95,否,,1,1,体育培训,,体育培训,1.0,1.0,0.85,0.1111
成都路星熠体育文化发展有限公司,8930,健身休闲,0.8736,0.95,否,,1,1,跆拳道健身活动,,跆拳道,1.0,1.0,0.85,0.1111
成都湘北体育文化发展有限公司,8930,体育培训,0.8736,0.95,否,,1,1,篮球培训,,篮球培训,1.0,1.0,0.85,0.1111
四川菁武会文化传播有限公司,8930,健身休闲,0.2125,0.85,否,,1,0,,健身馆经营,,0.0,0.0,0.85,0.0
成都每持体育场馆管理有限公司,8930,健身休闲,0.2125,0.85,否,,1,0,,健身休闲活动,,0.0,0.0,0.85,0.0
四川东耀聚星足球俱乐部有限公司,8911,体育培训,0.8736,0.95,否,,1,1,青少年足球培训,,足球培训,1.0,1.0,0.85,0.1111
四川钰蝶体育设施工程有限责任公司,2442,体育场馆,0.8736,0.95,否,,1,1,体育设施制造,,体育设施,1.0,1.0,0.85,0.1111
成都舒维他体育文化发展有限公司,8919,体育管理,0.8736,0.95,否,,1,1,其他体育组织,,体育组织,1.0,1.0,0.85,0.1111
四川优尚乐体育俱乐部有限公司,8911,体育赛事,0.8736,0.95,否,,1,1,体育竞赛组织,,体育竞赛,1.0,1.0,0.85,0.1111
成都突破极速体育文化传播有限责任公司,8911,体育赛事,0.8736,0.95,否,,1,1,体育竞赛组织,,体育竞赛,1.0,1.0,0.85,0.1111
四川觅行知乐体育文化传播有限公司,8930,体育培训,0.8736,0.95,否,,1,1,体育培训,,体育培训,1.0,1.0,0.85,0.1111
四川万霖军创建设发展有限公司,8930,健身休闲,0.8736,0.95,否,,1,1,户外拓展训练,,户外拓展,1.0,1.0,0.85,0.1111
成都贝跃动体育文化传播有限公司,8930,体育培训,0.8736,0.95,否,,1,1,体育培训服务,,体育培训,1.0,1.0,0.85,0.1111
成都格调康健健身服务有限公司,8930,健身休闲,0.8736,0.95,否,,1,1,健身服务,,健身服务,1.0,1.0,0.85,0.1111
成都乾康倍健健身服务有限公司,8911,体育管理,0.2125,0.85,否,,1,0,,体育运动组织,,0.0,0.0,0.85,0.0
四川炳峰体育俱乐部有限公司,8911,体育赛事,0.8736,0.95,否,,1,1,体育竞赛组织策划,,体育竞赛,1.0,1.0,0.85,0.1111
润安（成都）体育文化发展有限责任公司,8921,体育场馆,0.8736,0.95,否,,1,1,体育场馆管理,,体育场馆,1.0,1.0,0.85,0.1111
成都左星辰体育文化传播有限公司,8930,健身休闲,0.2125,0.85,否,,1,0,,健身休闲活动策划,,0.0,0.0,0.85,0.0
成都玖练健身服务有限责任公司,8930,健身休闲,0.8736,0.95,否,,1,1,健身服务,,健身服务,1.0,1.0,0.85,0.1111
四川仁武文化传播有限公司,8930,健身休闲,0.8736,0.95,否,,1,1,健身服务,,健身服务,1.0,1.0,0.85,0.1111
成都蓝色空间极线健身服务有限公司,8930,健身休闲,0.8736,0.95,否,,1,1,健身服务,,健身服务,1.0,1.0,0.85,0.1111
青聪超马成都体育文化发展有限责任公司,8912,体育赛事,0.8736,0.95,否,,1,1,体育赛事保障服务,,体育赛事,1.0,1.0,0.85,0.1111
四川赛悦体育文化发展有限公司,8921,体育场馆,0.2125,0.85,否,,1,0,,场馆经营,,0.0,0.0,0.85,0.0
成都市冠维百尚教育管理有限公司,8930,健身休闲,0.2125,0.85,否,,1,0,,素质拓展活动,,0.0,0.0,0.85,0.0
四川省蜀划体育文化发展有限公司,8930,健身休闲,0.2125,0.85,否,,1,0,,健身休闲活动服务,,0.0,0.0,0.85,0.0
成都一山两湖文化旅游发展有限责任公司,8911,体育赛事,0.8736,0.95,否,,1,1,体育竞赛组织,,体育竞赛,1.0,1.0,0.85,0.1111
成都上山风滑翔俱乐部有限公司,8911,体育场馆,0.8736,0.95,否,,1,1,体育场地设施经营,,体育场地设施,1.0,1.0,0.85,0.1111
猎人勇士成都文化发展有限公司,8911,体育赛事,0.8736,0.95,否,,1,1,体育竞赛组织,,体育竞赛,1.0,1.0,0.85,0.1111
成都凡动体育文化传播有限公司,5242,体育用品,0.8736,0.95,否,,1,1,体育用品零售,,体育用品零售,1.0,1.0,0.85,0.1111
成都三幺二体育文化发展有限责任公司,9052,体育赛事,0.6611,0.9,是,纯跨界（行业代码非体育，文本有体育业务）,1,1,体育表演服务,,体育表演,1.0,1.0,0.0,0.1111
成都东麓文化传播有限公司,8930,健身休闲,0.2125,0.85,否,,1,0,,体能拓展训练服务,,0.0,0.0,0.85,0.0
成都金龙汇户外运动有限公司,8930,健身休闲,0.2125,0.85,否,,1,0,,健身休闲活动服务,,0.0,0.0,0.85,0.0
四川优胜达体育文化传播有限公司,8930,健身休闲,0.2125,0.85,否,,1,0,,拓展训练,,0.0,0.0,0.85,0.0
成都市漫步云端体育运动有限公司,8930,健身休闲,0.2125,0.85,否,,1,0,,滑翔伞健身活动,,0.0,0.0,0.85,0.0
成都纵驰户外运动有限公司,8930,健身休闲,0.2125,0.85,否,,1,0,,健身休闲活动,,0.0,0.0,0.85,0.0
成都中奥广场管理有限公司,8921,体育场馆,0.8736,0.95,否,,1,1,运动场馆服务,,运动场馆,1.0,1.0,0.85,0.1111
成都竞融和体育文化发展有限公司,9052,体育赛事,0.6611,0.9,是,纯跨界（行业代码非体育，文本有体育业务）,1,1,组织体育表演活动,,体育表演,1.0,1.0,0.0,0.1111
成都市首航健身服务有限公司,8930,健身休闲,0.8736,0.95,否,,1,1,健身服务,,健身服务,1.0,1.0,0.85,0.1111
成都凯飒健身服务有限公司,8930,健身休闲,0.8736,0.95,否,,1,1,健身房健身活动,,健身房,1.0,1.0,0.85,0.1111
四川森途户外运动有限公司,8919,体育管理,0.2125,0.85,否,,1,0,,体验式拓展活动及策划,,0.0,0.0,0.85,0.0
高乐际（成都）体育文化发展有限公司,9052,体育赛事,0.6611,0.9,是,纯跨界（行业代码非体育，文本有体育业务）,1,1,体育竞赛组织,,体育竞赛,1.0,1.0,0.0,0.1111
成都东超格斗体育文化传播有限公司,8930,健身休闲,0.2125,0.85,否,,1,0,,体育活动,,0.0,0.0,0.85,0.0
成都陶然体育场馆管理有限公司,5242,体育用品,0.8736,0.95,否,,1,1,体育用品零售,,体育用品零售,1.0,1.0,0.85,0.1111
成都速涛体育文化传播有限公司,9052,体育用品,0.6722,0.9,是,纯跨界（行业代码非体育，文本有体育业务）,1,1,体育用品服装赛事组织,,体育用品; 赛事组织,1.0,1.0,0.0,0.2222
成都青之洋体育文化传播有限公司,8930,健身休闲,0.2125,0.85,否,,1,0,,健身休闲活动,,0.0,0.0,0.85,0.0
成都兴诚澳力健身有限公司,8930,健身休闲,0.2125,0.85,否,,1,0,,健身休闲活动,,0.0,0.0,0.85,0.0
成都海布斯卡健身服务有限公司,8930,健身休闲,0.2125,0.85,否,,1,0,,健身休闲,,0.0,0.0,0.85,0.0
成都市青白江区昱博源商贸部,5242,体育用品,0.8736,0.95,否,,1,1,体育用品零售,,体育用品零售,1.0,1.0,0.85,0.1111
成都千泽体育文化传播有限公司,8911,体育赛事,0.8736,0.95,否,,1,1,体育竞赛组织,,体育竞赛,1.0,1.0,0.85,0.1111
四川省道元体育文化有限公司,8911,体育赛事,0.8736,0.95,否,,1,1,体育竞赛活动,,体育竞赛,1.0,1.0,0.85,0.1111
四川云致燚商贸有限公司,5242,体育用品,0.8736,0.95,否,,1,1,零售体育用品,,体育用品,1.0,1.0,0.85,0.1111
成都青之洋商贸有限公司,8921,体育场馆,0.8736,0.95,否,,1,1,体育场馆服务,,体育场馆,1.0,1.0,0.85,0.1111
成都思博尔特体育文化传播有限公司,5242,体育用品,0.8736,0.95,否,,1,1,体育用品及器材零售,,体育用品,1.0,1.0,0.85,0.1111
成都威欧体育运动有限公司,8911,体育赛事,0.8736,0.95,否,,1,1,体育竞赛组织,,体育竞赛,1.0,1.0,0.85,0.1111
四川星跃云力体育场馆管理有限责任公司,8930,健身休闲,0.8736,0.95,否,,1,1,健身服务,,健身服务,1.0,1.0,0.85,0.1111
成都青铜健身服务有限公司,8930,健身休闲,0.8736,0.95,否,,1,1,健身服务,,健身服务,1.0,1.0,0.85,0.1111
成都德行天下户外运动有限公司,7246,健身休闲,0.6611,0.9,是,纯跨界（行业代码非体育，文本有体育业务）,1,1,户外运动咨询服务,,户外运动,1.0,1.0,0.0,0.1111
成都嘉皇贸易有限公司,8921,健身休闲,0.8736,0.95,否,,1,1,游泳池管理服务,,游泳池,1.0,1.0,0.85,0.1111
成都万友引力户外运动有限公司,8930,健身休闲,0.8736,0.95,否,,1,1,户外拓展,,户外拓展,1.0,1.0,0.85,0.1111
四川优仕博科技有限公司,5142,体育用品,0.8736,0.95,否,,1,1,体育用品及器材批发,,体育用品,1.0,1.0,0.85,0.1111
成都古菲特健身服务有限公司,8930,健身休闲,0.8736,0.95,否,,1,1,健身服务,,健身服务,1.0,1.0,0.85,0.1111
成都优练加健身服务有限责任公司,8930,健身休闲,0.8736,0.95,否,,1,1,室内健身服务,,健身服务,1.0,1.0,0.85,0.1111
成都青白江耀篮体育俱乐部有限公司,8392,体育培训,0.8736,0.95,否,,1,1,篮球培训,,篮球培训,1.0,1.0,0.85,0.1111
成都逸尔健身服务有限责任公司,8930,健身休闲,0.8736,0.95,否,,1,1,健身服务,,健身服务,1.0,1.0,0.85,0.1111
成都英树健身服务有限责任公司,8930,健身休闲,0.8736,0.95,否,,1,1,健身服务,,健身服务,1.0,1.0,0.85,0.1111
四川钟震平跆拳道有限公司,8392,体育培训,0.8736,0.95,否,,1,1,跆拳道培训,,跆拳道培训,1.0,1.0,0.85,0.1111
成都澳森体育文化传播有限责任公司,8930,健身休闲,0.8736,0.95,否,,1,1,健身服务,,健身服务,1.0,1.0,0.85,0.1111
四川伯乐思体育运动发展有限责任公司,8911,体育管理,0.2125,0.85,否,,1,0,,体育项目服务,,0.0,0.0,0.85,0.0
四川中奥飞悦体育发展有限责任公司,9052,体育管理,0.6611,0.9,是,纯跨界（行业代码非体育，文本有体育业务）,1,1,体育服务,,体育服务,1.0,1.0,0.0,0.1111
成都酷野体育文化传播有限责任公司,8392,体育培训,0.8736,0.95,否,,1,1,体育培训,,体育培训,1.0,1.0,0.85,0.1111
成都坎普腾户外拓展有限公司,8930,健身休闲,0.2125,0.85,否,,1,0,,拓展活动策划,,0.0,0.0,0.85,0.0
成都市青白江区吉姆沃德体育有限责任公司,8930,健身休闲,0.8736,0.95,否,,1,1,健身服务,,健身服务,1.0,1.0,0.85,0.1111
四川铭昇轩贸易有限公司,5242,体育用品,0.2125,0.85,否,,1,0,,零售户外用品,,0.0,0.0,0.85,0.0
成都青江小子体育文化传播有限公司,9052,体育赛事,0.6611,0.9,是,纯跨界（行业代码非体育，文本有体育业务）,1,1,组织体育表演活动,,体育表演,1.0,1.0,0.0,0.1111
四川哈卡体育管理有限公司,8392,体育培训,0.8736,0.95,否,,1,1,体育培训,,体育培训,1.0,1.0,0.85,0.1111
成都少年志户外拓展有限公司,8930,健身休闲,0.2125,0.85,否,,1,0,,户外活动服务,,0.0,0.0,0.85,0.0
四川腾辉农业开发有限公司,8930,健身休闲,0.2125,0.85,否,,1,0,,健身及休闲活动服务,,0.0,0.0,0.85,0.0
成都久久创艺装饰有限公司,8930,健身休闲,0.2125,0.85,否,,1,0,,室内休闲健身场所服务,,0.0,0.0,0.85,0.0
四川天骁马术运动俱乐部有限公司,8930,健身休闲,0.8736,0.95,否,,1,1,马术运动,,马术,1.0,1.0,0.85,0.1111
成都成羽体育用品有限公司,2441,体育用品,0.2125,0.85,否,,1,0,,羽毛制品加工,,0.0,0.0,0.85,0.0
成都享哆瘦健身服务有限公司,8930,健身休闲,0.2125,0.85,否,,1,0,,健身休活动,,0.0,0.0,0.85,0.0
成都九安瑞鑫建材有限公司,8930,健身休闲,0.8736,0.95,否,,1,1,健身服务,,健身服务,1.0,1.0,0.85,0.1111
成都肯格王体育器材有限公司,2442,体育用品,0.8736,0.95,否,,1,1,运动器材及配件制造,,运动器材,1.0,1.0,0.85,0.1111
四川美丽疆山户外装备有限公司,5142,体育用品,0.8736,0.95,否,,1,1,体育用品及器材批发,,体育用品,1.0,1.0,0.85,0.1111
金宏达特种装备器材有限公司,5142,体育用品,0.2125,0.85,否,,1,0,,户外用品批发,,0.0,0.0,0.85,0.0
四川起奥体育用品有限公司,5142,体育用品,0.8736,0.95,否,,1,1,体育用品批发,,体育用品批发,1.0,1.0,0.85,0.1111
成都蜀泓卓飞体育发展有限公司,5142,体育用品,0.8736,0.95,否,,1,1,体育用品批发,,体育用品批发,1.0,1.0,0.85,0.1111
成都伟诚鑫文体用品有限公司,5142,体育用品,0.8736,0.95,否,,1,1,体育用品批发,,体育用品批发,1.0,1.0,0.85,0.1111
成都众联鑫盛科技有限公司,5142,体育用品,0.2125,0.85,否,,1,0,,户外用品批发,,0.0,0.0,0.85,0.0
成都破风户外运动有限公司,5142,体育用品,0.8736,0.95,否,,1,1,体育用品批发,,体育用品批发,1.0,1.0,0.85,0.1111
成都蜀达体育设施工程有限公司,5142,体育场馆,0.8736,0.95,否,,1,1,体育设施用品批发,,体育设施,1.0,1.0,0.85,0.1111
成都市青白江区旋风精英跆拳道俱乐部,8392,体育培训,0.8736,0.95,否,,1,1,跆拳道培训,,跆拳道培训,1.0,1.0,0.85,0.1111
成都市传承者文化传播有限公司,8930,健身休闲,0.8736,0.95,否,,1,1,健身服务,,健身服务,1.0,1.0,0.85,0.1111
四川省美泰搏击俱乐部有限责任公司,8392,体育培训,0.2125,0.85,否,,1,0,,泰拳培训,,0.0,0.0,0.85,0.0
成都肆零加体育文化发展有限公司,9052,体育赛事,0.6611,0.9,是,纯跨界（行业代码非体育，文本有体育业务）,1,1,体育赛事策划,,赛事策划,1.0,1.0,0.0,0.1111
成都领跑少年文化发展有限公司,8921,体育场馆,0.8736,0.95,否,,1,1,体育场地设施经营,,体育场地设施,1.0,1.0,0.85,0.1111
成都名泉体育发展有限公司,9052,体育赛事,0.6611,0.9,是,纯跨界（行业代码非体育，文本有体育业务）,1,1,体育赛事策划,,赛事策划,1.0,1.0,0.0,0.1111
成都杰丹贸易有限公司,5242,体育用品,0.8736,0.95,否,,1,1,文化体育用品及器材,,体育用品,1.0,1.0,0.85,0.1111
成都俊扬体育文化发展有限公司,8992,健身休闲,0.6611,0.9,是,纯跨界（行业代码非体育，文本有体育业务）,1,1,台球活动,,台球,1.0,1.0,0.0,0.1111
成都市嘿嘿户外用品有限公司,5242,体育用品,0.2125,0.85,否,,1,0,,户外用品零售,,0.0,0.0,0.85,0.0
成都咭噜娱乐有限公司,8912,体育管理,0.2125,0.85,否,,1,0,,游艺娱乐活动,,0.0,0.0,0.85,0.0
成都青林蒙体育管理有限公司,8921,体育场馆,0.8736,0.95,否,,1,1,体育场管理服务,,体育场,1.0,1.0,0.85,0.1111
四川元气少年武术文化传播有限公司,9052,体育赛事,0.6611,0.9,是,纯跨界（行业代码非体育，文本有体育业务）,1,1,体育表演活动,,体育表演,1.0,1.0,0.0,0.1111
四川江盈体育文化发展有限公司,8911,体育赛事,0.8736,0.95,否,,1,1,体育赛事策划,,赛事策划,1.0,1.0,0.85,0.1111
成都也天体育文化发展有限公司,9052,体育赛事,0.6611,0.9,是,纯跨界（行业代码非体育，文本有体育业务）,1,1,体育赛事策划,,赛事策划,1.0,1.0,0.0,0.1111
成都大峰健身服务有限公司,8930,健身休闲,0.8736,0.95,否,,1,1,健身服务,,健身服务,1.0,1.0,0.85,0.1111
成都恒烽体育文化传播有限公司,8930,健身休闲,0.8736,0.95,否,,1,1,游泳服务,,游泳,1.0,1.0,0.85,0.1111
成都市新都区弈乐俱乐部有限公司,8930,健身休闲,0.2125,0.85,否,,1,0,,棋牌娱乐服务,,0.0,0.0,0.85,0.0
成都天空之城钛镁体育有限公司,8930,健身休闲,0.8736,0.95,否,,1,1,健身服务,,健身服务,1.0,1.0,0.85,0.1111
成都镁极星体育文化传播有限公司,8921,体育场馆,0.8736,0.95,否,,1,1,体育场馆服务,,体育场馆,1.0,1.0,0.85,0.1111
四川奥华体育设施工程有限公司,4892,体育场馆,0.8736,0.95,否,,1,1,体育场地施工工程施工,,体育场地,1.0,1.0,0.85,0.1111
成都拂茶里茶楼有限责任公司,8930,健身休闲,0.2125,0.85,否,,1,0,,棋牌室服务,,0.0,0.0,0.85,0.0
成都茁跃体育科技有限公司,8392,体育培训,0.2125,0.85,否,,1,0,,体育类培训服务,,0.0,0.0,0.85,0.0
成都功爵智博体育文化发展有限公司,9052,体育赛事,0.6611,0.9,是,纯跨界（行业代码非体育，文本有体育业务）,1,1,体育赛事策划,,赛事策划,1.0,1.0,0.0,0.1111
成都博格健身服务有限公司,8930,健身休闲,0.2125,0.85,否,,1,0,,健身休闲活动,,0.0,0.0,0.85,0.0
成都育树健身服务有限公司,8392,体育培训,0.8736,0.95,否,,1,1,跆拳道培训,,跆拳道培训,1.0,1.0,0.85,0.1111
四川苏朴文化旅游有限公司,5142,体育用品,0.2125,0.85,否,,1,0,,户外用品批发,,0.0,0.0,0.85,0.0
成都美佳户外用品有限公司,5242,体育用品,0.2125,0.85,否,,1,0,,户外用品零售,,0.0,0.0,0.85,0.0
成都嘉旗健身服务有限公司,8930,健身休闲,0.8736,0.95,否,,1,1,健身服务,,健身服务,1.0,1.0,0.85,0.1111
成都圣采喜爱之光健身服务有限公司,8930,健身休闲,0.2125,0.85,否,,1,0,,健身休闲活动,,0.0,0.0,0.85,0.0
四川恒胜博众体育文化发展有限公司,8911,体育赛事,0.8736,0.95,否,,1,1,体育竞赛组织托管服务,,体育竞赛,1.0,1.0,0.85,0.1111
成都闲庭台球馆,8930,健身休闲,0.2125,0.85,否,,1,0,,休闲台球馆,,0.0,0.0,0.85,0.0
成都巅峰户外用品有限公司,5142,体育用品,0.8736,0.95,否,,1,1,批发体育用品,,体育用品,1.0,1.0,0.85,0.1111
成都元侯贸易有限公司,5142,体育用品,0.8736,0.95,否,,1,1,体育用品和器材批发,,体育用品,1.0,1.0,0.85,0.1111
成都市刘扇门搏击俱乐部有限公司,8930,健身休闲,0.2125,0.85,否,,1,0,,健身休闲活动服务,,0.0,0.0,0.85,0.0
成都竞凯体育文化传播有限公司,8911,体育赛事,0.8736,0.95,否,,1,1,体育竞赛组织,,体育竞赛,1.0,1.0,0.85,0.1111
成都市深蓝领跑健身服务有限公司,8930,健身休闲,0.8736,0.95,否,,1,1,健身服务,,健身服务,1.0,1.0,0.85,0.1111
成都东来悦动健身服务有限公司,8930,健身休闲,0.2125,0.85,否,,1,0,,健身休闲活动,,0.0,0.0,0.85,0.0
成都夏静健身服务有限公司,8930,健身休闲,0.2125,0.85,否,,1,0,,健身休闲活动服务,,0.0,0.0,0.85,0.0
成都观南普拉提瑜伽健身有限公司,8930,健身休闲,0.2125,0.85,否,,1,0,,健身休闲活动,,0.0,0.0,0.85,0.0
成都新都区少儿体能虎健身有限公司,8930,健身休闲,0.2125,0.85,否,,1,0,,健身休闲活动,,0.0,0.0,0.85,0.0
成都市弈小乐围棋俱乐部有限公司,8392,体育培训,0.2125,0.85,否,,1,0,,围棋教学,,0.0,0.0,0.85,0.0
成都昆兽体育文化推广有限公司,8930,健身休闲,0.2125,0.85,否,,1,0,,健身活动,,0.0,0.0,0.85,0.0
成都市无题实景娱乐馆,8912,体育管理,0.2125,0.85,否,,1,0,,游艺娱乐活动,,0.0,0.0,0.85,0.0
成都威玖如弘健身服务有限公司,8930,健身休闲,0.8736,0.95,否,,1,1,健身服务,,健身服务,1.0,1.0,0.85,0.1111
成都知行合一体育文化传播有限公司,8392,体育培训,0.8736,0.95,否,,1,1,体育培训,,体育培训,1.0,1.0,0.85,0.1111
成都杭伊柯森餐饮管理有限公司,8930,健身休闲,0.2125,0.85,否,,1,0,,健身休闲服务,,0.0,0.0,0.85,0.0
成都汉光健美体育器材有限公司,5142,体育用品,0.8736,0.95,否,,1,1,体育器材批发,,体育器材,1.0,1.0,0.85,0.1111
四川美虞渔具有限公司,5242,体育用品,0.8736,0.95,否,,1,1,渔具零售,,渔具,1.0,1.0,0.85,0.1111
成都市熙门户外运动有限公司,8919,健身休闲,0.8736,0.95,否,,1,1,组织户外运动,,户外运动,1.0,1.0,0.85,0.1111
成都心远户外运动有限公司,8919,健身休闲,0.8736,0.95,否,,1,1,户外运动组织策划,,户外运动,1.0,1.0,0.85,0.1111
成都江辰体育文化传播有限公司,5142,体育用品,0.8736,0.95,否,,1,1,批发体育用品,,体育用品,1.0,1.0,0.85,0.1111
成都盛跃海体育场馆管理有限公司,5242,体育场馆,0.8736,0.95,否,,1,1,体育场地设施零售,,体育场地设施,1.0,1.0,0.85,0.1111
成都优越户外运动有限公司,5242,健身休闲,0.8736,0.95,否,,1,1,零售户外运动用品,,户外运动,1.0,1.0,0.85,0.1111
四川育健体育用品有限公司,5242,体育用品,0.8736,0.95,否,,1,1,体育用品零售,,体育用品零售,1.0,1.0,0.85,0.1111
街心浪旅成都市体育文化发展有限责任公司,8930,健身休闲,0.2125,0.85,否,,1,0,,滑板娱乐服务,,0.0,0.0,0.85,0.0
四川浩广天体育设施工程有限公司,4892,体育场馆,0.8736,0.95,否,,1,1,体育场地工程施工,,体育场地,1.0,1.0,0.85,0.1111
成都星悦盛汇健身服务有限公司,8930,健身休闲,0.8736,0.95,否,,1,1,健身服务,,健身服务,1.0,1.0,0.85,0.1111
成都市巨浪格斗健身服务有限公司,8930,健身休闲,0.8736,0.95,否,,1,1,健身服务,,健身服务,1.0,1.0,0.85,0.1111
成都星利锐体育文化有限公司,8930,健身休闲,0.8736,0.95,否,,1,1,健身服务,,健身服务,1.0,1.0,0.85,0.1111
成都征武搏击俱乐部有限公司,8911,体育赛事,0.8736,0.95,否,,1,1,体育竞赛组织,,体育竞赛,1.0,1.0,0.85,0.1111
成都意点瑜伽健身有限公司,8930,健身休闲,0.8736,0.95,否,,1,1,瑜伽健身服务,,瑜伽; 健身服务,1.0,1.0,0.85,0.1111
成都新都区华武承武体育文化传播有限公司,8392,体育培训,0.8736,0.95,否,,1,1,武术培训,,武术培训,1.0,1.0,0.85,0.1111
成都锐迈体育文化传播有限公司,8930,健身休闲,0.8736,0.95,否,,1,1,健身服务,,健身服务,1.0,1.0,0.85,0.1111
成都奥特斯顿体育文化传播有限公司,8930,健身休闲,0.2125,0.85,否,,1,0,,健身休闲活动,,0.0,0.0,0.85,0.0
成都乐尔动体育文化传播有限公司,8392,体育培训,0.8736,0.95,否,,1,1,体育教育,,体育教育,1.0,1.0,0.85,0.1111
成都昊齐健康管理有限公司,8930,健身休闲,0.8736,0.95,否,,1,1,游泳健身水疗服务,,游泳,1.0,1.0,0.85,0.1111
四川博浪领航体育文化传播有限责任公司,5142,体育用品,0.2125,0.85,否,,1,0,,批发运动设施,,0.0,0.0,0.85,0.0
成都决风体育科技有限公司,9052,体育赛事,0.6611,0.9,是,纯跨界（行业代码非体育，文本有体育业务）,1,1,体育赛事策划,,赛事策划,1.0,1.0,0.0,0.1111
成都市昊瑞成体育文化发展有限公司,8919,体育管理,0.8736,0.95,否,,1,1,其他体育组织,,体育组织,1.0,1.0,0.85,0.1111
成都美兴林体育文化发展有限公司,8919,体育管理,0.8736,0.95,否,,1,1,其他体育组织,,体育组织,1.0,1.0,0.85,0.1111
成都香体诚毅体育文化发展有限公司,8919,体育赛事,0.8736,0.95,否,,1,1,体育赛事策划,,赛事策划,1.0,1.0,0.85,0.1111
四川橙狮体育科技有限公司,8921,体育场馆,0.8736,0.95,否,,1,1,体育场馆管理,,体育场馆,1.0,1.0,0.85,0.1111
成都曼巴体育俱乐部有限责任公司,8930,健身休闲,0.2125,0.85,否,,1,0,,健身休闲活动,,0.0,0.0,0.85,0.0
成都燃炼体育发展有限公司,8930,健身休闲,0.8736,0.95,否,,1,1,健身服务,,健身服务,1.0,1.0,0.85,0.1111
成都兰色未来健身服务有限公司,8930,健身休闲,0.8736,0.95,否,,1,1,健身服务,,健身服务,1.0,1.0,0.85,0.1111
成都香洲世纪酒店管理有限公司,8929,健身休闲,0.8736,0.95,否,,1,1,游泳池管理,,游泳池,1.0,1.0,0.85,0.1111
四川鑫瑞途户外文化传播有限公司,8930,健身休闲,0.8736,0.95,否,,1,1,户外徒步健身服务,,健身服务,1.0,1.0,0.85,0.1111
四川乐动优尼克体育文化发展有限公司,8911,体育管理,0.2125,0.85,否,,1,0,,体育运动训练指导服务,,0.0,0.0,0.85,0.0
四川惊跆滔博体育文化传播有限公司,8930,健身休闲,0.8736,0.95,否,,1,1,体育健身服务,,健身服务,1.0,1.0,0.85,0.1111
成都博思帕沃体育发展有限公司,8911,体育赛事,0.8736,0.95,否,,1,1,体育竞赛组织,,体育竞赛,1.0,1.0,0.85,0.1111
成都沐威娱乐馆,8930,健身休闲,0.8736,0.95,否,,1,1,台球休闲娱乐服务,,台球,1.0,1.0,0.85,0.1111
成都零度冰雪体育场馆管理有限公司,8930,体育场馆,0.8847,0.95,否,,1,1,体育场滑冰,,体育场; 滑冰,1.0,1.0,0.85,0.2222
成都炼峰体育文化传播有限公司,8930,健身休闲,0.2125,0.85,否,,1,0,,健身休闲活动,,0.0,0.0,0.85,0.0
成都市鸿之毅体育咨询有限公司,9052,体育赛事,0.6611,0.9,是,纯跨界（行业代码非体育，文本有体育业务）,1,1,体育赛事活动,,体育赛事,1.0,1.0,0.0,0.1111
成都劲秀体育健身有限责任公司,8930,健身休闲,0.8736,0.95,否,,1,1,健身服务,,健身服务,1.0,1.0,0.85,0.1111
环球嗨动体育文化发展（成都）有限公司,8912,体育管理,0.2125,0.85,否,,1,0,,体育保障组织,,0.0,0.0,0.85,0.0
成都城市喜爱之光健身服务有限公司,8930,健身休闲,0.2125,0.85,是,多元经营（体育+2条非体育业务）,2,0,,文化; 体育,,0.0,0.0,0.85,0.0
成都玖号足球俱乐部有限公司,8911,体育赛事,0.8736,0.95,否,,1,1,体育竞赛组织,,体育竞赛,1.0,1.0,0.85,0.1111
成都奕智趣文化传播有限公司,8911,体育赛事,0.8736,0.95,否,,1,1,赛事策划,,赛事策划,1.0,1.0,0.85,0.1111
四川一布天育体育文化传播有限公司,8930,健身休闲,0.8736,0.95,否,,1,1,跆拳道服务,,跆拳道,1.0,1.0,0.85,0.1111
成都中网体育俱乐部有限公司,8930,健身休闲,0.8736,0.95,否,,1,1,健身服务,,健身服务,1.0,1.0,0.85,0.1111
四川北城一号体育场馆管理有限公司,8930,健身休闲,0.8736,0.95,否,,1,1,健身服务,,健身服务,1.0,1.0,0.85,0.1111
成都豪群未来体育发展有限公司,9052,体育赛事,0.6611,0.9,是,纯跨界（行业代码非体育，文本有体育业务）,1,1,体育赛事策划,,赛事策划,1.0,1.0,0.0,0.1111
成都功夫体育用品有限公司,5242,体育用品,0.8736,0.95,否,,1,1,体育用品零售,,体育用品零售,1.0,1.0,0.85,0.1111
成都鼎力体育科技有限公司,8392,体育培训,0.8736,0.95,否,,1,1,体育培训服务,,体育培训,1.0,1.0,0.85,0.1111
成都蟋蟀板球体育俱乐部有限公司,8911,体育赛事,0.8736,0.95,否,,1,1,体育赛事组织,,体育赛事,1.0,1.0,0.85,0.1111
成都仁锋体育发展有限公司,8911,体育赛事,0.8736,0.95,否,,1,1,体育赛事策划,,赛事策划,1.0,1.0,0.85,0.1111
四川省益里体育俱乐部有限公司,8911,体育赛事,0.8736,0.95,否,,1,1,体育赛事策划,,赛事策划,1.0,1.0,0.85,0.1111
成都进兴云巅户外用品有限公司,5242,体育用品,0.8736,0.95,否,,1,1,体育用品及器材零售,,体育用品,1.0,1.0,0.85,0.1111
四川悠伽瑜伽健身有限公司,8930,健身休闲,0.2125,0.85,否,,1,0,,健身休闲,,0.0,0.0,0.85,0.0
成都乐酷冰雪体育文化发展有限公司,8921,体育场馆,0.8736,0.95,否,,1,1,体育场馆管理,,体育场馆,1.0,1.0,0.85,0.1111
成都旭辉米加时代健身管理有限公司,8930,健身休闲,0.2125,0.85,否,,1,0,,健身休闲活动,,0.0,0.0,0.85,0.0
成都旭锐腾辉体育文化推广有限公司,8921,健身休闲,0.8736,0.95,否,,1,1,游泳场馆管理,,游泳,1.0,1.0,0.85,0.1111
成都竣彩体育文化传播有限公司,8921,体育场馆,0.8736,0.95,否,,1,1,体育场馆管理,,体育场馆,1.0,1.0,0.85,0.1111
成都东骏东博体育文化发展有限公司,8921,健身休闲,0.8736,0.95,否,,1,1,游泳场馆管理,,游泳,1.0,1.0,0.85,0.1111
四川省横点线文化传播有限公司,8912,体育管理,0.2125,0.85,否,,1,0,,游艺娱乐活动营业性演出,,0.0,0.0,0.85,0.0
成都大虎鲨户外运动有限公司,8919,健身休闲,0.8736,0.95,否,,1,1,户外运动组织策划,,户外运动,1.0,1.0,0.85,0.1111
四川晨狮教育咨询有限公司,8392,体育培训,0.2125,0.85,否,,1,0,,体育类培训服务,,0.0,0.0,0.85,0.0
成都泽跃体育发展有限公司,8911,体育赛事,0.8736,0.95,否,,1,1,体育竞赛组织,,体育竞赛,1.0,1.0,0.85,0.1111
四川火牛品牌策划有限公司,8911,体育赛事,0.8847,0.95,否,,1,1,体育竞赛组织体育场地设施经营,,体育竞赛; 体育场地设施,1.0,1.0,0.85,0.2222
成都逐梦者体育文化发展有限公司,8911,体育赛事,0.8736,0.95,否,,1,1,体育赛事策划,,赛事策划,1.0,1.0,0.85,0.1111
成都爱高体育文化传播有限公司,8930,健身休闲,0.2125,0.85,否,,1,0,,健身休闲活动,,0.0,0.0,0.85,0.0
成都浪里飞渔具有限公司,5242,体育用品,0.8736,0.95,否,,1,1,渔具零售,,渔具,1.0,1.0,0.85,0.1111
四川云飞丰邦科技有限公司,8912,体育场馆,0.8736,0.95,否,,1,1,体育场地设施安装服务,,体育场地设施,1.0,1.0,0.85,0.1111
四川御泰体育发展有限公司,9052,体育赛事,0.6611,0.9,是,纯跨界（行业代码非体育，文本有体育业务）,1,1,体育赛事策划,,赛事策划,1.0,1.0,0.0,0.1111
四川沛琪体育设施有限公司,5242,体育用品,0.8736,0.95,否,,1,1,体育用品零售,,体育用品零售,1.0,1.0,0.85,0.1111
成都繁星之光体育场馆管理有限公司,8921,体育场馆,0.8736,0.95,否,,1,1,体育场管理,,体育场,1.0,1.0,0.85,0.1111
成都市益动贰号体育发展有限责任公司,8930,健身休闲,0.8736,0.95,否,,1,1,健身服务,,健身服务,1.0,1.0,0.85,0.1111
成都卫黎施市政设施有限公司,5142,体育用品,0.8736,0.95,否,,1,1,批发体育用品,,体育用品,1.0,1.0,0.85,0.1111
成都北门户外运动有限公司,8919,健身休闲,0.8736,0.95,否,,1,1,组织户外运动,,户外运动,1.0,1.0,0.85,0.1111
成都家美佳户外用品有限公司,2449,体育用品,0.2125,0.85,否,,1,0,,生产户外用品,,0.0,0.0,0.85,0.0
四川青蓉缘商贸有限公司,5142,体育用品,0.8736,0.95,否,,1,1,体育用品及器材批发,,体育用品,1.0,1.0,0.85,0.1111
成都欣动体育设施有限公司,5142,体育用品,0.8736,0.95,否,,1,1,体育用品及器材批发,,体育用品,1.0,1.0,0.85,0.1111
成都欣乐贝贝游乐设备有限公司,5142,体育用品,0.8736,0.95,否,,1,1,体育用品及器材批发,,体育用品,1.0,1.0,0.85,0.1111
成都市武博健身服务有限公司,8930,健身休闲,0.8736,0.95,否,,1,1,健身服务,,健身服务,1.0,1.0,0.85,0.1111
成都部落人户外用品有限公司,5242,体育用品,0.2125,0.85,否,,1,0,,户外用品零售,,0.0,0.0,0.85,0.0
成都亿果体育用品有限公司,5142,体育用品,0.8736,0.95,否,,1,1,体育用品批发,,体育用品批发,1.0,1.0,0.85,0.1111
成都冬湖体育场馆管理有限公司,8921,体育场馆,0.8736,0.95,否,,1,1,体育场地设施经营,,体育场地设施,1.0,1.0,0.85,0.1111
成都市梁家渔垂钓俱乐部有限公司,8911,体育赛事,0.8736,0.95,否,,1,1,体育竞赛组织,,体育竞赛,1.0,1.0,0.85,0.1111
成都瑞卡健身有限公司,8930,健身休闲,0.8736,0.95,否,,1,1,健身服务,,健身服务,1.0,1.0,0.85,0.1111
成都胜安健身俱乐部有限公司,8930,健身休闲,0.2125,0.85,否,,1,0,,健身休闲活动,,0.0,0.0,0.85,0.0
四川奥顺翔教学设备有限公司,5242,体育用品,0.8736,0.95,否,,1,1,体育用品及器材零售,,体育用品,1.0,1.0,0.85,0.1111
成都赛道体育文化发展有限公司,8919,体育赛事,0.8736,0.95,否,,1,1,体育赛事策划,,赛事策划,1.0,1.0,0.85,0.1111
四川省育童星达体育文化传播有限公司,8392,体育培训,0.8736,0.95,否,,1,1,少儿体育培训服务,,体育培训,1.0,1.0,0.85,0.1111
成都大象鸿体育发展有限公司,8930,健身休闲,0.2125,0.85,否,,1,0,,健身休闲活动,,0.0,0.0,0.85,0.0
经纬人造草成都体育设施有限公司,5142,体育用品,0.2125,0.85,否,,1,0,,体育材料批发,,0.0,0.0,0.85,0.0
成都蓉城足球俱乐部有限公司,8911,体育赛事,0.8736,0.95,否,,1,1,体育竞赛组织,,体育竞赛,1.0,1.0,0.85,0.1111
四川微风体育发展有限公司,8921,体育场馆,0.2125,0.85,否,,1,0,,建筑幕墙装饰和装修,,0.0,0.0,0.85,0.0
四川健博体育用品有限公司,5142,体育用品,0.8736,0.95,否,,1,1,体育用品及器材批发,,体育用品,1.0,1.0,0.85,0.1111
四川佳冠体育设施工程有限公司,5142,体育用品,0.8736,0.95,否,,1,1,批发体育器材产品,,体育器材,1.0,1.0,0.85,0.1111
成都赛逻体育文化传播有限公司,8392,体育培训,0.8736,0.95,否,,1,1,体校及体育培训服务,,体育培训,1.0,1.0,0.85,0.1111
成都耀客体育发展有限公司,7246,体育管理,0.6611,0.9,是,纯跨界（行业代码非体育，文本有体育业务）,1,1,体育咨询,,体育咨询,1.0,1.0,0.0,0.1111
成都巽南少年体育发展有限公司,8911,体育赛事,0.8736,0.95,否,,1,1,体育竞赛组织,,体育竞赛,1.0,1.0,0.85,0.1111
四川新跃体育场管理有限公司,8921,体育场馆,0.8736,0.95,否,,1,1,体育场地设施管理,,体育场地设施,1.0,1.0,0.85,0.1111
成都聚煋仰文化传播有限公司,5242,体育用品,0.8736,0.95,否,,1,1,体育用品及器材零售,,体育用品,1.0,1.0,0.85,0.1111
成都会良友游泳池管理有限公司,8921,健身休闲,0.8736,0.95,否,,1,1,游泳池管理,,游泳池,1.0,1.0,0.85,0.1111
成都新舟行拓展训练有限公司,8930,健身休闲,0.8736,0.95,否,,1,1,户外拓展服务,,户外拓展,1.0,1.0,0.85,0.1111
成都基地潘达玩具有限公司,5142,体育用品,0.8736,0.95,否,,1,1,体育用品,,体育用品,1.0,1.0,0.85,0.1111
四川动爵体育文化发展有限公司,8919,体育管理,0.8736,0.95,否,,1,1,体育组织,,体育组织,1.0,1.0,0.85,0.1111
四川武动拳程体育文化推广有限公司,5242,体育用品,0.8736,0.95,否,,1,1,健身器材零售,,健身器材,1.0,1.0,0.85,0.1111
成都景耀庭院户外用品有限公司,5142,体育用品,0.2125,0.85,否,,1,0,,户外用品批发,,0.0,0.0,0.85,0.0
成都康鑫户外用品有限公司,5142,体育用品,0.8736,0.95,否,,1,1,户外帐篷批发,,帐篷,1.0,1.0,0.85,0.1111
四川乐享一生户外用品有限公司,5142,体育用品,0.2125,0.85,否,,1,0,,户外用品批发,,0.0,0.0,0.85,0.0
成都时光机户外运动有限公司,8930,健身休闲,0.2125,0.85,否,,1,0,,露营活动,,0.0,0.0,0.85,0.0
成都壹村体育文化发展有限公司,8930,健身休闲,0.2125,0.85,否,,1,0,,体育运动服务,,0.0,0.0,0.85,0.0
成都维亚马术运动有限公司,8930,健身休闲,0.8736,0.95,否,,1,1,马术运动,,马术,1.0,1.0,0.85,0.1111
成都库客去野户外运动有限公司,8930,健身休闲,0.2125,0.85,否,,1,0,,健身休闲活动,,0.0,0.0,0.85,0.0
四川博奥康体育用品有限公司,5142,体育用品,0.8736,0.95,否,,1,1,健身器材批发,,健身器材,1.0,1.0,0.85,0.1111
四川天珩炫元体育发展有限责任公司,8911,体育赛事,0.8736,0.95,否,,1,1,体育竞赛组织,,体育竞赛,1.0,1.0,0.85,0.1111
成都征客诚毅体育文化发展有限公司,9052,体育赛事,0.6611,0.9,是,纯跨界（行业代码非体育，文本有体育业务）,1,1,体育赛事策划,,赛事策划,1.0,1.0,0.0,0.1111
四川万康体育文化传播有限公司,8930,健身休闲,0.2125,0.85,否,,1,0,,体育运动项目经营,,0.0,0.0,0.85,0.0
成都豪佰亿商贸有限公司,5142,体育用品,0.8736,0.95,否,,1,1,体育用品批发,,体育用品批发,1.0,1.0,0.85,0.1111
四川牧飞户外运动有限公司,8930,健身休闲,0.8736,0.95,否,,1,1,户外运动组织,,户外运动,1.0,1.0,0.85,0.1111
成都玉缘健身服务有限公司,8930,健身休闲,0.8736,0.95,否,,1,1,健身服务,,健身服务,1.0,1.0,0.85,0.1111
成都劲航健身俱乐部有限责任公司,8930,健身休闲,0.8736,0.95,否,,1,1,健身服务,,健身服务,1.0,1.0,0.85,0.1111
成都三二健身管理有限公司,8930,健身休闲,0.8736,0.95,否,,1,1,瑜伽锻炼服务,,瑜伽,1.0,1.0,0.85,0.1111
四川三联达体育设施工程有限公司,4892,体育场馆,0.8736,0.95,否,,1,1,体育场地设施工程施工,,体育场地设施,1.0,1.0,0.85,0.1111
成都骏维体育文化发展有限公司,8392,体育用品,0.8736,0.95,否,,1,1,篮球训练服务,,篮球,1.0,1.0,0.85,0.1111
四川蔚蓝优尼克体育文化发展有限公司,8392,体育培训,0.2125,0.85,否,,1,0,,体育运动训练,,0.0,0.0,0.85,0.0
厚铁成都健身服务有限责任公司,8930,健身休闲,0.2125,0.85,否,,1,0,,健身活动,,0.0,0.0,0.85,0.0
成都智选娱乐有限公司,8930,健身休闲,0.2125,0.85,否,,1,0,,健身休闲活动,,0.0,0.0,0.85,0.0
成都市合逸瑜伽健身有限责任公司,8930,健身休闲,0.2125,0.85,否,,1,0,,健身休闲活动,,0.0,0.0,0.85,0.0
成都三希体育俱乐部有限公司,5242,体育用品,0.8736,0.95,否,,1,1,体育器材零售,,体育器材,1.0,1.0,0.85,0.1111
成都你来呀体育科技有限公司,8911,体育赛事,0.8736,0.95,否,,1,1,体育赛事组织策划,,体育赛事,1.0,1.0,0.85,0.1111
成都先行者户外运动有限公司,9052,体育赛事,0.6611,0.9,是,纯跨界（行业代码非体育，文本有体育业务）,1,1,组织体育表演活动,,体育表演,1.0,1.0,0.0,0.1111
四川华智国鑫文化传播有限责任公司,8911,体育赛事,0.8736,0.95,否,,1,1,体育赛事组织与策划,,体育赛事,1.0,1.0,0.85,0.1111
成都汗马体育文化发展有限公司,8392,体育培训,0.8736,0.95,否,,1,1,体育培训,,体育培训,1.0,1.0,0.85,0.1111
成都武匠体育俱乐部有限公司,8392,体育培训,0.8736,0.95,否,,1,1,武术培训服务,,武术培训,1.0,1.0,0.85,0.1111
成都武道之家文化传播有限公司,8911,体育管理,0.2125,0.85,否,,1,0,,体育项目组织服务,,0.0,0.0,0.85,0.0
成都市惠德俊龙文化传播有限公司,8930,健身休闲,0.2125,0.85,否,,1,0,,健身休闲活动,,0.0,0.0,0.85,0.0
四川韵澜文化传媒有限公司,8930,健身休闲,0.2125,0.85,否,,1,0,,健身休闲活动,,0.0,0.0,0.85,0.0
四川精武龙体育发展有限公司,8930,健身休闲,0.2125,0.85,否,,1,0,,健身休闲活动,,0.0,0.0,0.85,0.0
成都活力青柠健身服务有限责任公司,8930,健身休闲,0.2125,0.85,否,,1,0,,办理健身卡,,0.0,0.0,0.85,0.0
四川广和体育文化传播有限公司,8392,体育培训,0.8736,0.95,否,,1,1,武术培训,,武术培训,1.0,1.0,0.85,0.1111
四川世东体育文化发展有限公司,8919,体育管理,0.8736,0.95,否,,1,1,其他体育组织,,体育组织,1.0,1.0,0.85,0.1111
成都美畅商贸有限公司,5242,体育用品,0.8736,0.95,否,,1,1,体育用品零售,,体育用品零售,1.0,1.0,0.85,0.1111
成都精竞体育文化传播有限公司,7246,体育管理,0.6611,0.9,是,纯跨界（行业代码非体育，文本有体育业务）,1,1,体育咨询,,体育咨询,1.0,1.0,0.0,0.1111
四川先农勇士拓展服务有限公司,8930,健身休闲,0.8736,0.95,否,,1,1,户外拓展,,户外拓展,1.0,1.0,0.85,0.1111
成都市清江湾游泳馆有限公司,8930,健身休闲,0.8736,0.95,否,,1,1,游泳服务,,游泳,1.0,1.0,0.85,0.1111
四川龙振精武健身服务有限公司,8392,健身休闲,0.8736,0.95,否,,1,1,武术教育,,武术,1.0,1.0,0.85,0.1111
四川共云网商贸有限公司,5142,体育用品,0.8736,0.95,否,,1,1,体育用品及器材批发,,体育用品,1.0,1.0,0.85,0.1111
成都市动之源体育用品有限公司,5142,体育用品,0.8736,0.95,否,,1,1,体育用品及器材批发,,体育用品,1.0,1.0,0.85,0.1111
成都乐逸悠体育文化发展有限公司,8911,体育赛事,0.8736,0.95,否,,1,1,体育竞赛组织,,体育竞赛,1.0,1.0,0.85,0.1111
成都天越户外运动有限公司,8911,体育赛事,0.8736,0.95,否,,1,1,体育竞赛组织,,体育竞赛,1.0,1.0,0.85,0.1111
四川飞滕健身器材有限公司,5242,体育用品,0.8736,0.95,否,,1,1,体育用品及器材零售,,体育用品,1.0,1.0,0.85,0.1111
成都兴城体育产业投资有限公司,8921,体育场馆,0.8736,0.95,否,,1,1,体育场馆管理,,体育场馆,1.0,1.0,0.85,0.1111
成都百达体育文化传播有限公司,8911,体育赛事,0.8736,0.95,否,,1,1,体育赛事策划服务,,赛事策划,1.0,1.0,0.85,0.1111
成都旗腾体育文化传播有限公司,8911,体育赛事,0.8736,0.95,否,,1,1,体育竞赛组织,,体育竞赛,1.0,1.0,0.85,0.1111
四川逐美体育文化传播有限公司,8919,体育管理,0.8736,0.95,否,,1,1,体育文化交流,,体育文化,1.0,1.0,0.85,0.1111
四川非标游乐设备有限公司,5242,体育用品,0.2125,0.85,否,,1,0,,游乐设备零售,,0.0,0.0,0.85,0.0
成都康培体育文化传播有限公司,8991,体育管理,0.6611,0.9,是,纯跨界（行业代码非体育，文本有体育业务）,1,1,体育文化活动推广,,体育文化,1.0,1.0,0.0,0.1111
四川蜀鑫龙体育文化传播有限公司,8911,体育赛事,0.8736,0.95,否,,1,1,体育竞赛组织,,体育竞赛,1.0,1.0,0.85,0.1111
成都刁卓教育咨询有限公司,5142,体育用品,0.8736,0.95,否,,1,1,体育用品材批发,,体育用品,1.0,1.0,0.85,0.1111
成都尖锋旱雪体育设备有限公司,2442,体育用品,0.8736,0.95,否,,1,1,体育设备生产,,体育设备,1.0,1.0,0.85,0.1111
成都球途体育文化传播有限公司,8911,体育赛事,0.8736,0.95,否,,1,1,体育赛事策划,,赛事策划,1.0,1.0,0.85,0.1111
成都飞玥体育文化传播有限公司,5142,体育用品,0.2125,0.85,否,,1,0,,体育文化用品批发,,0.0,0.0,0.85,0.0
成都卫来星体育场馆管理有限公司,8921,体育场馆,0.8736,0.95,否,,1,1,体育场馆运营,,体育场馆,1.0,1.0,0.85,0.1111
成都鼎欣尚佳商贸有限公司,5242,体育用品,0.8736,0.95,否,,1,1,体育用品零售,,体育用品零售,1.0,1.0,0.85,0.1111
成都艾尚溜溜文化传播有限公司,8392,体育培训,0.8736,0.95,否,,1,1,体育培训,,体育培训,1.0,1.0,0.85,0.1111
成都风雨同舟户外用品有限公司,5242,体育用品,0.8736,0.95,否,,1,1,体育用品及器材零售,,体育用品,1.0,1.0,0.85,0.1111
四川鼎立鑫达户外用品有限公司,5142,体育用品,0.2125,0.85,否,,1,0,,户外用品批发,,0.0,0.0,0.85,0.0
西部风成都户外用品销售有限公司,5142,体育用品,0.8736,0.95,否,,1,1,体育用品批发,,体育用品批发,1.0,1.0,0.85,0.1111
国威体育有限公司,8919,体育管理,0.8736,0.95,否,,1,1,其他体育组织,,体育组织,1.0,1.0,0.85,0.1111
成都鑫宸瑞体育文化发展有限公司,8919,体育管理,0.8736,0.95,否,,1,1,其他体育组织,,体育组织,1.0,1.0,0.85,0.1111
成都子东贸易有限公司,5142,体育用品,0.8736,0.95,否,,1,1,体育用品批发,,体育用品批发,1.0,1.0,0.85,0.1111
成都亚典健身服务有限公司,8930,健身休闲,0.2125,0.85,否,,1,0,,健身休闲活动,,0.0,0.0,0.85,0.0
成都爱尚韵动凌雲体育俱乐部有限公司,8911,体育赛事,0.8736,0.95,否,,1,1,体育竞赛组织,,体育竞赛,1.0,1.0,0.85,0.1111
成都仕钊体育发展有限公司,8911,体育赛事,0.8736,0.95,否,,1,1,体育竞赛组织,,体育竞赛,1.0,1.0,0.85,0.1111
成都市功秋文化传播有限责任公司,9052,体育管理,0.6611,0.9,是,纯跨界（行业代码非体育，文本有体育业务）,1,1,体育服务,,体育服务,1.0,1.0,0.0,0.1111
成都翰轩围棋俱乐部有限公司,8930,健身休闲,0.2125,0.85,否,,1,0,,健身休闲活动,,0.0,0.0,0.85,0.0
四川沣讯信息技术有限公司,8919,体育管理,0.8736,0.95,否,,1,1,体育组织,,体育组织,1.0,1.0,0.85,0.1111
成都飞舞游乐设备有限公司,5142,体育用品,0.8736,0.95,否,,1,1,健身器材批发,,健身器材,1.0,1.0,0.85,0.1111
成都冲刺体育文化传播有限公司,8911,体育赛事,0.8736,0.95,否,,1,1,体育赛事组织与策划,,体育赛事,1.0,1.0,0.85,0.1111
四川辰龙时代体育文化传播有限公司,8911,体育赛事,0.8736,0.95,否,,1,1,体育竞赛组织,,体育竞赛,1.0,1.0,0.85,0.1111
四川弘一武体育发展有限公司,8930,健身休闲,0.2125,0.85,否,,1,0,,健身休闲活动,,0.0,0.0,0.85,0.0
成都康杰发体育文化发展有限公司,8919,体育管理,0.8736,0.95,否,,1,1,其他体育组织,,体育组织,1.0,1.0,0.85,0.1111
四川国香优品商贸有限公司,5142,体育用品,0.8736,0.95,否,,1,1,体育用品及器材批发,,体育用品,1.0,1.0,0.85,0.1111
成都中旭文化传播有限公司,8911,体育赛事,0.8736,0.95,否,,1,1,体育竞赛组织,,体育竞赛,1.0,1.0,0.85,0.1111
成都健乐动体育文化传播有限公司,8911,体育赛事,0.8736,0.95,否,,1,1,体育竞赛组织,,体育竞赛,1.0,1.0,0.85,0.1111
成都星瑞佳商贸有限公司,5142,体育用品,0.8736,0.95,否,,1,1,体育器材批发,,体育器材,1.0,1.0,0.85,0.1111
成都蓉诚星汇足球俱乐部有限公司,8911,体育赛事,0.8736,0.95,否,,1,1,体育竞赛组织,,体育竞赛,1.0,1.0,0.85,0.1111
成都九段龙体育用品有限公司,5242,体育用品,0.8736,0.95,否,,1,1,体育用品零售,,体育用品零售,1.0,1.0,0.85,0.1111
成都市朗瑞盛体育设施有限公司,5142,体育用品,0.8736,0.95,否,,1,1,体育用品及器材批发,,体育用品,1.0,1.0,0.85,0.1111
四川津康体育设施工程有限公司,4892,体育场馆,0.8736,0.95,否,,1,1,体育设施施工,,体育设施,1.0,1.0,0.85,0.1111
成都奥体家体育材料有限公司,5142,体育用品,0.2125,0.85,否,,1,0,,体育材料批发,,0.0,0.0,0.85,0.0
四川辰硕科技有限公司,5142,体育用品,0.8736,0.95,否,,1,1,体育用品及器材批发,,体育用品,1.0,1.0,0.85,0.1111
四川柏胜智慧体育发展有限公司,9052,体育赛事,0.6611,0.9,是,纯跨界（行业代码非体育，文本有体育业务）,1,1,体育赛事策划,,赛事策划,1.0,1.0,0.0,0.1111
成都盛弘翔商贸有限公司,5242,体育用品,0.8736,0.95,否,,1,1,体育用品及器材零售,,体育用品,1.0,1.0,0.85,0.1111
成都盛强马业有限公司成都四,8911,体育赛事,0.8736,0.95,否,,1,1,赛事组织,,赛事组织,1.0,1.0,0.85,0.1111
成都知行合一普拉提瑜伽健身有限公司,8930,健身休闲,0.8736,0.95,否,,1,1,瑜伽服务,,瑜伽,1.0,1.0,0.85,0.1111
成都鼎红利茶楼有限公司,8930,健身休闲,0.2125,0.85,否,,1,0,,棋牌服务,,0.0,0.0,0.85,0.0
成都温江龙氏烈霖体育文化传播有限公司,8999,体育赛事,0.6611,0.9,是,纯跨界（行业代码非体育，文本有体育业务）,1,1,体育表演活动,,体育表演,1.0,1.0,0.0,0.1111
四川岚图晟世体育场馆管理有限公司,8921,体育场馆,0.8736,0.95,否,,1,1,体育场馆运营,,体育场馆,1.0,1.0,0.85,0.1111
成都市温江区易丹钢琴艺术培训学校有限公司,8392,体育培训,0.8736,0.95,否,,1,1,体校及体育培训,,体育培训,1.0,1.0,0.85,0.1111
成都领上体育发展有限公司,8929,体育场馆,0.2125,0.85,否,,1,0,,广告发布,,0.0,0.0,0.85,0.0
成都志无止境健身管理有限公司,8930,健身休闲,0.8736,0.95,否,,1,1,健身服务,,健身服务,1.0,1.0,0.85,0.1111
乐享悦动（成都）健身有限公司,8930,体育场馆,0.8736,0.95,否,,1,1,体育场地设施经营,,体育场地设施,1.0,1.0,0.85,0.1111
四川仁与义健身管理,8930,健身休闲,0.8736,0.95,否,,1,1,运动健身,,运动健身,1.0,1.0,0.85,0.1111
四川不具体搏击俱乐部有限公司,8930,健身休闲,0.8736,0.95,否,,1,1,搏击健身服务,,健身服务,1.0,1.0,0.85,0.1111
成都雄泰体育文化传播有限公司,8392,体育培训,0.2125,0.85,否,,1,0,,格斗培训,,0.0,0.0,0.85,0.0
成都市和童加美体育用品有限公司,5142,体育用品,0.8736,0.95,否,,1,1,体育用品及器材批发,,体育用品,1.0,1.0,0.85,0.1111
成都随时来练健身管理有限公司,8930,健身休闲,0.8736,0.95,否,,1,1,健身服务,,健身服务,1.0,1.0,0.85,0.1111
成都市温江区阿柯姆体育文化发展有限责任公司,8392,体育培训,0.8736,0.95,否,,1,1,体育培训,,体育培训,1.0,1.0,0.85,0.1111
四川比鸿企业管理有限公司,8930,健身休闲,0.2125,0.85,否,,1,0,,健身休闲活动,,0.0,0.0,0.85,0.0
成都市桎梏体育发展有限责任公司,8999,体育培训,0.6611,0.9,是,纯跨界（行业代码非体育，文本有体育业务）,1,1,体育培训,,体育培训,1.0,1.0,0.0,0.1111
成都海之蓝体育文化传播有限公司,8911,体育赛事,0.8736,0.95,否,,1,1,体育赛事组织,,体育赛事,1.0,1.0,0.85,0.1111
远明鑫成都商贸有限公司,5142,健身休闲,0.8736,0.95,否,,1,1,文化艺术体育休闲用品批发,,体育休闲,1.0,1.0,0.85,0.1111
四川五彩石建筑工程有限公司,4892,体育场馆,0.8736,0.95,否,,1,1,体育场地设施施工,,体育场地设施,1.0,1.0,0.85,0.1111
成都未来感健身服务有限公司,8930,健身休闲,0.2125,0.85,否,,1,0,,健身休闲娱乐服务,,0.0,0.0,0.85,0.0
成都创未来健身服务有限公司,8930,健身休闲,0.2125,0.85,否,,1,0,,健身休闲活动,,0.0,0.0,0.85,0.0
四川蜀石贸易有限公司,5242,体育用品,0.8736,0.95,否,,1,1,文化体育用品零售,,体育用品零售,1.0,1.0,0.85,0.1111
成都瑜而美体育发展有限公司,8930,健身休闲,0.2125,0.85,否,,1,0,,健身休闲活动,,0.0,0.0,0.85,0.0
成都魔方铁馆健身服务有限公司,8930,健身休闲,0.2125,0.85,否,,1,0,,健身休闲活动,,0.0,0.0,0.85,0.0
成都应麒麟健身服务有限公司,8930,健身休闲,0.2125,0.85,否,,1,0,,健身休闲服务,,0.0,0.0,0.85,0.0
跳跃狗成都体育用品有限公司,5242,体育用品,0.8736,0.95,否,,1,1,体育用品及器材零售,,体育用品,1.0,1.0,0.85,0.1111
成都心弘源搏击健身有限公司,8930,健身休闲,0.2125,0.85,否,,1,0,,健身休闲活动,,0.0,0.0,0.85,0.0
成都安益麦开科技有限公司,4892,体育场馆,0.2125,0.85,否,,1,0,,体育操场工程施工,,0.0,0.0,0.85,0.0
四川省晟优乐体育文化发展有限公司,9052,体育赛事,0.6611,0.9,是,纯跨界（行业代码非体育，文本有体育业务）,1,1,体育表演策划服务,,体育表演,1.0,1.0,0.0,0.1111
成都健合祥健身服务有限公司,8930,健身休闲,0.2125,0.85,否,,1,0,,体育健康服务,,0.0,0.0,0.85,0.0
四川家佳乐户外拓展有限公司,9052,健身休闲,0.6611,0.9,是,纯跨界（行业代码非体育，文本有体育业务）,1,1,户外拓展培训服务,,户外拓展,1.0,1.0,0.0,0.1111
成都温江青少年弈乐围棋俱乐部有限公司,8392,体育培训,0.2125,0.85,否,,1,0,,围棋指导服务,,0.0,0.0,0.85,0.0
成都西绪弗斯健康管理有限公司,8930,健身休闲,0.2125,0.85,否,,1,0,,健身休闲活动,,0.0,0.0,0.85,0.0
成都直横纵合体育文化传播有限公司,8392,体育用品,0.8736,0.95,否,,1,1,乒乓球训练,,乒乓球,1.0,1.0,0.85,0.1111
成都途源茂体育用品有限公司,5242,体育用品,0.8736,0.95,否,,1,1,体育用品零售,,体育用品零售,1.0,1.0,0.85,0.1111
四川省陆翔拓展训练有限公司,8911,体育管理,0.2125,0.85,否,,1,0,,体能拓展服务,,0.0,0.0,0.85,0.0
四川省宏武拓展训练有限公司,8930,健身休闲,0.2125,0.85,否,,1,0,,拓展培训服务,,0.0,0.0,0.85,0.0
成都欣绽放体育文化传播有限公司,8930,健身休闲,0.2125,0.85,否,,1,0,,健身休闲活动,,0.0,0.0,0.85,0.0
成都迈宝瑞健身服务有限公司,8930,健身休闲,0.8736,0.95,否,,1,1,提供健身服务,,健身服务,1.0,1.0,0.85,0.1111
成都众恒智网体育文化传播有限公司,8392,体育培训,0.8736,0.95,否,,1,1,体校及体育培训,,体育培训,1.0,1.0,0.85,0.1111
成都幸福好运普拉提瑜伽健身有限公司,8930,健身休闲,0.8736,0.95,否,,1,1,瑜伽培训,,瑜伽,1.0,1.0,0.85,0.1111
成都南拓体育文化发展有限公司,8912,体育管理,0.2125,0.85,否,,1,0,,体育保障组织服务,,0.0,0.0,0.85,0.0
四川军辉拓展训练有限公司,8392,体育培训,0.2125,0.85,否,,1,0,,加起拓展培训,,0.0,0.0,0.85,0.0
成都妙柯体育文化传播有限公司,8911,体育管理,0.2125,0.85,否,,1,0,,体育项目组织服务,,0.0,0.0,0.85,0.0
成都泰祺浩业体育设施工程有限公司,4991,体育场馆,0.6611,0.9,是,纯跨界（行业代码非体育，文本有体育业务）,1,1,体育场地设施安装,,体育场地设施,1.0,1.0,0.0,0.1111
四川幼享体育文化发展有限责任公司,8392,体育培训,0.2125,0.85,否,,1,0,,幼儿园小学体质能培训服务,,0.0,0.0,0.85,0.0
成都良月健身服务有限公司,8930,健身休闲,0.8736,0.95,否,,1,1,健身服务,,健身服务,1.0,1.0,0.85,0.1111
河北焯明机械设备安装有限公司,5242,体育用品,0.8736,0.95,否,,1,1,体育用品零售,,体育用品零售,1.0,1.0,0.85,0.1111
成都清瑜健康管理有限公司,8930,健身休闲,0.2125,0.85,否,,1,0,,室内健身休闲服务,,0.0,0.0,0.85,0.0
四川蜀都邦尼健身服务有限公司,8930,健身休闲,0.8736,0.95,否,,1,1,体育健身服务,,健身服务,1.0,1.0,0.85,0.1111
四川皇爵文化娱乐有限公司,8930,健身休闲,0.2125,0.85,否,,1,0,,健身休闲服务,,0.0,0.0,0.85,0.0
成都拿铁美式健身服务有限公司,8930,健身休闲,0.2125,0.85,否,,1,0,,健身休闲服务,,0.0,0.0,0.85,0.0
成都伊威斯马术俱乐部有限公司,8911,体育赛事,0.8736,0.95,否,,1,1,体育竞赛组织,,体育竞赛,1.0,1.0,0.85,0.1111
成都扬武体育文化传播有限责任公司,8392,体育培训,0.2125,0.85,否,,1,0,,体育运动职业技能培训,,0.0,0.0,0.85,0.0
成都远羽飞扬体育文化传播有限公司,8392,体育培训,0.8736,0.95,否,,1,1,体育培训,,体育培训,1.0,1.0,0.85,0.1111
成都聚恒体育文化发展有限公司,8911,体育赛事,0.8736,0.95,否,,1,1,体育竞赛组织,,体育竞赛,1.0,1.0,0.85,0.1111
成都市峰豪健身服务有限公司,8930,健身休闲,0.8736,0.95,否,,1,1,健身服务,,健身服务,1.0,1.0,0.85,0.1111
四川翰博苑文化传播有限公司,8930,健身休闲,0.8736,0.95,否,,1,1,少儿健身服务,,健身服务,1.0,1.0,0.85,0.1111
成都市卡灵顿体育文化发展有限公司,8392,体育培训,0.8736,0.95,否,,1,1,青少年足球培训,,足球培训,1.0,1.0,0.85,0.1111
成都泳之星体育文化传播有限公司,9052,体育赛事,0.6611,0.9,是,纯跨界（行业代码非体育，文本有体育业务）,1,1,体育表演服务,,体育表演,1.0,1.0,0.0,0.1111
成都扬扬得意体育文化发展有限公司,8930,健身休闲,0.2125,0.85,否,,1,0,,健身休闲活动,,0.0,0.0,0.85,0.0
成都初伽瑜伽健身有限公司,8930,健身休闲,0.2125,0.85,否,,1,0,,室内健身运动,,0.0,0.0,0.85,0.0
四川润诚体育设施有限公司,5142,体育用品,0.8736,0.95,否,,1,1,体育用品及器材批发,,体育用品,1.0,1.0,0.85,0.1111
四川穹鹰科技有限公司,5142,体育用品,0.8736,0.95,否,,1,1,体育器材批发,,体育器材,1.0,1.0,0.85,0.1111
成都碳二健身服务有限公司,8930,健身休闲,0.2125,0.85,否,,1,0,,健身休闲活动,,0.0,0.0,0.85,0.0
四川明瑞达体育场馆管理有限公司,8921,体育场馆,0.8736,0.95,否,,1,1,体育场馆管理服务,,体育场馆,1.0,1.0,0.85,0.1111
成都黑豹体育文化有限公司,8930,健身休闲,0.8736,0.95,否,,1,1,体育健身服务,,健身服务,1.0,1.0,0.85,0.1111
成都己胜者健身服务有限公司,8930,健身休闲,0.8736,0.95,否,,1,1,体育健身服务,,健身服务,1.0,1.0,0.85,0.1111
成都众人拾体育文化传播有限公司,8930,健身休闲,0.8736,0.95,否,,1,1,体育健身服务,,健身服务,1.0,1.0,0.85,0.1111
眉山零度冰雪体育运动有限公司,8921,体育场馆,0.8736,0.95,否,,1,1,体育场所管理服务,,体育场,1.0,1.0,0.85,0.1111
成都嘉乐嘉健康管理有限公司,8930,健身休闲,0.2125,0.85,否,,1,0,,健身休闲活动,,0.0,0.0,0.85,0.0
成都友瑜健康管理有限公司,8930,健身休闲,0.8736,0.95,否,,1,1,瑜伽培训服务,,瑜伽,1.0,1.0,0.85,0.1111
成都咔咔乐企业管理有限公司,8911,体育赛事,0.8736,0.95,否,,1,1,体育竞赛组织,,体育竞赛,1.0,1.0,0.85,0.1111
四川纵川体育文化传播有限公司,8911,体育赛事,0.8736,0.95,否,,1,1,体育竞赛组织,,体育竞赛,1.0,1.0,0.85,0.1111
成都芸之诗健身服务有限公司,8930,健身休闲,0.2125,0.85,否,,1,0,,健身休闲活动,,0.0,0.0,0.85,0.0
成都混动立方体育文化发展有限公司,8930,健身休闲,0.8736,0.95,否,,1,1,游泳健身服务,,游泳; 健身服务,1.0,1.0,0.85,0.1111
九州豪杰体育文化发展成都有限公司,8930,健身休闲,0.2125,0.85,否,,1,0,,健身休闲活动,,0.0,0.0,0.85,0.0
四川鑫浪威新材料科技有限公司,5142,体育用品,0.2125,0.85,否,,1,0,,运动场地用塑胶批发,,0.0,0.0,0.85,0.0
成都市瑜生有你普拉提健身服务有限公司,8930,健身休闲,0.8736,0.95,否,,1,1,健身服务,,健身服务,1.0,1.0,0.85,0.1111
成都壹众健康管理有限公司,8930,健身休闲,0.2125,0.85,否,,1,0,,健身休闲活动,,0.0,0.0,0.85,0.0
四川达为体育文化发展有限责任公司,8921,体育场馆,0.8736,0.95,否,,1,1,体育场馆管理,,体育场馆,1.0,1.0,0.85,0.1111
四川爱斯基摩健康管理有限公司,8930,健身休闲,0.8736,0.95,否,,1,1,健身房健身活动,,健身房,1.0,1.0,0.85,0.1111
四川川粤体育设施工程有限公司,5142,体育用品,0.2125,0.85,否,,1,0,,体育材料批发,,0.0,0.0,0.85,0.0
成都温江区子遇文化传媒有限公司,8930,健身休闲,0.8736,0.95,否,,1,1,舞蹈健身服务,,健身服务,1.0,1.0,0.85,0.1111
四川花兮瑜伽健身有限公司,8930,健身休闲,0.8736,0.95,否,,1,1,瑜伽健身训练,,瑜伽,1.0,1.0,0.85,0.1111
四川优冠康体体育设施有限公司,5242,体育用品,0.8736,0.95,否,,1,1,体育用品零售,,体育用品零售,1.0,1.0,0.85,0.1111
成都璀璨康博健康管理有限公司,8930,健身休闲,0.2125,0.85,否,,1,0,,健身休闲活动,,0.0,0.0,0.85,0.0
四川西地西体育文化发展有限公司,8911,体育管理,0.2125,0.85,否,,1,0,,赛事活动,,0.0,0.0,0.85,0.0
千琦营（河北）拓展训练有限公司,8911,体育管理,0.2125,0.85,否,,1,0,,团建拓展训练,,0.0,0.0,0.85,0.0
成都乔氏体育俱乐部有限公司,8930,健身休闲,0.8736,0.95,否,,1,1,台球体育娱乐服务,,台球,1.0,1.0,0.85,0.1111
四川乒点乐体育文化传播有限公司,8392,体育培训,0.8736,0.95,否,,1,1,乒乓球培训,,乒乓球培训,1.0,1.0,0.85,0.1111
成都艾特健身服务有限公司,8930,健身休闲,0.8736,0.95,否,,1,1,健身服务,,健身服务,1.0,1.0,0.85,0.1111
成都众力晶辉体育科技有限公司,8392,体育培训,0.8736,0.95,否,,1,1,中小学体育培训,,体育培训,1.0,1.0,0.85,0.1111
成都伽斯特健身服务有限公司,8930,健身休闲,0.8736,0.95,否,,1,1,健身服务,,健身服务,1.0,1.0,0.85,0.1111
四川金强体育发展有限公司,8392,体育培训,0.8736,0.95,否,,1,1,篮球培训,,篮球培训,1.0,1.0,0.85,0.1111
四川金猫健身服务有限公司,8930,健身休闲,0.2125,0.85,否,,1,0,,健身休闲活动,,0.0,0.0,0.85,0.0
成都涌动力健身服务有限公司,8930,健身休闲,0.2125,0.85,否,,1,0,,健身休闲活动,,0.0,0.0,0.85,0.0
四川龙乒体育文化传播有限公司,8392,体育培训,0.8736,0.95,否,,1,1,乒乓球培训,,乒乓球培训,1.0,1.0,0.85,0.1111
成都礼禅健康管理有限公司,8930,健身休闲,0.8736,0.95,否,,1,1,瑜伽健身服务,,瑜伽; 健身服务,1.0,1.0,0.85,0.1111
成都形动健身服务有限公司,8930,健身休闲,0.2125,0.85,否,,1,0,,健身娱乐活动,,0.0,0.0,0.85,0.0
四川怡沐健康管理有限公司,8930,健身休闲,0.8736,0.95,否,,1,1,瑜伽健身培训服务,,瑜伽,1.0,1.0,0.85,0.1111
四川川体金川体育发展有限公司,8911,体育赛事,0.8736,0.95,否,,1,1,体育竞赛组织,,体育竞赛,1.0,1.0,0.85,0.1111
成都跃悦升体育发展有限公司,8911,体育赛事,0.8736,0.95,否,,1,1,体育竞赛组织,,体育竞赛,1.0,1.0,0.85,0.1111
成都微立享健身管理有限公司,8930,健身休闲,0.2125,0.85,否,,1,0,,健身休闲活动服务,,0.0,0.0,0.85,0.0
四川白云边户外运动有限责任公司,8930,健身休闲,0.2125,0.85,否,,1,0,,团建活动方案策划,,0.0,0.0,0.85,0.0
四川川体青少年体育文化发展有限公司,8911,体育赛事,0.8736,0.95,否,,1,1,体育竞赛组织,,体育竞赛,1.0,1.0,0.85,0.1111
成都尚善合美健康管理有限公司,8992,健身休闲,0.6611,0.9,是,纯跨界（行业代码非体育，文本有体育业务）,1,1,运动康复服务,,运动康复,1.0,1.0,0.0,0.1111
成都市温江区海天宏鹰艺术培训学校有限公司,8392,体育培训,0.8736,0.95,否,,1,1,跆拳道培训服务,,跆拳道培训,1.0,1.0,0.85,0.1111
成都叶之初文化传媒有限公司,8919,体育赛事,0.8736,0.95,否,,1,1,体育赛事策划服务,,赛事策划,1.0,1.0,0.85,0.1111
四川星辰体育文化发展有限责任公司,8911,体育赛事,0.8736,0.95,否,,1,1,体育竞赛组织服务,,体育竞赛,1.0,1.0,0.85,0.1111
成都纷呈体育文化发展有限公司,8930,健身休闲,0.8736,0.95,否,,1,1,体育健身服务,,健身服务,1.0,1.0,0.85,0.1111
四川俊嘉创辉体育文化传播有限公司,8392,体育培训,0.2125,0.85,否,,1,0,,蓝球培训服务,,0.0,0.0,0.85,0.0
成都乾力健身有限公司,8930,健身休闲,0.8736,0.95,否,,1,1,健身服务,,健身服务,1.0,1.0,0.85,0.1111
成都悠乐菲特健身管理有限公司,8930,健身休闲,0.2125,0.85,否,,1,0,,健身休闲活动,,0.0,0.0,0.85,0.0
成都市朋克劲羽体育文化传播有限公司,8911,体育赛事,0.8736,0.95,否,,1,1,体育竞赛组织,,体育竞赛,1.0,1.0,0.85,0.1111
成都斯威特健身服务有限公司,8930,健身休闲,0.8736,0.95,否,,1,1,健身房健身活动,,健身房,1.0,1.0,0.85,0.1111
成都市景辰体育发展有限公司,8930,健身休闲,0.2125,0.85,否,,1,0,,格斗健身活动,,0.0,0.0,0.85,0.0
成都佳世达体育设施有限公司,5242,体育用品,0.8736,0.95,否,,1,1,体育用品零售,,体育用品零售,1.0,1.0,0.85,0.1111
成都野趣少年体育俱乐部有限公司,5242,体育用品,0.8736,0.95,否,,1,1,体育用品零售,,体育用品零售,1.0,1.0,0.85,0.1111
成都丛小体育健身有限责任公司,8930,体育培训,0.8736,0.95,否,,1,1,游泳培训,,游泳培训,1.0,1.0,0.85,0.1111
成都五色江岸体育发展有限公司,8392,体育用品,0.8736,0.95,否,,1,1,网球运动辅导,,网球,1.0,1.0,0.85,0.1111
成都乐动美刻体育场馆管理有限责任公司,8921,体育场馆,0.8736,0.95,否,,1,1,体育场地设施经营,,体育场地设施,1.0,1.0,0.85,0.1111
四川英豪搏宇体育文化传播有限公司,9052,体育赛事,0.6611,0.9,是,纯跨界（行业代码非体育，文本有体育业务）,1,1,体育赛事策划服务,,赛事策划,1.0,1.0,0.0,0.1111
成都双木健身服务有限公司,8930,健身休闲,0.8736,0.95,否,,1,1,健身房健身活动,,健身房,1.0,1.0,0.85,0.1111
四川省烈霖体育文化传播有限责任公司,8392,健身休闲,0.8847,0.95,否,,1,1,跆拳道体育培训,,跆拳道; 体育培训,1.0,1.0,0.85,0.2222
成都北辰武道文化传播有限公司,8930,健身休闲,0.2125,0.85,否,,1,0,,健身休闲活动,,0.0,0.0,0.85,0.0
成都斯瑞奇健身服务有限公司,8930,健身休闲,0.2125,0.85,否,,1,0,,健身休闲活动,,0.0,0.0,0.85,0.0
成都艾泳动体育文化传播有限公司,8911,体育赛事,0.8736,0.95,否,,1,1,组织体育赛事活动服务,,体育赛事,1.0,1.0,0.85,0.1111
成都路路熙健身管理有限责任公司,8930,健身休闲,0.2125,0.85,否,,1,0,,健身活动服务,,0.0,0.0,0.85,0.0
成都东伽梦瑜伽健身有限公司,8930,健身休闲,0.2125,0.85,否,,1,0,,健身休闲活动,,0.0,0.0,0.85,0.0
四川志和兴达建设工程有限公司,4720,体育场馆,0.6611,0.9,是,纯跨界（行业代码非体育，文本有体育业务）,1,1,体育场地建设施工服务,,体育场地,1.0,1.0,0.0,0.1111
成都星宇翼体育文化传播有限责任公司,8930,健身休闲,0.8736,0.95,否,,1,1,休闲健身服务,,健身服务,1.0,1.0,0.85,0.1111
四川创智未来数字智能装备有限公司,5242,体育用品,0.8736,0.95,否,,1,1,体育用品零售,,体育用品零售,1.0,1.0,0.85,0.1111
成都市乐硕教育咨询服务有限公司,8392,体育培训,0.8736,0.95,否,,1,1,市场化体育培训,,体育培训,1.0,1.0,0.85,0.1111
成都熠辉体育文化发展有限公司,8930,体育用品,0.8847,0.95,否,,1,1,羽毛球健身服务,,羽毛球; 健身服务,1.0,1.0,0.85,0.2222
成都聚缘峰体育发展有限公司,8912,体育管理,0.2125,0.85,否,,1,0,,体育保障组织,,0.0,0.0,0.85,0.0
四川米高和顺文化传媒有限公司,8392,体育培训,0.2125,0.85,否,,1,0,,轮滑培训服务,,0.0,0.0,0.85,0.0
成都首度健身俱乐部有限公司,8930,健身休闲,0.8736,0.95,否,,1,1,健身服务,,健身服务,1.0,1.0,0.85,0.1111
四川英驰户外活动俱乐部有限公司,9052,体育赛事,0.6611,0.9,是,纯跨界（行业代码非体育，文本有体育业务）,1,1,组织体育表演活动,,体育表演,1.0,1.0,0.0,0.1111
四川朝杰体育文化传播有限公司,8911,体育管理,0.8736,0.95,否,,1,1,体育组织服务,,体育组织,1.0,1.0,0.85,0.1111
成都颐尊休闲健身有限公司,8930,健身休闲,0.8736,0.95,否,,1,1,健身服务,,健身服务,1.0,1.0,0.85,0.1111
四川珏兰瑜伽健身有限公司,8930,健身休闲,0.2125,0.85,否,,1,0,,健身休闲活动服务,,0.0,0.0,0.85,0.0
成都伊威斯马术运动有限公司,8930,健身休闲,0.2125,0.85,否,,1,0,,健身休闲活动,,0.0,0.0,0.85,0.0
四川省锋豪永盛健身服务有限公司,8930,健身休闲,0.2125,0.85,否,,1,0,,健身休闲活动,,0.0,0.0,0.85,0.0
成都羽莎体育文化发展有限公司,8921,体育场馆,0.8736,0.95,否,,1,1,羽毛球馆租赁服务,,羽毛球馆,1.0,1.0,0.85,0.1111
成都伟宏体育设施有限公司,5242,体育用品,0.8736,0.95,否,,1,1,健身器材零售,,健身器材,1.0,1.0,0.85,0.1111
四川元气多巴胺体育文化发展有限公司,8930,健身休闲,0.8736,0.95,否,,1,1,健身服务,,健身服务,1.0,1.0,0.85,0.1111
成都泰禾力美健身管理有限公司,8930,健身休闲,0.8736,0.95,否,,1,1,健身房服务,,健身房,1.0,1.0,0.85,0.1111
成都奇迹鹏程健身服务有限公司,8930,健身休闲,0.8736,0.95,否,,1,1,健身房服务,,健身房,1.0,1.0,0.85,0.1111
爱德嘉（成都）企业管理合伙企业（有限合伙）,8392,体育培训,0.2125,0.85,否,,1,0,,街舞教学,,0.0,0.0,0.85,0.0
成都睿艺聚成体育发展有限公司,8930,健身休闲,0.2125,0.85,否,,1,0,,健身工作室,,0.0,0.0,0.85,0.0
成都悦碳健身服务有限公司,8930,健身休闲,0.8736,0.95,否,,1,1,健身房服务,,健身房,1.0,1.0,0.85,0.1111
成都德知翔健身管理有限公司,8930,健身休闲,0.8736,0.95,否,,1,1,健身房服务,,健身房,1.0,1.0,0.85,0.1111
四川上婵景文化传播有限公司,8930,健身休闲,0.8736,0.95,否,,1,1,瑜伽服务,,瑜伽,1.0,1.0,0.85,0.1111
成都柯尔曼健康管理有限公司,8930,健身休闲,0.2125,0.85,否,,1,0,,休闲健身活动,,0.0,0.0,0.85,0.0
成都市鱼耀健康管理有限公司,8930,健身休闲,0.2125,0.85,否,,1,0,,健康休闲活动,,0.0,0.0,0.85,0.0
成都唐客科技有限公司,5242,体育用品,0.2125,0.85,否,,1,0,,户外雨棚零售,,0.0,0.0,0.85,0.0
成都天天轮滑体育文化传播有限公司,8392,体育培训,0.8736,0.95,否,,1,1,体育培训,,体育培训,1.0,1.0,0.85,0.1111
成都跃成体育文化传播有限责任公司,8921,体育场馆,0.8736,0.95,否,,1,1,篮球馆管理服务,,篮球馆,1.0,1.0,0.85,0.1111
成都深蓝鼎盛品牌管理有限公司,8930,健身休闲,0.2125,0.85,否,,1,0,,健身休闲活动,,0.0,0.0,0.85,0.0
四川超玥贝贝商贸有限公司,8930,健身休闲,0.8736,0.95,否,,1,1,婴幼儿游泳服务,,游泳,1.0,1.0,0.85,0.1111
成都市温江区德西职业技能培训学校有限公司,8392,体育培训,0.2125,0.85,否,,1,0,,体育技能培训,,0.0,0.0,0.85,0.0
四川羽翔优尼克体育文化发展有限公司,8392,体育培训,0.2125,0.85,否,,1,0,,少儿体育培育,,0.0,0.0,0.85,0.0
德西健身（成都）股份有限公司,8930,健身休闲,0.8736,0.95,否,,1,1,健身房健身活动,,健身房,1.0,1.0,0.85,0.1111
成都佳芮丽体育文化传播有限公司,8392,体育用品,0.8847,0.95,否,,1,1,足球体育培训,,足球; 体育培训,1.0,1.0,0.85,0.2222
成都胤博体育发展有限公司,8930,健身休闲,0.2125,0.85,否,,1,0,,健身休闲活动,,0.0,0.0,0.85,0.0
成都坐不下健康管理有限公司,8930,健身休闲,0.8736,0.95,否,,1,1,健身房健身活动,,健身房,1.0,1.0,0.85,0.1111
成都标兵文化传播有限公司,8930,健身休闲,0.2125,0.85,否,,1,0,,健身休闲活动,,0.0,0.0,0.85,0.0
四川众冠行体育科技有限责任公司,8912,体育管理,0.2125,0.85,否,,1,0,,体育发展管理服务,,0.0,0.0,0.85,0.0
成都春吉秋盛体育文化传播有限公司,8392,体育培训,0.8736,0.95,否,,1,1,少儿体育培训,,体育培训,1.0,1.0,0.85,0.1111
成都力度体育场馆服务有限公司,8921,健身休闲,0.8736,0.95,否,,1,1,游泳池管理,,游泳池,1.0,1.0,0.85,0.1111
成都陆号体育场馆管理有限公司,8921,体育场馆,0.8736,0.95,否,,1,1,体育场馆管理,,体育场馆,1.0,1.0,0.85,0.1111
成都鑫飞扬体育文化传播有限公司,8921,体育场馆,0.8736,0.95,否,,1,1,游泳馆服务,,游泳馆,1.0,1.0,0.85,0.1111
成都梦美健身服务有限公司,8930,健身休闲,0.8736,0.95,否,,1,1,健身房健身活动,,健身房,1.0,1.0,0.85,0.1111
成都温江区杆法印象体育场馆管理合伙企业（有限合伙）,8930,健身休闲,0.8736,0.95,否,,1,1,室内台球娱乐,,台球,1.0,1.0,0.85,0.1111
成都康德爱力蒙体育文化有限公司,8392,体育培训,0.8736,0.95,否,,1,1,少儿体育培训,,体育培训,1.0,1.0,0.85,0.1111
成都昆仑院文化发展集团有限公司,8392,体育培训,0.8736,0.95,否,,1,1,其他各类体育培训,,体育培训,1.0,1.0,0.85,0.1111
四川趣骑商贸有限责任公司,5142,体育用品,0.8736,0.95,否,,1,1,体育用品批发,,体育用品批发,1.0,1.0,0.85,0.1111
成都四季普拉提瑜伽健身有限公司,8930,健身休闲,0.2125,0.85,否,,1,0,,健身休闲活动,,0.0,0.0,0.85,0.0
四川正心耀武体育文化传播有限公司,8392,体育培训,0.8736,0.95,否,,1,1,体育培训,,体育培训,1.0,1.0,0.85,0.1111
成都三维私教健身有限公司,8930,健身休闲,0.8736,0.95,否,,1,1,健身服务,,健身服务,1.0,1.0,0.85,0.1111
成都每毅健身服务有限公司,8930,健身休闲,0.8736,0.95,否,,1,1,室内健身服务,,健身服务,1.0,1.0,0.85,0.1111
成都市金扬武文化传媒有限公司,8930,健身休闲,0.8736,0.95,否,,1,1,健身服务,,健身服务,1.0,1.0,0.85,0.1111
四川箭羽箭寻体育发展有限公司,8930,健身休闲,0.8736,0.95,否,,1,1,体育射箭休闲活动组织,,射箭,1.0,1.0,0.85,0.1111
成都彩色星球体育文化有限公司,5242,体育用品,0.8736,0.95,否,,1,1,体育用品及器材零售,,体育用品,1.0,1.0,0.85,0.1111
成都志诚运体育文化传播有限公司,8930,健身休闲,0.2125,0.85,否,,1,0,,健身休闲活动,,0.0,0.0,0.85,0.0
四川爱斯吉姆健康管理有限责任公司,8930,健身休闲,0.2125,0.85,否,,1,0,,健身休闲活动服务,,0.0,0.0,0.85,0.0
成都安林志程体育文化发展有限公司,8921,体育场馆,0.8736,0.95,否,,1,1,体育场馆管理服务,,体育场馆,1.0,1.0,0.85,0.1111
成都众诚华亿体育器材有限公司,5142,体育用品,0.8736,0.95,否,,1,1,体育器材批发,,体育器材,1.0,1.0,0.85,0.1111
成都曙辉体育文化发展有限责任公司,8392,体育培训,0.2125,0.85,否,,1,0,,速滑培训,,0.0,0.0,0.85,0.0
成都海乐旭恒健身服务有限公司,8930,健身休闲,0.2125,0.85,否,,1,0,,健身休闲活动,,0.0,0.0,0.85,0.0
成都市星诺翊安体育用品有限公司,5242,体育用品,0.8736,0.95,否,,1,1,体育用品零售,,体育用品零售,1.0,1.0,0.85,0.1111
四川腾远志恒体育文化传播有限公司,8392,体育培训,0.8736,0.95,否,,1,1,乒乓球培训,,乒乓球培训,1.0,1.0,0.85,0.1111
四川艾森克斯体育文化发展有限公司,8919,体育赛事,0.8736,0.95,否,,1,1,组织体育竞赛活动,,体育竞赛,1.0,1.0,0.85,0.1111
四川锦城蓝鲸篮球俱乐部有限公司,8911,体育赛事,0.8736,0.95,否,,1,1,体育竞赛组织,,体育竞赛,1.0,1.0,0.85,0.1111
成都启型体育文化发展有限公司,8930,健身休闲,0.8736,0.95,否,,1,1,健身服务,,健身服务,1.0,1.0,0.85,0.1111
成都斯跑特运动休闲文化传播有限公司,8930,健身休闲,0.8736,0.95,否,,1,1,健身服务,,健身服务,1.0,1.0,0.85,0.1111
成都禅钓渔具有限公司,5142,体育用品,0.8736,0.95,否,,1,1,渔具批发,,渔具,1.0,1.0,0.85,0.1111
四川金强蓝鲸篮球俱乐部有限责任公司,8911,体育赛事,0.8736,0.95,否,,1,1,提供体育竞赛组织服务,,体育竞赛,1.0,1.0,0.85,0.1111
成都市温江区篮创佳体育俱乐部有限公司,8392,体育用品,0.8736,0.95,否,,1,1,篮球艺术课培训,,篮球,1.0,1.0,0.85,0.1111
四川疆蓉体育文化传播有限公司,8911,体育赛事,0.8736,0.95,否,,1,1,组织体育赛事活动,,体育赛事,1.0,1.0,0.85,0.1111
四川健行凌顶体育文化传播有限公司,5142,体育用品,0.8736,0.95,否,,1,1,体育用品批发,,体育用品批发,1.0,1.0,0.85,0.1111
四川坤海体育文化传播有限公司,8392,体育培训,0.8736,0.95,否,,1,1,体育培训,,体育培训,1.0,1.0,0.85,0.1111
成都米克斯蔚健康管理有限责任公司,8930,健身休闲,0.8736,0.95,否,,1,1,健身服务,,健身服务,1.0,1.0,0.85,0.1111
四川体适能教育科技有限责任公司,8930,健身休闲,0.2125,0.85,否,,1,0,,健身休闲活动,,0.0,0.0,0.85,0.0
成都兴融劲体育文化传播有限公司,8392,体育培训,0.8736,0.95,否,,1,1,体育培训,,体育培训,1.0,1.0,0.85,0.1111
四川柏屹体育发展有限公司,7246,体育赛事,0.6611,0.9,是,纯跨界（行业代码非体育，文本有体育业务）,1,1,体育赛事策划服务,,赛事策划,1.0,1.0,0.0,0.1111
四川正心悟道体育文化传播有限公司,8392,体育培训,0.8736,0.95,否,,1,1,少儿跆拳道培训,,跆拳道培训,1.0,1.0,0.85,0.1111
成都君贤体育文化发展有限公司,8911,体育管理,0.2125,0.85,否,,1,0,,体育活动组织服务,,0.0,0.0,0.85,0.0
成都露营管家户外用品有限公司,5242,体育用品,0.2125,0.85,否,,1,0,,户外活动用品零售,,0.0,0.0,0.85,0.0
成都国奥信鸽有限责任公司,8911,体育管理,0.2125,0.85,否,,1,0,,信鸽组织活动,,0.0,0.0,0.85,0.0
四川雄猫体育文化发展有限公司,8392,体育培训,0.8736,0.95,否,,1,1,少儿体育培训,,体育培训,1.0,1.0,0.85,0.1111
成都福腾御景体育场馆管理有限公司,8930,健身休闲,0.2125,0.85,否,,1,0,,健身休闲活动,,0.0,0.0,0.85,0.0
四川千骑足球俱乐部有限责任公司,8930,健身休闲,0.2125,0.85,否,,1,0,,健身休闲活动,,0.0,0.0,0.85,0.0
成都金马滨河文化体育发展有限公司,8930,健身休闲,0.8736,0.95,否,,1,1,体育健身服务,,健身服务,1.0,1.0,0.85,0.1111
四川省成都市逆战篮球俱乐部有限公司,8930,健身休闲,0.2125,0.85,否,,1,0,,休闲健身活动,,0.0,0.0,0.85,0.0
四川吾己瑜伽健身有限责任公司,8930,健身休闲,0.2125,0.85,否,,1,0,,健身休闲活动,,0.0,0.0,0.85,0.0
四川爱趣学体育发展有限公司,8392,体育培训,0.8736,0.95,否,,1,1,青少年体育培训,,青少年体育,1.0,1.0,0.85,0.1111
成都赤菟健身服务有限公司,8930,健身休闲,0.2125,0.85,否,,1,0,,健身休闲活动,,0.0,0.0,0.85,0.0
成都金耀赛车俱乐部有限责任公司,8911,体育赛事,0.8736,0.95,否,,1,1,体育竞赛组织,,体育竞赛,1.0,1.0,0.85,0.1111
成都美信奔腾马术俱乐部有限公司,8930,健身休闲,0.8736,0.95,否,,1,1,马术运动全民健身活动,,马术,1.0,1.0,0.85,0.1111
成都嘉润韶华体育文化发展有限公司,8911,体育管理,0.2125,0.85,否,,1,0,,体育保障组织,,0.0,0.0,0.85,0.0
成都鑫博焱体育文化发展有限公司,8930,健身休闲,0.2125,0.85,否,,1,0,,健身休闲活动,,0.0,0.0,0.85,0.0
成都汉斌武术有限公司,8930,健身休闲,0.2125,0.85,否,,1,0,,健身休闲活动,,0.0,0.0,0.85,0.0
四川育星择体育文化发展有限公司,8392,体育培训,0.8736,0.95,否,,1,1,篮球培训,,篮球培训,1.0,1.0,0.85,0.1111
成都市北卡蓝体育场馆管理有限责任公司,8392,体育培训,0.8736,0.95,否,,1,1,篮球培训,,篮球培训,1.0,1.0,0.85,0.1111
成都奥泳星体育发展有限责任公司,8392,健身休闲,0.8736,0.95,否,,1,1,游泳教学,,游泳,1.0,1.0,0.85,0.1111
成都市悦动不得垮健身服务有限公司,8930,健身休闲,0.2125,0.85,否,,1,0,,健身休闲活动,,0.0,0.0,0.85,0.0
成都温江舞指康复医疗中心有限公司,8992,健身休闲,0.6611,0.9,是,纯跨界（行业代码非体育，文本有体育业务）,1,1,运动康复服务,,运动康复,1.0,1.0,0.0,0.1111
成都心龙成体育文化发展有限公司,8911,体育培训,0.8736,0.95,否,,1,1,跆拳道培训,,跆拳道培训,1.0,1.0,0.85,0.1111
成都盛北林体育文化推广有限责任公司,7122,体育用品,0.6611,0.9,是,纯跨界（行业代码非体育，文本有体育业务）,1,1,体育用品租赁,,体育用品,1.0,1.0,0.0,0.1111
四川省小霖潼体育文化发展有限公司,8392,体育培训,0.8736,0.95,否,,1,1,体育培训,,体育培训,1.0,1.0,0.85,0.1111
四川西南晨风游乐设备有限公司,5242,体育用品,0.8736,0.95,否,,1,1,体育用品及器材零售,,体育用品,1.0,1.0,0.85,0.1111
成都柴洛体革健身有限公司,8930,健身休闲,0.2125,0.85,否,,1,0,,休闲健身活动,,0.0,0.0,0.85,0.0
成都良安摩森体育文化发展有限公司,8912,体育场馆,0.8736,0.95,否,,1,1,体育设施保障,,体育设施,1.0,1.0,0.85,0.1111
四川疾驰篮球俱乐部有限责任公司,5242,体育用品,0.8736,0.95,否,,1,1,体育器材零售,,体育器材,1.0,1.0,0.85,0.1111
成都隆科心河文旅发展有限公司,8921,体育场馆,0.8736,0.95,否,,1,1,体育场馆管理,,体育场馆,1.0,1.0,0.85,0.1111
成都金马悦动体育文化传播有限公司,8921,体育场馆,0.8736,0.95,否,,1,1,体育场馆管理,,体育场馆,1.0,1.0,0.85,0.1111
成都斯澜体育文化发展有限公司,8930,健身休闲,0.8736,0.95,否,,1,1,水上运动全民健身活动,,水上运动,1.0,1.0,0.85,0.1111
成都市黑尾一户外用品有限公司,5242,体育用品,0.2125,0.85,否,,1,0,,鱼杆零售,,0.0,0.0,0.85,0.0
成都温江趣柳橙户外运动有限公司,8930,健身休闲,0.2125,0.85,否,,1,0,,健身休闲活动,,0.0,0.0,0.85,0.0
成都市安米瑜伽健身有限公司,8930,健身休闲,0.2125,0.85,否,,1,0,,健身休闲活动,,0.0,0.0,0.85,0.0
成都大福疆徕商贸有限公司,5142,体育用品,0.8736,0.95,否,,1,1,文化艺术体育用品批发,,体育用品批发,1.0,1.0,0.85,0.1111
四川红瑞府健康产业有限公司,5142,体育用品,0.8736,0.95,否,,1,1,运动器材批发,,运动器材,1.0,1.0,0.85,0.1111
四川中羽逐心体育文化发展有限公司,8911,体育赛事,0.8736,0.95,否,,1,1,体育赛事组织,,体育赛事,1.0,1.0,0.85,0.1111
成都翔道馆科技有限责任公司,9052,体育赛事,0.6611,0.9,是,纯跨界（行业代码非体育，文本有体育业务）,1,1,体育赛事策划,,赛事策划,1.0,1.0,0.0,0.1111
成都铭洋精英体育文化传播有限公司,8911,体育赛事,0.8736,0.95,否,,1,1,体育竞赛组织,,体育竞赛,1.0,1.0,0.85,0.1111
成都市雲门体育文化传播有限责任公司,8912,体育管理,0.2125,0.85,否,,1,0,,体育保障组织,,0.0,0.0,0.85,0.0
四川正心义德体育文化传播有限公司,8930,健身休闲,0.2125,0.85,否,,1,0,,健身休闲活动,,0.0,0.0,0.85,0.0
四川鑫悦阳体育场馆管理有限公司,8921,体育场馆,0.8736,0.95,否,,1,1,体育场地设施经营,,体育场地设施,1.0,1.0,0.85,0.1111
成都市妙程教育咨询有限公司,8930,健身休闲,0.2125,0.85,否,,1,0,,健身休闲活动,,0.0,0.0,0.85,0.0
成都吴兴龙太极拳文化传播有限公司,8392,体育培训,0.8736,0.95,否,,1,1,武术培训服务,,武术培训,1.0,1.0,0.85,0.1111
成都硕祥户外用品有限公司,5142,体育用品,0.2125,0.85,否,,1,0,,户外用品批发,,0.0,0.0,0.85,0.0
成都建清搏击俱乐部有限公司,8392,体育培训,0.2125,0.85,否,,1,0,,博击体育运动培训服务,,0.0,0.0,0.85,0.0
成都品龙珠健身服务有限责任公司,8930,健身休闲,0.8736,0.95,否,,1,1,室内健身服务,,健身服务,1.0,1.0,0.85,0.1111
四川奥强体育文化传播有限公司,8930,健身休闲,0.8736,0.95,否,,1,1,健身房健身活动,,健身房,1.0,1.0,0.85,0.1111
四川星驰篮球俱乐部有限公司,8911,体育赛事,0.8736,0.95,否,,1,1,体育竞赛组织,,体育竞赛,1.0,1.0,0.85,0.1111
成都众合天辰体育文化传播有限公司,8991,体育管理,0.6611,0.9,是,纯跨界（行业代码非体育，文本有体育业务）,1,1,体育文化推广服务,,体育文化,1.0,1.0,0.0,0.1111
四川迈锐宝体育用品销售有限公司,5242,体育用品,0.8736,0.95,否,,1,1,体育用品零售,,体育用品零售,1.0,1.0,0.85,0.1111
四川凤溪体育文化发展有限公司,8930,健身休闲,0.8736,0.95,否,,1,1,健身房健身活动,,健身房,1.0,1.0,0.85,0.1111
四川省江鑫户外运动有限公司,8930,健身休闲,0.8736,0.95,否,,1,1,漂流服务,,漂流,1.0,1.0,0.85,0.1111
成都蔚然凯尔健身服务有限公司,8930,健身休闲,0.2125,0.85,否,,1,0,,体育健康服务,,0.0,0.0,0.85,0.0
成都万人迷健身服务有限公司,8930,健身休闲,0.2125,0.85,否,,1,0,,健身休闲活动,,0.0,0.0,0.85,0.0
成都川金云商贸有限公司,5142,体育用品,0.8736,0.95,否,,1,1,体育用品批发,,体育用品批发,1.0,1.0,0.85,0.1111
成都伯乐野骑户外运动有限公司,8930,健身休闲,0.8736,0.95,否,,1,1,骑马健身休闲活动,,骑马,1.0,1.0,0.85,0.1111
成都跃成达体育赛事策划有限公司,8911,体育赛事,0.8736,0.95,否,,1,1,体育竞赛组织服务,,体育竞赛,1.0,1.0,0.85,0.1111
成都国行航空科技有限公司,2449,体育用品,0.2125,0.85,否,,1,0,,航空模型生产,,0.0,0.0,0.85,0.0
成都雨泽健身服务有限公司,8930,健身休闲,0.8736,0.95,否,,1,1,健身服务,,健身服务,1.0,1.0,0.85,0.1111
成都吉玛士体育文化传播有限公司,8911,体育用品,0.8736,0.95,否,,1,1,篮球活动组织,,篮球,1.0,1.0,0.85,0.1111
成都雨露心田文化传媒有限公司,8930,健身休闲,0.2125,0.85,否,,1,0,,麻将服务,,0.0,0.0,0.85,0.0
四川引力体康体育文化传播有限公司,8392,体育培训,0.8736,0.95,否,,1,1,篮球培训,,篮球培训,1.0,1.0,0.85,0.1111
成都海空之翼航空科技有限公司,2449,体育用品,0.2125,0.85,否,,1,0,,航空模型制造,,0.0,0.0,0.85,0.0
四川西点精英拓展训练有限公司,8930,健身休闲,0.2125,0.85,否,,1,0,,体能拓展训练服务,,0.0,0.0,0.85,0.0
成都宸一阳体育文化有限公司,8392,体育培训,0.8736,0.95,否,,1,1,提供篮球培训服务,,篮球培训,1.0,1.0,0.85,0.1111
成都宇钛体育用品有限公司,2449,体育用品,0.2125,0.85,否,,1,0,,机械加工,,0.0,0.0,0.85,0.0
四川星伯爵体育用品有限公司,5142,体育用品,0.2125,0.85,否,,1,0,,批发和零售业,,0.0,0.0,0.85,0.0
成都川涵舞蹈健身有限责任公司,8930,健身休闲,0.2125,0.85,否,,1,0,,健身休闲活动,,0.0,0.0,0.85,0.0
成都晨曦艺舞舞蹈健身有限公司,8930,健身休闲,0.2125,0.85,否,,1,0,,健身休闲活动,,0.0,0.0,0.85,0.0
成都杜克加体育场馆管理有限公司,8929,体育场馆,0.8736,0.95,否,,1,1,其他体育场地设施管理,,体育场地设施,1.0,1.0,0.85,0.1111
成都成创掼蛋体育俱乐部有限公司,8911,体育赛事,0.8736,0.95,否,,1,1,体育竞赛组织,,体育竞赛,1.0,1.0,0.85,0.1111
成都龙珠道馆体育服务有限责任公司,8392,健身休闲,0.8736,0.95,否,,1,1,跆拳道教学,,跆拳道,1.0,1.0,0.85,0.1111
成都纸墨公社文化传播有限责任公司,8919,体育管理,0.8736,0.95,否,,1,1,其他体育组织,,体育组织,1.0,1.0,0.85,0.1111
成都三生健体育文化传播有限公司,8930,健身休闲,0.8736,0.95,否,,1,1,健身服务,,健身服务,1.0,1.0,0.85,0.1111
成都空港瞿上体育文化产业运营管理有限公司,8921,体育场馆,0.8736,0.95,否,,1,1,体育场馆管理,,体育场馆,1.0,1.0,0.85,0.1111
四川川蜀足球俱乐部有限公司,8911,体育管理,0.2125,0.85,否,,1,0,,文化体育和娱乐业,,0.0,0.0,0.85,0.0
四川玖丰仓企业管理有限公司,8919,体育管理,0.2125,0.85,否,,1,0,,文化体育和娱乐业,,0.0,0.0,0.85,0.0
成都雅典文化体育有限公司,8911,健身休闲,0.7244,0.95,是,多元经营（体育+3条非体育业务）,7,4,组织策划体育文化艺术交流活动; 游泳池管理服务; 健身房管理服务; 批发兼零售健身器材,食品经营; （依法须经批准的项目; 请相关部门批准后方可开展经营活动）,体育文化; 游泳池; 健身房; 健身器材,0.5714,1.0,0.85,0.3333
四川至诚高尔夫球场管理有限公司,8921,体育场馆,0.2125,0.85,否,,1,0,,高尔夫球场管理,,0.0,0.0,0.85,0.0
成都蓝优速卡丁车健身服务有限公司,8930,健身休闲,0.8736,0.95,否,,1,1,健身服务,,健身服务,1.0,1.0,0.85,0.1111
成都市双流区博艺健身活动中心,8930,健身休闲,0.8736,0.95,否,,1,1,健身服务,,健身服务,1.0,1.0,0.85,0.1111
四川鑫晟康达体育设施工程有限公司,4892,体育场馆,0.8736,0.95,否,,1,1,体育场地设施施工,,体育场地设施,1.0,1.0,0.85,0.1111
成都皇者竞速体育文化发展有限公司,8919,体育管理,0.2125,0.85,否,,1,0,,文化体育和娱乐,,0.0,0.0,0.85,0.0
成都晨星体育文化传播有限公司,8992,健身休闲,0.6611,0.9,是,纯跨界（行业代码非体育，文本有体育业务）,1,1,健身服务,,健身服务,1.0,1.0,0.0,0.1111
四川天润宇迪体育发展有限公司,9052,体育赛事,0.6611,0.9,是,纯跨界（行业代码非体育，文本有体育业务）,1,1,体育赛事策划,,赛事策划,1.0,1.0,0.0,0.1111
成都市超话户外运动策划有限责任公司,8930,健身休闲,0.8736,0.95,否,,1,1,山地户外运动,,户外运动,1.0,1.0,0.85,0.1111
四川一雅瑞璇创业孵化器有限公司,5142,体育用品,0.8736,0.95,否,,1,1,体育用品及器材批发,,体育用品,1.0,1.0,0.85,0.1111
四川康永达体育文化传播有限公司,5142,体育用品,0.8736,0.95,否,,1,1,体育用品及器材批发,,体育用品,1.0,1.0,0.85,0.1111
四川泳无止境体育场馆管理有限公司,8921,体育场馆,0.8736,0.95,否,,1,1,体育场馆管理,,体育场馆,1.0,1.0,0.85,0.1111
四川天时利和体育文化发展有限公司,8919,体育赛事,0.8736,0.95,否,,1,1,体育赛事策划,,赛事策划,1.0,1.0,0.85,0.1111
胜道（成都）商贸有限公司第二十九分店,5142,体育用品,0.8736,0.95,否,,1,1,体育用品及器材批发,,体育用品,1.0,1.0,0.85,0.1111
成都双流初星舞蹈健身有限责任公司,5242,体育用品,0.8736,0.95,否,,1,1,体育用品及器材零售,,体育用品,1.0,1.0,0.85,0.1111
四川名动科技有限公司,8929,体育场馆,0.8736,0.95,否,,1,1,其他体育场地设施管理,,体育场地设施,1.0,1.0,0.85,0.1111
成都好邦迪户外用品有限公司,5242,体育用品,0.2125,0.85,否,,1,0,,户外用品零售,,0.0,0.0,0.85,0.0
四川乐运体育用品有限公司,5242,体育用品,0.8736,0.95,否,,1,1,体育用品零售,,体育用品零售,1.0,1.0,0.85,0.1111
成都威玖扬名健身服务有限公司,8930,健身休闲,0.2125,0.85,否,,1,0,,建身服务,,0.0,0.0,0.85,0.0
四川元动体育文化发展有限责任公司,7246,体育管理,0.6611,0.9,是,纯跨界（行业代码非体育，文本有体育业务）,1,1,体育咨询,,体育咨询,1.0,1.0,0.0,0.1111
成都鸿箭贸易有限公司,5242,体育用品,0.2125,0.85,否,,1,0,,体育器械,,0.0,0.0,0.85,0.0
四川西米酷文化用品有限公司,5242,体育用品,0.8736,0.95,否,,1,1,文化和体育用品及器材专门零售,,体育用品,1.0,1.0,0.85,0.1111
四川奥利威体育发展有限公司,9052,体育管理,0.6611,0.9,是,纯跨界（行业代码非体育，文本有体育业务）,1,1,体育管理,,体育管理,1.0,1.0,0.0,0.1111
成都天奇冠杰体育文化传媒有限公司,8930,健身休闲,0.2125,0.85,否,,1,0,,健身休闲活动,,0.0,0.0,0.85,0.0
成都氧立方健身服务有限公司,8930,健身休闲,0.8736,0.95,否,,1,1,健身服务,,健身服务,1.0,1.0,0.85,0.1111
成都翼翔团建户外运动有限公司,8930,健身休闲,0.2125,0.85,否,,1,0,,健身休闲活动,,0.0,0.0,0.85,0.0
四川中健体联健身管理有限公司,5242,体育用品,0.2125,0.85,否,,1,0,,技术推广服务,,0.0,0.0,0.85,0.0
成都空港绿茵体育发展有限公司,5242,体育用品,0.8736,0.95,否,,1,1,体育用品及器材零售,,体育用品,1.0,1.0,0.85,0.1111
成都强宇户外运动有限公司,8930,体育用品,0.8736,0.95,否,,1,1,体育用品及器材零售,,体育用品,1.0,1.0,0.85,0.1111
成都瑞杰耀邦体育文化传播有限责任公司,9052,体育赛事,0.6611,0.9,是,纯跨界（行业代码非体育，文本有体育业务）,1,1,体育赛事策划,,赛事策划,1.0,1.0,0.0,0.1111
成都蓉城乒事商贸有限公司,5142,体育用品,0.8736,0.95,否,,1,1,体育用品及器材批发,,体育用品,1.0,1.0,0.85,0.1111
成都航宇侑珂体育文化传播有限公司,5242,体育用品,0.8736,0.95,否,,1,1,体育用品及器材零售,,体育用品,1.0,1.0,0.85,0.1111
成都狼之队户外用品有限公司,5242,体育用品,0.2125,0.85,否,,1,0,,户外用品零售,,0.0,0.0,0.85,0.0
四川省蜀都武搏道体育发展有限公司,9052,体育赛事,0.6611,0.9,是,纯跨界（行业代码非体育，文本有体育业务）,1,1,体育赛事策划,,赛事策划,1.0,1.0,0.0,0.1111
成都双羽星体育发展有限公司,8930,体育用品,0.8736,0.95,否,,1,1,羽毛球健身,,羽毛球,1.0,1.0,0.85,0.1111
成都乒缘体育文化传播有限公司,8930,健身休闲,0.8736,0.95,否,,1,1,健身服务,,健身服务,1.0,1.0,0.85,0.1111
成都引力作对体育文化发展有限公司,8930,健身休闲,0.8736,0.95,否,,1,1,健身房健身活动,,健身房,1.0,1.0,0.85,0.1111
成都澳悦体育场馆管理有限公司,8921,体育场馆,0.8736,0.95,否,,1,1,体育场馆管理,,体育场馆,1.0,1.0,0.85,0.1111
成都东作投资管理有限公司,8911,体育管理,0.2125,0.85,否,,1,0,,体育运动组织策划,,0.0,0.0,0.85,0.0
成都荣壹商汇商业管理有限公司,8921,体育场馆,0.8736,0.95,否,,1,1,体育场地设施经营,,体育场地设施,1.0,1.0,0.85,0.1111
四川置都体育发展有限公司,8930,健身休闲,0.2125,0.85,否,,1,0,,健身休闲活动,,0.0,0.0,0.85,0.0
成都空港新城体育俱乐部有限公司,8911,体育赛事,0.8736,0.95,否,,1,1,体育竞赛组织,,体育竞赛,1.0,1.0,0.85,0.1111
成都五号仓库体育文化传播有限公司,8930,健身休闲,0.2125,0.85,否,,1,0,,健身休闲活动,,0.0,0.0,0.85,0.0
成都市米高轮滑俱乐部有限公司,8930,健身休闲,0.2125,0.85,否,,1,0,,轮滑健身,,0.0,0.0,0.85,0.0
成都空钩悟道原创户外用品有限公司,5242,体育用品,0.8736,0.95,否,,1,1,体育用品及器材零售,,体育用品,1.0,1.0,0.85,0.1111
成都郎尔威体育文化传播有限责任公司,5242,体育用品,0.8736,0.95,否,,1,1,体育用品零售,,体育用品零售,1.0,1.0,0.85,0.1111
成都篮途壹号体育文化传播有限公司,8930,健身休闲,0.2125,0.85,否,,1,0,,其他未列明商务服务业,,0.0,0.0,0.85,0.0
成都威玖体育文化传播有限责任公司,8930,健身休闲,0.2125,0.85,否,,1,0,,健身休闲活动,,0.0,0.0,0.85,0.0
成都市热炼健身管理有限公司,8930,健身休闲,0.2125,0.85,否,,1,0,,健身休闲活动,,0.0,0.0,0.85,0.0
四川省上婵瑜伽有限公司,8930,健身休闲,0.8736,0.95,否,,1,1,养生瑜伽,,瑜伽,1.0,1.0,0.85,0.1111
四川一起向未来体育文化传播有限公司,5142,体育用品,0.8736,0.95,否,,1,1,体育用品批发,,体育用品批发,1.0,1.0,0.85,0.1111
成都市零即无限健身服务有限责任公司,8930,健身休闲,0.8736,0.95,否,,1,1,健身房健身活动,,健身房,1.0,1.0,0.85,0.1111
成都新蓉冠体育文化传播有限公司,8392,体育培训,0.8736,0.95,否,,1,1,市场化体育培训,,体育培训,1.0,1.0,0.85,0.1111
成都未来过载体育俱乐部有限公司,8392,体育培训,0.2125,0.85,否,,1,0,,蓝球培训服务,,0.0,0.0,0.85,0.0
成都都城行户外运动有限公司,5242,体育用品,0.2125,0.85,否,,1,0,,户外用品零售,,0.0,0.0,0.85,0.0
四川胜飞康体体育场地设施工程有限公司,4892,体育场馆,0.8736,0.95,否,,1,1,体育设施工程,,体育设施,1.0,1.0,0.85,0.1111
成都美韵体育文化传播有限公司,8930,健身休闲,0.8736,0.95,否,,1,1,健身服务,,健身服务,1.0,1.0,0.85,0.1111
成都羽翼羽毛球俱乐部有限责任公司,5242,体育用品,0.8736,0.95,否,,1,1,体育用品及器材零售,,体育用品,1.0,1.0,0.85,0.1111
成都恒韵上古文化传播有限公司,8930,健身休闲,0.2125,0.85,否,,1,0,,室内健身运动,,0.0,0.0,0.85,0.0
四川赛匡体育科技有限公司,5242,体育用品,0.8736,0.95,否,,1,1,体育器材零售,,体育器材,1.0,1.0,0.85,0.1111
四川澜鲨体育文化发展有限责任公司,8911,体育赛事,0.8736,0.95,否,,1,1,体育竞赛组织,,体育竞赛,1.0,1.0,0.85,0.1111
成都汇品道休闲健身有限公司,8930,健身休闲,0.8736,0.95,否,,1,1,健身服务,,健身服务,1.0,1.0,0.85,0.1111
成都维也娜舞蹈健身有限公司,5242,体育用品,0.8736,0.95,否,,1,1,体育用品及器材零售,,体育用品,1.0,1.0,0.85,0.1111
四川星露客户外用品有限公司,5242,体育用品,0.2125,0.85,否,,1,0,,户外用品零售,,0.0,0.0,0.85,0.0
成都双卡体育文化发展有限公司,9052,体育赛事,0.6611,0.9,是,纯跨界（行业代码非体育，文本有体育业务）,1,1,体育赛事策划,,赛事策划,1.0,1.0,0.0,0.1111
成都网乐体育文化传播有限公司,5142,体育用品,0.8736,0.95,否,,1,1,体育用品及器材批发,,体育用品,1.0,1.0,0.85,0.1111
成都鑫露咖户外用品有限公司,5242,体育用品,0.2125,0.85,否,,1,0,,户外用品零售,,0.0,0.0,0.85,0.0
成都锐升体育发展有限责任公司,5142,体育用品,0.8736,0.95,否,,1,1,体育用品及器材批发,,体育用品,1.0,1.0,0.85,0.1111
成都美客一区酒吧有限公司,8911,体育管理,0.2125,0.85,否,,1,0,,歌舞厅娱乐活动,,0.0,0.0,0.85,0.0
四川冠宏体育发展有限公司,8392,体育培训,0.8736,0.95,否,,1,1,青少年体育培训,,青少年体育,1.0,1.0,0.85,0.1111
成都欣之慧健身服务有限公司,8392,体育培训,0.8736,0.95,否,,1,1,体育舞蹈培训,,舞蹈培训,1.0,1.0,0.85,0.1111
成都极雪体育发展有限公司,5242,体育用品,0.8736,0.95,否,,1,1,体育用品及器材零售,,体育用品,1.0,1.0,0.85,0.1111
成都乒猿体育文化传播有限公司,9052,体育赛事,0.6611,0.9,是,纯跨界（行业代码非体育，文本有体育业务）,1,1,体育赛事策划,,赛事策划,1.0,1.0,0.0,0.1111
成都西郎健身有限责任公司,8930,健身休闲,0.8736,0.95,否,,1,1,健身服务,,健身服务,1.0,1.0,0.85,0.1111
世纪奥星文化艺术传播成都有限公司,8392,体育培训,0.8736,0.95,否,,1,1,体育舞蹈培训,,舞蹈培训,1.0,1.0,0.85,0.1111
成都优品合木瑜伽健身有限公司,8930,健身休闲,0.2125,0.85,否,,1,0,,健身休闲活动,,0.0,0.0,0.85,0.0
四川特斯特汽车服务有限公司,9052,体育赛事,0.6611,0.9,是,纯跨界（行业代码非体育，文本有体育业务）,1,1,组织体育表演活动,,体育表演,1.0,1.0,0.0,0.1111
成都奇嗨皮体育场馆管理有限公司,8930,健身休闲,0.2125,0.85,否,,1,0,,健身休闲活动,,0.0,0.0,0.85,0.0
成都益攀体育发展有限公司,5142,体育用品,0.8736,0.95,否,,1,1,体育用品及器材批发,,体育用品,1.0,1.0,0.85,0.1111
四川淘悦体育文化传播有限公司,5242,体育用品,0.8736,0.95,否,,1,1,体育用品零售,,体育用品零售,1.0,1.0,0.85,0.1111
四川广都陆柒捌玖篮球俱乐部有限公司,8911,体育赛事,0.8736,0.95,否,,1,1,体育竞赛组织,,体育竞赛,1.0,1.0,0.85,0.1111
成都融劲体育文化传播有限公司,8930,健身休闲,0.2125,0.85,否,,1,0,,健身休闲活动,,0.0,0.0,0.85,0.0
成都市双流区道源晶采艺术培训学校有限公司,8392,体育培训,0.8736,0.95,否,,1,1,体校及体育培训,,体育培训,1.0,1.0,0.85,0.1111
成都威玖陆体育文化传播有限公司,8930,体育用品,0.8736,0.95,否,,1,1,体育用品零售,,体育用品零售,1.0,1.0,0.85,0.1111
成都雪域川藏户外运动有限公司,8930,健身休闲,0.2125,0.85,否,,1,0,,健身休闲活动,,0.0,0.0,0.85,0.0
成都公门桃李文化传媒有限公司,5242,体育用品,0.8736,0.95,否,,1,1,体育用品零售,,体育用品零售,1.0,1.0,0.85,0.1111
成都武悦舒体育发展有限公司,8930,健身休闲,0.2125,0.85,否,,1,0,,散打服务,,0.0,0.0,0.85,0.0
成都聚英功夫企业管理咨询有限公司,8930,健身休闲,0.2125,0.85,否,,1,0,,健身休闲运动,,0.0,0.0,0.85,0.0
成都高网体育发展有限公司,8930,健身休闲,0.2125,0.85,否,,1,0,,健身休闲活动,,0.0,0.0,0.85,0.0
四川新浪花体育场馆管理有限公司,8911,健身休闲,0.8736,0.95,否,,1,1,游泳类项目运动,,游泳,1.0,1.0,0.85,0.1111
成都金慕健身管理有限公司,8930,健身休闲,0.8736,0.95,否,,1,1,健身房健身活动,,健身房,1.0,1.0,0.85,0.1111
成都谢菲联体育文化发展管理有限公司,8392,体育培训,0.8736,0.95,否,,1,1,体育培训,,体育培训,1.0,1.0,0.85,0.1111
成都好乐宝教育科技有限公司,8921,体育场馆,0.8736,0.95,否,,1,1,游泳馆服务,,游泳馆,1.0,1.0,0.85,0.1111
成都名人海体育用品有限公司,5142,体育用品,0.8736,0.95,否,,1,1,体育用品及器材批发,,体育用品,1.0,1.0,0.85,0.1111
成都宣翼企业管理咨询有限公司,8919,健身休闲,0.8736,0.95,否,,1,1,户外运动,,户外运动,1.0,1.0,0.85,0.1111
成都格莱美仕体育文化传播有限公司,8992,健身休闲,0.6611,0.9,是,纯跨界（行业代码非体育，文本有体育业务）,1,1,健身服务,,健身服务,1.0,1.0,0.0,0.1111
成都文景蓝图体育文化发展有限公司,8919,体育管理,0.8736,0.95,否,,1,1,体育组织,,体育组织,1.0,1.0,0.85,0.1111
成都今一健身服务有限公司,8930,健身休闲,0.2125,0.85,否,,1,0,,健身休闲活动,,0.0,0.0,0.85,0.0
成都市宸远跃行户外拓展有限公司,8930,健身休闲,0.2125,0.85,否,,1,0,,健身休闲活动,,0.0,0.0,0.85,0.0
成都舒画文化创意有限公司,8919,体育管理,0.2125,0.85,否,,1,0,,文化体育和娱乐,,0.0,0.0,0.85,0.0
成都激活健身俱乐部有限公司,8930,健身休闲,0.2125,0.85,否,,1,0,,健身休闲活动,,0.0,0.0,0.85,0.0
成都双流美航可可摩健身有限责任公司,8930,健身休闲,0.8736,0.95,否,,1,1,健身服务,,健身服务,1.0,1.0,0.85,0.1111
成都市酉西户外拓展有限公司,8930,健身休闲,0.2125,0.85,否,,1,0,,健身休闲活动,,0.0,0.0,0.85,0.0
成都望舒世纪贸易有限公司,8392,体育培训,0.8736,0.95,否,,1,1,跆拳道培训,,跆拳道培训,1.0,1.0,0.85,0.1111
四川千竞体育文化传播有限公司,8911,体育赛事,0.8736,0.95,否,,1,1,体育竞赛组织,,体育竞赛,1.0,1.0,0.85,0.1111
成都柯海体育设施有限公司,5142,体育用品,0.8736,0.95,否,,1,1,体育用品及器材批发,,体育用品,1.0,1.0,0.85,0.1111
成都一拉夫文化传播有限公司,8919,体育管理,0.2125,0.85,否,,1,0,,文化体育和娱乐,,0.0,0.0,0.85,0.0
成都市蓉瑰体育文化发展有限公司,8919,体育管理,0.2125,0.85,否,,1,0,,文化-体育和娱乐,,0.0,0.0,0.85,0.0
成都艾利美健身服务有限责任公司,8930,健身休闲,0.2125,0.85,否,,1,0,,健身休闲活动,,0.0,0.0,0.85,0.0
成都空中接力篮球俱乐部有限公司,8911,体育赛事,0.8736,0.95,否,,1,1,体育竞赛组织,,体育竞赛,1.0,1.0,0.85,0.1111
成都空间十点体育场馆管理有限公司,8921,体育场馆,0.8736,0.95,否,,1,1,体育场馆管理,,体育场馆,1.0,1.0,0.85,0.1111
成都清月峰文化传媒有限公司,8930,健身休闲,0.2125,0.85,否,,1,0,,棋牌室服务,,0.0,0.0,0.85,0.0
成都市国晓击剑运动俱乐部有限公司,8911,体育赛事,0.8736,0.95,否,,1,1,体育竞赛组织,,体育竞赛,1.0,1.0,0.85,0.1111
成都鑫寅寅瑜伽健身有限公司,8392,体育培训,0.8736,0.95,否,,1,1,体育及体育培训,,体育培训,1.0,1.0,0.85,0.1111
四川博衍体育文化发展有限公司,8392,体育培训,0.8736,0.95,否,,1,1,体育培训,,体育培训,1.0,1.0,0.85,0.1111
成都艺点艺文化传播有限公司,8930,健身休闲,0.2125,0.85,否,,1,0,,健身休闲,,0.0,0.0,0.85,0.0
四川骉榜荟马术俱乐部有限公司,8911,体育赛事,0.8736,0.95,否,,1,1,体育竞赛组织,,体育竞赛,1.0,1.0,0.85,0.1111
成都骏程名逸娱乐有限公司,8930,健身休闲,0.2125,0.85,否,,1,0,,健身休闲活动服务,,0.0,0.0,0.85,0.0
成都来美健身有限公司,8930,健身休闲,0.8736,0.95,否,,1,1,健身服务,,健身服务,1.0,1.0,0.85,0.1111
成都春晨飞阳文化传播有限公司,8930,健身休闲,0.8736,0.95,否,,1,1,户外拓展,,户外拓展,1.0,1.0,0.85,0.1111
成都图灵赛车运动有限公司,8921,体育场馆,0.2125,0.85,否,,1,0,,赛车运动场管理服务,,0.0,0.0,0.85,0.0
成都杭一初阳体育发展有限公司,8911,体育赛事,0.8736,0.95,否,,1,1,体育竞赛,,体育竞赛,1.0,1.0,0.85,0.1111
豆豆墨坊成都健康管理有限公司,8930,健身休闲,0.8736,0.95,否,,1,1,瑜伽教学,,瑜伽,1.0,1.0,0.85,0.1111
四川追风侠体育文化发展有限公司,7246,体育管理,0.6611,0.9,是,纯跨界（行业代码非体育，文本有体育业务）,1,1,体育咨询,,体育咨询,1.0,1.0,0.0,0.1111
四川鑫奕博锐户外用品有限公司,5242,体育用品,0.2125,0.85,否,,1,0,,户外用品零售,,0.0,0.0,0.85,0.0
四川羽曜空间体育文化传播有限公司,8921,体育场馆,0.8736,0.95,否,,1,1,羽毛球馆,,羽毛球馆,1.0,1.0,0.85,0.1111
成都市拳击蜂体育文化传播有限公司,9052,体育赛事,0.6611,0.9,是,纯跨界（行业代码非体育，文本有体育业务）,1,1,组织策划体育赛事活动,,体育赛事,1.0,1.0,0.0,0.1111
成都铁磁健康管理有限公司,8930,健身休闲,0.8736,0.95,否,,1,1,健身服务,,健身服务,1.0,1.0,0.85,0.1111
四川河马奔腾体育科技有限公司,8392,体育培训,0.8736,0.95,否,,1,1,篮球培训,,篮球培训,1.0,1.0,0.85,0.1111
四川星俄媒体育文化传播有限公司,8930,健身休闲,0.8736,0.95,否,,1,1,格斗健身服务,,健身服务,1.0,1.0,0.85,0.1111
四川力享健康管理有限公司,8930,健身休闲,0.2125,0.85,否,,1,0,,健身休闲服务,,0.0,0.0,0.85,0.0
四川益晋谦科技咨询服务有限公司,8392,健身休闲,0.8736,0.95,否,,1,1,瑜伽服务,,瑜伽,1.0,1.0,0.85,0.1111
成都厚盾装修工程有限公司,4892,体育场馆,0.8736,0.95,否,,1,1,体育场地设施工程施工,,体育场地设施,1.0,1.0,0.85,0.1111
成卢兹文化传播（成都）有限公司,8911,体育赛事,0.8736,0.95,否,,1,1,体育竞赛组织,,体育竞赛,1.0,1.0,0.85,0.1111
成都寸喜文化传播有限公司,8919,体育管理,0.8736,0.95,否,,1,1,体育组织,,体育组织,1.0,1.0,0.85,0.1111
成都市绘能文化传播有限公司,8919,体育管理,0.2125,0.85,否,,1,0,,其他未列明体育,,0.0,0.0,0.85,0.0
成都超玥智弈教育科技有限公司,8392,体育培训,0.2125,0.85,否,,1,0,,体育象棋培训,,0.0,0.0,0.85,0.0
成都福吉体育场馆管理有限责任公司,8921,体育场馆,0.2125,0.85,否,,1,0,,高危险性体育运动,,0.0,0.0,0.85,0.0
四川种梦者体育文化传播有限公司,9052,体育赛事,0.6611,0.9,是,纯跨界（行业代码非体育，文本有体育业务）,1,1,体育赛事策划,,赛事策划,1.0,1.0,0.0,0.1111
成都常羲体育文化传播有限责任公司,9052,体育赛事,0.6611,0.9,是,纯跨界（行业代码非体育，文本有体育业务）,1,1,体育赛事策划,,赛事策划,1.0,1.0,0.0,0.1111
成都果柏绪林渔具店,5142,体育用品,0.8736,0.95,否,,1,1,体育用品及器材批发,,体育用品,1.0,1.0,0.85,0.1111
成都虹云体育文化发展有限公司,5142,体育用品,0.8736,0.95,否,,1,1,体育用品及器材批发,,体育用品,1.0,1.0,0.85,0.1111
成都鑫亿朗翰健身服务有限公司,8930,健身休闲,0.8736,0.95,否,,1,1,高危险性体育运动游泳,,游泳,1.0,1.0,0.85,0.1111
四川菲欧娜蓉城贸易有限责任公司,5242,体育用品,0.8736,0.95,否,,1,1,体育用品及器材零售,,体育用品,1.0,1.0,0.85,0.1111
成都山妖舌户外用品有限公司,5142,体育用品,0.2125,0.85,否,,1,0,,户外用品批发,,0.0,0.0,0.85,0.0
成都趣乐派对文化传媒有限公司,8912,体育管理,0.2125,0.85,否,,1,0,,游艺娱乐活动,,0.0,0.0,0.85,0.0
四川鑫广合体育文化传播有限公司,5242,体育用品,0.8736,0.95,否,,1,1,体育用品零售,,体育用品零售,1.0,1.0,0.85,0.1111
四川朵宏体育设施有限公司,5142,体育用品,0.8736,0.95,否,,1,1,体育用品及器材批发,,体育用品,1.0,1.0,0.85,0.1111
成都千里生辉户外运动有限公司,7122,健身休闲,0.6611,0.9,是,纯跨界（行业代码非体育，文本有体育业务）,1,1,户外运动用具出租,,户外运动,1.0,1.0,0.0,0.1111
四川檀大体育文化传播有限公司,5242,体育用品,0.8736,0.95,否,,1,1,体育用品零售,,体育用品零售,1.0,1.0,0.85,0.1111
成都鱼特乐钓具有限公司,5142,体育用品,0.8736,0.95,否,,1,1,体育用品及器材批发,,体育用品,1.0,1.0,0.85,0.1111
成都东奕日盛体育文化传播有限公司,9052,体育赛事,0.6611,0.9,是,纯跨界（行业代码非体育，文本有体育业务）,1,1,体育赛事策划,,赛事策划,1.0,1.0,0.0,0.1111
四川卓远成体育用品有限公司,5242,体育用品,0.8736,0.95,否,,1,1,体育用品零售,,体育用品零售,1.0,1.0,0.85,0.1111
四川环球勇士体育发展有限责任公司,8392,体育培训,0.2125,0.85,否,,1,0,,文化体育和娱乐业,,0.0,0.0,0.85,0.0
成都奇巍体育文化传播有限公司,9052,健身休闲,0.6722,0.9,是,纯跨界（行业代码非体育，文本有体育业务）,1,1,台球体育服务,,台球; 体育服务,1.0,1.0,0.0,0.2222
成都华联美航健身有限责任公司,8930,健身休闲,0.8736,0.95,否,,1,1,健身服务,,健身服务,1.0,1.0,0.85,0.1111
成都曼达瑜伽健身服务有限公司,8930,健身休闲,0.8736,0.95,否,,1,1,健身服务,,健身服务,1.0,1.0,0.85,0.1111
四川七安教育咨询有限公司,8930,健身休闲,0.8736,0.95,否,,1,1,健身服务,,健身服务,1.0,1.0,0.85,0.1111
成都市轻拳体育文化发展有限公司,8930,健身休闲,0.8736,0.95,否,,1,1,健身服务,,健身服务,1.0,1.0,0.85,0.1111
成都米丸渔具有限公司,5242,体育用品,0.8736,0.95,否,,1,1,渔具零售,,渔具,1.0,1.0,0.85,0.1111
成都锦蹴体育文化传播有限公司,8911,体育赛事,0.8736,0.95,否,,1,1,体育竞赛组织,,体育竞赛,1.0,1.0,0.85,0.1111
四川篷之客户外用品有限公司,5242,体育用品,0.8736,0.95,否,,1,1,体育用品零售,,体育用品零售,1.0,1.0,0.85,0.1111
成都路迈体育文化传播有限公司,8930,健身休闲,0.8736,0.95,否,,1,1,体育健身服务,,健身服务,1.0,1.0,0.85,0.1111
成都茂业米加时代健身有限公司,8930,健身休闲,0.2125,0.85,否,,1,0,,健身休闲,,0.0,0.0,0.85,0.0
四川转折点体育文化传播有限公司,8930,健身休闲,0.8736,0.95,否,,1,1,体育健身服务,,健身服务,1.0,1.0,0.85,0.1111
成都康蒂体育设施工程有限公司,4892,体育场馆,0.8736,0.95,否,,1,1,体育场地设施工程施工,,体育场地设施,1.0,1.0,0.85,0.1111
成都市两江天悦体育俱乐部有限责任公司,5242,体育赛事,0.8736,0.95,否,,1,1,体育竞赛组织,,体育竞赛,1.0,1.0,0.85,0.1111
成都益动健康咨询管理有限公司,8930,健身休闲,0.8736,0.95,否,,1,1,健身服务,,健身服务,1.0,1.0,0.85,0.1111
四川君体体育设施工程有限公司,4892,体育场馆,0.8736,0.95,否,,1,1,体育场地设施施工,,体育场地设施,1.0,1.0,0.85,0.1111
成都每时蓝港体育文化传播有限公司,8392,体育培训,0.8736,0.95,否,,1,1,体育培训,,体育培训,1.0,1.0,0.85,0.1111
成都木子李健身服务有限公司,8930,健身休闲,0.8736,0.95,否,,1,1,健身服务,,健身服务,1.0,1.0,0.85,0.1111
成都雄鹰畅通户外运动有限公司,8930,健身休闲,0.8736,0.95,否,,1,1,户外运动策划,,户外运动,1.0,1.0,0.85,0.1111
成都酸橙树体育文化传播有限公司,8911,体育赛事,0.8736,0.95,否,,1,1,体育竞赛组织,,体育竞赛,1.0,1.0,0.85,0.1111
成都明俊建筑工程有限公司,4892,体育场馆,0.8736,0.95,否,,1,1,体育场地设施工程施工,,体育场地设施,1.0,1.0,0.85,0.1111
成都市蜀捷佳业商贸有限公司,5142,体育用品,0.8736,0.95,否,,1,1,体育用品批发,,体育用品批发,1.0,1.0,0.85,0.1111
成都市锐朗健康咨询有限公司,8930,健身休闲,0.8736,0.95,否,,1,1,健身服务,,健身服务,1.0,1.0,0.85,0.1111
成都极力健身服务有限公司,8930,健身休闲,0.2125,0.85,否,,1,0,,健身咨询,,0.0,0.0,0.85,0.0
壹诺仟金成都体育文化传播有限公司,8930,健身休闲,0.2125,0.85,否,,1,0,,健身休闲活动,,0.0,0.0,0.85,0.0
四川逐梦枫煌体育文化传播有限公司,8911,体育赛事,0.8736,0.95,否,,1,1,体育竞赛组织,,体育竞赛,1.0,1.0,0.85,0.1111
成都市鼓捣猫宁文化传播有限公司,8930,健身休闲,0.2125,0.85,否,,1,0,,室内健身运动,,0.0,0.0,0.85,0.0
成都市双流区菲悦拉丁体育俱乐部有限公司,8930,健身休闲,0.2125,0.85,否,,1,0,,健身休闲活动,,0.0,0.0,0.85,0.0
成都儿体汇体育发展有限公司,8911,体育赛事,0.8736,0.95,否,,1,1,体育竞赛服务,,体育竞赛,1.0,1.0,0.85,0.1111
成都砺峰家园健身有限责任公司,8930,健身休闲,0.8736,0.95,否,,1,1,健身服务,,健身服务,1.0,1.0,0.85,0.1111
米多普拉提成都瑜伽健身有限公司,8392,体育培训,0.8736,0.95,否,,1,1,体校及体育培训,,体育培训,1.0,1.0,0.85,0.1111
成都市红圈毅力体育文化发展有限公司,8930,健身休闲,0.2125,0.85,否,,1,0,,健身休闲活动,,0.0,0.0,0.85,0.0
四川别趣露营户外文化传媒有限公司,5242,体育用品,0.2125,0.85,否,,1,0,,户外用品零售,,0.0,0.0,0.85,0.0
四川强盛活力体育发展有限公司,9052,体育管理,0.6611,0.9,是,纯跨界（行业代码非体育，文本有体育业务）,1,1,体育服务,,体育服务,1.0,1.0,0.0,0.1111
成都乐享动健身有限公司,8930,健身休闲,0.2125,0.85,否,,1,0,,健身休闲活动,,0.0,0.0,0.85,0.0
成都鹿途行户外拓展有限公司,8930,健身休闲,0.2125,0.85,否,,1,0,,健身休闲活动,,0.0,0.0,0.85,0.0
四川省辰凌之星文化传播有限公司,8912,体育管理,0.2125,0.85,否,,1,0,,游艺娱乐活动,,0.0,0.0,0.85,0.0
四川奥特丝纺织有限公司,1821,体育用品,0.2125,0.85,否,,1,0,,服装生产,,0.0,0.0,0.85,0.0
四川康林力量体育文化传播有限公司,8930,健身休闲,0.2125,0.85,否,,1,0,,健身训练,,0.0,0.0,0.85,0.0
成都棠湖趣动体育发展有限公司,8392,体育培训,0.8736,0.95,否,,1,1,体育培训,,体育培训,1.0,1.0,0.85,0.1111
成都桥金霄游泳馆管理有限公司,8921,体育场馆,0.8736,0.95,否,,1,1,游泳馆管理服务,,游泳馆,1.0,1.0,0.85,0.1111
成都夺一夺体育俱乐部有限公司,8911,体育管理,0.2125,0.85,否,,1,0,,俱乐部,,0.0,0.0,0.85,0.0
成都雪林响健身有限公司,8930,健身休闲,0.2125,0.85,否,,1,0,,健身休闲活动,,0.0,0.0,0.85,0.0
四川省侠者体育文化传播有限公司,8911,体育赛事,0.8736,0.95,否,,1,1,筹备体育赛事活动,,体育赛事,1.0,1.0,0.85,0.1111
成都浩德体育文化传播有限公司,5242,体育用品,0.8736,0.95,否,,1,1,销售体育用品,,体育用品,1.0,1.0,0.85,0.1111
成都玖号星空体育文化发展有限公司,8919,体育管理,0.8736,0.95,否,,1,1,体育组织活动,,体育组织,1.0,1.0,0.85,0.1111
成都麒瑞健身服务有限责任公司,8930,健身休闲,0.2125,0.85,否,,1,0,,健身休闲活动,,0.0,0.0,0.85,0.0
成都羽恒羽毛球俱乐部有限公司,8911,体育用品,0.8736,0.95,否,,1,1,羽毛球组织服务,,羽毛球,1.0,1.0,0.85,0.1111
成都贝体体育文化传播有限公司,8919,体育赛事,0.8736,0.95,否,,1,1,组织策划户外体育赛事活动,,体育赛事,1.0,1.0,0.85,0.1111
成都市蹦床技巧体育文化发展有限公司,8919,体育管理,0.8736,0.95,否,,1,1,体育组织,,体育组织,1.0,1.0,0.85,0.1111
成都跃动即刻体育文化传播有限公司,8930,健身休闲,0.8736,0.95,否,,1,1,运动健身服务,,健身服务,1.0,1.0,0.85,0.1111
成都沁一孕产瑜伽健身有限公司,8930,健身休闲,0.2125,0.85,否,,1,0,,健身休闲活动,,0.0,0.0,0.85,0.0
成都荣耀汇健身服务有限公司,8930,健身休闲,0.8736,0.95,否,,1,1,健身服务,,健身服务,1.0,1.0,0.85,0.1111
成都冠军之家健身运动俱乐部有限公司,8930,健身休闲,0.8736,0.95,否,,1,1,健身服务,,健身服务,1.0,1.0,0.85,0.1111
成都川和俊豪机电设备有限公司,5142,体育用品,0.2125,0.85,否,,1,0,,麻将牌运动用品批发,,0.0,0.0,0.85,0.0
成都星航泰健身服务有限公司,8930,健身休闲,0.8736,0.95,否,,1,1,健身房健身活动,,健身房,1.0,1.0,0.85,0.1111
成都长久兴健身器材有限公司,5142,体育用品,0.8736,0.95,否,,1,1,健身器材批发,,健身器材,1.0,1.0,0.85,0.1111
成都云七舍瑜伽健身有限公司,8930,健身休闲,0.2125,0.85,否,,1,0,,健身休闲活动,,0.0,0.0,0.85,0.0
成都富唐商贸有限公司,5142,体育用品,0.2125,0.85,否,,1,0,,麻将桌批发,,0.0,0.0,0.85,0.0
四川省金武环体育设施工程有限公司,4892,体育场馆,0.8736,0.95,否,,1,1,体育设施施工活动,,体育设施,1.0,1.0,0.85,0.1111
四川雀王科技有限公司,5242,体育用品,0.8736,0.95,否,,1,1,体育用品及器材零售,,体育用品,1.0,1.0,0.85,0.1111
成都红久篷业有限公司,5242,体育用品,0.2125,0.85,否,,1,0,,零售户外用品,,0.0,0.0,0.85,0.0
成都双流远驰服饰有限责任公司,1821,体育用品,0.2125,0.85,否,,1,0,,针织运动类服装加工,,0.0,0.0,0.85,0.0
四川好乐思特体育工程有限公司,4720,体育场馆,0.6611,0.9,是,纯跨界（行业代码非体育，文本有体育业务）,1,1,体育场馆工程建筑活动,,体育场馆,1.0,1.0,0.0,0.1111
成都肆伍回音体育文化传播有限公司,9052,体育场馆,0.6722,0.9,是,纯跨界（行业代码非体育，文本有体育业务）,1,1,体育场地设施经营赛事策划等,,体育场地设施; 赛事策划,1.0,1.0,0.0,0.2222
四川健正科技有限公司,5142,体育用品,0.8736,0.95,否,,1,1,拳击运动器材批发,,运动器材,1.0,1.0,0.85,0.1111
成都市天才艺家健身服务有限公司,8930,健身休闲,0.8736,0.95,否,,1,1,健身服务,,健身服务,1.0,1.0,0.85,0.1111
四川源自鼎尖跆拳道有限公司,9054,体育管理,0.6611,0.9,是,纯跨界（行业代码非体育，文本有体育业务）,1,1,体育组织服务,,体育组织,1.0,1.0,0.0,0.1111
成都星河灿烂商贸有限公司,5242,体育用品,0.2125,0.85,否,,1,0,,户外用品专门零售,,0.0,0.0,0.85,0.0
四川凌天体育设施工程有限公司,5242,体育用品,0.8736,0.95,否,,1,1,体育用品及器材零售,,体育用品,1.0,1.0,0.85,0.1111
四川空港体智美体育场馆管理有限责任公司,8921,体育场馆,0.8736,0.95,否,,1,1,体育场地设施经营,,体育场地设施,1.0,1.0,0.85,0.1111
成都力赴健身服务有限公司,8930,健身休闲,0.2125,0.85,否,,1,0,,健身休闲活动,,0.0,0.0,0.85,0.0
成都海滨壹号健康管理合伙企业有限合伙,8930,健身休闲,0.2125,0.85,否,,1,0,,室内健身运动,,0.0,0.0,0.85,0.0
四川尚力人和体育文化传播有限公司,8392,体育培训,0.2125,0.85,否,,1,0,,体育运动职业技能培训,,0.0,0.0,0.85,0.0
成都市安与蓝健康管理有限公司,8930,健身休闲,0.2125,0.85,否,,1,0,,健身休闲活动,,0.0,0.0,0.85,0.0
四川云动悟空体育文化传播有限公司,8392,体育培训,0.8736,0.95,否,,1,1,青少年体育培训,,青少年体育,1.0,1.0,0.85,0.1111
成都梦兴辰游乐设备有限公司,5242,体育用品,0.8736,0.95,否,,1,1,销售健身器材,,健身器材,1.0,1.0,0.85,0.1111
四川龙动体育文化发展有限公司,5142,体育用品,0.2125,0.85,否,,1,0,,运动用品批发,,0.0,0.0,0.85,0.0
艾诺克（成都）机械制造有限公司,2442,体育用品,0.8736,0.95,否,,1,1,生产高尔夫球头,,高尔夫球,1.0,1.0,0.85,0.1111
四川合木普拉提瑜伽健身有限公司,8930,健身休闲,0.8736,0.95,否,,1,1,瑜伽运动全民健身活动,,瑜伽,1.0,1.0,0.85,0.1111
四川圣源道体育文化传播有限公司,9052,体育赛事,0.6611,0.9,是,纯跨界（行业代码非体育，文本有体育业务）,1,1,体育赛事,,体育赛事,1.0,1.0,0.0,0.1111
四川皓之海商贸有限公司,5142,体育用品,0.8736,0.95,否,,1,1,体育用品及器材批发,,体育用品,1.0,1.0,0.85,0.1111
成都上川川宇商贸有限公司,5142,体育用品,0.2125,0.85,否,,1,0,,麻将机批发,,0.0,0.0,0.85,0.0
成都全满成体育用品销售中心,5142,体育用品,0.8736,0.95,否,,1,1,体育用品批发,,体育用品批发,1.0,1.0,0.85,0.1111
四川历练体育文化传播有限公司,8999,体育赛事,0.1981,0.6,是,纯跨界（行业代码非体育，文本有体育业务）,16,3,体育赛事策划; 体育竞赛组织; 组织体育表演活动,一般项目：组织文化艺术交流活动; 体验式拓展活动及策划; 露营地服务; 健身休闲活动; 幼儿园外托管服务; 礼仪服务; 会议及展览服务; 人力资源服务（不含职业中介活动; 劳务派遣服务）（除依法须经批准的项目外; 凭营业执照依法自主开展经营活动）; 许可项目：住宿服务（依法须经批准的项目; 经相关部门批准后方可开展经营活动; 具体经营项目以相关部门批准文件或许可证件为准）,赛事策划; 体育竞赛; 体育表演,0.1875,0.4478,0.0,0.1111
成都如圣行体育用品销售部,5142,体育用品,0.8736,0.95,否,,1,1,体育用品批发,,体育用品批发,1.0,1.0,0.85,0.1111
成都市西南航空港天鹅渡假村,8930,健身休闲,0.2125,0.85,否,,1,0,,钓鱼服务,,0.0,0.0,0.85,0.0
成都昊成科技有限公司,2449,体育用品,0.8736,0.95,否,,1,1,体育用品生产,,体育用品,1.0,1.0,0.85,0.1111
成都翔搏体育发展有限公司,9052,体育赛事,0.6611,0.9,是,纯跨界（行业代码非体育，文本有体育业务）,1,1,体育赛事策划,,赛事策划,1.0,1.0,0.0,0.1111
成都纳家健身服务有限公司,8930,健身休闲,0.8736,0.95,否,,1,1,健身服务,,健身服务,1.0,1.0,0.85,0.1111
成都君驰体育发展有限公司,9052,体育赛事,0.6611,0.9,是,纯跨界（行业代码非体育，文本有体育业务）,1,1,体育赛事策划,,赛事策划,1.0,1.0,0.0,0.1111
四川神经起源体育文化传播有限公司,8911,体育管理,0.2125,0.85,否,,1,0,,篮球运动组织活动,,0.0,0.0,0.85,0.0
壹兴健身俱乐部（成都）有限公司,8930,健身休闲,0.2125,0.85,否,,1,0,,健身休闲活动,,0.0,0.0,0.85,0.0
小游户外旅游（成都）有限责任公司,8930,健身休闲,0.2125,0.85,否,,1,0,,健身休闲活动,,0.0,0.0,0.85,0.0
成都齐珑拾多斤健身服务有限公司,8930,健身休闲,0.2125,0.85,否,,1,0,,健身休闲活动,,0.0,0.0,0.85,0.0
成都叶清妍健身有限公司,8930,健身休闲,0.2125,0.85,否,,1,0,,健身休闲活动,,0.0,0.0,0.85,0.0
成都启奥体育文化发展有限责任公司,8919,体育赛事,0.8736,0.95,否,,1,1,体育赛事策划,,赛事策划,1.0,1.0,0.85,0.1111
成都路驼会体育文化发展有限公司,8919,体育管理,0.2125,0.85,否,,1,0,,健身休闲活动,,0.0,0.0,0.85,0.0
成都天翊煜城体育文化发展有限公司,5242,体育用品,0.8736,0.95,否,,1,1,体育用品及器材零售,,体育用品,1.0,1.0,0.85,0.1111
成都乐享品牌体育文化传播有限公司,8930,健身休闲,0.2125,0.85,否,,1,0,,健身休闲活动,,0.0,0.0,0.85,0.0
成都爱翔起航体育有限公司,7246,体育管理,0.6611,0.9,是,纯跨界（行业代码非体育，文本有体育业务）,1,1,体育咨询,,体育咨询,1.0,1.0,0.0,0.1111
成都未来湖人体育俱乐部有限公司,7246,体育管理,0.6611,0.9,是,纯跨界（行业代码非体育，文本有体育业务）,1,1,体育咨询,,体育咨询,1.0,1.0,0.0,0.1111
成都蜕特轻可健身服务有限责任公司,8930,健身休闲,0.8736,0.95,否,,1,1,健美健身服务,,健身服务,1.0,1.0,0.85,0.1111
成都瑞哲博耀体育用品有限公司,5142,体育用品,0.8736,0.95,否,,1,1,体育用品及器材批发,,体育用品,1.0,1.0,0.85,0.1111
成都瑟诗形体拓展训练有限公司,8930,健身休闲,0.2125,0.85,否,,1,0,,健身休闲活动,,0.0,0.0,0.85,0.0
成都胜自胜体育文化发展有限公司,8999,体育管理,0.6611,0.9,是,纯跨界（行业代码非体育，文本有体育业务）,1,1,其他未列明体育服务,,体育服务,1.0,1.0,0.0,0.1111
四川武格搏击文化传播有限公司,8930,健身休闲,0.2125,0.85,否,,1,0,,搏击健身休闲服务,,0.0,0.0,0.85,0.0
四川梵境体育文化发展有限公司,8930,健身休闲,0.2125,0.85,否,,1,0,,健身休闲活动,,0.0,0.0,0.85,0.0
四川愿泉体育文化传播有限公司,8392,体育培训,0.8736,0.95,否,,1,1,体育培训,,体育培训,1.0,1.0,0.85,0.1111
成都右岸蜕特健身服务有限责任公司,8930,健身休闲,0.8736,0.95,否,,1,1,健身服务,,健身服务,1.0,1.0,0.85,0.1111
成都飞登玖万体育场馆管理有限公司,8930,健身休闲,0.2125,0.85,否,,1,0,,健身休闲活动,,0.0,0.0,0.85,0.0
成都银狼搏击俱乐部有限公司,8930,健身休闲,0.2125,0.85,否,,1,0,,健身休闲活动,,0.0,0.0,0.85,0.0
道乐弛阔瑜伽健身成都有限公司,8930,健身休闲,0.8736,0.95,否,,1,1,瑜伽健身,,瑜伽,1.0,1.0,0.85,0.1111
成都文野青云健身服务有限责任公司,8930,健身休闲,0.2125,0.85,否,,1,0,,健身休闲活动,,0.0,0.0,0.85,0.0
成都宏宏体育文化传播有限公司,8911,体育赛事,0.8736,0.95,否,,1,1,体育竞赛组织,,体育竞赛,1.0,1.0,0.85,0.1111
成都拓毅体育文化传播有限公司,8930,健身休闲,0.8736,0.95,否,,1,1,跆拳道健身,,跆拳道,1.0,1.0,0.85,0.1111
成都双鑫盛体育俱乐部有限公司,8930,健身休闲,0.2125,0.85,否,,1,0,,健身休闲活动,,0.0,0.0,0.85,0.0
成都劳伦斯体育文化传播有限公司,8911,体育赛事,0.8736,0.95,否,,1,1,体育竞赛组织,,体育竞赛,1.0,1.0,0.85,0.1111
成都羽立杰体育发展有限公司,8392,体育培训,0.8736,0.95,否,,1,1,体校及体育培训,,体育培训,1.0,1.0,0.85,0.1111
成都聚星协和体育文化发展有限公司,8919,体育管理,0.8736,0.95,否,,1,1,其他体育组织,,体育组织,1.0,1.0,0.85,0.1111
成都城南羽宸羽毛球俱乐部有限公司,8999,体育管理,0.6611,0.9,是,纯跨界（行业代码非体育，文本有体育业务）,1,1,其他未列明体育服务,,体育服务,1.0,1.0,0.0,0.1111
四川儒香情文化传媒有限公司,8999,体育管理,0.6611,0.9,是,纯跨界（行业代码非体育，文本有体育业务）,1,1,其他未列明体育服务,,体育服务,1.0,1.0,0.0,0.1111
四川兴动锐成体育文化传播有限公司,8392,体育培训,0.8736,0.95,否,,1,1,成人体育培训,,体育培训,1.0,1.0,0.85,0.1111
成都哈泊妮致远游泳俱乐部有限责任公司,8392,健身休闲,0.8736,0.95,否,,1,1,儿童游泳教育服务,,游泳,1.0,1.0,0.85,0.1111
成都弘德至善体育发展有限公司,5242,体育用品,0.8736,0.95,否,,1,1,体育用品及器材零售,,体育用品,1.0,1.0,0.85,0.1111
成都博玥棋艺体育文化发展有限公司,7246,体育管理,0.6611,0.9,是,纯跨界（行业代码非体育，文本有体育业务）,1,1,体育咨询,,体育咨询,1.0,1.0,0.0,0.1111
四川省仲谊体育文化发展有限公司,9052,体育赛事,0.6611,0.9,是,纯跨界（行业代码非体育，文本有体育业务）,1,1,体育表演服务,,体育表演,1.0,1.0,0.0,0.1111
成都漾美娜体育文化发展有限公司,8930,健身休闲,0.8736,0.95,否,,1,1,瑜伽健身,,瑜伽,1.0,1.0,0.85,0.1111
四川菩瑞拉体育文化有限公司,8930,健身休闲,0.8736,0.95,否,,1,1,瑜伽健身,,瑜伽,1.0,1.0,0.85,0.1111
成都跳投体育文化发展有限公司,8919,体育管理,0.8736,0.95,否,,1,1,其他体育组织,,体育组织,1.0,1.0,0.85,0.1111
成都文野怡心健身服务有限公司,8930,健身休闲,0.8736,0.95,否,,1,1,健身房健身活动,,健身房,1.0,1.0,0.85,0.1111
成都牧华健身服务有限责任公司,8930,健身休闲,0.2125,0.85,否,,1,0,,健身休闲活动,,0.0,0.0,0.85,0.0
成都梯递健身服务有限公司,8930,健身休闲,0.2125,0.85,否,,1,0,,健身休闲活动,,0.0,0.0,0.85,0.0
成都勇奕虎星体育发展有限责任公司,8921,体育场馆,0.8736,0.95,否,,1,1,体育场馆管理,,体育场馆,1.0,1.0,0.85,0.1111
成都力承之域体育文化发展有限公司,8919,体育管理,0.8736,0.95,否,,1,1,体育服务,,体育服务,1.0,1.0,0.85,0.1111
四川省众星体育设施有限公司,5242,体育用品,0.2125,0.85,否,,1,0,,销售健身设备,,0.0,0.0,0.85,0.0
成都市双流区博美艺术培训学校有限公司,8930,健身休闲,0.8736,0.95,否,,1,1,形体健身服务,,健身服务,1.0,1.0,0.85,0.1111
四川启鸿户外体育设施工程有限公司,5142,体育用品,0.8736,0.95,否,,1,1,体育用品及器材批发,,体育用品,1.0,1.0,0.85,0.1111
成都深度健身有限公司,8930,健身休闲,0.2125,0.85,否,,1,0,,健身休闲活动服务,,0.0,0.0,0.85,0.0
成都和境马术文化传播有限责任公司,8911,体育管理,0.2125,0.85,否,,1,0,,体育竞技,,0.0,0.0,0.85,0.0
成都立新引航拓展训练有限公司,8930,健身休闲,0.2125,0.85,否,,1,0,,健身辅导,,0.0,0.0,0.85,0.0
成都有点印象互动娱乐有限公司,8930,健身休闲,0.2125,0.85,否,,1,0,,健身休闲活动,,0.0,0.0,0.85,0.0
成都景江印象茶文化传播有限公司,8930,健身休闲,0.2125,0.85,否,,1,0,,食品销售棋牌室服务,,0.0,0.0,0.85,0.0
成都鲭鸿鲤体育发展有限公司,8930,健身休闲,0.2125,0.85,否,,1,0,,健身休闲活动,,0.0,0.0,0.85,0.0
成都欢城体育有限公司,8930,健身休闲,0.8736,0.95,否,,1,1,健身服务,,健身服务,1.0,1.0,0.85,0.1111
成都牧笛高尔夫球场管理有限公司,8930,健身休闲,0.2125,0.85,否,,1,0,,休闲健身娱乐活动,,0.0,0.0,0.85,0.0
成都鑫橙曦健身有限公司,8930,健身休闲,0.2125,0.85,否,,1,0,,健身休闲活动,,0.0,0.0,0.85,0.0
成都七英里体育文化传播有限公司,8919,体育赛事,0.8736,0.95,否,,1,1,组织策划体育赛事活动,,体育赛事,1.0,1.0,0.85,0.1111
成都青禾启卓拓展训练有限公司,8930,健身休闲,0.2125,0.85,否,,1,0,,体验式拓展活动,,0.0,0.0,0.85,0.0
四川军威武健身服务有限公司,8930,健身休闲,0.8736,0.95,否,,1,1,健身服务,,健身服务,1.0,1.0,0.85,0.1111
四川国际高尔夫俱乐部有限公司,8930,健身休闲,0.8736,0.95,否,,1,1,国际高尔夫俱乐部经营管理,,高尔夫,1.0,1.0,0.85,0.1111
四川酷尚户外运动有限公司,8930,健身休闲,0.8736,0.95,否,,1,1,山地户外运动,,户外运动,1.0,1.0,0.85,0.1111
成都孤狼户外运动有限公司,8911,体育赛事,0.8736,0.95,否,,1,1,体育竞赛组织,,体育竞赛,1.0,1.0,0.85,0.1111
成都言初心健身服务有限责任公司,8930,健身休闲,0.8736,0.95,否,,1,1,体育健身服务,,健身服务,1.0,1.0,0.85,0.1111
成都八沐国术文化传播有限公司,8392,体育培训,0.8736,0.95,否,,1,1,儿童跆拳道培训,,跆拳道培训,1.0,1.0,0.85,0.1111
四川巴蜀言初心健身管理有限公司,8930,健身休闲,0.2125,0.85,否,,1,0,,健身活动,,0.0,0.0,0.85,0.0
成都广和英豪文化传播有限公司,8392,体育培训,0.8736,0.95,否,,1,1,武术培训,,武术培训,1.0,1.0,0.85,0.1111
成都乾坤唯健会健身服务有限公司,8930,健身休闲,0.2125,0.85,否,,1,0,,休闲健身,,0.0,0.0,0.85,0.0
成都市蜀都比高体育文化发展有限公司,8912,体育管理,0.2125,0.85,否,,1,0,,体育保障组织,,0.0,0.0,0.85,0.0
四川星领航体育文化发展有限公司,8911,体育赛事,0.8736,0.95,否,,1,1,体育竞赛活动,,体育竞赛,1.0,1.0,0.85,0.1111
成都上舞比克体育俱乐部有限公司,8930,健身休闲,0.2125,0.85,否,,1,0,,健身休闲活动,,0.0,0.0,0.85,0.0
成都市周浩浩文化传媒有限公司,8919,体育管理,0.8736,0.95,否,,1,1,其他体育组织网络主播,,体育组织,1.0,1.0,0.85,0.1111
成都星领航乒乓球俱乐部有限公司,8911,体育赛事,0.8736,0.95,否,,1,1,体育赛事组织,,体育赛事,1.0,1.0,0.85,0.1111
四川驰源体育场馆管理有限公司,8930,健身休闲,0.8736,0.95,否,,1,1,游泳池,,游泳池,1.0,1.0,0.85,0.1111
成都市破晓承浪体育有限公司,8930,健身休闲,0.8736,0.95,否,,1,1,高危险性体育运动游泳,,游泳,1.0,1.0,0.85,0.1111
成都校园起点体育俱乐部有限公司,8392,体育培训,0.2125,0.85,否,,1,0,,体育项目培训,,0.0,0.0,0.85,0.0
成都拳明格斗体育文化传播有限公司,8392,体育培训,0.2125,0.85,否,,1,0,,格斗培训,,0.0,0.0,0.85,0.0
成都盛禾体育场馆管理有限公司,8930,健身休闲,0.8736,0.95,否,,1,1,健身游泳服务,,游泳,1.0,1.0,0.85,0.1111
四川轩月体育文化发展有限公司,8392,体育培训,0.2125,0.85,否,,1,0,,体育活动培训服务,,0.0,0.0,0.85,0.0
成都市几又体育文化传播有限公司,8911,体育管理,0.2125,0.85,否,,1,0,,体育活动宣传服务,,0.0,0.0,0.85,0.0
成都誉诚休闲健身俱乐部有限公司,8930,健身休闲,0.8736,0.95,否,,1,1,健身服务,,健身服务,1.0,1.0,0.85,0.1111
成都新领跑体育文化传播有限公司,5242,体育用品,0.8736,0.95,否,,1,1,零售体育用品,,体育用品,1.0,1.0,0.85,0.1111
成都终爵娱乐有限公司,8912,体育管理,0.2125,0.85,否,,1,0,,游艺娱乐活动,,0.0,0.0,0.85,0.0
四川寿平户外用品有限公司,8930,健身休闲,0.8736,0.95,否,,1,1,休闲健身服务,,健身服务,1.0,1.0,0.85,0.1111
四川省健乐者体育发展有限公司,8911,体育赛事,0.8736,0.95,否,,1,1,体育赛事规划,,体育赛事,1.0,1.0,0.85,0.1111
成都新羿星体育场馆管理有限责任公司,8921,体育场馆,0.8736,0.95,否,,1,1,体育场馆管理,,体育场馆,1.0,1.0,0.85,0.1111
郫县蜀昕体育文化有限公司,8392,体育用品,0.8736,0.95,否,,1,1,篮球教育,,篮球,1.0,1.0,0.85,0.1111
成都阿强光电科技有限公司,5242,体育用品,0.8736,0.95,否,,1,1,体育用品零售,,体育用品零售,1.0,1.0,0.85,0.1111
成都闫谨健身服务有限责任公司,8930,健身休闲,0.8736,0.95,否,,1,1,体育健身服务,,健身服务,1.0,1.0,0.85,0.1111
成都贴地飞行体育文化传播有限公司,9052,体育赛事,0.6611,0.9,是,纯跨界（行业代码非体育，文本有体育业务）,1,1,体育赛事策划,,赛事策划,1.0,1.0,0.0,0.1111
成都及第体育文化传播有限公司,8921,体育场馆,0.8736,0.95,否,,1,1,体育场地设施经营,,体育场地设施,1.0,1.0,0.85,0.1111
四川省飞匠钓具有限公司,5242,体育用品,0.8736,0.95,否,,1,1,渔具零售,,渔具,1.0,1.0,0.85,0.1111
成都奥图科教设备有限公司,5142,体育用品,0.8736,0.95,否,,1,1,体育器材批发,,体育器材,1.0,1.0,0.85,0.1111
成都费洛拉健康管理咨询有限公司,8392,健身休闲,0.8736,0.95,否,,1,1,瑜伽培训,,瑜伽,1.0,1.0,0.85,0.1111
成都振威国术体育文化传播有限公司,8392,体育培训,0.8736,0.95,否,,1,1,少儿武术培训,,武术培训,1.0,1.0,0.85,0.1111
成都市四季里体育文化有限公司,8930,健身休闲,0.2125,0.85,否,,1,0,,休闲健身活动,,0.0,0.0,0.85,0.0
成都市郫都区零陆壹捌体育文化传播有限公司,8930,健身休闲,0.8736,0.95,否,,1,1,健身服务,,健身服务,1.0,1.0,0.85,0.1111
成都酷猫体育俱乐部有限公司,8930,健身休闲,0.8736,0.95,否,,1,1,运动健身服务,,健身服务,1.0,1.0,0.85,0.1111
成都德议健身服务有限公司,8930,健身休闲,0.8736,0.95,否,,1,1,健身服务,,健身服务,1.0,1.0,0.85,0.1111
四川川体科技有限公司,8912,体育场馆,0.8736,0.95,否,,1,1,体育场地设施服务,,体育场地设施,1.0,1.0,0.85,0.1111
四川南沐文化传播有限公司,8930,健身休闲,0.2125,0.85,否,,1,0,,台球室娱乐,,0.0,0.0,0.85,0.0
四川野火健身服务有限公司,8930,健身休闲,0.8736,0.95,否,,1,1,健身服务,,健身服务,1.0,1.0,0.85,0.1111
成都洛奇体育运动有限公司,8392,体育培训,0.2125,0.85,否,,1,0,,自由搏击培训,,0.0,0.0,0.85,0.0
成都威玖捌健身服务有限公司,8930,健身休闲,0.2125,0.85,否,,1,0,,科学健身指导服务,,0.0,0.0,0.85,0.0
成都维雅健身服务有限公司,8930,健身休闲,0.8736,0.95,否,,1,1,健身服务,,健身服务,1.0,1.0,0.85,0.1111
成都一拳制胜体育文化传播有限公司,8392,体育培训,0.2125,0.85,否,,1,0,,少儿拳击培训,,0.0,0.0,0.85,0.0
中际成投成都建设有限公司,4892,体育场馆,0.8736,0.95,否,,1,1,体育设施设备施工,,体育设施,1.0,1.0,0.85,0.1111
成都市熊熊青枝健身服务有限公司,8930,健身休闲,0.2125,0.85,否,,1,0,,健身休闲服务,,0.0,0.0,0.85,0.0
成都乾坤享健会健身服务有限公司,8930,健身休闲,0.8736,0.95,否,,1,1,室内休闲健身服务,,健身服务,1.0,1.0,0.85,0.1111
成都武艺堂文化传播有限公司,8392,健身休闲,0.8736,0.95,否,,1,1,武术课程教育,,武术,1.0,1.0,0.85,0.1111
成都根根体育文化有限公司,8392,体育培训,0.2125,0.85,否,,1,0,,体育运动培训,,0.0,0.0,0.85,0.0
四川在路上体育场馆管理有限公司,8921,体育场馆,0.8736,0.95,否,,1,1,体育场地设施经营,,体育场地设施,1.0,1.0,0.85,0.1111
成都市大波浪娱乐有限公司,8930,健身休闲,0.8736,0.95,否,,1,1,台球服务,,台球,1.0,1.0,0.85,0.1111
即刻启能健身成都有限责任公司,8930,健身休闲,0.8736,0.95,否,,1,1,健身服务,,健身服务,1.0,1.0,0.85,0.1111
成都黑虎搏击俱乐部有限公司,8392,体育培训,0.2125,0.85,否,,1,0,,搏击培训,,0.0,0.0,0.85,0.0
成都星灵猫体育文化推广有限公司,8911,体育赛事,0.8736,0.95,否,,1,1,体育赛事举办,,体育赛事,1.0,1.0,0.85,0.1111
成都蜀之都足球俱乐部有限公司,8929,体育场馆,0.8736,0.95,否,,1,1,室外人工体育场所服务,,体育场,1.0,1.0,0.85,0.1111
成都鹰力健身管理有限责任公司,8930,健身休闲,0.8736,0.95,否,,1,1,健身服务,,健身服务,1.0,1.0,0.85,0.1111
成都乐动康成体育有限公司,7246,体育管理,0.6611,0.9,是,纯跨界（行业代码非体育，文本有体育业务）,1,1,体育咨询,,体育咨询,1.0,1.0,0.0,0.1111
成都维刻健身有限公司,8930,健身休闲,0.2125,0.85,否,,1,0,,健身运动,,0.0,0.0,0.85,0.0
成都三合珈健身管理有限公司,8930,健身休闲,0.2125,0.85,否,,1,0,,健身休闲活动,,0.0,0.0,0.85,0.0
成都铂金荟享健身服务有限公司,8930,健身休闲,0.8736,0.95,否,,1,1,健身服务,,健身服务,1.0,1.0,0.85,0.1111
成都搞个舞房文化传媒有限公司,8930,健身休闲,0.2125,0.85,否,,1,0,,舞蹈建身,,0.0,0.0,0.85,0.0
成都朗驿健身服务有限公司,8930,健身休闲,0.8736,0.95,否,,1,1,健身服务,,健身服务,1.0,1.0,0.85,0.1111
四川海纳体育设施有限公司,5142,体育用品,0.8736,0.95,否,,1,1,体育用品及器材批发,,体育用品,1.0,1.0,0.85,0.1111
成都大力体育发展有限公司,5142,体育用品,0.8736,0.95,否,,1,1,体育用品及器材批发,,体育用品,1.0,1.0,0.85,0.1111
成都聆朗教育咨询有限公司,8392,体育培训,0.2125,0.85,否,,1,0,,体育类培训,,0.0,0.0,0.85,0.0
成都思一健身服务有限公司,8930,健身休闲,0.2125,0.85,否,,1,0,,健身休闲,,0.0,0.0,0.85,0.0
成都律动铁馆健身服务有限公司,8930,健身休闲,0.8736,0.95,否,,1,1,健身服务,,健身服务,1.0,1.0,0.85,0.1111
成都比汗体育文化传媒有限公司,8930,健身休闲,0.8736,0.95,否,,1,1,休闲健身服务,,健身服务,1.0,1.0,0.85,0.1111
成都威斯特普拉斯健身服务有限公司,8930,健身休闲,0.8736,0.95,否,,1,1,健身服务,,健身服务,1.0,1.0,0.85,0.1111
成都悦动水花体育文化传播有限公司,8911,体育管理,0.2125,0.85,否,,1,0,,体育训练营,,0.0,0.0,0.85,0.0
成都向上登峰体育发展有限公司,8930,健身休闲,0.2125,0.85,否,,1,0,,体育运动,,0.0,0.0,0.85,0.0
成都市李让三分体育文化发展有限公司,8930,健身休闲,0.8736,0.95,否,,1,1,健身俱乐部,,健身俱乐部,1.0,1.0,0.85,0.1111
成都曦之元瑜伽健身有限公司,8930,健身休闲,0.8736,0.95,否,,1,1,健身服务,,健身服务,1.0,1.0,0.85,0.1111
四川开杆体育俱乐部有限公司,8930,健身休闲,0.8736,0.95,否,,1,1,台球服务,,台球,1.0,1.0,0.85,0.1111
四川亚设体育设施有限公司,5242,体育用品,0.8736,0.95,否,,1,1,体育用品零售,,体育用品零售,1.0,1.0,0.85,0.1111
成都迦禾体育文化传播有限公司,8392,体育培训,0.2125,0.85,否,,1,0,,体育教学,,0.0,0.0,0.85,0.0
成都威尔逊素质拓展训练有限公司,8930,健身休闲,0.2125,0.85,否,,1,0,,休闲健身活动,,0.0,0.0,0.85,0.0
成都甄功夫体育发展有限公司,8999,体育赛事,0.6611,0.9,是,纯跨界（行业代码非体育，文本有体育业务）,1,1,体育竞赛组织,,体育竞赛,1.0,1.0,0.0,0.1111
成都唐人骄子体育文化发展有限责任公司,8911,体育赛事,0.8736,0.95,否,,1,1,体育竞赛组织,,体育竞赛,1.0,1.0,0.85,0.1111
成都超级美天健身服务有限公司,8930,健身休闲,0.2125,0.85,否,,1,0,,健身休闲活动,,0.0,0.0,0.85,0.0
成都畅享悦动文化传播有限公司,9052,体育赛事,0.6611,0.9,是,纯跨界（行业代码非体育，文本有体育业务）,1,1,体育赛事策划策划,,赛事策划,1.0,1.0,0.0,0.1111
成都诺诚斯特体育文化传播有限公司,8930,健身休闲,0.8736,0.95,否,,1,1,健身服务,,健身服务,1.0,1.0,0.85,0.1111
成都搏威体育文化传播有限责任公司,8392,体育培训,0.8736,0.95,否,,1,1,武术培训,,武术培训,1.0,1.0,0.85,0.1111
成都梦渡户外运动有限责任公司,8919,体育管理,0.2125,0.85,否,,1,0,,体育户外活动,,0.0,0.0,0.85,0.0
成都市鸣人蓝球体育文化传播有限公司,8392,体育培训,0.8736,0.95,否,,1,1,篮球培训,,篮球培训,1.0,1.0,0.85,0.1111
成都大老虎健身服务有限公司,8930,健身休闲,0.8736,0.95,否,,1,1,健身服务,,健身服务,1.0,1.0,0.85,0.1111
四川东森林优体体育文化发展有限公司,8392,体育培训,0.2125,0.85,否,,1,0,,培训体育,,0.0,0.0,0.85,0.0
成都破茧营地健康咨询有限公司,8930,健身休闲,0.8736,0.95,否,,1,1,健身服务,,健身服务,1.0,1.0,0.85,0.1111
成都市精鹰会健身服务有限公司,8930,健身休闲,0.2125,0.85,否,,1,0,,健身活动,,0.0,0.0,0.85,0.0
贝比康体育场馆管理（成都）有限责任公司,8921,体育场馆,0.8736,0.95,否,,1,1,体育场地设施经营,,体育场地设施,1.0,1.0,0.85,0.1111
成都橡树湾黑虎搏击俱乐部有限公司,8921,体育场馆,0.8736,0.95,否,,1,1,体育场地设施经营,,体育场地设施,1.0,1.0,0.85,0.1111
成都婵汐瑜伽健身有限公司,8930,健身休闲,0.8736,0.95,否,,1,1,健身服务,,健身服务,1.0,1.0,0.85,0.1111
成都泉闵商贸有限公司,5142,体育用品,0.8736,0.95,否,,1,1,体育用品批发,,体育用品批发,1.0,1.0,0.85,0.1111
成都市雅宾利体育用品销售有限公司,8930,健身休闲,0.8736,0.95,否,,1,1,游泳服务,,游泳,1.0,1.0,0.85,0.1111
四川昌昌体育用品有限公司,5242,体育用品,0.8736,0.95,否,,1,1,体育用品零售,,体育用品零售,1.0,1.0,0.85,0.1111
成都朗力萌动体育文化发展有限公司,8911,体育赛事,0.8736,0.95,否,,1,1,体育竞赛组织,,体育竞赛,1.0,1.0,0.85,0.1111
成都力建健身服务有限公司,8930,健身休闲,0.2125,0.85,否,,1,0,,健身休闲活动,,0.0,0.0,0.85,0.0
成都壹乾健身服务有限公司,8930,健身休闲,0.2125,0.85,否,,1,0,,健身休闲活动,,0.0,0.0,0.85,0.0
成都享瘦空间体育文化传播有限公司,8930,健身休闲,0.2125,0.85,否,,1,0,,文化体育和娱乐,,0.0,0.0,0.85,0.0
成都市四幺七舞蹈健身有限公司,8930,健身休闲,0.2125,0.85,否,,1,0,,健身休闲活动,,0.0,0.0,0.85,0.0
成都旭辉健身服务有限公司,8930,健身休闲,0.2125,0.85,否,,1,0,,健身休闲活动,,0.0,0.0,0.85,0.0
成都派菲特体育文化传播有限公司,5242,体育用品,0.8736,0.95,否,,1,1,体育用品零售,,体育用品零售,1.0,1.0,0.85,0.1111
成都新征程体育发展有限公司,8392,体育培训,0.8736,0.95,否,,1,1,篮球培训服务,,篮球培训,1.0,1.0,0.85,0.1111
四川日东农业技术有限公司,8930,健身休闲,0.2125,0.85,否,,1,0,,休闲健身活动,,0.0,0.0,0.85,0.0
成都涵雅健身服务有限公司,8930,健身休闲,0.2125,0.85,否,,1,0,,健身休闲活动,,0.0,0.0,0.85,0.0
成都讯升体育发展有限公司,8392,体育培训,0.8736,0.95,否,,1,1,篮球培训,,篮球培训,1.0,1.0,0.85,0.1111
成都哲宇体育有限公司,8930,健身休闲,0.2125,0.85,否,,1,0,,健身休闲活动,,0.0,0.0,0.85,0.0
成都童跃坊体育发展有限公司,9052,体育赛事,0.6611,0.9,是,纯跨界（行业代码非体育，文本有体育业务）,1,1,体育表演活动,,体育表演,1.0,1.0,0.0,0.1111
成都牧尼户外用品有限公司,5242,体育用品,0.2125,0.85,否,,1,0,,户外用品零售,,0.0,0.0,0.85,0.0
成都酷漫总动员文化传播有限公司,8930,健身休闲,0.2125,0.85,否,,1,0,,健身休闲活动,,0.0,0.0,0.85,0.0
成都漾昂健身服务有限公司,8930,健身休闲,0.2125,0.85,否,,1,0,,健身休闲活动,,0.0,0.0,0.85,0.0
成都逐梦星成体育文化传播有限公司,8392,体育培训,0.8736,0.95,否,,1,1,篮球培训,,篮球培训,1.0,1.0,0.85,0.1111
四川蜀之篮体育文化发展有限公司,8392,体育培训,0.8736,0.95,否,,1,1,篮球培训活动,,篮球培训,1.0,1.0,0.85,0.1111
四川智高云筑建设工程有限公司,8921,体育场馆,0.8736,0.95,否,,1,1,修建体育场所,,体育场,1.0,1.0,0.85,0.1111
四川开瑞体育设施工程有限公司,4892,体育场馆,0.8736,0.95,否,,1,1,体育场地设施施工,,体育场地设施,1.0,1.0,0.85,0.1111
成都古三见体育发展有限公司,9052,体育赛事,0.6611,0.9,是,纯跨界（行业代码非体育，文本有体育业务）,1,1,体育赛事策划,,赛事策划,1.0,1.0,0.0,0.1111
成都杰冠体育文化传播有限公司,8911,体育赛事,0.8736,0.95,否,,1,1,体育竞赛组织,,体育竞赛,1.0,1.0,0.85,0.1111
成都星启航体育文化传播有限责任公司,9052,体育赛事,0.6611,0.9,是,纯跨界（行业代码非体育，文本有体育业务）,1,1,体育赛事组织,,体育赛事,1.0,1.0,0.0,0.1111
成都曾十二健身服务有限公司,8930,健身休闲,0.2125,0.85,否,,1,0,,健身休闲服务,,0.0,0.0,0.85,0.0
成都枫叶快乐徒步健身俱乐部有限公司,9052,体育管理,0.6611,0.9,是,纯跨界（行业代码非体育，文本有体育业务）,1,1,体育组织活动,,体育组织,1.0,1.0,0.0,0.1111
成都心方向教育咨询有限公司,8930,健身休闲,0.2125,0.85,否,,1,0,,体能拓展训练服务,,0.0,0.0,0.85,0.0
成都穿山甲健身服务有限公司,8930,健身休闲,0.2125,0.85,否,,1,0,,健身休闲活动服务,,0.0,0.0,0.85,0.0
成都木光瑜伽健身有限公司,8930,健身休闲,0.2125,0.85,否,,1,0,,健身休闲活动,,0.0,0.0,0.85,0.0
成都猫山王体育俱乐部有限公司,8911,体育赛事,0.8736,0.95,否,,1,1,体育竞赛组织,,体育竞赛,1.0,1.0,0.85,0.1111
成都木马安夏体育文化有限公司,8911,体育管理,0.2125,0.85,否,,1,0,,体育项目组织服务,,0.0,0.0,0.85,0.0
成都金良健身服务有限公司,8930,健身休闲,0.2125,0.85,否,,1,0,,健身休闲服务,,0.0,0.0,0.85,0.0
成都斯轲普健身有限责任公司,8930,健身休闲,0.2125,0.85,否,,1,0,,健身运动,,0.0,0.0,0.85,0.0
成都童年时光机体育文化传播有限公司,8930,健身休闲,0.2125,0.85,否,,1,0,,儿童健身咨询,,0.0,0.0,0.85,0.0
成都市海友犀利体育文化传播有限公司,8392,体育培训,0.8736,0.95,否,,1,1,体育培训服务,,体育培训,1.0,1.0,0.85,0.1111
成都厚普健身服务有限公司,8930,健身休闲,0.8736,0.95,否,,1,1,休闲健身服务,,健身服务,1.0,1.0,0.85,0.1111
成都久久健身服务有限公司,8930,健身休闲,0.8736,0.95,否,,1,1,休闲健身服务,,健身服务,1.0,1.0,0.85,0.1111
成都竟岩体育文化发展有限公司,5242,体育用品,0.8736,0.95,否,,1,1,体育用品及器材零售,,体育用品,1.0,1.0,0.85,0.1111
成都胖达六六体育文化传播有限公司,8921,体育场馆,0.8736,0.95,否,,1,1,体育场地设施经营,,体育场地设施,1.0,1.0,0.85,0.1111
成都市郫都区智宝乐乐园,8912,体育管理,0.2125,0.85,否,,1,0,,游艺娱乐活动,,0.0,0.0,0.85,0.0
成都洛夫特健身服务有限公司,8930,健身休闲,0.8736,0.95,否,,1,1,健身中心,,健身中心,1.0,1.0,0.85,0.1111
成都泳乐美健身服务有限公司,8930,健身休闲,0.8736,0.95,否,,1,1,健身服务,,健身服务,1.0,1.0,0.85,0.1111
四川蓉武堂体育文化传播有限公司,8930,健身休闲,0.8736,0.95,否,,1,1,休闲体育活动,,休闲体育,1.0,1.0,0.85,0.1111
四川伟辰体育用品有限公司,5242,体育用品,0.8736,0.95,否,,1,1,体育用品及器材零售,,体育用品,1.0,1.0,0.85,0.1111
成都蜀都捌零玖零体育文化发展有限公司,8919,体育管理,0.2125,0.85,否,,1,0,,体育活动策划,,0.0,0.0,0.85,0.0
四川桉鑫体育发展有限责任公司,8921,体育场馆,0.8736,0.95,否,,1,1,体育场地设施管理,,体育场地设施,1.0,1.0,0.85,0.1111
四川一健成名体育科技有限公司,8930,健身休闲,0.2125,0.85,否,,1,0,,健身咨询,,0.0,0.0,0.85,0.0
成都科马闻香体育文化发展有限公司,8919,体育管理,0.2125,0.85,否,,1,0,,体育类社会服务,,0.0,0.0,0.85,0.0
成都市禹苗体育文化发展有限责任公司,8392,体育用品,0.8736,0.95,否,,1,1,足球训练,,足球,1.0,1.0,0.85,0.1111
成都冶建绿道建设有限公司,4892,体育场馆,0.2125,0.85,否,,1,0,,绿道打造施工,,0.0,0.0,0.85,0.0
成都吉鲤部落渔具有限公司,5142,体育用品,0.8736,0.95,否,,1,1,渔具批发,,渔具,1.0,1.0,0.85,0.1111
石家庄印睿商贸有限公司,5142,体育用品,0.8736,0.95,否,,1,1,渔具批发,,渔具,1.0,1.0,0.85,0.1111
成都市郫都区贝贝果果体育用品销售门市部,5242,体育用品,0.8736,0.95,否,,1,1,体育用品零售,,体育用品零售,1.0,1.0,0.85,0.1111
成都天府宽窄文化传播有限公司,8911,体育赛事,0.8736,0.95,否,,1,1,体育赛事策划,,赛事策划,1.0,1.0,0.85,0.1111
成都豪乐康体育文化传播有限公司,8930,健身休闲,0.2125,0.85,否,,1,0,,休闲健身活动,,0.0,0.0,0.85,0.0
成都市郫都区魅力优博体育文化发展有限公司,8930,健身休闲,0.8736,0.95,否,,1,1,健身服务,,健身服务,1.0,1.0,0.85,0.1111
成都市郫都区佳龙电子竞技俱乐部,8930,健身休闲,0.2125,0.85,否,,1,0,,健身营销活动,,0.0,0.0,0.85,0.0
四川水龙吟文化传播有限公司,8392,体育培训,0.8736,0.95,否,,1,1,体育培训,,体育培训,1.0,1.0,0.85,0.1111
成都型动健身服务有限公司,8930,健身休闲,0.2125,0.85,否,,1,0,,健身休闲服务,,0.0,0.0,0.85,0.0
成都一起型动健身管理有限公司,8930,健身休闲,0.2125,0.85,否,,1,0,,健身活动,,0.0,0.0,0.85,0.0
乐翻了体育文化成都有限公司,8930,健身休闲,0.2125,0.85,否,,1,0,,健身休闲活动,,0.0,0.0,0.85,0.0
四川拳武格斗体育文化传播有限公司,8392,体育培训,0.2125,0.85,否,,1,0,,拳击格斗培训服务,,0.0,0.0,0.85,0.0
成都狼塔户外运动有限公司,8919,健身休闲,0.8736,0.95,否,,1,1,户外运动组织,,户外运动,1.0,1.0,0.85,0.1111
成都飞越丛林体育运动有限公司,8930,健身休闲,0.8736,0.95,否,,1,1,健身服务,,健身服务,1.0,1.0,0.85,0.1111
成都育优户外拓展有限公司,8930,健身休闲,0.2125,0.85,否,,1,0,,体能拓展训练,,0.0,0.0,0.85,0.0
四川山人行户外用品销售有限公司,5242,体育用品,0.2125,0.85,否,,1,0,,户外用品零售,,0.0,0.0,0.85,0.0
四川省勇峰马术俱乐部有限公司,8919,健身休闲,0.8736,0.95,否,,1,1,马术竞技,,马术,1.0,1.0,0.85,0.1111
成都郫都区星靖游泳馆,8930,健身休闲,0.8736,0.95,否,,1,1,游泳场所服务,,游泳,1.0,1.0,0.85,0.1111
四川松屹城市家具有限公司,5242,体育用品,0.2125,0.85,否,,1,0,,户外座椅零售,,0.0,0.0,0.85,0.0
四川嘉美嘉体育设施工程有限公司,5142,体育用品,0.8736,0.95,否,,1,1,体育用品及器材批发,,体育用品,1.0,1.0,0.85,0.1111
成都能量基地健身有限公司,8930,健身休闲,0.8736,0.95,否,,1,1,健身服务,,健身服务,1.0,1.0,0.85,0.1111
成都友联腾达贸易有限公司,5242,体育用品,0.2125,0.85,否,,1,0,,户外用品零售,,0.0,0.0,0.85,0.0
成都义兴武魂跆拳道有限公司,8930,健身休闲,0.8736,0.95,否,,1,1,武术类全民健身活动,,武术,1.0,1.0,0.85,0.1111
成都市乐舞潮舞蹈健身有限公司,8930,健身休闲,0.2125,0.85,否,,1,0,,健身休闲活动,,0.0,0.0,0.85,0.0
成都铂尊体育文化传播有限公司,8930,健身休闲,0.8736,0.95,否,,1,1,学游泳服务,,游泳,1.0,1.0,0.85,0.1111
四川津途户外运动有限公司,8930,健身休闲,0.2125,0.85,否,,1,0,,健身休闲活动,,0.0,0.0,0.85,0.0
成都格斗英豪武术文化传播有限公司,8930,健身休闲,0.2125,0.85,否,,1,0,,健身休闲活动,,0.0,0.0,0.85,0.0
成都启运体育场馆有限公司,8921,体育场馆,0.8736,0.95,否,,1,1,体育场馆,,体育场馆,1.0,1.0,0.85,0.1111
成都艾乒乒乓球俱乐部有限公司,9052,体育管理,0.6611,0.9,是,纯跨界（行业代码非体育，文本有体育业务）,1,1,体育服务,,体育服务,1.0,1.0,0.0,0.1111
成都倍乐健商贸有限公司,5242,体育用品,0.8736,0.95,否,,1,1,体育用品零售,,体育用品零售,1.0,1.0,0.85,0.1111
四川士达体育文化传播有限公司,8392,体育培训,0.8736,0.95,否,,1,1,体育培训服务,,体育培训,1.0,1.0,0.85,0.1111
成都市新津县胜利伯艾斯足球俱乐部有限公司,8392,体育用品,0.8736,0.95,否,,1,1,青少年足球技术辅导,,足球,1.0,1.0,0.85,0.1111
威加成都健身服务有限公司,8930,健身休闲,0.8736,0.95,否,,1,1,健身服务,,健身服务,1.0,1.0,0.85,0.1111
成都欧德伯艾斯足球俱乐部有限公司,8392,体育培训,0.8736,0.95,否,,1,1,足球培训,,足球培训,1.0,1.0,0.85,0.1111
成都市艾西体育文化传播有限公司,8992,体育管理,0.6611,0.9,是,纯跨界（行业代码非体育，文本有体育业务）,1,1,体育文化推广服务,,体育文化,1.0,1.0,0.0,0.1111
成都铂津体育文化传播有限公司,8930,健身休闲,0.8736,0.95,否,,1,1,健身服务,,健身服务,1.0,1.0,0.85,0.1111
成都岐悦文化传媒有限公司,8930,健身休闲,0.2125,0.85,否,,1,0,,健身活动服务,,0.0,0.0,0.85,0.0
成都华武盛世体育文化传播有限公司,9052,体育赛事,0.6611,0.9,是,纯跨界（行业代码非体育，文本有体育业务）,1,1,体育赛事策划,,赛事策划,1.0,1.0,0.0,0.1111
成都红色捍卫拓展训练有限责任公司,8930,健身休闲,0.2125,0.85,否,,1,0,,体验式拓展活动及策划,,0.0,0.0,0.85,0.0
成都三旺渔具有限责任公司,5242,体育用品,0.8736,0.95,否,,1,1,渔具零售,,渔具,1.0,1.0,0.85,0.1111
成都凯文篮球俱乐部有限公司,8911,体育赛事,0.8736,0.95,否,,1,1,体育竞赛组织服务,,体育竞赛,1.0,1.0,0.85,0.1111
四川荣津体育设施有限公司,4892,体育场馆,0.2125,0.85,否,,1,0,,塑胶场地施工铺设,,0.0,0.0,0.85,0.0
四川鑫鼎盛健身器材有限公司,5242,体育用品,0.8736,0.95,否,,1,1,零售体育器材,,体育器材,1.0,1.0,0.85,0.1111
成都乐时琪体育文化发展有限公司,9052,体育赛事,0.6611,0.9,是,纯跨界（行业代码非体育，文本有体育业务）,1,1,体育赛事策划,,赛事策划,1.0,1.0,0.0,0.1111
成都诺威马术俱乐部有限公司,8911,健身休闲,0.8736,0.95,否,,1,1,骑马养马娱乐活动,,骑马,1.0,1.0,0.85,0.1111
成都解小苟休闲健身有限公司,8930,健身休闲,0.2125,0.85,否,,1,0,,健身休闲活动,,0.0,0.0,0.85,0.0
成都邦尼体育场馆管理有限公司,8921,体育场馆,0.8736,0.95,否,,1,1,体育场馆管理,,体育场馆,1.0,1.0,0.85,0.1111
新津飞翔户外拓展有限公司,8930,健身休闲,0.2125,0.85,否,,1,0,,健身休闲活动,,0.0,0.0,0.85,0.0
成都远拓户外旅游有限公司,8930,健身休闲,0.2125,0.85,否,,1,0,,健身休闲活动,,0.0,0.0,0.85,0.0
四川成都新津博体体育文化发展有限公司,8919,体育管理,0.8736,0.95,否,,1,1,其他体育组织,,体育组织,1.0,1.0,0.85,0.1111
四川君之道体育健身服务有限公司,8930,健身休闲,0.8736,0.95,否,,1,1,体育健身服务,,健身服务,1.0,1.0,0.85,0.1111
四川溪帝渔具商贸有限公司,5142,体育用品,0.8736,0.95,否,,1,1,批发渔具,,渔具,1.0,1.0,0.85,0.1111
四川溪帝优品户外用品有限公司,5242,体育用品,0.2125,0.85,否,,1,0,,零售护具,,0.0,0.0,0.85,0.0
四川成都市新津区钓道渔具有限责任公司,5242,体育用品,0.8736,0.95,否,,1,1,渔具零售,,渔具,1.0,1.0,0.85,0.1111
成都市米兔企业管理咨询有限公司,8930,健身休闲,0.8736,0.95,否,,1,1,户外运动,,户外运动,1.0,1.0,0.85,0.1111
成都大道户外运动有限公司,8930,健身休闲,0.2125,0.85,否,,1,0,,健身休闲活动,,0.0,0.0,0.85,0.0
成都市新津区致勤艺体培训学校有限公司,8392,体育培训,0.2125,0.85,否,,1,0,,艺体培训服务,,0.0,0.0,0.85,0.0
成都众鑫渔乐体育发展有限公司,8999,体育赛事,0.4153,0.75,是,纯跨界（行业代码非体育，文本有体育业务）,20,7,一般项目：体育竞赛组织; 组织体育表演活动; 体育用品及器材零售; 体育赛事策划; 体育场地设施经营（不含高危险性体育运动）; 体育用品设备出租; 渔具销售,休闲观光活动; 组织文化艺术交流活动; 健身休闲活动; 体育健康服务; 体育保障组织; 体育中介代理服务; 户外用品销售; 水产品零售; 水产品批发; 食用农产品零售; 体验式拓展活动及策划; （除依法须经批准的项目外; 凭营业执照依法自主开展经营活动）,体育竞赛; 体育表演; 体育用品; 赛事策划; 体育场地设施; 渔具,0.35,0.9677,0.0,0.3333
金堂顺健舞蹈健身有限公司,8930,体育用品,0.6523,0.95,是,多元经营（体育+9条非体育业务）,16,7,体育场地设施经营（不含高危险性体育运动）; 体育用品及器材批发; 体育用品设备出租; 体育用品及器材零售; 体育竞赛组织; 体育赛事策划; 组织体育表演活动,一般项目：健身休闲活动; 体育健康服务; 体育保障组织; 信息咨询服务（不含许可类信息咨询服务）; 户外用品销售; 会议及展览服务; 组织文化艺术交流活动; （除依法须经批准的项目外; 凭营业执照依法自主开展经营活动）,体育场地设施; 体育用品; 体育竞赛; 赛事策划; 体育表演,0.4375,0.9259,0.85,0.3333
成都罕尼客户外运动用品有限公司,5242,体育用品,0.2125,0.85,否,,1,0,,户外用品零售,,0.0,0.0,0.85,0.0
成都市思齐围棋俱乐部有限责任公司,8930,健身休闲,0.2125,0.85,否,,1,0,,棋牌室服务,,0.0,0.0,0.85,0.0
四川省凯瀚搏击健身有限公司,8930,健身休闲,0.8736,0.95,否,,1,1,健身服务,,健身服务,1.0,1.0,0.85,0.1111
成都众禾创跃文化传播有限责任公司,8930,健身休闲,0.2125,0.85,否,,1,0,,拓展活动,,0.0,0.0,0.85,0.0
金堂绿茵小将体育培训学校有限责任公司,8392,体育培训,0.8736,0.95,否,,1,1,体育培训文化艺术训,,体育培训,1.0,1.0,0.85,0.1111
四川博霖体育场馆管理有限公司,8921,体育场馆,0.8736,0.95,否,,1,1,室内体育场所服务,,体育场,1.0,1.0,0.85,0.1111
成都仁和奕帆实业有限责任公司,5242,体育用品,0.8736,0.95,否,,1,1,体育用品零售,,体育用品零售,1.0,1.0,0.85,0.1111
成都飞越羽客体育文化推广有限公司,8930,健身休闲,0.2125,0.85,否,,1,0,,体育运动,,0.0,0.0,0.85,0.0
成都清扬壹加壹体育文化有限公司,8930,健身休闲,0.8736,0.95,否,,1,1,培训健身服务,,健身服务,1.0,1.0,0.85,0.1111
四川金武堂体育文化传播有限公司,8930,健身休闲,0.2125,0.85,否,,1,0,,搏击推广,,0.0,0.0,0.85,0.0
成都泽润体育场馆管理有限公司,8911,体育管理,0.2125,0.85,否,,1,0,,体育项目服务,,0.0,0.0,0.85,0.0
成都五思教育咨询有限公司,8392,体育培训,0.8736,0.95,否,,1,1,跆拳道培训,,跆拳道培训,1.0,1.0,0.85,0.1111
金堂县锦云豪体育培训学校有限公司,8392,体育培训,0.8736,0.95,否,,1,1,体育培训,,体育培训,1.0,1.0,0.85,0.1111
成都雲翎健身有限责任公司,8930,健身休闲,0.2125,0.85,否,,1,0,,健身休闲服务,,0.0,0.0,0.85,0.0
四川润健体育用品有限责任公司,2449,体育用品,0.8736,0.95,否,,1,1,体育用品生产,,体育用品,1.0,1.0,0.85,0.1111
成都米来体育文化发展有限公司,8392,体育培训,0.8736,0.95,否,,1,1,足球培训,,足球培训,1.0,1.0,0.85,0.1111
金堂艾锐斯特体育文化传播有限责任公司,8911,体育赛事,0.8736,0.95,否,,1,1,体育竞赛组织,,体育竞赛,1.0,1.0,0.85,0.1111
四川星途斯达尔体育文化发展有限公司,8392,体育培训,0.8736,0.95,否,,1,1,篮球培训,,篮球培训,1.0,1.0,0.85,0.1111
四川帅虎搏击俱乐部有限公司,8930,健身休闲,0.8736,0.95,否,,1,1,健身服务,,健身服务,1.0,1.0,0.85,0.1111
四川铭鑫文化传播有限责任公司,8911,体育赛事,0.8736,0.95,否,,1,1,体育赛事承办,,体育赛事,1.0,1.0,0.85,0.1111
成都二十五小时文化传播有限责任公司,8930,健身休闲,0.8736,0.95,否,,1,1,健身服务,,健身服务,1.0,1.0,0.85,0.1111
金堂县金渊乐享体育发展有限公司,8930,健身休闲,0.2125,0.85,否,,1,0,,健身休闲活动服务,,0.0,0.0,0.85,0.0
成都酷屹体育用品有限公司,5242,体育用品,0.8736,0.95,否,,1,1,体育用品及器材零售,,体育用品,1.0,1.0,0.85,0.1111
成都莲夕瑜伽健身有限公司,8930,健身休闲,0.2125,0.85,否,,1,0,,健身休闲活动,,0.0,0.0,0.85,0.0
成都盛和新锐体育文化传播有限公司,8919,体育管理,0.2125,0.85,否,,1,0,,体育训练指导服务,,0.0,0.0,0.85,0.0
四川新热浪体育场管理有限公司,9052,体育赛事,0.6611,0.9,是,纯跨界（行业代码非体育，文本有体育业务）,1,1,体育赛事策划,,赛事策划,1.0,1.0,0.0,0.1111
四川达克豪斯体育文化有限公司,5242,体育用品,0.8736,0.95,否,,1,1,体育用品零售,,体育用品零售,1.0,1.0,0.85,0.1111
四川蜀育贤德体育文化发展有限公司,8930,健身休闲,0.8736,0.95,否,,1,1,健身服务,,健身服务,1.0,1.0,0.85,0.1111
四川酷锐体育文化传播有限公司,8921,体育场馆,0.8736,0.95,否,,1,1,体育场馆管理,,体育场馆,1.0,1.0,0.85,0.1111
成都冠耀体育文化发展有限公司,8919,体育管理,0.2125,0.85,否,,1,0,,体育类社会,,0.0,0.0,0.85,0.0
成都西柚拿铁健身服务有限公司,8930,健身休闲,0.8736,0.95,否,,1,1,健身服务,,健身服务,1.0,1.0,0.85,0.1111
成都市羽航健身服务有限公司,8930,健身休闲,0.2125,0.85,否,,1,0,,健身休闲活动,,0.0,0.0,0.85,0.0
成都糖果盒文化体育有限公司,5142,体育用品,0.8736,0.95,否,,1,1,批发体育用品,,体育用品,1.0,1.0,0.85,0.1111
成都文菀商贸有限公司,5242,体育用品,0.8736,0.95,否,,1,1,体育器材零售,,体育器材,1.0,1.0,0.85,0.1111
四川妍雯祥商贸有限公司,5242,体育用品,0.8736,0.95,否,,1,1,体育用品及器材零售,,体育用品,1.0,1.0,0.85,0.1111
成都蓝水湾健身服务有限公司,8930,健身休闲,0.8736,0.95,否,,1,1,健身服务,,健身服务,1.0,1.0,0.85,0.1111
成都市启大点休闲健身有限公司,8930,健身休闲,0.8736,0.95,否,,1,1,健身服务,,健身服务,1.0,1.0,0.85,0.1111
四川金镗体育俱乐部有限责任公司,9052,体育赛事,0.6611,0.9,是,纯跨界（行业代码非体育，文本有体育业务）,1,1,体育赛事策划,,赛事策划,1.0,1.0,0.0,0.1111
成都优萃健身服务有限公司,8930,健身休闲,0.2125,0.85,否,,1,0,,健身休闲活动,,0.0,0.0,0.85,0.0
金堂小战狼体育发展有限公司,9052,体育赛事,0.6611,0.9,是,纯跨界（行业代码非体育，文本有体育业务）,1,1,组织体育表演活动,,体育表演,1.0,1.0,0.0,0.1111
四川必东伊格奈特健身管理有限公司,8930,健身休闲,0.8736,0.95,否,,1,1,健身服务,,健身服务,1.0,1.0,0.85,0.1111
成都景尚引力健身服务有限公司,8930,健身休闲,0.8736,0.95,否,,1,1,健身房健身活动,,健身房,1.0,1.0,0.85,0.1111
成都浩泰智川联一健身服务有限公司,8930,健身休闲,0.2125,0.85,否,,1,0,,健身活动,,0.0,0.0,0.85,0.0
金堂县阿普阿阿普健身房,8930,健身休闲,0.2125,0.85,否,,1,0,,健身休闲活动,,0.0,0.0,0.85,0.0
金堂县鹿之影健身馆,8930,健身休闲,0.8736,0.95,否,,1,1,健身服务,,健身服务,1.0,1.0,0.85,0.1111
成都威斯特健身服务有限公司,8930,健身休闲,0.8736,0.95,否,,1,1,健身服务,,健身服务,1.0,1.0,0.85,0.1111
成都飞旭体育文化传播有限公司,9052,体育赛事,0.6611,0.9,是,纯跨界（行业代码非体育，文本有体育业务）,1,1,组织体育表演活动,,体育表演,1.0,1.0,0.0,0.1111
四川沐浴阳光体育经纪有限公司,5242,体育用品,0.8736,0.95,否,,1,1,体育用品零售,,体育用品零售,1.0,1.0,0.85,0.1111
金堂育智体育发展有限公司,9052,体育赛事,0.6611,0.9,是,纯跨界（行业代码非体育，文本有体育业务）,1,1,组织体育表演活动,,体育表演,1.0,1.0,0.0,0.1111
成都猎寻者体育发展有限公司,8392,体育培训,0.8736,0.95,否,,1,1,篮球培训,,篮球培训,1.0,1.0,0.85,0.1111
四川川成金体育发展有限公司,8930,健身休闲,0.2125,0.85,否,,1,0,,运动类,,0.0,0.0,0.85,0.0
四川卡鲁体育文化传播有限公司,9052,体育赛事,0.6611,0.9,是,纯跨界（行业代码非体育，文本有体育业务）,1,1,体育赛事策划,,赛事策划,1.0,1.0,0.0,0.1111
成都天羽云翔航空体育运动有限公司,5623,体育培训,0.6611,0.9,是,纯跨界（行业代码非体育，文本有体育业务）,1,1,滑翔伞运动培训,,运动培训,1.0,1.0,0.0,0.1111
四川省通之道文化传播有限公司,9052,体育赛事,0.6611,0.9,是,纯跨界（行业代码非体育，文本有体育业务）,1,1,体育赛事组织,,体育赛事,1.0,1.0,0.0,0.1111
成都必燃跳动酒店管理有限公司,8930,健身休闲,0.2125,0.85,否,,1,0,,健身修闲,,0.0,0.0,0.85,0.0
金堂尚武耀德跆拳道有限公司,8930,健身休闲,0.8736,0.95,否,,1,1,健身服务,,健身服务,1.0,1.0,0.85,0.1111
四川逐梦少年足球俱乐部有限公司,8392,体育培训,0.8736,0.95,否,,1,1,足球培训,,足球培训,1.0,1.0,0.85,0.1111
成都千寻竹户外运动用品有限公司,2442,体育用品,0.8736,0.95,否,,1,1,体育用品及器材制造,,体育用品,1.0,1.0,0.85,0.1111
成都渔佳力渔具有限公司,5142,体育用品,0.8736,0.95,否,,1,1,体育用品及器材批发,,体育用品,1.0,1.0,0.85,0.1111
成都沐风户外运动有限公司,8930,健身休闲,0.2125,0.85,否,,1,0,,nan,,0.0,0.0,0.85,0.0
成都跃行足体育文化传播有限公司,8999,体育赛事,0.2921,0.75,是,纯跨界（行业代码非体育，文本有体育业务）,7,2,组织体育表演活动; 体育竞赛组织,一般项目：组织文化艺术交流活动; 教育咨询服务（不含涉许可审批的教育培训活动）; 健身休闲活动; （除依法须经批准的项目外; 凭营业执照依法自主开展经营活动）,体育表演; 体育竞赛,0.2857,0.6667,0.0,0.1111
成都猩星格斗健身有限公司,8930,健身休闲,0.2125,0.85,否,,1,0,,nan,,0.0,0.0,0.85,0.0
成都市大邑县象棋厂,2449,体育用品,0.8736,0.95,否,,1,1,其他体育用品制造,,体育用品制造,1.0,1.0,0.85,0.1111
成都尚武巨星体育文化推广有限公司,8911,体育赛事,0.8736,0.95,否,,1,1,体育竞赛组织,,体育竞赛,1.0,1.0,0.85,0.1111
成都龙威文化体育发展有限公司,8919,体育管理,0.8736,0.95,否,,1,1,其他体育组织,,体育组织,1.0,1.0,0.85,0.1111
成都遇普拉提瑜伽健身有限公司,8930,健身休闲,0.8736,0.95,否,,1,1,健身服务,,健身服务,1.0,1.0,0.85,0.1111
成都伯克森体育文化传播有限公司,8930,健身休闲,0.2125,0.85,否,,1,0,,健身休闲活动,,0.0,0.0,0.85,0.0
成都邑尚雲餐饮有限责任公司,8930,健身休闲,0.2125,0.85,否,,1,0,,棋牌娱乐服务,,0.0,0.0,0.85,0.0
成都全宇翔体育文化传播有限公司,8930,健身休闲,0.2125,0.85,否,,1,0,,健身体闲活动服务,,0.0,0.0,0.85,0.0
成都德武堂体育文化传播有限公司,8911,体育赛事,0.8736,0.95,否,,1,1,体育竞赛组织,,体育竞赛,1.0,1.0,0.85,0.1111
成都林汉体育场馆管理有限公司,8930,健身休闲,0.8736,0.95,否,,1,1,健身游泳服务,,游泳,1.0,1.0,0.85,0.1111
成都市积以户外用品有限公司,5242,体育用品,0.2125,0.85,否,,1,0,,户外用品零售,,0.0,0.0,0.85,0.0
好球成都体育器材有限公司,2442,体育用品,0.8736,0.95,否,,1,1,运动器材生产,,运动器材,1.0,1.0,0.85,0.1111
大邑诺威玄甲马术俱乐部有限公司,8911,体育赛事,0.8736,0.95,否,,1,1,体育竞赛组织,,体育竞赛,1.0,1.0,0.85,0.1111
成都玄甲马术俱乐部有限公司,8911,体育赛事,0.8736,0.95,否,,1,1,体育竞赛组织,,体育竞赛,1.0,1.0,0.85,0.1111
成都艾诺特体育用品有限公司,2449,体育用品,0.8736,0.95,否,,1,1,体育用品制造,,体育用品制造,1.0,1.0,0.85,0.1111
大邑文优体育俱乐部有限责任公司,8392,体育培训,0.8736,0.95,否,,1,1,托管篮球培训,,篮球培训,1.0,1.0,0.85,0.1111
成都九二幺健身服务有限公司,8930,健身休闲,0.2125,0.85,否,,1,0,,健身休闲活动,,0.0,0.0,0.85,0.0
四川天之邑户外用品有限公司,2449,体育用品,0.8736,0.95,否,,1,1,户外体育用品生产制造,,体育用品,1.0,1.0,0.85,0.1111
大邑县宗道体育文化工作室,5242,体育用品,0.8736,0.95,否,,1,1,体育用品设备出租临售,,体育用品,1.0,1.0,0.85,0.1111
大邑骋昊户外用品有限公司,5242,体育用品,0.8736,0.95,否,,1,1,体育用品零售,,体育用品零售,1.0,1.0,0.85,0.1111
大邑牵星未来商贸有限责任公司,9052,体育赛事,0.6611,0.9,是,纯跨界（行业代码非体育，文本有体育业务）,1,1,体育赛事策划,,赛事策划,1.0,1.0,0.0,0.1111
成都同翔户外运动有限公司,8919,健身休闲,0.8736,0.95,否,,1,1,户外运动组织策划,,户外运动,1.0,1.0,0.85,0.1111
成都花水湾冰火漂流有限公司,8930,健身休闲,0.8736,0.95,否,,1,1,漂流服务,,漂流,1.0,1.0,0.85,0.1111
四川省金骑体育运动俱乐部有限公司,8919,体育管理,0.8736,0.95,否,,1,1,体育组织,,体育组织,1.0,1.0,0.85,0.1111
四川省浩海星辰体育文化传播有限公司,9052,体育赛事,0.6611,0.9,是,纯跨界（行业代码非体育，文本有体育业务）,1,1,组织体育表演活动等,,体育表演,1.0,1.0,0.0,0.1111
大邑雾山国际乡村俱乐部有限公司,8930,健身休闲,0.2125,0.85,否,,1,0,,健身休闲活动,,0.0,0.0,0.85,0.0
成都乐登者户外运动服务有限公司,8919,健身休闲,0.8736,0.95,否,,1,1,组织户外运动,,户外运动,1.0,1.0,0.85,0.1111
成都极峰营企业管理有限公司,8930,健身休闲,0.2125,0.85,否,,1,0,,户外活动,,0.0,0.0,0.85,0.0
成都凯伟波体育俱乐部有限责任公司,8911,体育赛事,0.8736,0.95,否,,1,1,体育竞赛组织,,体育竞赛,1.0,1.0,0.85,0.1111
成都鹤鸣金泉体育文化交流有限公司,8930,健身休闲,0.8736,0.95,否,,1,1,户外拓展活动,,户外拓展,1.0,1.0,0.85,0.1111
成都三只熊体育文化发展有限公司,8919,体育管理,0.2125,0.85,否,,1,0,,文化娱乐服务,,0.0,0.0,0.85,0.0
成都达根斯体育文化传播有限公司,8911,体育赛事,0.8736,0.95,否,,1,1,体育竞赛服务,,体育竞赛,1.0,1.0,0.85,0.1111
成都静心瑜伽健身有限公司,8930,健身休闲,0.8736,0.95,否,,1,1,健身服务,,健身服务,1.0,1.0,0.85,0.1111
四川焦点体能体育俱乐部有限责任公司,8921,体育场馆,0.8736,0.95,否,,1,1,体育场馆管理,,体育场馆,1.0,1.0,0.85,0.1111
蒲江悦动健身服务有限公司,8930,健身休闲,0.2125,0.85,否,,1,0,,健身休闲活动,,0.0,0.0,0.85,0.0
蒲江县弈之山围棋俱乐部有限公司,8911,体育赛事,0.8736,0.95,否,,1,1,体育竞赛组织,,体育竞赛,1.0,1.0,0.85,0.1111
四川焦点新锐体育文化发展有限责任公司,8392,体育培训,0.8736,0.95,否,,1,1,少儿体能培训,,少儿体能,1.0,1.0,0.85,0.1111
成都战斧体育用品有限公司,5142,体育用品,0.8736,0.95,否,,1,1,体育用品批发,,体育用品批发,1.0,1.0,0.85,0.1111
成都市享瘦健身俱乐部有限责任公司,8930,健身休闲,0.2125,0.85,否,,1,0,,健身休闲活动,,0.0,0.0,0.85,0.0
成都市长秋山体育场馆管理有限公司,8919,体育管理,0.8736,0.95,否,,1,1,体育组织,,体育组织,1.0,1.0,0.85,0.1111
蒲江县力豪健身服务中心,8930,健身休闲,0.2125,0.85,否,,1,0,,健身休闲活动,,0.0,0.0,0.85,0.0
蒲江瑞靖体育发展有限责任公司,8930,健身休闲,0.2125,0.85,否,,1,0,,健身休闲活动,,0.0,0.0,0.85,0.0
成都新空间体育发展有限公司,8392,体育培训,0.8736,0.95,否,,1,1,体育培训,,体育培训,1.0,1.0,0.85,0.1111
四川省育辉体育文化发展有限责任公司,5142,体育用品,0.8736,0.95,否,,1,1,体育用品及器材批发,,体育用品,1.0,1.0,0.85,0.1111
蒲江铁头娃体育发展有限责任公司,5142,体育用品,0.8736,0.95,否,,1,1,批发体育用品,,体育用品,1.0,1.0,0.85,0.1111
四川天星优选电子商务有限公司,5142,体育用品,0.2125,0.85,否,,1,0,,户外用品批发,,0.0,0.0,0.85,0.0
四川朋贝体育设施工程有限公司,8992,体育用品,0.6611,0.9,是,纯跨界（行业代码非体育，文本有体育业务）,1,1,体育器材,,体育器材,1.0,1.0,0.0,0.1111
阿特阿瑜伽健身（成都）有限公司,8930,健身休闲,0.8736,0.95,否,,1,1,瑜伽培训,,瑜伽,1.0,1.0,0.85,0.1111
成都锐利行健身有限公司,8930,健身休闲,0.2125,0.85,否,,1,0,,健身休闲活动,,0.0,0.0,0.85,0.0
成都马掌户外运动策划有限公司,8930,健身休闲,0.2125,0.85,否,,1,0,,体育和娱乐业,,0.0,0.0,0.85,0.0
四川金博汇体育发展有限责任公司,8999,体育管理,0.6611,0.9,是,纯跨界（行业代码非体育，文本有体育业务）,1,1,其他未列明体育服务,,体育服务,1.0,1.0,0.0,0.1111
四川歌还体育文化发展有限公司,8919,体育赛事,0.8736,0.95,否,,1,1,体育竞赛组织,,体育竞赛,1.0,1.0,0.85,0.1111
四川锐德斯达足球俱乐部有限公司,8911,体育赛事,0.8736,0.95,否,,1,1,体育竞赛组织,,体育竞赛,1.0,1.0,0.85,0.1111
成都体科篮体育发展有限公司,8999,体育场馆,0.6611,0.9,是,纯跨界（行业代码非体育，文本有体育业务）,1,1,体育场地设施经营,,体育场地设施,1.0,1.0,0.0,0.1111
成都诺申体育文化发展有限公司,8919,体育管理,0.8736,0.95,否,,1,1,其他体育组织服务,,体育组织,1.0,1.0,0.85,0.1111
四川浪速体育文化发展有限公司,8911,体育赛事,0.8736,0.95,否,,1,1,体育竞赛策划,,体育竞赛,1.0,1.0,0.85,0.1111
成都聚昌盛荣户外用品销售有限公司,5142,体育用品,0.8736,0.95,否,,1,1,体育用品及器材批发,,体育用品,1.0,1.0,0.85,0.1111
成都尤里尤里体育文化发展有限公司,8919,体育管理,0.8736,0.95,否,,1,1,其他体育文化服务,,体育文化,1.0,1.0,0.85,0.1111
成都浩晨体育文化传播有限公司,8911,体育赛事,0.8736,0.95,否,,1,1,体育赛事策划,,赛事策划,1.0,1.0,0.85,0.1111
四川格胤体育文化传播有限公司,9052,体育赛事,0.6611,0.9,是,纯跨界（行业代码非体育，文本有体育业务）,1,1,体育赛事活动策划,,体育赛事,1.0,1.0,0.0,0.1111
四川华屹晨星体育文化发展有限公司,8911,体育赛事,0.8736,0.95,否,,1,1,体育竞赛组织,,体育竞赛,1.0,1.0,0.85,0.1111
成都玛雅优佳健身服务有限公司,8930,健身休闲,0.2125,0.85,否,,1,0,,健身休闲活动,,0.0,0.0,0.85,0.0
四川牙牙乐体育文化发展有限公司,5242,体育用品,0.8736,0.95,否,,1,1,体育用品及器材零售,,体育用品,1.0,1.0,0.85,0.1111
成都祺枫麓体育有限公司,8911,体育赛事,0.8736,0.95,否,,1,1,体育赛事活动组织策划,,体育赛事,1.0,1.0,0.85,0.1111
成都浩臣体育俱乐部有限公司,9052,体育赛事,0.6611,0.9,是,纯跨界（行业代码非体育，文本有体育业务）,1,1,体育赛事策划,,赛事策划,1.0,1.0,0.0,0.1111
成都博格斯体育场馆管理有限公司,8921,体育场馆,0.8736,0.95,否,,1,1,体育场馆管理,,体育场馆,1.0,1.0,0.85,0.1111
成都聚力体育文化发展有限公司,8930,健身休闲,0.2125,0.85,否,,1,0,,体育活动,,0.0,0.0,0.85,0.0
四川逸悠康体健康科技有限公司,5142,体育用品,0.8736,0.95,否,,1,1,健身器材批发,,健身器材,1.0,1.0,0.85,0.1111
成都力博健身服务有限公司,8930,健身休闲,0.2125,0.85,否,,1,0,,健身休闲活动,,0.0,0.0,0.85,0.0
成都昊太顺成体育发展有限公司,9052,体育赛事,0.6611,0.9,是,纯跨界（行业代码非体育，文本有体育业务）,1,1,体育赛事策划,,赛事策划,1.0,1.0,0.0,0.1111
成都泥巴户外运动有限公司,8930,健身休闲,0.2125,0.85,否,,1,0,,健身休闲活动,,0.0,0.0,0.85,0.0
四川南北计划体育文化发展有限公司,8911,体育赛事,0.8736,0.95,否,,1,1,体育竞赛组织,,体育竞赛,1.0,1.0,0.85,0.1111
四川塔奥体育设施有限公司,5142,体育用品,0.8736,0.95,否,,1,1,体育用品及器材批发,,体育用品,1.0,1.0,0.85,0.1111
成都希利体育文化发展有限公司,9052,体育赛事,0.6611,0.9,是,纯跨界（行业代码非体育，文本有体育业务）,1,1,体育赛事策划,,赛事策划,1.0,1.0,0.0,0.1111
四川易安体育文化发展有限公司,5242,体育用品,0.2125,0.85,否,,1,0,,球类零售,,0.0,0.0,0.85,0.0
四川动竞非凡体育文化传播有限公司,9052,体育赛事,0.6611,0.9,是,纯跨界（行业代码非体育，文本有体育业务）,1,1,体育赛事组织,,体育赛事,1.0,1.0,0.0,0.1111
四川国圣企业管理有限公司,8392,体育培训,0.8736,0.95,否,,1,1,体育培训,,体育培训,1.0,1.0,0.85,0.1111
四川奥星城体育文化传播有限公司,8921,体育场馆,0.8736,0.95,否,,1,1,体育场馆经营管理,,体育场馆,1.0,1.0,0.85,0.1111
成都诺瑞瑜伽健身有限公司,8992,健身休闲,0.6611,0.9,是,纯跨界（行业代码非体育，文本有体育业务）,1,1,健身服务,,健身服务,1.0,1.0,0.0,0.1111
成都恒运体育文化传播有限公司,8921,体育场馆,0.8736,0.95,否,,1,1,体育场馆管理,,体育场馆,1.0,1.0,0.85,0.1111
成都森屿琪户外用品有限公司,5242,体育用品,0.8736,0.95,否,,1,1,体育用品及器材零售,,体育用品,1.0,1.0,0.85,0.1111
成都天新闪动体育科技有限公司,8930,健身休闲,0.2125,0.85,否,,1,0,,健身休闲活动,,0.0,0.0,0.85,0.0
四川塑刻师健身管理有限公司,8930,健身休闲,0.8736,0.95,否,,1,1,健身服务,,健身服务,1.0,1.0,0.85,0.1111
四川功夫大咖文化传播有限公司,8930,健身休闲,0.8736,0.95,否,,1,1,健身服务,,健身服务,1.0,1.0,0.85,0.1111
成都东才体育发展有限公司,8911,体育赛事,0.8736,0.95,否,,1,1,体育竞赛组织,,体育竞赛,1.0,1.0,0.85,0.1111
四川跃悦体育发展有限公司,8911,体育赛事,0.8736,0.95,否,,1,1,体育竞赛组织,,体育竞赛,1.0,1.0,0.85,0.1111
成都爱美力健身服务有限公司,8930,健身休闲,0.8736,0.95,否,,1,1,健身服务,,健身服务,1.0,1.0,0.85,0.1111
成都华威尔健身服务有限公司,8930,健身休闲,0.2125,0.85,否,,1,0,,健身休闲活动,,0.0,0.0,0.85,0.0
成都红石体育文化发展有限公司,8930,健身休闲,0.8736,0.95,否,,1,1,健身服务,,健身服务,1.0,1.0,0.85,0.1111
成都筱佳健身服务有限公司,8930,健身休闲,0.2125,0.85,否,,1,0,,健身休闲活动,,0.0,0.0,0.85,0.0
成都志上健身服务有限责任公司,8930,健身休闲,0.2125,0.85,否,,1,0,,健身休闲活动,,0.0,0.0,0.85,0.0
四川梵瑜体育文化发展有限公司,9052,体育赛事,0.6611,0.9,是,纯跨界（行业代码非体育，文本有体育业务）,1,1,体育赛事策划服务,,赛事策划,1.0,1.0,0.0,0.1111
成都壹叁玖优佳健身服务有限公司,8911,体育赛事,0.8736,0.95,否,,1,1,体育竞赛组织,,体育竞赛,1.0,1.0,0.85,0.1111
成都梵素瑜伽有限公司,8930,健身休闲,0.8736,0.95,否,,1,1,瑜伽健身服务,,瑜伽; 健身服务,1.0,1.0,0.85,0.1111
四川锦跃锐捷体育用品有限公司,5142,体育用品,0.8736,0.95,否,,1,1,体育用品及器材批发,,体育用品,1.0,1.0,0.85,0.1111
成都市白星电力科技有限公司,2443,体育用品,0.8736,0.95,否,,1,1,健身器材制造,,健身器材,1.0,1.0,0.85,0.1111
成都振大体育场馆经营管理有限公司,8921,体育场馆,0.8736,0.95,否,,1,1,体育场馆管理,,体育场馆,1.0,1.0,0.85,0.1111
成都劲搏国豪体育文化传播有限公司,7246,体育管理,0.6611,0.9,是,纯跨界（行业代码非体育，文本有体育业务）,1,1,体育咨询,,体育咨询,1.0,1.0,0.0,0.1111
成都爱森美健身服务有限公司,8930,健身休闲,0.2125,0.85,否,,1,0,,健身休闲活动,,0.0,0.0,0.85,0.0
北上广成都体育文化发展有限公司,8919,体育管理,0.8736,0.95,否,,1,1,其他体育组织,,体育组织,1.0,1.0,0.85,0.1111
四川微团建户外运动有限责任公司,8930,健身休闲,0.8736,0.95,否,,1,1,户外运动策划,,户外运动,1.0,1.0,0.85,0.1111
成都倍利嘉商贸有限公司,5142,体育用品,0.8736,0.95,否,,1,1,体育器材批发,,体育器材,1.0,1.0,0.85,0.1111
成都蜗牛健身有限责任公司,8930,健身休闲,0.8736,0.95,否,,1,1,健身服务,,健身服务,1.0,1.0,0.85,0.1111
四川奥学体育设施有限公司,5242,体育用品,0.8736,0.95,否,,1,1,体育用品零售,,体育用品零售,1.0,1.0,0.85,0.1111
成都乐知瑞辉体育文化传播有限公司,5242,体育用品,0.8736,0.95,否,,1,1,体育用品零售,,体育用品零售,1.0,1.0,0.85,0.1111
成都思博美健身器材有限公司,5142,体育用品,0.8736,0.95,否,,1,1,健身器材批发,,健身器材,1.0,1.0,0.85,0.1111
四川众壹乐体育场馆管理有限公司,8392,体育培训,0.8736,0.95,否,,1,1,体育培训,,体育培训,1.0,1.0,0.85,0.1111
成都智行方圆体育文化传播有限责任公司,9052,体育赛事,0.6611,0.9,是,纯跨界（行业代码非体育，文本有体育业务）,1,1,体育表演服务,,体育表演,1.0,1.0,0.0,0.1111
成都瑶知马力健身服务有限公司,8930,健身休闲,0.2125,0.85,否,,1,0,,健身休闲活动,,0.0,0.0,0.85,0.0
成都市悦动美扬体育发展有限公司,8392,体育培训,0.8736,0.95,否,,1,1,少儿体育培训,,体育培训,1.0,1.0,0.85,0.1111
成都热汗体育文化发展有限责任公司,8919,体育管理,0.8736,0.95,否,,1,1,其他体育组织,,体育组织,1.0,1.0,0.85,0.1111
成都喜来体育文化发展有限公司,8919,体育管理,0.8736,0.95,否,,1,1,其他体育组织,,体育组织,1.0,1.0,0.85,0.1111
成都醒克体育文化传播有限公司,8930,健身休闲,0.8736,0.95,否,,1,1,健身服务,,健身服务,1.0,1.0,0.85,0.1111
成都博肖健身服务有限公司,8930,健身休闲,0.2125,0.85,否,,1,0,,健身休闲活动,,0.0,0.0,0.85,0.0
成都元享体育文化传播有限公司,8911,体育赛事,0.8736,0.95,否,,1,1,组织体育竞赛,,体育竞赛,1.0,1.0,0.85,0.1111
成都爱动美刻体育场馆管理有限责任公司,8930,健身休闲,0.8736,0.95,否,,1,1,游泳健身服务,,游泳; 健身服务,1.0,1.0,0.85,0.1111
成都觅伽健康管理有限公司,8930,健身休闲,0.2125,0.85,否,,1,0,,室内健身运动,,0.0,0.0,0.85,0.0
成都欧润知体育文化传播有限公司,8392,体育培训,0.8736,0.95,否,,1,1,体育培训,,体育培训,1.0,1.0,0.85,0.1111
成都如虎添亿文化传播有限公司,8930,健身休闲,0.8736,0.95,否,,1,1,休闲健身服务,,健身服务,1.0,1.0,0.85,0.1111
四川九霄凌翅体育俱乐部有限公司,8392,体育培训,0.8736,0.95,否,,1,1,体育培训,,体育培训,1.0,1.0,0.85,0.1111
成都洲周体育设施有限公司,5242,体育用品,0.8736,0.95,否,,1,1,体育用品零售,,体育用品零售,1.0,1.0,0.85,0.1111
成都羽友奈斯羽毛球俱乐部有限公司,8930,健身休闲,0.2125,0.85,否,,1,0,,健身休闲活动,,0.0,0.0,0.85,0.0
成都顺扬体育场馆管理有限公司,8921,体育场馆,0.8736,0.95,否,,1,1,体育场馆管理,,体育场馆,1.0,1.0,0.85,0.1111
成都瑜小朵健身有限公司,8930,健身休闲,0.2125,0.85,否,,1,0,,健身休闲服务,,0.0,0.0,0.85,0.0
四川梓博行体育文化发展有限公司,9052,体育赛事,0.6611,0.9,是,纯跨界（行业代码非体育，文本有体育业务）,1,1,体育赛事策划服务,,赛事策划,1.0,1.0,0.0,0.1111
成都笃晔宜罡体育俱乐部有限公司,8911,体育赛事,0.8736,0.95,否,,1,1,体育竞赛组织,,体育竞赛,1.0,1.0,0.85,0.1111
成都南祥龙健身服务有限公司,8930,健身休闲,0.2125,0.85,否,,1,0,,健身休闲服务,,0.0,0.0,0.85,0.0
成都伽益瑜伽健身有限公司,8930,健身休闲,0.2125,0.85,否,,1,0,,健身休闲活动,,0.0,0.0,0.85,0.0
四川希华广银商贸有限公司,7122,体育用品,0.6611,0.9,是,纯跨界（行业代码非体育，文本有体育业务）,1,1,体育用品设备出租,,体育用品,1.0,1.0,0.0,0.1111
成都十方喜安健身管理有限公司,8930,健身休闲,0.2125,0.85,否,,1,0,,健身休闲活动,,0.0,0.0,0.85,0.0
成都三十七度健身服务有限公司,8930,健身休闲,0.2125,0.85,否,,1,0,,健身休闲活动,,0.0,0.0,0.85,0.0
四川青蓝聚星体育科技有限公司,8392,体育培训,0.8736,0.95,否,,1,1,篮球培训,,篮球培训,1.0,1.0,0.85,0.1111
四川善益行商贸有限公司,5142,体育用品,0.8736,0.95,否,,1,1,体育用品批发,,体育用品批发,1.0,1.0,0.85,0.1111
成都怡家麓瑜伽健身有限公司,8930,健身休闲,0.2125,0.85,否,,1,0,,健身休闲活动,,0.0,0.0,0.85,0.0
四川光耀体育文化发展有限公司,8919,体育管理,0.8736,0.95,否,,1,1,其他体育组织,,体育组织,1.0,1.0,0.85,0.1111
成都欧义润知体育文化传播有限公司,8392,体育培训,0.8736,0.95,否,,1,1,体育培训,,体育培训,1.0,1.0,0.85,0.1111
四川腾兆亿建筑工程有限公司,4892,体育场馆,0.8736,0.95,否,,1,1,体育场地设施工程施工,,体育场地设施,1.0,1.0,0.85,0.1111
成都象和体育文化传播有限公司,8392,体育培训,0.8736,0.95,否,,1,1,体育培训,,体育培训,1.0,1.0,0.85,0.1111
成都名都汇健身服务有限公司,8930,健身休闲,0.2125,0.85,否,,1,0,,健身休闲娱乐活动,,0.0,0.0,0.85,0.0
成都心澄普拉提瑜伽健身有限公司,8930,健身休闲,0.2125,0.85,否,,1,0,,健身休闲娱乐服务,,0.0,0.0,0.85,0.0
四川雷特体育发展有限公司,5142,体育用品,0.8736,0.95,否,,1,1,体育用品批发,,体育用品批发,1.0,1.0,0.85,0.1111
成都市六时科技发展有限公司,8930,健身休闲,0.8736,0.95,否,,1,1,健身服务类,,健身服务,1.0,1.0,0.85,0.1111
成都达根斯马术有限公司,7246,体育管理,0.6611,0.9,是,纯跨界（行业代码非体育，文本有体育业务）,1,1,体育咨询,,体育咨询,1.0,1.0,0.0,0.1111
成都童羽体育科技有限公司,7246,体育管理,0.6611,0.9,是,纯跨界（行业代码非体育，文本有体育业务）,1,1,体育咨询,,体育咨询,1.0,1.0,0.0,0.1111
成都放酷体育文化发展有限公司,9052,体育赛事,0.6611,0.9,是,纯跨界（行业代码非体育，文本有体育业务）,1,1,组织体育表演活动,,体育表演,1.0,1.0,0.0,0.1111
成都市迈夺体育文化传播有限责任公司,7246,体育管理,0.6611,0.9,是,纯跨界（行业代码非体育，文本有体育业务）,1,1,体育咨询,,体育咨询,1.0,1.0,0.0,0.1111
四川凯拓润宸体育文化发展有限公司,8919,体育管理,0.2125,0.85,否,,1,0,,文化服务,,0.0,0.0,0.85,0.0
成都朋乐电子游戏馆,8912,体育管理,0.2125,0.85,否,,1,0,,游艺娱乐活动,,0.0,0.0,0.85,0.0
成都市龙霖体育文化传播有限公司,8392,体育培训,0.8736,0.95,否,,1,1,篮球培训,,篮球培训,1.0,1.0,0.85,0.1111
成都蓝凯瑞体育用品有限责任公司,5242,体育用品,0.8736,0.95,否,,1,1,健身器材零售,,健身器材,1.0,1.0,0.85,0.1111
四川必拓体育发展有限公司,5242,体育用品,0.8736,0.95,否,,1,1,健身器材零售,,健身器材,1.0,1.0,0.85,0.1111
成都舒华体育用品有限公司,5242,体育用品,0.8736,0.95,否,,1,1,体育用品零售,,体育用品零售,1.0,1.0,0.85,0.1111
四川省星辉之路体育俱乐部有限公司,8392,体育培训,0.2125,0.85,否,,1,0,,体育训练服务,,0.0,0.0,0.85,0.0
成都新泰明体育科技有限公司,8911,体育赛事,0.8736,0.95,否,,1,1,体育赛事服务,,体育赛事,1.0,1.0,0.85,0.1111
成都亨德乐体育文化传播有限公司,8911,体育赛事,0.8736,0.95,否,,1,1,体育赛事组织,,体育赛事,1.0,1.0,0.85,0.1111
四川四剑客体育用品有限公司,8930,健身休闲,0.8736,0.95,否,,1,1,台球服务,,台球,1.0,1.0,0.85,0.1111
四川天府力龙体育文化传播有限公司,8392,体育培训,0.8736,0.95,否,,1,1,网球培训,,网球培训,1.0,1.0,0.85,0.1111
成都伊源商贸有限公司,5242,体育用品,0.8736,0.95,否,,1,1,文化体育用品零售,,体育用品零售,1.0,1.0,0.85,0.1111
成都永真谊体育文化发展有限公司,8919,体育管理,0.8736,0.95,否,,1,1,其他体育组织,,体育组织,1.0,1.0,0.85,0.1111
成都福锦泰贸易有限公司,5242,体育用品,0.8736,0.95,否,,1,1,体育器材零售,,体育器材,1.0,1.0,0.85,0.1111
四川大力事机电工程有限公司,4892,体育场馆,0.8736,0.95,否,,1,1,体育场地设施工程施工,,体育场地设施,1.0,1.0,0.85,0.1111
成都蓝宝石健身管理有限公司,8930,健身休闲,0.2125,0.85,否,,1,0,,健身休闲活动,,0.0,0.0,0.85,0.0
四川省皇嘉联创体育文化产业发展有限公司,8911,体育赛事,0.8736,0.95,否,,1,1,体育竞赛组织服务,,体育竞赛,1.0,1.0,0.85,0.1111
四川伊麦尔商贸有限公司,5242,体育用品,0.8736,0.95,否,,1,1,体育用品零售,,体育用品零售,1.0,1.0,0.85,0.1111
成都景祥体育用品有限公司,5242,体育用品,0.8736,0.95,否,,1,1,体育用品及器材零售,,体育用品,1.0,1.0,0.85,0.1111
成都天谊体育文化发展有限公司,8930,健身休闲,0.8736,0.95,否,,1,1,水上运动组织服务,,水上运动,1.0,1.0,0.85,0.1111
成都柏林文化传播有限公司,8919,体育管理,0.8736,0.95,否,,1,1,其他体育组织,,体育组织,1.0,1.0,0.85,0.1111
成都逐马体育文化发展有限公司,8919,体育管理,0.2125,0.85,否,,1,0,,文化艺术,,0.0,0.0,0.85,0.0
四川野行者户外运动有限公司,8930,健身休闲,0.2125,0.85,否,,1,0,,文化娱乐,,0.0,0.0,0.85,0.0
成都天翊虎少体育文化传播有限公司,8919,体育管理,0.2125,0.85,否,,1,0,,文化服务,,0.0,0.0,0.85,0.0
四川成都冰趣体育文化发展有限公司,8919,体育管理,0.2125,0.85,否,,1,0,,文化服务,,0.0,0.0,0.85,0.0
成都久浩体育文化发展有限公司,8919,体育管理,0.2125,0.85,否,,1,0,,文化艺术,,0.0,0.0,0.85,0.0
成都悦城芈亚瑜伽健身有限责任公司,8930,健身休闲,0.2125,0.85,否,,1,0,,文化娱乐,,0.0,0.0,0.85,0.0
昇晨乔达成都体育文化传播有限公司,8911,体育管理,0.2125,0.85,否,,1,0,,文化娱乐,,0.0,0.0,0.85,0.0
成都天欣体育文化传播有限公司,8919,体育管理,0.2125,0.85,否,,1,0,,文化娱乐,,0.0,0.0,0.85,0.0
成都浪尖体育设施销售有限公司,5242,体育用品,0.2125,0.85,否,,1,0,,综合零售,,0.0,0.0,0.85,0.0
成都欣蓉体育俱乐部有限公司,8911,体育管理,0.2125,0.85,否,,1,0,,文化艺术,,0.0,0.0,0.85,0.0
成都雷索尔体育文化传播有限公司,8911,体育管理,0.2125,0.85,否,,1,0,,文化服务,,0.0,0.0,0.85,0.0
四川心动励户外运动有限公司,8911,体育管理,0.2125,0.85,否,,1,0,,文化艺术,,0.0,0.0,0.85,0.0
成都大悦砾岩体育文化发展有限公司,8919,体育管理,0.2125,0.85,否,,1,0,,文化娱乐,,0.0,0.0,0.85,0.0
四川水花城堡体育文化传播有限公司,8911,体育赛事,0.8736,0.95,否,,1,1,体育赛事组织活动,,体育赛事,1.0,1.0,0.85,0.1111
英士博成都体育科技有限公司,8911,体育管理,0.2125,0.85,否,,1,0,,体育宣传服务,,0.0,0.0,0.85,0.0
成都梦宇足球俱乐部有限公司,8911,体育赛事,0.8736,0.95,否,,1,1,体育竞赛组织服务,,体育竞赛,1.0,1.0,0.85,0.1111
成都九井文创文化传播有限公司,8999,体育管理,0.6611,0.9,是,纯跨界（行业代码非体育，文本有体育业务）,1,1,其他未列明体育服务,,体育服务,1.0,1.0,0.0,0.1111
四川壬卯体育发展有限公司,8930,健身休闲,0.2125,0.85,否,,1,0,,健身休闲活动,,0.0,0.0,0.85,0.0
成都带你玩体育文化传播集团有限公司,8930,健身休闲,0.2125,0.85,否,,1,0,,健身休闲活动,,0.0,0.0,0.85,0.0
成都环信体育文化发展有限责任公司,9052,体育赛事,0.6611,0.9,是,纯跨界（行业代码非体育，文本有体育业务）,1,1,体育赛事策划,,赛事策划,1.0,1.0,0.0,0.1111
成都王迪亨文化传播有限公司,8921,体育场馆,0.8736,0.95,否,,1,1,体育场馆经营,,体育场馆,1.0,1.0,0.85,0.1111
四川省豪威马术俱乐部有限公司,2449,体育用品,0.8736,0.95,否,,1,1,体育用品制造,,体育用品制造,1.0,1.0,0.85,0.1111
成都钛格物联科技有限公司,9052,体育赛事,0.6611,0.9,是,纯跨界（行业代码非体育，文本有体育业务）,1,1,体育赛事策划,,赛事策划,1.0,1.0,0.0,0.1111
成都天府恒正体育发展中心有限合伙,8921,体育场馆,0.2125,0.85,否,,1,0,,体育运动场馆服务,,0.0,0.0,0.85,0.0
成都竞登体育文化传播有限责任公司,8930,健身休闲,0.2125,0.85,否,,1,0,,健身娱乐,,0.0,0.0,0.85,0.0
成都武耀华阳体育文化发展有限公司,8392,体育培训,0.8736,0.95,否,,1,1,武术培训,,武术培训,1.0,1.0,0.85,0.1111
成都以昇体育文化发展有限公司,8919,体育赛事,0.8736,0.95,否,,1,1,体育表演活动,,体育表演,1.0,1.0,0.85,0.1111
成都蓝非瑜伽健身有限公司,8930,健身休闲,0.2125,0.85,否,,1,0,,健身活动,,0.0,0.0,0.85,0.0
四川星耀优篮体育发展有限公司,9052,体育管理,0.6611,0.9,是,纯跨界（行业代码非体育，文本有体育业务）,1,1,体育服务,,体育服务,1.0,1.0,0.0,0.1111
成都骐骥之跃体育文化发展有限公司,9052,体育赛事,0.6611,0.9,是,纯跨界（行业代码非体育，文本有体育业务）,1,1,体育赛事策划,,赛事策划,1.0,1.0,0.0,0.1111
成都西蒙健身服务有限公司,8930,健身休闲,0.8736,0.95,否,,1,1,健身服务,,健身服务,1.0,1.0,0.85,0.1111
四川跃动年华户外拓展有限公司,8930,健身休闲,0.8736,0.95,否,,1,1,健身服务,,健身服务,1.0,1.0,0.85,0.1111
成都乐知南卡体育文化传播有限公司,8911,体育赛事,0.8736,0.95,否,,1,1,体育竞赛组织,,体育竞赛,1.0,1.0,0.85,0.1111
四川舟舟织午体育文化传播有限公司,8911,体育赛事,0.8736,0.95,否,,1,1,体育竞赛组织,,体育竞赛,1.0,1.0,0.85,0.1111
成都海曼体育赛事策划有限公司,8911,体育管理,0.2125,0.85,否,,1,0,,nan,,0.0,0.0,0.85,0.0
成都麓山国际乡村俱乐部有限公司,8930,体育管理,0.8736,0.95,否,,1,1,其他未列明体育服务,,体育服务,1.0,1.0,0.85,0.1111
成都潘达星体育文化传播有限公司,8919,体育管理,0.2125,0.85,否,,1,0,,nan,,0.0,0.0,0.85,0.0
四川环营科技有限公司,5242,体育用品,0.8736,0.95,否,,1,1,体育用品及器材零售,,体育用品,1.0,1.0,0.85,0.1111
成都毅血体育有限责任公司,8911,体育赛事,0.8736,0.95,否,,1,1,体育竞赛组织,,体育竞赛,1.0,1.0,0.85,0.1111
四川省马赛汽车运动文化有限责任公司,8911,体育赛事,0.8736,0.95,否,,1,1,体育竞赛组织,,体育竞赛,1.0,1.0,0.85,0.1111
成都境界户外运动有限公司,8930,健身休闲,0.2125,0.85,否,,1,0,,健身休闲活动,,0.0,0.0,0.85,0.0
四川觅途山河体育发展有限公司,8911,体育赛事,0.8736,0.95,否,,1,1,体育赛事策划,,赛事策划,1.0,1.0,0.85,0.1111
成都启成联合体育场馆管理有限公司,8921,体育用品,0.8847,0.95,否,,1,1,羽毛球场馆租赁,,羽毛球; 场馆租赁,1.0,1.0,0.85,0.2222
成都乐动精灵体育运动有限责任公司,8930,健身休闲,0.2125,0.85,否,,1,0,,健身休闲活动,,0.0,0.0,0.85,0.0
成都跑起来体育文化发展有限公司,8911,体育赛事,0.8736,0.95,否,,1,1,体育竞赛组织,,体育竞赛,1.0,1.0,0.85,0.1111
成都古麓瑜伽健身有限公司,8930,健身休闲,0.2125,0.85,否,,1,0,,健身休闲活动,,0.0,0.0,0.85,0.0
成都真诠松溪健身服务有限公司,8930,健身休闲,0.2125,0.85,否,,1,0,,健身休闲活动服务,,0.0,0.0,0.85,0.0
成都复倍健身服务有限公司,8930,健身休闲,0.2125,0.85,否,,1,0,,健身休闲活动服务,,0.0,0.0,0.85,0.0
成都喜栎体育文化发展有限公司,8930,健身休闲,0.8736,0.95,否,,1,1,瑜伽服务,,瑜伽,1.0,1.0,0.85,0.1111
成都万事丰登健身服务有限公司,8930,健身休闲,0.2125,0.85,否,,1,0,,健身休闲活动服务,,0.0,0.0,0.85,0.0
成都银牛体育文化发展有限公司,8911,体育赛事,0.8736,0.95,否,,1,1,体育赛事策划,,赛事策划,1.0,1.0,0.85,0.1111
成都壹年健身服务有限公司,8930,健身休闲,0.8736,0.95,否,,1,1,健身房服务,,健身房,1.0,1.0,0.85,0.1111
成都玛尚赛德睿体育用品有限公司,5242,体育用品,0.8736,0.95,否,,1,1,体育用品零售服务,,体育用品零售,1.0,1.0,0.85,0.1111
成都飞跃达优体育文化发展有限公司,8930,体育培训,0.8736,0.95,否,,1,1,儿童体能训练服务,,体能训练,1.0,1.0,0.85,0.1111
成都锦恩体育文化传播有限公司,8911,体育赛事,0.8736,0.95,否,,1,1,体育竞赛组织,,体育竞赛,1.0,1.0,0.85,0.1111
成都沐氧森林健身有限公司,8930,健身休闲,0.8736,0.95,否,,1,1,健身服务,,健身服务,1.0,1.0,0.85,0.1111
成都市远易优游乐设备有限公司,5242,体育用品,0.8736,0.95,否,,1,1,体育用品及器材零售,,体育用品,1.0,1.0,0.85,0.1111
四川竞奥迎胜体育文化发展有限公司,8919,体育管理,0.2125,0.85,否,,1,0,,组织体育活动,,0.0,0.0,0.85,0.0
成都新兴响声健身服务有限公司,8930,健身休闲,0.2125,0.85,否,,1,0,,健身休闲活动,,0.0,0.0,0.85,0.0
成都市诚悦创商贸有限公司,5242,体育用品,0.8736,0.95,否,,1,1,体育用品零售,,体育用品零售,1.0,1.0,0.85,0.1111
成都鼎众武搏击健身俱乐部,8930,健身休闲,0.8736,0.95,否,,1,1,健身服务,,健身服务,1.0,1.0,0.85,0.1111
成都未来跃动体育文化传播有限公司,8930,健身休闲,0.2125,0.85,否,,1,0,,健身娱乐,,0.0,0.0,0.85,0.0
成都石榴加八健身服务有限公司,8930,健身休闲,0.2125,0.85,否,,1,0,,健身休闲活动,,0.0,0.0,0.85,0.0
蓉迪梦成都体育场馆管理中心,8921,体育场馆,0.8736,0.95,否,,1,1,体育场馆管理服务,,体育场馆,1.0,1.0,0.85,0.1111
四川羽言竞技渔具有限公司,5242,体育用品,0.8736,0.95,否,,1,1,体育用品及器材零售,,体育用品,1.0,1.0,0.85,0.1111
成都市兴鑫拓展训练有限公司,8930,健身休闲,0.2125,0.85,否,,1,0,,体能拓展训练服务,,0.0,0.0,0.85,0.0
成都骁腾文化传播有限公司,8921,体育场馆,0.2125,0.85,否,,1,0,,球场管理服务,,0.0,0.0,0.85,0.0
成都铭昊天娇搏击俱乐部,8911,健身休闲,0.8736,0.95,否,,1,1,组织跆拳道活动,,跆拳道,1.0,1.0,0.85,0.1111
铭泰体育场馆管理（成都）有限公司,8911,体育赛事,0.8736,0.95,否,,1,1,体育竞赛组织,,体育竞赛,1.0,1.0,0.85,0.1111
成都鼎龙冠体育文化传播有限公司,5142,体育用品,0.8736,0.95,否,,1,1,体育器材批发,,体育器材,1.0,1.0,0.85,0.1111
高新区空山新瑜伽馆,8930,健身休闲,0.8736,0.95,否,,1,1,瑜伽服务,,瑜伽,1.0,1.0,0.85,0.1111
成都倾城蜂动体育文化传播有限公司,8930,健身休闲,0.2125,0.85,否,,1,0,,健身活动,,0.0,0.0,0.85,0.0
成都誉佳宸宏晟体育文化传播有限公司,8930,健身休闲,0.8736,0.95,否,,1,1,攀岩馆服务,,攀岩,1.0,1.0,0.85,0.1111
四川全兴青少年足球俱乐部有限公司,9054,体育传媒,0.6611,0.9,是,纯跨界（行业代码非体育，文本有体育业务）,1,1,体育经纪服务,,体育经纪,1.0,1.0,0.0,0.1111
成都星锐健身有限公司,8930,健身休闲,0.8736,0.95,否,,1,1,健身服务,,健身服务,1.0,1.0,0.85,0.1111
成都领腾健身器材有限公司,5142,体育用品,0.8736,0.95,否,,1,1,健身器材批发,,健身器材,1.0,1.0,0.85,0.1111
成都嗨马乐动体育发展有限公司,8921,体育场馆,0.8736,0.95,否,,1,1,体育场管理,,体育场,1.0,1.0,0.85,0.1111
成都勇者无畏体育文化传播有限公司,8930,健身休闲,0.8736,0.95,否,,1,1,健身房服务,,健身房,1.0,1.0,0.85,0.1111
成都弘信网球俱乐部有限公司,8911,体育用品,0.8736,0.95,否,,1,1,网球俱乐部服务,,网球,1.0,1.0,0.85,0.1111
动乐康体育发展成都有限责任公司,8930,健身休闲,0.8736,0.95,否,,1,1,健身服务,,健身服务,1.0,1.0,0.85,0.1111
成都一拳者文化传播有限公司,8392,体育培训,0.2125,0.85,否,,1,0,,拳击培训,,0.0,0.0,0.85,0.0
四川恒刚体育文化发展有限公司,8930,健身休闲,0.8736,0.95,否,,1,1,健身服务,,健身服务,1.0,1.0,0.85,0.1111
成都恒伯尼健身服务有限公司,8930,健身休闲,0.8736,0.95,否,,1,1,健身服务,,健身服务,1.0,1.0,0.85,0.1111
四川新塑健身服务有限公司,8930,健身休闲,0.8736,0.95,否,,1,1,健身服务,,健身服务,1.0,1.0,0.85,0.1111
成都金刚健身服务有限公司,8930,健身休闲,0.8736,0.95,否,,1,1,健身服务,,健身服务,1.0,1.0,0.85,0.1111
成都唯创美汇商贸有限公司,5142,体育用品,0.8736,0.95,否,,1,1,日用品体育用品批发,,体育用品批发,1.0,1.0,0.85,0.1111
成都全普能体育发展有限公司,8930,健身休闲,0.2125,0.85,否,,1,0,,健身休闲活动,,0.0,0.0,0.85,0.0
成都恒秭盛源体育文化传播有限公司,8930,健身休闲,0.8736,0.95,否,,1,1,健身服务,,健身服务,1.0,1.0,0.85,0.1111
成都凌绝顶文化传播有限公司,8930,健身休闲,0.8736,0.95,否,,1,1,健身服务,,健身服务,1.0,1.0,0.85,0.1111
四川乐跑科技有限公司,8930,健身休闲,0.8736,0.95,否,,1,1,健身服务,,健身服务,1.0,1.0,0.85,0.1111
成都全昕体育文化传播中心有限合伙,9054,体育传媒,0.6611,0.9,是,纯跨界（行业代码非体育，文本有体育业务）,1,1,体育经纪服务,,体育经纪,1.0,1.0,0.0,0.1111
成都灵韵健身有限公司,8930,健身休闲,0.2125,0.85,否,,1,0,,健身休闲活动,,0.0,0.0,0.85,0.0
四川晶芯百讯科技有限公司,8930,健身休闲,0.8736,0.95,否,,1,1,健身服务,,健身服务,1.0,1.0,0.85,0.1111
成都美盈体育文化传播有限公司,8930,健身休闲,0.2125,0.85,否,,1,0,,健身休闲活动,,0.0,0.0,0.85,0.0
四川中德时代健康管理有限公司,8930,健身休闲,0.8736,0.95,否,,1,1,运动康复训练,,康复训练,1.0,1.0,0.85,0.1111
四川博灿体育器械有限公司,5242,体育用品,0.2125,0.85,否,,1,0,,体育器械零售,,0.0,0.0,0.85,0.0
成都清渊健身有限公司,8930,健身休闲,0.8736,0.95,否,,1,1,健身房服务,,健身房,1.0,1.0,0.85,0.1111
成都迈西教育咨询有限公司,8392,体育培训,0.8736,0.95,否,,1,1,婴幼儿亲子游泳培训,,游泳培训,1.0,1.0,0.85,0.1111
成都合众灿丰贸易有限公司,5142,体育用品,0.8736,0.95,否,,1,1,健身器材批发,,健身器材,1.0,1.0,0.85,0.1111
成都威玖玖体育文化传播有限公司,8930,健身休闲,0.2125,0.85,否,,1,0,,组织策划文化艺术交流活动,,0.0,0.0,0.85,0.0
成都亿动爱朴科技有限公司,8930,健身休闲,0.8736,0.95,否,,1,1,健身服务,,健身服务,1.0,1.0,0.85,0.1111
成都中体足球文化传播有限公司,8921,体育场馆,0.8736,0.95,否,,1,1,体育场馆管理,,体育场馆,1.0,1.0,0.85,0.1111
成都中恒沃德电子商务有限公司,8921,体育场馆,0.8736,0.95,否,,1,1,体育场馆服务,,体育场馆,1.0,1.0,0.85,0.1111
成都源起健身管理有限公司,8930,健身休闲,0.8736,0.95,否,,1,1,健身服务,,健身服务,1.0,1.0,0.85,0.1111
成都博思坦健身服务有限公司,8930,健身休闲,0.8736,0.95,否,,1,1,健身服务,,健身服务,1.0,1.0,0.85,0.1111
四川跆语体育文化传播有限责任公司,8392,体育培训,0.8736,0.95,否,,1,1,跆拳道培训,,跆拳道培训,1.0,1.0,0.85,0.1111
高新区欧姆瑜伽健身工作室,8930,健身休闲,0.2125,0.85,否,,1,0,,体育健身,,0.0,0.0,0.85,0.0
成都黑光动画有限公司,8930,健身休闲,0.2125,0.85,否,,1,0,,影视制作,,0.0,0.0,0.85,0.0
成都万尚体育文化传播有限责任公司,8921,体育场馆,0.8736,0.95,否,,1,1,体育场馆服务,,体育场馆,1.0,1.0,0.85,0.1111
成都海山文化传播有限公司,8911,体育管理,0.2125,0.85,否,,1,0,,体育宣传服务,,0.0,0.0,0.85,0.0
四川毅拼体育文化传播有限公司,9052,体育管理,0.6611,0.9,是,纯跨界（行业代码非体育，文本有体育业务）,1,1,体育服务,,体育服务,1.0,1.0,0.0,0.1111
四川环福体育经纪发展有限公司,9052,体育赛事,0.6611,0.9,是,纯跨界（行业代码非体育，文本有体育业务）,1,1,赛事服务,,赛事服务,1.0,1.0,0.0,0.1111
成都宇翔体育场馆管理有限公司,8921,体育场馆,0.8736,0.95,否,,1,1,体育场馆管理,,体育场馆,1.0,1.0,0.85,0.1111
成都迪克吧健身服务有限公司,8911,体育赛事,0.8736,0.95,否,,1,1,体育赛事策划,,赛事策划,1.0,1.0,0.85,0.1111
成都金羽天翼体育运动有限公司,8921,体育场馆,0.8736,0.95,否,,1,1,体育场馆经营服务,,体育场馆,1.0,1.0,0.85,0.1111
成都健轩功房健康管理有限公司,8930,健身休闲,0.8736,0.95,否,,1,1,健身服务,,健身服务,1.0,1.0,0.85,0.1111
四川森鸿体育场馆管理有限公司,8930,健身休闲,0.2125,0.85,否,,1,0,,格斗健身,,0.0,0.0,0.85,0.0
成都桦润文化传媒有限公司,9052,体育赛事,0.6611,0.9,是,纯跨界（行业代码非体育，文本有体育业务）,1,1,组织体育表演活动,,体育表演,1.0,1.0,0.0,0.1111
成都爱嘉美嘉健身服务有限公司,8930,健身休闲,0.8736,0.95,否,,1,1,健身服务,,健身服务,1.0,1.0,0.85,0.1111
成都成视体育发展有限公司,9052,体育赛事,0.6611,0.9,是,纯跨界（行业代码非体育，文本有体育业务）,1,1,体育表演服务,,体育表演,1.0,1.0,0.0,0.1111
四川源创泰蓉科技有限公司,5142,体育用品,0.8736,0.95,否,,1,1,体育用品批发,,体育用品批发,1.0,1.0,0.85,0.1111
四川中博蓉超体育文化传播有限公司,8392,体育培训,0.2125,0.85,否,,1,0,,体育项目教学,,0.0,0.0,0.85,0.0
成都新娱时代贸易有限公司,5242,体育用品,0.8736,0.95,否,,1,1,体育用品零售,,体育用品零售,1.0,1.0,0.85,0.1111
四川享运动体育文化传播有限公司,8911,体育管理,0.2125,0.85,否,,1,0,,运动项目组织服务,,0.0,0.0,0.85,0.0
四川鑫顶峰体育文化发展有限公司,8911,体育赛事,0.8736,0.95,否,,1,1,体育竞赛组织,,体育竞赛,1.0,1.0,0.85,0.1111
成都美橄部落达阵文化传播有限公司,5142,体育用品,0.8736,0.95,否,,1,1,体育用品及器材批发,,体育用品,1.0,1.0,0.85,0.1111
四川海心岚生物科技有限公司,8930,健身休闲,0.2125,0.85,否,,1,0,,拓展培训,,0.0,0.0,0.85,0.0
四川十九体育文化发展有限公司,8930,体育用品,0.8736,0.95,否,,1,1,体育用品及器材零售,,体育用品,1.0,1.0,0.85,0.1111
四川君侠文化发展有限公司,8392,体育培训,0.8736,0.95,否,,1,1,青少年体育培训,,青少年体育,1.0,1.0,0.85,0.1111
成都媛媛健身服务有限公司,8930,健身休闲,0.8736,0.95,否,,1,1,健身服务,,健身服务,1.0,1.0,0.85,0.1111
成都市琛博体育文化传播有限公司,8930,健身休闲,0.8736,0.95,否,,1,1,游泳健身服务,,游泳; 健身服务,1.0,1.0,0.85,0.1111
成都瑞斯凯斯企业管理有限公司,8930,健身休闲,0.2125,0.85,否,,1,0,,室内健身运动,,0.0,0.0,0.85,0.0
四川军博素质拓展训练有限公司,8392,体育培训,0.2125,0.85,否,,1,0,,体育训练服务,,0.0,0.0,0.85,0.0
成都名杰体育运动有限公司,8930,健身休闲,0.2125,0.85,否,,1,0,,健身咨询服务,,0.0,0.0,0.85,0.0
成都无氧爆发健康咨询有限公司,8930,健身休闲,0.8736,0.95,否,,1,1,健身服务,,健身服务,1.0,1.0,0.85,0.1111
成都山旁之树户外运动有限公司,9052,体育赛事,0.6611,0.9,是,纯跨界（行业代码非体育，文本有体育业务）,1,1,体育赛事策划,,赛事策划,1.0,1.0,0.0,0.1111
成都一柒么瑜伽健身有限公司,8930,健身休闲,0.2125,0.85,否,,1,0,,健身休闲活动,,0.0,0.0,0.85,0.0
四川七野体育文化发展有限公司,8930,健身休闲,0.2125,0.85,否,,1,0,,健身休闲活动组织,,0.0,0.0,0.85,0.0
成都健飞体育文化传播有限公司,8921,健身休闲,0.8736,0.95,否,,1,1,游泳池代管服务,,游泳池,1.0,1.0,0.85,0.1111
四川爱动猴体育文化传播有限公司,8911,体育赛事,0.8736,0.95,否,,1,1,体育赛事策划组织服务,,赛事策划,1.0,1.0,0.85,0.1111
成都星趣智慧体育文化有限公司,8911,体育赛事,0.8736,0.95,否,,1,1,体育赛事组织策划,,体育赛事,1.0,1.0,0.85,0.1111
成都玖森体育文化传播有限公司,8930,健身休闲,0.8736,0.95,否,,1,1,健身服务,,健身服务,1.0,1.0,0.85,0.1111
成都维特鲁威健身管理有限公司,8930,健身休闲,0.2125,0.85,否,,1,0,,健身休闲服务,,0.0,0.0,0.85,0.0
四川海涵体育发展有限公司,8392,体育培训,0.8736,0.95,否,,1,1,网球培训服务,,网球培训,1.0,1.0,0.85,0.1111
成都妙源健康管理有限公司,8930,健身休闲,0.2125,0.85,否,,1,0,,西药药品零售,,0.0,0.0,0.85,0.0
成都吉文思创体育文化传播有限公司,8392,体育培训,0.8736,0.95,否,,1,1,青少年体育培训,,青少年体育,1.0,1.0,0.85,0.1111
成都巨浪户外运动有限公司,8911,体育管理,0.2125,0.85,否,,1,0,,户外行程推广,,0.0,0.0,0.85,0.0
成都森悦万兴体育文化发展有限责任公司,8930,健身休闲,0.8736,0.95,否,,1,1,室内健身服务,,健身服务,1.0,1.0,0.85,0.1111
成都市拿云智成文化传媒有限公司,8911,体育赛事,0.8736,0.95,否,,1,1,体育赛事筹备服务,,体育赛事,1.0,1.0,0.85,0.1111
飞羽客成都体育文化发展有限公司,8911,体育赛事,0.8736,0.95,否,,1,1,体育竞赛活动组织,,体育竞赛,1.0,1.0,0.85,0.1111
成都大胡子飞钓户外用品有限公司,5242,体育用品,0.8736,0.95,否,,1,1,渔具零售,,渔具,1.0,1.0,0.85,0.1111
成都山水后院健康管理咨询有限公司,8930,健身休闲,0.2125,0.85,否,,1,0,,室内健身,,0.0,0.0,0.85,0.0
成都戴蒙跃达体育文化传播有限公司,8911,体育赛事,0.8736,0.95,否,,1,1,体育竞赛组织,,体育竞赛,1.0,1.0,0.85,0.1111
成都狼义文化传播有限公司,8930,健身休闲,0.2125,0.85,否,,1,0,,体能拓展训练服务,,0.0,0.0,0.85,0.0
成都市伴我同行户外拓展运动有限公司,8930,健身休闲,0.2125,0.85,否,,1,0,,体能拓展训练服务,,0.0,0.0,0.85,0.0
成都杰夫体育有限公司,8930,健身休闲,0.8736,0.95,否,,1,1,健身服务,,健身服务,1.0,1.0,0.85,0.1111
成都型走者健身服务有限公司,8930,健身休闲,0.8736,0.95,否,,1,1,健身服务,,健身服务,1.0,1.0,0.85,0.1111
成都小仓佳奈子健身服务有限公司,8930,健身休闲,0.8736,0.95,否,,1,1,成人瑜伽培训,,瑜伽,1.0,1.0,0.85,0.1111
成都锦彬健康管理有限公司,8930,健身休闲,0.8736,0.95,否,,1,1,健身服务,,健身服务,1.0,1.0,0.85,0.1111
成都魔特体育文化传播有限公司,8930,健身休闲,0.8736,0.95,否,,1,1,健身服务,,健身服务,1.0,1.0,0.85,0.1111
成都卡米尔健康管理有限公司,8930,健身休闲,0.2125,0.85,否,,1,0,,室内健身,,0.0,0.0,0.85,0.0
成都腰翎卡巴迪体育发展有限公司,5242,体育用品,0.8736,0.95,否,,1,1,体育用品零售,,体育用品零售,1.0,1.0,0.85,0.1111
四川阿那亚体育文化发展有限公司,8392,体育培训,0.8736,0.95,否,,1,1,体育培训服务,,体育培训,1.0,1.0,0.85,0.1111
成都市未来星羽毛球俱乐部高新西区馆,8921,体育场馆,0.8736,0.95,否,,1,1,羽毛球馆服务,,羽毛球馆,1.0,1.0,0.85,0.1111
四川西部赛客智能科技有限公司,8921,体育场馆,0.8736,0.95,否,,1,1,体育场馆管理服务,,体育场馆,1.0,1.0,0.85,0.1111
成都宏圣鹰飞健身服务部,8930,健身休闲,0.2125,0.85,否,,1,0,,健身休闲,,0.0,0.0,0.85,0.0
成都枫未生活科技有限公司,8930,健身休闲,0.8736,0.95,否,,1,1,瑜伽健身服务,,瑜伽; 健身服务,1.0,1.0,0.85,0.1111
成都铁韧工坊体育文化发展有限公司,9052,体育赛事,0.6611,0.9,是,纯跨界（行业代码非体育，文本有体育业务）,1,1,体育赛事策划,,赛事策划,1.0,1.0,0.0,0.1111
成都市安德柔道体育俱乐部有限公司,8911,体育赛事,0.8736,0.95,否,,1,1,体育竞赛组织,,体育竞赛,1.0,1.0,0.85,0.1111
四川谊搏乒乓球俱乐部有限公司,8911,体育赛事,0.8736,0.95,否,,1,1,体育竞赛组织,,体育竞赛,1.0,1.0,0.85,0.1111
四川凡森健康管理咨询有限公司,8930,健身休闲,0.2125,0.85,否,,1,0,,健康休闲活动,,0.0,0.0,0.85,0.0
四川中垒体育文化传播有限公司,8392,体育管理,0.8736,0.95,否,,1,1,提供体育服务,,体育服务,1.0,1.0,0.85,0.1111
成都力美佳健身有限公司,8921,体育场馆,0.8736,0.95,否,,1,1,体育场地设施经营,,体育场地设施,1.0,1.0,0.85,0.1111
成都威玖乐悦健身服务有限公司,8930,健身休闲,0.2125,0.85,否,,1,0,,健身休闲活动,,0.0,0.0,0.85,0.0
四川鸿博教体科技有限公司,5142,体育用品,0.8736,0.95,否,,1,1,体育器材批发,,体育器材,1.0,1.0,0.85,0.1111
成都威玖玖玖体育文化传播有限公司,8930,健身休闲,0.8736,0.95,否,,1,1,游泳健身服务,,游泳; 健身服务,1.0,1.0,0.85,0.1111
成都瑞驰乒乓球俱乐部,9052,体育赛事,0.6611,0.9,是,纯跨界（行业代码非体育，文本有体育业务）,1,1,体育赛事活动策划,,体育赛事,1.0,1.0,0.0,0.1111
成都力悦合泰健身服务有限公司,8930,健身休闲,0.2125,0.85,否,,1,0,,健身休闲活动,,0.0,0.0,0.85,0.0
四川阿欧赛恩体育管理有限公司,7246,体育管理,0.6611,0.9,是,纯跨界（行业代码非体育，文本有体育业务）,1,1,体育管理,,体育管理,1.0,1.0,0.0,0.1111
成都活力美体育文化传播有限责任公司,8930,健身休闲,0.2125,0.85,否,,1,0,,健身休闲活动,,0.0,0.0,0.85,0.0
成都东骁健身服务有限公司,8930,健身休闲,0.2125,0.85,否,,1,0,,健身活动,,0.0,0.0,0.85,0.0
四川天狮力量体育文化传播有限公司,8930,健身休闲,0.8736,0.95,否,,1,1,跆拳道服务,,跆拳道,1.0,1.0,0.85,0.1111
成都婕思佳文化传播有限公司,8930,健身休闲,0.2125,0.85,否,,1,0,,健身休闲活动,,0.0,0.0,0.85,0.0
成都瑞蒽体育文化发展有限责任公司,8392,体育培训,0.8736,0.95,否,,1,1,体育培训,,体育培训,1.0,1.0,0.85,0.1111
成都嘉年华碳元素健身管理有限公司,8930,健身休闲,0.2125,0.85,否,,1,0,,健身休闲活动,,0.0,0.0,0.85,0.0
四川底格拉斯体育文化传播有限公司,8911,体育管理,0.2125,0.85,否,,1,0,,赛事活动,,0.0,0.0,0.85,0.0
四川奥体智慧体育发展合伙企业有限合伙,9052,体育赛事,0.6611,0.9,是,纯跨界（行业代码非体育，文本有体育业务）,1,1,体育赛事策划,,赛事策划,1.0,1.0,0.0,0.1111
四川华体体育发展有限公司,8911,体育赛事,0.8736,0.95,否,,1,1,体育赛事策划,,赛事策划,1.0,1.0,0.85,0.1111
成都宏远无限赛车文化传播有限公司,8911,体育赛事,0.8736,0.95,否,,1,1,体育竞赛组织,,体育竞赛,1.0,1.0,0.85,0.1111
成都喜昇菊健身服务有限公司,8930,健身休闲,0.2125,0.85,否,,1,0,,健身休闲活动,,0.0,0.0,0.85,0.0
成都天新虎少体育文化传播有限公司,8911,体育用品,0.8736,0.95,否,,1,1,篮球训练,,篮球,1.0,1.0,0.85,0.1111
成都动贰捌健身有限责任公司,8930,健身休闲,0.2125,0.85,否,,1,0,,健身休闲活动,,0.0,0.0,0.85,0.0
成都乐途天下文化传播有限公司,9052,体育赛事,0.6611,0.9,是,纯跨界（行业代码非体育，文本有体育业务）,1,1,组织体育表演活动,,体育表演,1.0,1.0,0.0,0.1111
四川长叶兰建筑工程有限公司,4892,体育场馆,0.8736,0.95,否,,1,1,体育场地设施工程施工,,体育场地设施,1.0,1.0,0.85,0.1111
成都平衡瑜伽健身有限公司,8930,健身休闲,0.2125,0.85,否,,1,0,,健身休闲活动,,0.0,0.0,0.85,0.0
成都博雅米加时代健身管理有限公司,8930,健身休闲,0.2125,0.85,否,,1,0,,健身休闲,,0.0,0.0,0.85,0.0
四川迹晨体育文化传播有限公司,8921,体育场馆,0.8736,0.95,否,,1,1,体育场馆管理服务,,体育场馆,1.0,1.0,0.85,0.1111
四川西部天筑建设有限公司,4892,体育场馆,0.2125,0.85,否,,1,0,,机场跑道停机坪施工,,0.0,0.0,0.85,0.0
成都世纪绿洲体育文化传播有限公司,8930,健身休闲,0.8736,0.95,否,,1,1,健身服务,,健身服务,1.0,1.0,0.85,0.1111
成都唯品健身服务有限公司,8930,健身休闲,0.2125,0.85,否,,1,0,,健身休闲活动,,0.0,0.0,0.85,0.0
成都关键之道体育文化传播有限公司,8911,体育管理,0.8736,0.95,否,,1,1,体育服务,,体育服务,1.0,1.0,0.85,0.1111
环奥文体发展有限公司,8911,体育赛事,0.8736,0.95,否,,1,1,体育竞赛组织,,体育竞赛,1.0,1.0,0.85,0.1111
成都金农汇商贸有限公司,5242,体育用品,0.8736,0.95,否,,1,1,体育用品及器材零售,,体育用品,1.0,1.0,0.85,0.1111
成都康体汇体育文化传播有限公司,8930,健身休闲,0.8736,0.95,否,,1,1,健身服务,,健身服务,1.0,1.0,0.85,0.1111
成都舞星级体育文化传播有限公司,8930,健身休闲,0.2125,0.85,否,,1,0,,体育运动,,0.0,0.0,0.85,0.0
成都极客健身服务有限公司,8930,健身休闲,0.2125,0.85,否,,1,0,,健身休闲活动,,0.0,0.0,0.85,0.0
成都趣多屋娱乐有限公司,8912,体育管理,0.2125,0.85,否,,1,0,,游艺娱乐活动,,0.0,0.0,0.85,0.0
成都捷足健身服务有限公司,8930,健身休闲,0.2125,0.85,否,,1,0,,健身休闲活动,,0.0,0.0,0.85,0.0
成都热度健身服务有限公司,8930,健身休闲,0.2125,0.85,否,,1,0,,健身休闲活动,,0.0,0.0,0.85,0.0
四川成体鼎力体育文化传播有限公司,8930,健身休闲,0.2125,0.85,否,,1,0,,体育健身,,0.0,0.0,0.85,0.0
成都阅梓健身服务有限责任公司,8930,健身休闲,0.2125,0.85,否,,1,0,,健身休闲活动,,0.0,0.0,0.85,0.0
成都黑金体育文化传播有限公司,8930,健身休闲,0.2125,0.85,否,,1,0,,健身休闲活动,,0.0,0.0,0.85,0.0
成都天逸体育文化传播有限公司,9052,体育管理,0.6611,0.9,是,纯跨界（行业代码非体育，文本有体育业务）,1,1,体育服务,,体育服务,1.0,1.0,0.0,0.1111
成都贝特瑞健身服务有限公司,8930,健身休闲,0.2125,0.85,否,,1,0,,健身活动,,0.0,0.0,0.85,0.0
成都市回响瑜伽健身有限责任公司,8930,健身休闲,0.2125,0.85,否,,1,0,,健身休闲活动,,0.0,0.0,0.85,0.0
成都仲璟健身有限公司,8930,健身休闲,0.2125,0.85,否,,1,0,,健身休闲活动,,0.0,0.0,0.85,0.0
四川顶格体育文化传播有限公司,5142,体育用品,0.8736,0.95,否,,1,1,体育用品零售,,体育用品零售,1.0,1.0,0.85,0.1111
成都大鱼舞蹈有限责任公司,8930,健身休闲,0.8736,0.95,否,,1,1,健身服务,,健身服务,1.0,1.0,0.85,0.1111
成都新川聚成体育发展有限公司,8930,健身休闲,0.2125,0.85,否,,1,0,,健身卡,,0.0,0.0,0.85,0.0
成都鸿程户外拓展有限公司,8930,健身休闲,0.8736,0.95,否,,1,1,户外拓展,,户外拓展,1.0,1.0,0.85,0.1111
成都斌武文化传播有限公司,8392,体育培训,0.8736,0.95,否,,1,1,跆拳道培训,,跆拳道培训,1.0,1.0,0.85,0.1111
成都富宏体育文化传播有限公司,9052,体育赛事,0.6611,0.9,是,纯跨界（行业代码非体育，文本有体育业务）,1,1,体育赛事组织策划服务,,体育赛事,1.0,1.0,0.0,0.1111
成都市星越羽体育文化传播有限公司,8930,健身休闲,0.2125,0.85,否,,1,0,,健身休闲,,0.0,0.0,0.85,0.0
成都菜羽体育发展有限责任公司,8992,体育管理,0.6611,0.9,是,纯跨界（行业代码非体育，文本有体育业务）,1,1,体育服务,,体育服务,1.0,1.0,0.0,0.1111
成都飒羽体育文化传播有限责任公司,8921,体育场馆,0.2125,0.85,否,,1,0,,羽毛球场地服务,,0.0,0.0,0.85,0.0
成都兰途景峰健身服务有限公司,8930,健身休闲,0.8736,0.95,否,,1,1,休闲健身服务,,健身服务,1.0,1.0,0.85,0.1111
四川锐奇健身服务有限公司,8930,健身休闲,0.8736,0.95,否,,1,1,健身服务,,健身服务,1.0,1.0,0.85,0.1111
成都尚跑体育文化传播有限公司,8911,体育赛事,0.8736,0.95,否,,1,1,体育赛事服务,,体育赛事,1.0,1.0,0.85,0.1111
四川焕采体育文化发展有限公司,7246,体育培训,0.6611,0.9,是,纯跨界（行业代码非体育，文本有体育业务）,1,1,体育教育咨询,,体育教育,1.0,1.0,0.0,0.1111
四川澎湃体育发展有限公司,8921,体育场馆,0.8736,0.95,否,,1,1,体育场地设施经营,,体育场地设施,1.0,1.0,0.85,0.1111
成都维哒健身服务有限公司,8930,健身休闲,0.2125,0.85,否,,1,0,,健身休闲活动,,0.0,0.0,0.85,0.0
成都森吉鑫业体育文化发展有限公司,8930,健身休闲,0.8736,0.95,否,,1,1,健身服务,,健身服务,1.0,1.0,0.85,0.1111
四川有苏文化创意发展有限公司,5142,体育用品,0.8736,0.95,否,,1,1,体育器材批发,,体育器材,1.0,1.0,0.85,0.1111
成都泛育互动科技有限公司,8911,体育管理,0.2125,0.85,否,,1,0,,举办体育活动,,0.0,0.0,0.85,0.0
成都重装文化传播有限公司,8930,健身休闲,0.8736,0.95,否,,1,1,健身房服务,,健身房,1.0,1.0,0.85,0.1111
成都扣篮体育文化传播有限公司,8921,体育场馆,0.8736,0.95,否,,1,1,体育场管理服务,,体育场,1.0,1.0,0.85,0.1111
四川家乐六点体育用品有限公司,5142,体育用品,0.8736,0.95,否,,1,1,体育用品及器材批发,,体育用品,1.0,1.0,0.85,0.1111
四川德荣文化传媒有限公司,8911,体育赛事,0.8736,0.95,否,,1,1,体育赛事服务,,体育赛事,1.0,1.0,0.85,0.1111
成都虎少壹零壹体育文化传播有限公司,8921,体育场馆,0.8736,0.95,否,,1,1,体育场馆服务,,体育场馆,1.0,1.0,0.85,0.1111
成都锦悦精英健身服务有限公司,8930,健身休闲,0.8736,0.95,否,,1,1,健身服务,,健身服务,1.0,1.0,0.85,0.1111
成都博燃未来体育文化传播有限公司,8930,健身休闲,0.8736,0.95,否,,1,1,健身服务,,健身服务,1.0,1.0,0.85,0.1111
成都弓高盖世文化传播有限公司,8921,体育场馆,0.8736,0.95,否,,1,1,体育场馆运营,,体育场馆,1.0,1.0,0.85,0.1111
成都越瑜伽文化传播有限公司,8930,健身休闲,0.8736,0.95,否,,1,1,瑜伽教学服务,,瑜伽,1.0,1.0,0.85,0.1111
成都市融禾力体育文化发展有限公司,8392,体育培训,0.8736,0.95,否,,1,1,体育培训,,体育培训,1.0,1.0,0.85,0.1111
成都市浪速锦城体育俱乐部有限公司,8930,健身休闲,0.8736,0.95,否,,1,1,皮划艇活动组织,,皮划艇,1.0,1.0,0.85,0.1111
成都蓝白道体育文化传播有限公司,8392,体育培训,0.8736,0.95,否,,1,1,体育培训,,体育培训,1.0,1.0,0.85,0.1111
四川宏盛晖建设工程有限公司,4892,体育场馆,0.2125,0.85,否,,1,0,,绿道工程施工,,0.0,0.0,0.85,0.0
成都胥龙科技有限公司,8930,健身休闲,0.8736,0.95,否,,1,1,健身服务,,健身服务,1.0,1.0,0.85,0.1111
跑跑视界（成都）文化娱乐有限公司,2449,体育用品,0.2125,0.85,否,,1,0,,卡丁车租赁,,0.0,0.0,0.85,0.0
成都九寰健身服务有限公司,8930,健身休闲,0.2125,0.85,否,,1,0,,健身休闲活动,,0.0,0.0,0.85,0.0
成都泰达方圆体育文化传播有限公司,8921,体育场馆,0.8736,0.95,否,,1,1,体育场馆管理,,体育场馆,1.0,1.0,0.85,0.1111
四川东之源美体育文化传播有限公司,9052,体育赛事,0.6611,0.9,是,纯跨界（行业代码非体育，文本有体育业务）,1,1,体育赛事策划组织服务,,赛事策划,1.0,1.0,0.0,0.1111
成都过网网球俱乐部有限公司,8392,体育培训,0.8736,0.95,否,,1,1,网球培训,,网球培训,1.0,1.0,0.85,0.1111
四川物华人杰文化创意有限公司,5142,体育用品,0.8736,0.95,否,,1,1,体育用品批发,,体育用品批发,1.0,1.0,0.85,0.1111
四川川绳体育文化传播有限公司,2449,体育用品,0.2125,0.85,否,,1,0,,花样跳绳,,0.0,0.0,0.85,0.0
成都引力极佳健身有限责任公司,8930,健身休闲,0.2125,0.85,否,,1,0,,健身休闲活动,,0.0,0.0,0.85,0.0
成都智乐文化体育有限公司,8392,体育培训,0.8736,0.95,否,,1,1,游泳培训服务,,游泳培训,1.0,1.0,0.85,0.1111
成都鑫奕文化传播有限公司,8921,体育场馆,0.8736,0.95,否,,1,1,体育场馆服务,,体育场馆,1.0,1.0,0.85,0.1111
成都市恒健分众健身服务有限公司,8930,健身休闲,0.2125,0.85,否,,1,0,,健身馆服务,,0.0,0.0,0.85,0.0
成都肇远体育管理有限公司,9052,体育赛事,0.6611,0.9,是,纯跨界（行业代码非体育，文本有体育业务）,1,1,体育赛事策划,,赛事策划,1.0,1.0,0.0,0.1111
成都简丹简丹健身有限公司,8930,健身休闲,0.2125,0.85,否,,1,0,,健身休闲活动,,0.0,0.0,0.85,0.0
成都慧忻健身有限责任公司,8930,健身休闲,0.8736,0.95,否,,1,1,瑜伽健身服务,,瑜伽; 健身服务,1.0,1.0,0.85,0.1111
成都印象户外拓展运动有限公司,8930,健身休闲,0.8736,0.95,否,,1,1,户外拓展,,户外拓展,1.0,1.0,0.85,0.1111
成都花隐瑜伽科技有限公司,8930,健身休闲,0.8736,0.95,否,,1,1,健身服务,,健身服务,1.0,1.0,0.85,0.1111
成都牛油果健身管理有限公司,8930,健身休闲,0.2125,0.85,否,,1,0,,健身活动,,0.0,0.0,0.85,0.0
四川投号玩家企业管理有限公司,8912,体育管理,0.2125,0.85,否,,1,0,,游艺娱乐活动,,0.0,0.0,0.85,0.0
成都一赴健身服务有限公司,8930,健身休闲,0.8736,0.95,否,,1,1,健身服务,,健身服务,1.0,1.0,0.85,0.1111
四川路跑体育发展有限公司,9052,体育赛事,0.6611,0.9,是,纯跨界（行业代码非体育，文本有体育业务）,1,1,体育赛事组织,,体育赛事,1.0,1.0,0.0,0.1111
乐美森成都新材料科技有限公司,2443,体育用品,0.8736,0.95,否,,1,1,健身器材配送,,健身器材,1.0,1.0,0.85,0.1111
成都城南虎少体育文化传播有限公司,8930,健身休闲,0.2125,0.85,否,,1,0,,健身休闲活动,,0.0,0.0,0.85,0.0
四川成都之已体育文化传播有限公司,8930,健身休闲,0.2125,0.85,否,,1,0,,健身休闲活动,,0.0,0.0,0.85,0.0
成都动能户外用品有限公司,5242,体育用品,0.2125,0.85,否,,1,0,,零售户外用品,,0.0,0.0,0.85,0.0
成都椰丽美健康科技有限公司,8930,健身休闲,0.8736,0.95,否,,1,1,健身服务,,健身服务,1.0,1.0,0.85,0.1111
四川艺巳智能建筑工程有限公司,4892,体育场馆,0.8736,0.95,否,,1,1,体育场地工程施工,,体育场地,1.0,1.0,0.85,0.1111
成都云木企业管理咨询有限责任公司,8930,健身休闲,0.2125,0.85,否,,1,0,,拓展活动,,0.0,0.0,0.85,0.0
成都赢盛健身有限责任公司,8930,健身休闲,0.8736,0.95,否,,1,1,健身服务,,健身服务,1.0,1.0,0.85,0.1111
四川领御体育文化发展有限公司,8930,健身休闲,0.8736,0.95,否,,1,1,台球服务,,台球,1.0,1.0,0.85,0.1111
成都光影梦工场文化传播有限公司,8921,体育场馆,0.8736,0.95,否,,1,1,体育场馆运营,,体育场馆,1.0,1.0,0.85,0.1111
四川康乐体文化传播有限公司,8911,体育赛事,0.8736,0.95,否,,1,1,体育竞赛组织,,体育竞赛,1.0,1.0,0.85,0.1111
四川玖行天下户外拓展有限公司,8930,健身休闲,0.2125,0.85,否,,1,0,,拓展活动策划服务,,0.0,0.0,0.85,0.0
成都肉熊猫滑雪俱乐部有限公司,9052,体育管理,0.6611,0.9,是,纯跨界（行业代码非体育，文本有体育业务）,1,1,体育服务,,体育服务,1.0,1.0,0.0,0.1111
成都弈韵文化传播有限公司,8392,体育培训,0.2125,0.85,否,,1,0,,围棋教学服务,,0.0,0.0,0.85,0.0
成都寻峰体育文化发展有限公司,9052,体育赛事,0.6611,0.9,是,纯跨界（行业代码非体育，文本有体育业务）,1,1,体育赛事策划服务,,赛事策划,1.0,1.0,0.0,0.1111
成都世豪芈亚瑜伽健身有限公司,8930,健身休闲,0.2125,0.85,否,,1,0,,健身锻炼,,0.0,0.0,0.85,0.0
成都盛茂文化传播有限公司,9052,体育赛事,0.6611,0.9,是,纯跨界（行业代码非体育，文本有体育业务）,1,1,赛事策划,,赛事策划,1.0,1.0,0.0,0.1111
成都迷你氧体育文化传播有限公司,8930,健身休闲,0.8736,0.95,否,,1,1,健身房,,健身房,1.0,1.0,0.85,0.1111
四川七彩时光体育文化传播有限公司,8930,健身休闲,0.2125,0.85,否,,1,0,,健身休闲活动,,0.0,0.0,0.85,0.0
成都燃点之星体育文化发展有限公司,8392,体育培训,0.8736,0.95,否,,1,1,体育培训,,体育培训,1.0,1.0,0.85,0.1111
成都燃爆体育文化传播有限公司,8930,健身休闲,0.2125,0.85,否,,1,0,,健身运动服务,,0.0,0.0,0.85,0.0
成都蜀山虎少体育文化传播有限公司,8912,体育管理,0.2125,0.85,否,,1,0,,体育保障服务,,0.0,0.0,0.85,0.0
成都鹿道体育文化发展有限公司,9052,体育赛事,0.6611,0.9,是,纯跨界（行业代码非体育，文本有体育业务）,1,1,组织体育表演活动,,体育表演,1.0,1.0,0.0,0.1111
四川鑫瑞凡体育文化传播有限公司,8921,体育场馆,0.8736,0.95,否,,1,1,体育场馆管理服务,,体育场馆,1.0,1.0,0.85,0.1111
成都高新区贤进户外运动工作室,8930,健身休闲,0.8736,0.95,否,,1,1,高尔夫竞赛,,高尔夫,1.0,1.0,0.85,0.1111
成都彦凯引擎体育文化传播有限公司,9052,体育赛事,0.6611,0.9,是,纯跨界（行业代码非体育，文本有体育业务）,1,1,体育赛事策划,,赛事策划,1.0,1.0,0.0,0.1111
成都天选泽星文化传媒有限公司,8911,体育赛事,0.8736,0.95,否,,1,1,体育赛事策划,,赛事策划,1.0,1.0,0.85,0.1111
四川触底反弹二体育发展有限公司,8392,体育用品,0.8847,0.95,否,,1,1,篮球体育培训,,篮球; 体育培训,1.0,1.0,0.85,0.2222
四川耀盛文化传播有限公司,8930,健身休闲,0.8736,0.95,否,,1,1,健身服务,,健身服务,1.0,1.0,0.85,0.1111
成都星辉玩家科技有限公司,8911,电子竞技,0.8736,0.95,否,,1,1,电子竞技组织,,电子竞技,1.0,1.0,0.85,0.1111
四川聚能聚力体育科技有限公司,8392,健身休闲,0.8736,0.95,否,,1,1,跆拳道教学服务,,跆拳道,1.0,1.0,0.85,0.1111
四川星宇伽健身管理有限公司,8930,健身休闲,0.2125,0.85,否,,1,0,,健身休闲活动,,0.0,0.0,0.85,0.0
成都维竞乐文化传媒有限公司,8911,体育管理,0.2125,0.85,否,,1,0,,文化会展服务,,0.0,0.0,0.85,0.0
成都姿势运动健康管理有限公司,8930,健身休闲,0.8736,0.95,否,,1,1,健身服务,,健身服务,1.0,1.0,0.85,0.1111
成都锋锋景瑞体育文化传播有限公司,9052,体育赛事,0.6611,0.9,是,纯跨界（行业代码非体育，文本有体育业务）,1,1,体育赛事策划,,赛事策划,1.0,1.0,0.0,0.1111
四川易速康医疗科技有限公司,8930,健身休闲,0.2125,0.85,否,,1,0,,资料器械服务,,0.0,0.0,0.85,0.0
成都火枪手体育文化传播有限公司,8392,体育培训,0.2125,0.85,否,,1,0,,体育运动培训,,0.0,0.0,0.85,0.0
成都萌骑骑体育用品有限公司,5242,体育用品,0.8736,0.95,否,,1,1,体育用品及器材零售,,体育用品,1.0,1.0,0.85,0.1111
成都宜盛川合文化发展有限公司,8930,健身休闲,0.8736,0.95,否,,1,1,户外拓展,,户外拓展,1.0,1.0,0.85,0.1111
成都飞驰岛体育文化传播有限公司,8921,体育用品,0.8847,0.95,否,,1,1,篮球运动场馆,,篮球; 运动场馆,1.0,1.0,0.85,0.2222
成都重组肌因健身服务有限公司,8930,健身休闲,0.8736,0.95,否,,1,1,健身服务,,健身服务,1.0,1.0,0.85,0.1111
成都飞鱼户外运动有限公司,5242,体育用品,0.2125,0.85,否,,1,0,,户外用品零售,,0.0,0.0,0.85,0.0
成都动时代健身服务有限公司,8930,健身休闲,0.2125,0.85,否,,1,0,,健身活动,,0.0,0.0,0.85,0.0
成都酷克林体育文化传播有限公司,8930,健身休闲,0.8736,0.95,否,,1,1,健身服务,,健身服务,1.0,1.0,0.85,0.1111
成都西部武术文化传播有限公司,8392,体育培训,0.8736,0.95,否,,1,1,武术培训,,武术培训,1.0,1.0,0.85,0.1111
四川兜艾体育文化发展有限公司,9052,体育赛事,0.6611,0.9,是,纯跨界（行业代码非体育，文本有体育业务）,1,1,体育赛事策划,,赛事策划,1.0,1.0,0.0,0.1111
成都保力拾多斤健身服务有限公司,8930,健身休闲,0.2125,0.85,否,,1,0,,健身休闲服务,,0.0,0.0,0.85,0.0
成都翔腾体育文化传播有限公司,8921,体育场馆,0.8736,0.95,否,,1,1,篮球馆场地服务,,篮球馆,1.0,1.0,0.85,0.1111
成都奈特健身管理有限公司,8930,健身休闲,0.8736,0.95,否,,1,1,健身服务,,健身服务,1.0,1.0,0.85,0.1111
四川逐梦阳光体育俱乐部有限公司,8392,体育培训,0.8736,0.95,否,,1,1,体育培训服务,,体育培训,1.0,1.0,0.85,0.1111
成都蓉翼体育场馆管理有限公司,8921,体育场馆,0.8736,0.95,否,,1,1,体育场地设施经营,,体育场地设施,1.0,1.0,0.85,0.1111
四川海特之星体育设施工程有限公司,4892,体育场馆,0.8736,0.95,否,,1,1,体育场地施工,,体育场地,1.0,1.0,0.85,0.1111
成都兴至臻教育咨询有限公司,8392,体育培训,0.8736,0.95,否,,1,1,儿童跆拳道培训,,跆拳道培训,1.0,1.0,0.85,0.1111
成都北峰竞季科技有限公司,2443,体育用品,0.8736,0.95,否,,1,1,健身器材审核,,健身器材,1.0,1.0,0.85,0.1111
成都圣哲健身服务有限公司,8392,体育培训,0.8736,0.95,否,,1,1,儿童跆拳道培训服务,,跆拳道培训,1.0,1.0,0.85,0.1111
成都盛大健身服务有限公司,8930,健身休闲,0.2125,0.85,否,,1,0,,健身训练服务,,0.0,0.0,0.85,0.0
成都健恒健康管理有限责任公司,8930,健身休闲,0.8736,0.95,否,,1,1,健私教健身服务,,健身服务,1.0,1.0,0.85,0.1111
成都未来拒停体育俱乐部有限公司,8392,体育培训,0.8736,0.95,否,,1,1,青少年篮球培训,,篮球培训,1.0,1.0,0.85,0.1111
成都市华乐康体育用品有限公司,5242,体育用品,0.8736,0.95,否,,1,1,体育用品服务,,体育用品,1.0,1.0,0.85,0.1111
成都弈之初文化传播有限公司,5242,体育用品,0.8736,0.95,否,,1,1,体育用品及器材零售,,体育用品,1.0,1.0,0.85,0.1111
成都星润玩家科技有限公司,8911,体育赛事,0.8736,0.95,否,,1,1,职业体育竞赛表演活动,,体育竞赛,1.0,1.0,0.85,0.1111
成都叮叮户外运动有限公司,5142,体育用品,0.8736,0.95,否,,1,1,户外体育用品配送,,体育用品,1.0,1.0,0.85,0.1111
四川德拼创体育文化发展有限公司,8911,体育赛事,0.8736,0.95,否,,1,1,体育竞赛组织,,体育竞赛,1.0,1.0,0.85,0.1111
成都市聚合星火体育文化传播有限公司,8930,体育培训,0.8736,0.95,否,,1,1,儿童成人跆拳道培训,,跆拳道培训,1.0,1.0,0.85,0.1111
成都奇潜体育发展有限公司,8911,体育赛事,0.8736,0.95,否,,1,1,体育竞赛组织服务,,体育竞赛,1.0,1.0,0.85,0.1111
成都花隐健身服务有限公司,8992,健身休闲,0.6611,0.9,是,纯跨界（行业代码非体育，文本有体育业务）,1,1,健身服务,,健身服务,1.0,1.0,0.0,0.1111
成都鑫小思成体育文化传播有限公司,7246,体育培训,0.6611,0.9,是,纯跨界（行业代码非体育，文本有体育业务）,1,1,体育教育咨询,,体育教育,1.0,1.0,0.0,0.1111
成都野望青澜体育文化发展有限公司,8392,体育培训,0.8736,0.95,否,,1,1,少儿篮球培训,,篮球培训,1.0,1.0,0.85,0.1111
成都奔胜体育文化传播有限公司,9052,体育赛事,0.6611,0.9,是,纯跨界（行业代码非体育，文本有体育业务）,1,1,组织体育表演活动,,体育表演,1.0,1.0,0.0,0.1111
成都育则有成体育文化传播有限公司,8392,体育培训,0.8736,0.95,否,,1,1,体育培训服务,,体育培训,1.0,1.0,0.85,0.1111
成都未来博展体育发展有限公司,8392,体育培训,0.8736,0.95,否,,1,1,体育培训服务,,体育培训,1.0,1.0,0.85,0.1111
成都松与槿瑜伽健身有限公司,8930,健身休闲,0.8736,0.95,否,,1,1,瑜伽建身,,瑜伽,1.0,1.0,0.85,0.1111
四川趣森活文化传播有限公司,9052,体育赛事,0.6611,0.9,是,纯跨界（行业代码非体育，文本有体育业务）,1,1,体育赛事策划,,赛事策划,1.0,1.0,0.0,0.1111
四川叁壹柒叁体育文化发展有限公司,8930,健身休闲,0.8736,0.95,否,,1,1,健身服务,,健身服务,1.0,1.0,0.85,0.1111
成都新天府文化旅游发展股份有限公司,8911,体育赛事,0.8736,0.95,否,,1,1,体育赛事策划,,赛事策划,1.0,1.0,0.85,0.1111
成都得卡体育用品销售有限公司,8930,健身休闲,0.2125,0.85,否,,1,0,,体育健身,,0.0,0.0,0.85,0.0
成都欧宏汇能体育场馆管理有限公司,8392,体育培训,0.8736,0.95,否,,1,1,体能训练,,体能训练,1.0,1.0,0.85,0.1111
成都锐格体育文化传播有限公司,8921,体育场馆,0.8736,0.95,否,,1,1,体育场馆管理服务,,体育场馆,1.0,1.0,0.85,0.1111
成都宾利锦荣商业管理有限公司,8930,健身休闲,0.2125,0.85,否,,1,0,,健身休闲服务,,0.0,0.0,0.85,0.0
成都膳时健身服务有限公司,8930,健身休闲,0.8736,0.95,否,,1,1,健身服务,,健身服务,1.0,1.0,0.85,0.1111
成都华安兴成体育文化推广有限公司,8921,体育场馆,0.8736,0.95,否,,1,1,体育馆管理,,体育馆,1.0,1.0,0.85,0.1111
成都斐仪服饰设计有限公司,5242,体育用品,0.8736,0.95,否,,1,1,体育用品及器材零售,,体育用品,1.0,1.0,0.85,0.1111
成都蜕变力健身服务有限公司,8930,健身休闲,0.2125,0.85,否,,1,0,,健身休闲活动,,0.0,0.0,0.85,0.0
成都泛翔体育用品有限公司,5142,体育用品,0.8736,0.95,否,,1,1,体育用品批发,,体育用品批发,1.0,1.0,0.85,0.1111
成都豚风体育科技有限公司,8392,体育培训,0.8736,0.95,否,,1,1,体育培训,,体育培训,1.0,1.0,0.85,0.1111
成都蓉城羽林体育文化传播有限公司,8911,体育赛事,0.8736,0.95,否,,1,1,体育竞赛组织,,体育竞赛,1.0,1.0,0.85,0.1111
四川湖上青云体育发展有限公司,8392,体育培训,0.8736,0.95,否,,1,1,体育培训,,体育培训,1.0,1.0,0.85,0.1111
四川环宇共创体育设施工程有限公司,4991,体育场馆,0.6611,0.9,是,纯跨界（行业代码非体育，文本有体育业务）,1,1,体育场地设施安装,,体育场地设施,1.0,1.0,0.0,0.1111
成都蓉之梦体育文化发展有限责任公司,8930,健身休闲,0.8736,0.95,否,,1,1,健美健身服务,,健身服务,1.0,1.0,0.85,0.1111
成都星空虎少体育文化传播有限公司,8921,体育场馆,0.8736,0.95,否,,1,1,体育场馆管理,,体育场馆,1.0,1.0,0.85,0.1111
和家健身成都有限公司,8930,健身休闲,0.8736,0.95,否,,1,1,健身服务,,健身服务,1.0,1.0,0.85,0.1111
成都太一古教育咨询有限公司,8930,健身休闲,0.8736,0.95,否,,1,1,健身服务,,健身服务,1.0,1.0,0.85,0.1111
成都都市缘体育文化传播有限公司,8930,健身休闲,0.2125,0.85,否,,1,0,,健身休闲服务,,0.0,0.0,0.85,0.0
成都市新阵地投资有限公司,8930,健身休闲,0.2125,0.85,否,,1,0,,健身休闲活动,,0.0,0.0,0.85,0.0
成都崇德尚武教育咨询有限公司,8392,体育培训,0.2125,0.85,否,,1,0,,体育运动技能培训,,0.0,0.0,0.85,0.0
成都海晟体育文化传播有限公司,8930,健身休闲,0.8736,0.95,否,,1,1,健身服务,,健身服务,1.0,1.0,0.85,0.1111
成都鼎健润博文化传播有限公司,8992,健身休闲,0.6611,0.9,是,纯跨界（行业代码非体育，文本有体育业务）,1,1,健身服务,,健身服务,1.0,1.0,0.0,0.1111
成都羽越羽毛球俱乐部有限公司,8930,健身休闲,0.2125,0.85,否,,1,0,,健身休闲活动,,0.0,0.0,0.85,0.0
成都舞空舞文化艺术有限公司,8930,健身休闲,0.2125,0.85,否,,1,0,,健身休闲活动,,0.0,0.0,0.85,0.0
四川锦官城足球俱乐部有限责任公司,8930,健身休闲,0.2125,0.85,否,,1,0,,健身休闲活动,,0.0,0.0,0.85,0.0
成都穗蓉体育用品有限公司,5242,体育用品,0.8736,0.95,否,,1,1,体育用品零售,,体育用品零售,1.0,1.0,0.85,0.1111
成都七哥新传体育文化发展有限公司,5142,体育用品,0.8736,0.95,否,,1,1,体育器材批发,,体育器材,1.0,1.0,0.85,0.1111
成都澳恩奥商务服务有限公司,8930,健身休闲,0.8736,0.95,否,,1,1,健身服务,,健身服务,1.0,1.0,0.85,0.1111
成都欧凯森体育运动有限责任公司,8921,体育场馆,0.8736,0.95,否,,1,1,体育场馆管理,,体育场馆,1.0,1.0,0.85,0.1111
必美你成都健身有限公司,8930,健身休闲,0.8736,0.95,否,,1,1,健身房服务,,健身房,1.0,1.0,0.85,0.1111
成都现代体育公园管理有限公司,8921,体育场馆,0.8736,0.95,否,,1,1,体育场馆管理,,体育场馆,1.0,1.0,0.85,0.1111
成都时代浩淼体育场管理有限公司,5142,体育用品,0.8736,0.95,否,,1,1,体育器材批发,,体育器材,1.0,1.0,0.85,0.1111
成都井燃体育文化传播有限公司,8930,健身休闲,0.8736,0.95,否,,1,1,健身服务,,健身服务,1.0,1.0,0.85,0.1111
万峰冰雪成都体育发展有限公司,5242,体育用品,0.8736,0.95,否,,1,1,体育用品零售,,体育用品零售,1.0,1.0,0.85,0.1111
成都简之易健康管理有限公司,5142,体育用品,0.8736,0.95,否,,1,1,健身器材批发,,健身器材,1.0,1.0,0.85,0.1111
四川锲科星体育发展有限公司,8392,体育培训,0.8736,0.95,否,,1,1,体校及体育培训,,体育培训,1.0,1.0,0.85,0.1111
成都仓渊企业管理有限公司,5242,体育用品,0.8736,0.95,否,,1,1,体育器材零售,,体育器材,1.0,1.0,0.85,0.1111
成都锦艺名匠装饰工程有限公司,4892,体育场馆,0.8736,0.95,否,,1,1,体育场地设施施工,,体育场地设施,1.0,1.0,0.85,0.1111
四川中蜀思锐体育发展有限公司,8921,体育场馆,0.8736,0.95,否,,1,1,体育场馆管理,,体育场馆,1.0,1.0,0.85,0.1111
成都锦鱼商贸有限公司,5242,体育用品,0.2125,0.85,否,,1,0,,运动器械零售,,0.0,0.0,0.85,0.0
成都市艾达普拉提健身服务有限公司,8930,健身休闲,0.8736,0.95,否,,1,1,健身房服务,,健身房,1.0,1.0,0.85,0.1111
成都欧普若体育文化传播有限公司,5142,体育用品,0.8736,0.95,否,,1,1,体育用品批发,,体育用品批发,1.0,1.0,0.85,0.1111
成都乐家聚成体育发展有限公司,8930,健身休闲,0.2125,0.85,否,,1,0,,健身休闲活动,,0.0,0.0,0.85,0.0
成都世纪星体育运动发展有限责任公司,9052,体育赛事,0.6611,0.9,是,纯跨界（行业代码非体育，文本有体育业务）,1,1,体育赛事策划,,赛事策划,1.0,1.0,0.0,0.1111
成都馨悦健身服务有限公司,8930,健身休闲,0.2125,0.85,否,,1,0,,健身休闲活动,,0.0,0.0,0.85,0.0
成都义轩常春藤体育文化传播有限公司,8911,体育赛事,0.8736,0.95,否,,1,1,体育赛事策划,,赛事策划,1.0,1.0,0.85,0.1111
成都市运之乐健身服务有限公司,8930,健身休闲,0.8736,0.95,否,,1,1,健身服务,,健身服务,1.0,1.0,0.85,0.1111
成都超肌人健身服务有限公司,8930,健身休闲,0.2125,0.85,否,,1,0,,健身休闲服务,,0.0,0.0,0.85,0.0
成都青度健身服务有限公司,8930,健身休闲,0.8736,0.95,否,,1,1,健身服务,,健身服务,1.0,1.0,0.85,0.1111
成都骏合乐途智能科技有限公司,5142,体育用品,0.8736,0.95,否,,1,1,户外装备批发,,户外装备,1.0,1.0,0.85,0.1111
成都市鑫艾康健身器材有限责任公司,5142,体育用品,0.8736,0.95,否,,1,1,体育健身器材批发,,健身器材,1.0,1.0,0.85,0.1111
四川全运体育设施工程有限公司,4892,体育场馆,0.8736,0.95,否,,1,1,体育设施施工服务,,体育设施,1.0,1.0,0.85,0.1111
成都交子东恩体育文化传播有限公司,9052,体育赛事,0.6611,0.9,是,纯跨界（行业代码非体育，文本有体育业务）,1,1,组织体育表演活动,,体育表演,1.0,1.0,0.0,0.1111
四川吾星冠篮体育科技有限公司,8392,体育培训,0.8736,0.95,否,,1,1,体育培训服务,,体育培训,1.0,1.0,0.85,0.1111
成都市贝克健身服务有限公司,8930,健身休闲,0.8736,0.95,否,,1,1,健身服务,,健身服务,1.0,1.0,0.85,0.1111
成都佑福喜体育文化发展有限公司,8930,健身休闲,0.2125,0.85,否,,1,0,,健身培训,,0.0,0.0,0.85,0.0
菲赛体育管理成都有限公司,8911,体育赛事,0.8736,0.95,否,,1,1,体育赛事服务,,体育赛事,1.0,1.0,0.85,0.1111
成都箭扣体育文化传播有限公司,8911,体育赛事,0.8736,0.95,否,,1,1,体育赛事策划,,赛事策划,1.0,1.0,0.85,0.1111
成都泰濠迈商贸有限公司,5242,体育用品,0.8736,0.95,否,,1,1,体育用品零售,,体育用品零售,1.0,1.0,0.85,0.1111
四川一动体育发展有限公司,9052,体育赛事,0.6611,0.9,是,纯跨界（行业代码非体育，文本有体育业务）,1,1,体育赛事策划,,赛事策划,1.0,1.0,0.0,0.1111
成都威玖吉瑞健身服务有限公司,8930,健身休闲,0.8736,0.95,否,,1,1,健身服务咨询,,健身服务,1.0,1.0,0.85,0.1111
成都悠然好孕瑜伽健身有限责任公司,8930,健身休闲,0.8736,0.95,否,,1,1,保养健身服务,,健身服务,1.0,1.0,0.85,0.1111
成都动贰捌世纪健身有限责任公司,8930,健身休闲,0.2125,0.85,否,,1,0,,健身休闲活动,,0.0,0.0,0.85,0.0
成都沃力体育文化传播有限公司,8930,健身休闲,0.2125,0.85,否,,1,0,,健身休闲活动,,0.0,0.0,0.85,0.0
成都梵之艺健身服务有限公司,8930,健身休闲,0.8736,0.95,否,,1,1,瑜伽馆服务,,瑜伽馆,1.0,1.0,0.85,0.1111
四川稳健体育文化传播有限公司,8921,体育场馆,0.8736,0.95,否,,1,1,体育场管理,,体育场,1.0,1.0,0.85,0.1111
四川欧贰瑜伽健身有限公司,8930,健身休闲,0.8736,0.95,否,,1,1,瑜伽服务,,瑜伽,1.0,1.0,0.85,0.1111
四川闲鸟户外运动有限公司,8930,健身休闲,0.2125,0.85,否,,1,0,,健身休闲活动,,0.0,0.0,0.85,0.0
成都羽拍轩体育用品有限公司,5242,体育用品,0.8736,0.95,否,,1,1,体育用品及器材零售,,体育用品,1.0,1.0,0.85,0.1111
四川全运科技发展有限公司,4892,体育场馆,0.8736,0.95,否,,1,1,体育设施工程施工,,体育设施,1.0,1.0,0.85,0.1111
成都幽名竹都茶楼有限公司,8930,健身休闲,0.2125,0.85,否,,1,0,,棋牌室服务,,0.0,0.0,0.85,0.0
四川全运康体文化发展有限公司,9052,体育赛事,0.6611,0.9,是,纯跨界（行业代码非体育，文本有体育业务）,1,1,体育赛事活动策划服务,,体育赛事,1.0,1.0,0.0,0.1111
成都飞鲸科技有限公司,5242,体育用品,0.8736,0.95,否,,1,1,体育用品及器材零售,,体育用品,1.0,1.0,0.85,0.1111
成都青椒肉丝健身服务有限公司,8930,健身休闲,0.2125,0.85,否,,1,0,,健身休闲服务,,0.0,0.0,0.85,0.0
筑朴成都商贸有限公司,8930,健身休闲,0.2125,0.85,否,,1,0,,棋牌室服务,,0.0,0.0,0.85,0.0
成都南迪体育文化传播有限公司,8930,健身休闲,0.8736,0.95,否,,1,1,健身服务,,健身服务,1.0,1.0,0.85,0.1111
四川体产赛事管理有限公司,8911,体育赛事,0.8736,0.95,否,,1,1,体育赛事组织,,体育赛事,1.0,1.0,0.85,0.1111
四川金色福源农业发展有限责任公司,8930,健身休闲,0.2125,0.85,否,,1,0,,健身休闲活动,,0.0,0.0,0.85,0.0
成都芊华文化传播有限公司,8930,健身休闲,0.2125,0.85,否,,1,0,,健身休闲服务,,0.0,0.0,0.85,0.0
成都红唐米加时代健身管理有限公司,8930,健身休闲,0.8736,0.95,否,,1,1,健身服务,,健身服务,1.0,1.0,0.85,0.1111
四川医康健创科技有限公司,5142,体育用品,0.2125,0.85,否,,1,0,,健身设备批发,,0.0,0.0,0.85,0.0
成都市玛亚企业管理有限公司,8930,健身休闲,0.2125,0.85,否,,1,0,,休闲健身活动,,0.0,0.0,0.85,0.0
成都本直体育文化传播有限公司,8921,体育场馆,0.8736,0.95,否,,1,1,体育场管理服务,,体育场,1.0,1.0,0.85,0.1111
四川猎人时代体育文化传播有限公司,8930,健身休闲,0.8736,0.95,否,,1,1,健身服务,,健身服务,1.0,1.0,0.85,0.1111
成都世凯豹商贸有限公司,8921,体育场馆,0.8736,0.95,否,,1,1,体育场地设施经营,,体育场地设施,1.0,1.0,0.85,0.1111
四川青堰体育科技有限公司,5142,体育用品,0.2125,0.85,否,,1,0,,体育器械批发,,0.0,0.0,0.85,0.0
再生分子健身服务成都有限公司,8930,健身休闲,0.8736,0.95,否,,1,1,健身服务,,健身服务,1.0,1.0,0.85,0.1111
四川比格玛兽健身服务有限公司,8930,健身休闲,0.8736,0.95,否,,1,1,健身服务,,健身服务,1.0,1.0,0.85,0.1111
四川川体水上文化传播有限公司,8911,体育赛事,0.8736,0.95,否,,1,1,体育竞赛组织,,体育竞赛,1.0,1.0,0.85,0.1111
成都示现体育发展有限公司,8911,体育赛事,0.8736,0.95,否,,1,1,体育竞赛组织,,体育竞赛,1.0,1.0,0.85,0.1111
成都白兔堂户外用品有限公司,5142,体育用品,0.2125,0.85,否,,1,0,,户外用品批发,,0.0,0.0,0.85,0.0
宇鑫堇汇成都贸易有限公司,5242,体育用品,0.8736,0.95,否,,1,1,体育用品零售,,体育用品零售,1.0,1.0,0.85,0.1111
成都吉帆体育文化传播有限公司,5242,体育用品,0.2125,0.85,否,,1,0,,建身器材零售,,0.0,0.0,0.85,0.0
成都欧斯卡科技有限公司,8911,体育管理,0.2125,0.85,否,,1,0,,组织赛车活动,,0.0,0.0,0.85,0.0
迪卡侬（成都）体育用品有限公司,5242,体育用品,0.8736,0.95,否,,1,1,零售体育用品,,体育用品,1.0,1.0,0.85,0.1111
成都瑜悦文化艺术交流有限公司,8930,健身休闲,0.2125,0.85,否,,1,0,,健身休闲活动,,0.0,0.0,0.85,0.0
成都嘉浩篮途体育文化传播有限公司,8392,体育培训,0.8736,0.95,否,,1,1,篮球培训,,篮球培训,1.0,1.0,0.85,0.1111
成都上一至美瑜伽健身有限公司,8930,健身休闲,0.8736,0.95,否,,1,1,健身服务,,健身服务,1.0,1.0,0.85,0.1111
成都茶多多文化发展有限公司,8930,健身休闲,0.2125,0.85,否,,1,0,,棋牌服务,,0.0,0.0,0.85,0.0
四川奥为体育用品销售有限责任公司,5142,体育用品,0.8736,0.95,否,,1,1,体育用品批发,,体育用品批发,1.0,1.0,0.85,0.1111
成都运动佳体育文化传播有限公司,8392,体育培训,0.8736,0.95,否,,1,1,少儿体育培训,,体育培训,1.0,1.0,0.85,0.1111
成都酷式锻炼身体健身管理有限责任公司,8930,健身休闲,0.2125,0.85,否,,1,0,,健身休闲活动,,0.0,0.0,0.85,0.0
成都银泰芈亚瑜伽健身有限责任公司,8930,健身休闲,0.2125,0.85,否,,1,0,,健身休闲活动服务,,0.0,0.0,0.85,0.0
糖娜丽虎（成都）科技有限公司,5242,体育用品,0.8736,0.95,否,,1,1,潮玩体育用品零售,,体育用品零售,1.0,1.0,0.85,0.1111
成都谛毅体育文化传播有限公司,8930,健身休闲,0.8736,0.95,否,,1,1,健身服务,,健身服务,1.0,1.0,0.85,0.1111
四川珈崇商贸有限公司,5242,体育用品,0.8736,0.95,否,,1,1,体育用品零售,,体育用品零售,1.0,1.0,0.85,0.1111
成都菲尼克司健身服务有限公司,8930,健身休闲,0.8736,0.95,否,,1,1,健身服务,,健身服务,1.0,1.0,0.85,0.1111
四川懒洋洋瑜伽健身有限公司,8930,健身休闲,0.2125,0.85,否,,1,0,,健身休闲活动,,0.0,0.0,0.85,0.0
成都灏翔体育发展有限公司,8911,体育赛事,0.8736,0.95,否,,1,1,体育竞赛组织,,体育竞赛,1.0,1.0,0.85,0.1111
成都赤月互动娱乐有限公司,8912,体育管理,0.2125,0.85,否,,1,0,,游艺娱乐活动,,0.0,0.0,0.85,0.0
四川非越体育文化发展有限公司,9052,体育赛事,0.6611,0.9,是,纯跨界（行业代码非体育，文本有体育业务）,1,1,体育赛事策划,,赛事策划,1.0,1.0,0.0,0.1111
成都嘉赢吉健康管理咨询有限公司,8992,健身休闲,0.6611,0.9,是,纯跨界（行业代码非体育，文本有体育业务）,1,1,健身服务,,健身服务,1.0,1.0,0.0,0.1111
成都米加迈杰刻健身服务有限责任公司,8930,健身休闲,0.8736,0.95,否,,1,1,健身服务,,健身服务,1.0,1.0,0.85,0.1111
成都宏扬体育发展有限公司,9052,体育赛事,0.6611,0.9,是,纯跨界（行业代码非体育，文本有体育业务）,1,1,组织策划体育表演活动,,体育表演,1.0,1.0,0.0,0.1111
成都百分之二文化发展有限公司,8930,健身休闲,0.2125,0.85,否,,1,0,,健身休闲服务,,0.0,0.0,0.85,0.0
成都万得蓝奇境健康管理咨询有限责任公司,8930,健身休闲,0.2125,0.85,否,,1,0,,健身休闲活动,,0.0,0.0,0.85,0.0
四川国竞体育文化发展有限公司,8911,体育赛事,0.8736,0.95,否,,1,1,体育竞赛组织,,体育竞赛,1.0,1.0,0.85,0.1111
中窖集团有限公司,5142,体育用品,0.8736,0.95,否,,1,1,体育用品批发,,体育用品批发,1.0,1.0,0.85,0.1111
纳萨迪成都文化传播有限责任公司,8930,健身休闲,0.8736,0.95,否,,1,1,瑜伽服务,,瑜伽,1.0,1.0,0.85,0.1111
成都跃劲健身管理有限责任公司,8930,健身休闲,0.8736,0.95,否,,1,1,健身房健身服务,,健身房; 健身服务,1.0,1.0,0.85,0.1111
成都无限进取体育文化传播有限公司,9052,体育赛事,0.6611,0.9,是,纯跨界（行业代码非体育，文本有体育业务）,1,1,组织体育表演活动,,体育表演,1.0,1.0,0.0,0.1111
成都市高新区内啡肽健身服务有限责任公司,8930,健身休闲,0.8736,0.95,否,,1,1,健身服务,,健身服务,1.0,1.0,0.85,0.1111
成都虹祥世纪体育文化传播有限公司,8911,体育赛事,0.8736,0.95,否,,1,1,体育竞赛组织,,体育竞赛,1.0,1.0,0.85,0.1111
四川名犀商贸有限公司,5242,体育用品,0.8736,0.95,否,,1,1,体育用品器材零售,,体育用品,1.0,1.0,0.85,0.1111
成都标点体育文化发展有限公司,9052,体育管理,0.6611,0.9,是,纯跨界（行业代码非体育，文本有体育业务）,1,1,组织体育文化活动,,体育文化,1.0,1.0,0.0,0.1111
成都金威敏健身服务有限责任公司,8930,健身休闲,0.8736,0.95,否,,1,1,健身房服务,,健身房,1.0,1.0,0.85,0.1111
趣泳（成都）企业管理咨询有限公司,9052,体育赛事,0.6611,0.9,是,纯跨界（行业代码非体育，文本有体育业务）,1,1,体育赛事策划,,赛事策划,1.0,1.0,0.0,0.1111
早鸟成都健身服务有限公司,8930,健身休闲,0.8736,0.95,否,,1,1,健身服务,,健身服务,1.0,1.0,0.85,0.1111
成都聚合星煜体育文化传播有限公司,8911,体育赛事,0.8736,0.95,否,,1,1,体育赛事策划组织,,赛事策划,1.0,1.0,0.85,0.1111
成都姜磊拳击体育文化传播有限公司,8930,健身休闲,0.8736,0.95,否,,1,1,健身服务,,健身服务,1.0,1.0,0.85,0.1111
成都金云策科技有限公司,5242,体育用品,0.8736,0.95,否,,1,1,体育用品及器材零售,,体育用品,1.0,1.0,0.85,0.1111
成都市锦江区多巴胺健身服务有限责任公司,8930,健身休闲,0.2125,0.85,否,,1,0,,健身休闲活动,,0.0,0.0,0.85,0.0
成都百叶文化传播有限公司,8911,体育赛事,0.8736,0.95,否,,1,1,体育赛事策划服务,,赛事策划,1.0,1.0,0.85,0.1111
成都鹦鹉螺潜水用品有限公司,5242,体育用品,0.8736,0.95,否,,1,1,体育用品零售,,体育用品零售,1.0,1.0,0.85,0.1111
四川慕禾瑜伽健身有限责任公司,8930,健身休闲,0.8736,0.95,否,,1,1,瑜伽健身管理,,瑜伽,1.0,1.0,0.85,0.1111
四川恺憧装饰工程有限公司,4892,体育场馆,0.8736,0.95,否,,1,1,体育场地设施工程施工,,体育场地设施,1.0,1.0,0.85,0.1111
成都星享事成健身服务有限公司,8930,健身休闲,0.2125,0.85,否,,1,0,,健身休闲活动,,0.0,0.0,0.85,0.0
成都漾锐体育发展有限公司,8911,体育赛事,0.8736,0.95,否,,1,1,体育竞赛组织服务,,体育竞赛,1.0,1.0,0.85,0.1111
成都九方拉伽瑜伽健身有限公司,8930,健身休闲,0.2125,0.85,否,,1,0,,健身休闲活动,,0.0,0.0,0.85,0.0
成都凯可特思商贸有限公司,8930,健身休闲,0.8736,0.95,否,,1,1,健身服务,,健身服务,1.0,1.0,0.85,0.1111
四川成都市健之道健身服务有限责任公司,8930,健身休闲,0.2125,0.85,否,,1,0,,健身休闲活动,,0.0,0.0,0.85,0.0
潘逗体育文化传播成都有限公司,8921,体育场馆,0.8736,0.95,否,,1,1,体育场馆管理,,体育场馆,1.0,1.0,0.85,0.1111
成都市骏泰健身有限公司,8930,健身休闲,0.8736,0.95,否,,1,1,健身服务,,健身服务,1.0,1.0,0.85,0.1111
成都酷步体育设施工程有限公司,4991,体育场馆,0.6611,0.9,是,纯跨界（行业代码非体育，文本有体育业务）,1,1,体育设施安装服务,,体育设施,1.0,1.0,0.0,0.1111
成都芳德盛体育文化传播有限公司,8930,健身休闲,0.8736,0.95,否,,1,1,健身服务,,健身服务,1.0,1.0,0.85,0.1111
成都有朋餐饮服务有限公司,8930,健身休闲,0.2125,0.85,否,,1,0,,棋牌服务,,0.0,0.0,0.85,0.0
成都弹力鲁比克猩球体育文化发展有限公司,9052,体育赛事,0.6611,0.9,是,纯跨界（行业代码非体育，文本有体育业务）,1,1,体育赛事策划,,赛事策划,1.0,1.0,0.0,0.1111
成都伍之星银石体育文化传播有限公司,9052,体育赛事,0.6611,0.9,是,纯跨界（行业代码非体育，文本有体育业务）,1,1,体育赛事策划,,赛事策划,1.0,1.0,0.0,0.1111
成都大魔方体育文化传播有限公司,8392,体育培训,0.8736,0.95,否,,1,1,少儿体能训练,,少儿体能,1.0,1.0,0.85,0.1111
成都三街聚成体育发展有限公司,8930,健身休闲,0.8736,0.95,否,,1,1,健身服务,,健身服务,1.0,1.0,0.85,0.1111
四川茂涛精跃动体育用品有限公司,5242,体育用品,0.8736,0.95,否,,1,1,体育用品零售,,体育用品零售,1.0,1.0,0.85,0.1111
成都市诚信合和商贸有限公司,5242,体育用品,0.2125,0.85,否,,1,0,,文体用品零售,,0.0,0.0,0.85,0.0
乐速潮玩成都体育文化发展有限公司,8930,健身休闲,0.8736,0.95,否,,1,1,健身服务,,健身服务,1.0,1.0,0.85,0.1111
成都拉伽健康管理有限公司,8930,健身休闲,0.8736,0.95,否,,1,1,瑜伽馆服务,,瑜伽馆,1.0,1.0,0.85,0.1111
成都威玖吉行健身服务有限公司,8930,健身休闲,0.8736,0.95,否,,1,1,健身服务,,健身服务,1.0,1.0,0.85,0.1111
成都重塑健身服务有限公司,8930,健身休闲,0.2125,0.85,否,,1,0,,健身咨询服务,,0.0,0.0,0.85,0.0
四川伴遇文化传媒有限责任公司,8930,健身休闲,0.8736,0.95,否,,1,1,瑜伽服务,,瑜伽,1.0,1.0,0.85,0.1111
四川耀柱建筑工程有限公司,4892,体育场馆,0.8736,0.95,否,,1,1,体育场地设施工程施工,,体育场地设施,1.0,1.0,0.85,0.1111
成都佶腾体育用品有限公司,5142,体育用品,0.8736,0.95,否,,1,1,体育用品批发,,体育用品批发,1.0,1.0,0.85,0.1111
四川伽可健身有限责任公司,8930,健身休闲,0.2125,0.85,否,,1,0,,健身休闲活动策划服务,,0.0,0.0,0.85,0.0
四川羿力体育文化传播有限公司,8921,体育场馆,0.8736,0.95,否,,1,1,体育场场馆服务,,体育场,1.0,1.0,0.85,0.1111
成都逸特健身服务有限公司,8930,健身休闲,0.8736,0.95,否,,1,1,健身服务,,健身服务,1.0,1.0,0.85,0.1111
成都兴盛玖和氧立方健身服务有限公司,8930,健身休闲,0.2125,0.85,否,,1,0,,互联网直播服务,,0.0,0.0,0.85,0.0
四川博扬体育发展有限公司,8930,健身休闲,0.8736,0.95,否,,1,1,健身服务,,健身服务,1.0,1.0,0.85,0.1111
四川战地行者户外装备有限公司,5242,体育用品,0.2125,0.85,否,,1,0,,户外用品零售,,0.0,0.0,0.85,0.0
成都加瑜文化传播有限公司,8930,健身休闲,0.8736,0.95,否,,1,1,健身服务,,健身服务,1.0,1.0,0.85,0.1111
四川拓加电子商务股份有限公司,5142,体育用品,0.8736,0.95,否,,1,1,体育用品批发,,体育用品批发,1.0,1.0,0.85,0.1111
成都洛道体育发展有限责任公司,8921,体育场馆,0.8736,0.95,否,,1,1,体育场地设施管理,,体育场地设施,1.0,1.0,0.85,0.1111
成都明顿体育文化发展有限公司,8930,健身休闲,0.8736,0.95,否,,1,1,健身服务,,健身服务,1.0,1.0,0.85,0.1111
成都伽马健身有限责任公司,8930,健身休闲,0.2125,0.85,否,,1,0,,健身休闲活动,,0.0,0.0,0.85,0.0
成都荔枝健身管理有限公司,8930,健身休闲,0.2125,0.85,否,,1,0,,健身休闲活动,,0.0,0.0,0.85,0.0
四川生机健身管理有限公司,8930,健身休闲,0.2125,0.85,否,,1,0,,健身休闲活动,,0.0,0.0,0.85,0.0
成都贾君国球体育文化传播有限公司,8911,体育赛事,0.8736,0.95,否,,1,1,体育竞赛组织,,体育竞赛,1.0,1.0,0.85,0.1111
成都鲸奇健身服务有限公司,8930,健身休闲,0.8736,0.95,否,,1,1,健身服务,,健身服务,1.0,1.0,0.85,0.1111
托斯卡纳成都建筑材料有限公司,5242,体育用品,0.2125,0.85,否,,1,0,,户外用品零售,,0.0,0.0,0.85,0.0
成都未知因子健身管理有限公司,8930,健身休闲,0.2125,0.85,否,,1,0,,健身休闲活动,,0.0,0.0,0.85,0.0
四川兰利科技有限公司,5142,体育用品,0.8736,0.95,否,,1,1,体育用品批发,,体育用品批发,1.0,1.0,0.85,0.1111
四川禧康体育用品有限公司,5142,体育用品,0.8736,0.95,否,,1,1,体育用品批发,,体育用品批发,1.0,1.0,0.85,0.1111
四川体产体育用品有限公司,7122,体育用品,0.6611,0.9,是,纯跨界（行业代码非体育，文本有体育业务）,1,1,体育用品租赁,,体育用品,1.0,1.0,0.0,0.1111
四川跆心体育文化传播有限公司,8911,体育赛事,0.8736,0.95,否,,1,1,体育赛事组织,,体育赛事,1.0,1.0,0.85,0.1111
成都傲麟体育科技有限公司,9052,体育赛事,0.6611,0.9,是,纯跨界（行业代码非体育，文本有体育业务）,1,1,体育赛事策划,,赛事策划,1.0,1.0,0.0,0.1111
成都九维创艺体育文化有限公司,9052,体育赛事,0.6611,0.9,是,纯跨界（行业代码非体育，文本有体育业务）,1,1,体育赛事策划,,赛事策划,1.0,1.0,0.0,0.1111
四川超动力户外运动有限公司,5142,体育用品,0.8736,0.95,否,,1,1,体育用品及器材批发,,体育用品,1.0,1.0,0.85,0.1111
成都源力未来体育发展有限公司,8930,健身休闲,0.2125,0.85,否,,1,0,,健身休闲活动服务,,0.0,0.0,0.85,0.0
成都穆锋文化传播有限公司,8930,健身休闲,0.2125,0.85,否,,1,0,,健身休闲服务,,0.0,0.0,0.85,0.0
四川四季星体育文化传播有限公司,7122,体育用品,0.6611,0.9,是,纯跨界（行业代码非体育，文本有体育业务）,1,1,体育器材出租,,体育器材,1.0,1.0,0.0,0.1111
四川川体在线文化传媒有限公司,9052,体育赛事,0.6611,0.9,是,纯跨界（行业代码非体育，文本有体育业务）,1,1,体育赛事组织,,体育赛事,1.0,1.0,0.0,0.1111
成都晴天嗨球体育文化传播有限公司,8930,健身休闲,0.8736,0.95,否,,1,1,健身服务,,健身服务,1.0,1.0,0.85,0.1111
成都福年拾多斤健身服务有限公司,8930,健身休闲,0.8736,0.95,否,,1,1,健身服务,,健身服务,1.0,1.0,0.85,0.1111
成都吉恒道文化传播有限公司,8930,健身休闲,0.2125,0.85,否,,1,0,,健身休闲服务,,0.0,0.0,0.85,0.0
成都俊岐体育文化传播有限公司,9052,体育赛事,0.6611,0.9,是,纯跨界（行业代码非体育，文本有体育业务）,1,1,体育赛事策划,,赛事策划,1.0,1.0,0.0,0.1111
成都凡木优伽健身服务有限公司,8930,健身休闲,0.8736,0.95,否,,1,1,健身服务,,健身服务,1.0,1.0,0.85,0.1111
成都壹叁陆优佳健身服务有限公司,8930,健身休闲,0.2125,0.85,否,,1,0,,健身休闲活动,,0.0,0.0,0.85,0.0
成都漫宇健康管理咨询有限公司,8930,健身休闲,0.8736,0.95,否,,1,1,健身房服务,,健身房,1.0,1.0,0.85,0.1111
成都记上学云科技有限公司,5142,体育用品,0.8736,0.95,否,,1,1,体育用品批发,,体育用品批发,1.0,1.0,0.85,0.1111
成都早安晚甜科技有限公司,9052,体育管理,0.6611,0.9,是,纯跨界（行业代码非体育，文本有体育业务）,1,1,组织体育文化活动,,体育文化,1.0,1.0,0.0,0.1111
成都美年达健身服务有限公司,8930,体育场馆,0.8736,0.95,否,,1,1,游泳馆活动,,游泳馆,1.0,1.0,0.85,0.1111
成都蓉菁体育文化传播有限公司,9052,体育赛事,0.6611,0.9,是,纯跨界（行业代码非体育，文本有体育业务）,1,1,体育赛事策划,,赛事策划,1.0,1.0,0.0,0.1111
成都云飞健身服务有限公司,8930,健身休闲,0.2125,0.85,否,,1,0,,健身休闲服务,,0.0,0.0,0.85,0.0
成都市众上成贸易有限公司,5242,体育用品,0.8736,0.95,否,,1,1,文化体育用品零售,,体育用品零售,1.0,1.0,0.85,0.1111
成都市飞瑞体育文化传播有限公司,8930,健身休闲,0.2125,0.85,否,,1,0,,健身休息服务,,0.0,0.0,0.85,0.0
成都市魔方运动网络科技有限公司,8930,健身休闲,0.8736,0.95,否,,1,1,体育休闲健身服务,,体育休闲; 健身服务,1.0,1.0,0.85,0.1111
成都这儿玩健身有限公司,8930,健身休闲,0.8736,0.95,否,,1,1,健身服务,,健身服务,1.0,1.0,0.85,0.1111
四川漾宸企业管理有限公司,8392,体育培训,0.8736,0.95,否,,1,1,体育培训,,体育培训,1.0,1.0,0.85,0.1111
四川海汇星辰生物科技有限公司,5142,体育用品,0.8736,0.95,否,,1,1,体育用品批发,,体育用品批发,1.0,1.0,0.85,0.1111
成都拉伽世纪峰景瑜伽健身有限公司,8930,健身休闲,0.8736,0.95,否,,1,1,瑜伽健身服务,,瑜伽; 健身服务,1.0,1.0,0.85,0.1111
薪乐付科技集团有限公司,8921,体育场馆,0.8736,0.95,否,,1,1,体育场馆管理,,体育场馆,1.0,1.0,0.85,0.1111
成都菡耀体育用品有限公司,5242,体育用品,0.8736,0.95,否,,1,1,健身器材零售,,健身器材,1.0,1.0,0.85,0.1111
四川嗨懒洋洋瑜伽健身有限公司,8930,健身休闲,0.2125,0.85,否,,1,0,,健身休闲服务,,0.0,0.0,0.85,0.0
成都反斗锦娱乐有限公司,8912,体育管理,0.2125,0.85,否,,1,0,,游艺娱乐活动,,0.0,0.0,0.85,0.0
四川不羁舞门文化传播有限公司,8919,体育管理,0.8736,0.95,否,,1,1,其他体育组织,,体育组织,1.0,1.0,0.85,0.1111
四川利扬体育用品有限公司,5142,体育用品,0.8736,0.95,否,,1,1,体育用品批发,,体育用品批发,1.0,1.0,0.85,0.1111
成都魔方体育文化发展有限公司,8930,健身休闲,0.2125,0.85,否,,1,0,,健身休闲服务,,0.0,0.0,0.85,0.0
四川逸吻你商贸有限公司,5242,体育用品,0.2125,0.85,否,,1,0,,户外用品零售,,0.0,0.0,0.85,0.0
四川花叶锦健身有限公司,8930,健身休闲,0.2125,0.85,否,,1,0,,健身休闲活动,,0.0,0.0,0.85,0.0
都江堰魅力健身服务有限公司,8930,健身休闲,0.2125,0.85,否,,1,0,,健身休闲活动,,0.0,0.0,0.85,0.0
成都极猫商贸有限责任公司,5242,体育用品,0.2125,0.85,否,,1,0,,零售户外用品,,0.0,0.0,0.85,0.0
都江堰市曼珈尔普拉提健身管理有限公司,8930,健身休闲,0.2125,0.85,否,,1,0,,健身休闲活动,,0.0,0.0,0.85,0.0
成都乐崎户外用品有限公司,5242,体育用品,0.2125,0.85,否,,1,0,,户外用品零售,,0.0,0.0,0.85,0.0
都江堰绝岭体育场馆管理有限公司,8921,体育场馆,0.8736,0.95,否,,1,1,体育场馆管理,,体育场馆,1.0,1.0,0.85,0.1111
成都市都江堰旭焕体育文化传播有限责任公司,8999,体育管理,0.6611,0.9,是,纯跨界（行业代码非体育，文本有体育业务）,1,1,文化和体育服务,,体育服务,1.0,1.0,0.0,0.1111
成都黑马克体育文化发展有限公司,8919,体育管理,0.8736,0.95,否,,1,1,文化体育服务,,体育服务,1.0,1.0,0.85,0.1111
都江堰星未来拓展活动有限公司,8930,健身休闲,0.2125,0.85,否,,1,0,,拓展活动服务,,0.0,0.0,0.85,0.0
都江堰市富特博体育文化发展有限公司,9052,体育赛事,0.6611,0.9,是,纯跨界（行业代码非体育，文本有体育业务）,1,1,组织体育表演活动服务,,体育表演,1.0,1.0,0.0,0.1111
都江堰翼起游户外运动有限责任公司,8930,健身休闲,0.2125,0.85,否,,1,0,,健身休闲运动,,0.0,0.0,0.85,0.0
都江堰市腾达体育俱乐部,8930,健身休闲,0.2125,0.85,否,,1,0,,休闲健身娱乐活动,,0.0,0.0,0.85,0.0
都江堰市尚武龙道体育文化传播有限公司,8919,体育管理,0.8736,0.95,否,,1,1,其他体育组织,,体育组织,1.0,1.0,0.85,0.1111
四川灌城飓风体育文化传播有限公司,9052,体育赛事,0.6611,0.9,是,纯跨界（行业代码非体育，文本有体育业务）,1,1,组织体育表演活动,,体育表演,1.0,1.0,0.0,0.1111
成都艾自由户外运动有限公司,8930,健身休闲,0.8736,0.95,否,,1,1,健身服务,,健身服务,1.0,1.0,0.85,0.1111
都江堰盼达欢快体育发展有限公司,8911,体育管理,0.8736,0.95,否,,1,1,体育组织,,体育组织,1.0,1.0,0.85,0.1111
成都市智速体育发展有限公司,8930,健身休闲,0.2125,0.85,否,,1,0,,体育运动,,0.0,0.0,0.85,0.0
都江堰市力悦室内体育场所服务有限公司,8921,体育场馆,0.8736,0.95,否,,1,1,室内体育场所服务,,体育场,1.0,1.0,0.85,0.1111
四川时光旅拍户外运动有限公司,8930,健身休闲,0.2125,0.85,否,,1,0,,户外休闲健身活动,,0.0,0.0,0.85,0.0
成都汇星文旅科技有限公司,8930,健身休闲,0.8736,0.95,否,,1,1,户外拓展活动组织,,户外拓展,1.0,1.0,0.85,0.1111
成都优享健身服务有限公司,8930,健身休闲,0.2125,0.85,否,,1,0,,健身休闲活动服务,,0.0,0.0,0.85,0.0
成都垚腾商贸有限公司,5242,体育用品,0.8736,0.95,否,,1,1,体育用品零售,,体育用品零售,1.0,1.0,0.85,0.1111
成都启程星动体育文化传播有限公司,9052,体育赛事,0.6611,0.9,是,纯跨界（行业代码非体育，文本有体育业务）,1,1,组织体育表演活动服务,,体育表演,1.0,1.0,0.0,0.1111
成都仁武极限体育文化发展有限公司,8912,体育管理,0.2125,0.85,否,,1,0,,体育保障组织服务,,0.0,0.0,0.85,0.0
成都天鹰户外运动有限公司,8930,健身休闲,0.2125,0.85,否,,1,0,,健身休闲活动服务,,0.0,0.0,0.85,0.0
成都乐动趣风体育文化传播有限公司,8912,体育管理,0.2125,0.85,否,,1,0,,体育保障服务,,0.0,0.0,0.85,0.0
都江堰力加健身服务有限公司,8930,健身休闲,0.2125,0.85,否,,1,0,,健身休闲服务,,0.0,0.0,0.85,0.0
四川亿荣巨星体育文化发展有限公司,8911,体育赛事,0.8736,0.95,否,,1,1,体育竞赛组织,,体育竞赛,1.0,1.0,0.85,0.1111
成都阿泽户外运动有限公司,8930,健身休闲,0.8736,0.95,否,,1,1,户外运动策划,,户外运动,1.0,1.0,0.85,0.1111
四川腾之道体育用品有限公司,5242,体育用品,0.8736,0.95,否,,1,1,体育用品零售,,体育用品零售,1.0,1.0,0.85,0.1111
都江堰市宏诚浩体育文化传播有限责任公司,8392,体育培训,0.8736,0.95,否,,1,1,体育培训教育,,体育培训,1.0,1.0,0.85,0.1111
成都金字塔健身服务有限公司,8930,健身休闲,0.8736,0.95,否,,1,1,健身服务,,健身服务,1.0,1.0,0.85,0.1111
成都市斯蒂柏健身服务有限公司,8930,健身休闲,0.8736,0.95,否,,1,1,健身服务,,健身服务,1.0,1.0,0.85,0.1111
四川新锐优星体育俱乐部有限公司,8911,体育赛事,0.8736,0.95,否,,1,1,体育竞赛组织,,体育竞赛,1.0,1.0,0.85,0.1111
成都燕阳里体育文化发展有限公司,5242,体育用品,0.8736,0.95,否,,1,1,体育用品零售,,体育用品零售,1.0,1.0,0.85,0.1111
成都静远健身服务有限责任公司,8930,健身休闲,0.8736,0.95,否,,1,1,健身房服务,,健身房,1.0,1.0,0.85,0.1111
成都市唯美户外运动有限责任公司,8930,健身休闲,0.8736,0.95,否,,1,1,户外运动策划,,户外运动,1.0,1.0,0.85,0.1111
都江堰市周全体育器材有限公司,5242,体育用品,0.8736,0.95,否,,1,1,零售体育器材体育用品,,体育器材; 体育用品,1.0,1.0,0.85,0.1111
成都卓帅精英户外拓展有限责任公司,8930,健身休闲,0.8736,0.95,否,,1,1,户外拓展训练,,户外拓展,1.0,1.0,0.85,0.1111
都江堰市奥尚博健身服务有限公司,8930,健身休闲,0.2125,0.85,否,,1,0,,健身休闲活动,,0.0,0.0,0.85,0.0
都江堰市锦弘耀培训学校有限公司,8392,体育培训,0.8736,0.95,否,,1,1,跆拳道培训,,跆拳道培训,1.0,1.0,0.85,0.1111
成都名优国乒体育发展有限公司,8912,体育管理,0.2125,0.85,否,,1,0,,体育保障组织,,0.0,0.0,0.85,0.0
都江堰市鼎泰贤体育俱乐部有限责任公司,8392,体育培训,0.8736,0.95,否,,1,1,体育培训,,体育培训,1.0,1.0,0.85,0.1111
四川懒熊熊体育文化传播有限公司,8930,健身休闲,0.2125,0.85,否,,1,0,,休闲健身活动,,0.0,0.0,0.85,0.0
竟扬体育俱乐部成都有限公司,8911,体育赛事,0.8736,0.95,否,,1,1,组织体育竞赛,,体育竞赛,1.0,1.0,0.85,0.1111
四川懿橙体育文化发展有限公司,8919,体育管理,0.8736,0.95,否,,1,1,其他体育组织,,体育组织,1.0,1.0,0.85,0.1111
成都市天之仁体育指导有限公司,8392,体育培训,0.2125,0.85,否,,1,0,,体育运动训练指导服务,,0.0,0.0,0.85,0.0
成都市雄英健身服务有限公司,8930,健身休闲,0.2125,0.85,否,,1,0,,健身休闲活动,,0.0,0.0,0.85,0.0
成都夏洛户外运动策划有限公司,8919,健身休闲,0.8736,0.95,否,,1,1,户外运动组织,,户外运动,1.0,1.0,0.85,0.1111
都江堰市博浪体育用品有限责任公司,5242,体育用品,0.8736,0.95,否,,1,1,零售体育用品,,体育用品,1.0,1.0,0.85,0.1111
四川百战格斗体育俱乐部有限公司,8930,健身休闲,0.2125,0.85,否,,1,0,,格斗体育,,0.0,0.0,0.85,0.0
成都减加健身有限公司,8930,健身休闲,0.2125,0.85,否,,1,0,,健身休闲活动服务,,0.0,0.0,0.85,0.0
成都青之鸟户外运动有限公司,8930,健身休闲,0.2125,0.85,否,,1,0,,健身休闲活动,,0.0,0.0,0.85,0.0
都江堰励阳户外拓展有限公司,8392,体育培训,0.8736,0.95,否,,1,1,体校及体育培训,,体育培训,1.0,1.0,0.85,0.1111
成都王牌未来健康科技有限公司,8912,体育管理,0.8736,0.95,否,,1,1,体育组织保障,,体育组织,1.0,1.0,0.85,0.1111
都江堰锥风少年体育发展有限公司,9052,体育赛事,0.6611,0.9,是,纯跨界（行业代码非体育，文本有体育业务）,1,1,体育表演活动,,体育表演,1.0,1.0,0.0,0.1111
成都曼力迪体育文化发展有限公司,8912,体育管理,0.2125,0.85,否,,1,0,,体育保障服务,,0.0,0.0,0.85,0.0
成都晴里体育文化传播有限公司,9052,体育赛事,0.6611,0.9,是,纯跨界（行业代码非体育，文本有体育业务）,1,1,组织体育表演活动,,体育表演,1.0,1.0,0.0,0.1111
都江堰市天兮仁诺体育培训学校有限公司,8392,体育培训,0.8736,0.95,否,,1,1,跆拳道培训,,跆拳道培训,1.0,1.0,0.85,0.1111
四川德奥零云体育发展有限公司,8392,体育培训,0.8736,0.95,否,,1,1,体育培训,,体育培训,1.0,1.0,0.85,0.1111
成都市凯鼎健身服务有限公司,8930,健身休闲,0.2125,0.85,否,,1,0,,健身休闲活动服务,,0.0,0.0,0.85,0.0
都江堰市丹台龙跷文化传播有限责任公司,8392,体育培训,0.8736,0.95,否,,1,1,武术培训,,武术培训,1.0,1.0,0.85,0.1111
成都艾姆尔瑟体育文化发展有限公司,8392,体育培训,0.8736,0.95,否,,1,1,体育培训,,体育培训,1.0,1.0,0.85,0.1111
都江堰二十四号体育文化传播有限公司,9052,体育赛事,0.6611,0.9,是,纯跨界（行业代码非体育，文本有体育业务）,1,1,组织体育表演活动,,体育表演,1.0,1.0,0.0,0.1111
成都动达体育文化传播有限责任公司,8392,体育培训,0.2125,0.85,否,,1,0,,体育课外培训,,0.0,0.0,0.85,0.0
成都浔美健身服务有限公司,8930,健身休闲,0.2125,0.85,否,,1,0,,休闲健身活动,,0.0,0.0,0.85,0.0
四川明宇之星足球俱乐部有限公司,8911,体育用品,0.8736,0.95,否,,1,1,足球俱乐部服务,,足球,1.0,1.0,0.85,0.1111
成都市柔之道体育文化发展有限责任公司,8911,体育赛事,0.8736,0.95,否,,1,1,体育竞赛组织,,体育竞赛,1.0,1.0,0.85,0.1111
成都登徒户外运动有限公司,8930,健身休闲,0.2125,0.85,否,,1,0,,健身休闲活动,,0.0,0.0,0.85,0.0
成都小象滑雪体育发展有限公司,8999,体育赛事,0.6611,0.9,是,纯跨界（行业代码非体育，文本有体育业务）,1,1,体育障碍组织和体育赛事策划,,赛事策划,1.0,1.0,0.0,0.1111
四川夏炎焱体育发展有限公司,8912,体育管理,0.2125,0.85,否,,1,0,,体育保障组织和健身休闲活动,,0.0,0.0,0.85,0.0
四川雪之星体育文化发展有限公司,8919,体育赛事,0.8736,0.95,否,,1,1,组织体育表演活动,,体育表演,1.0,1.0,0.85,0.1111
成都融创娱雪体育发展有限公司,8921,体育场馆,0.2125,0.85,否,,1,0,,雪上娱乐场地,,0.0,0.0,0.85,0.0
成都恒心安悦体育场馆管理有限公司,8930,健身休闲,0.2125,0.85,否,,1,0,,健身休闲活动,,0.0,0.0,0.85,0.0
都江堰星空管家户外用品销售有限公司,5242,体育用品,0.2125,0.85,否,,1,0,,户外用品销,,0.0,0.0,0.85,0.0
傲刃堂成都户外运动用品有限公司,5242,体育用品,0.8736,0.95,否,,1,1,体育用品及器材零售,,体育用品,1.0,1.0,0.85,0.1111
成都边城户外用品有限公司,5242,体育用品,0.6736,0.95,是,多元经营（体育+1条非体育业务）,2,1,租用体育用品,零售服装,体育用品,0.5,1.0,0.85,0.1111
都江堰纽缇体育文化发展有限公司,8911,体育赛事,0.8736,0.95,否,,1,1,体育赛事组织,,体育赛事,1.0,1.0,0.85,0.1111
成都励志迷彩户外运动有限公司,8930,健身休闲,0.2125,0.85,否,,1,0,,户外休闲健身活动,,0.0,0.0,0.85,0.0
成都转角户外运动有限公司,8930,健身休闲,0.2125,0.85,否,,1,0,,休闲活动,,0.0,0.0,0.85,0.0
成都威马克户外用品有限公司,2449,体育用品,0.2125,0.85,否,,1,0,,钓鱼竿制造,,0.0,0.0,0.85,0.0
成都蜗牛户外运动有限公司,8930,健身休闲,0.8736,0.95,否,,1,1,户外拓展运动,,户外拓展,1.0,1.0,0.85,0.1111
成都市臻尚户外运动有限公司,8930,健身休闲,0.2125,0.85,否,,1,0,,户外休闲健身活动服务,,0.0,0.0,0.85,0.0
都江堰市瑛达包装材料厂,2449,体育用品,0.2125,0.85,否,,1,0,,生产塑料制品,,0.0,0.0,0.85,0.0
四川省驼峰体育场馆管理有限公司,8930,健身休闲,0.8736,0.95,否,,1,1,户外运动服务,,户外运动,1.0,1.0,0.85,0.1111
都江堰鼎天辰龙体育发展有限公司,8912,体育管理,0.2125,0.85,否,,1,0,,体育保障组织,,0.0,0.0,0.85,0.0
成都菘蓝体育俱乐部有限公司,8911,体育赛事,0.8736,0.95,否,,1,1,体育竞赛组织,,体育竞赛,1.0,1.0,0.85,0.1111
成都昕玥户外运动有限公司,8930,健身休闲,0.2125,0.85,否,,1,0,,健身休闲活动,,0.0,0.0,0.85,0.0
都江堰速腾云豹体育俱乐部有限责任公司,8911,体育赛事,0.8736,0.95,否,,1,1,体育竞赛组织,,体育竞赛,1.0,1.0,0.85,0.1111
成都壹号弓箭体育文化传播有限公司,8999,体育赛事,0.6611,0.9,是,纯跨界（行业代码非体育，文本有体育业务）,1,1,体育赛事策划,,赛事策划,1.0,1.0,0.0,0.1111
四川恒生科技发展有限公司,8930,健身休闲,0.2125,0.85,否,,1,0,,计算机服务,,0.0,0.0,0.85,0.0
都江堰哈利路亚运动器材有限责任公司,5242,体育用品,0.8736,0.95,否,,1,1,运动器材零售,,运动器材,1.0,1.0,0.85,0.1111
都江堰青城高尔夫俱乐部有限公司,8930,健身休闲,0.8736,0.95,否,,1,1,高尔夫俱乐部管理,,高尔夫,1.0,1.0,0.85,0.1111
都江堰润天麟体育文化传播有限责任公司,8930,健身休闲,0.2125,0.85,否,,1,0,,健身休闲活动,,0.0,0.0,0.85,0.0
成都龙跷隐踪文化传播有限公司,8392,健身休闲,0.8736,0.95,否,,1,1,武术交流,,武术,1.0,1.0,0.85,0.1111
都江堰汉刘漂流有限公司,8930,健身休闲,0.8736,0.95,否,,1,1,漂流服务,,漂流,1.0,1.0,0.85,0.1111
都江堰程辉游泳池管理有限公司,8921,体育场馆,0.8736,0.95,否,,1,1,游泳馆管理服务,,游泳馆,1.0,1.0,0.85,0.1111
成都攀达利亚体育发展有限公司,8911,体育赛事,0.8736,0.95,否,,1,1,体育竞赛服务,,体育竞赛,1.0,1.0,0.85,0.1111
都江堰市大成旅游发展有限公司,8930,健身休闲,0.2125,0.85,否,,1,0,,旅资源开发,,0.0,0.0,0.85,0.0
成都飞来峰旅游开发有限责任公司,8930,健身休闲,0.8736,0.95,否,,1,1,漂流服务,,漂流,1.0,1.0,0.85,0.1111
都江堰飞伦鱼户外运动有限公司,8930,健身休闲,0.8736,0.95,否,,1,1,户外运动,,户外运动,1.0,1.0,0.85,0.1111
成都魅力山水户外运动有限公司,8930,健身休闲,0.2125,0.85,否,,1,0,,户外休闲健身活动,,0.0,0.0,0.85,0.0
四川君曦文化传播有限责任公司,8392,健身休闲,0.8736,0.95,否,,1,1,跆拳道技能培训服务,,跆拳道,1.0,1.0,0.85,0.1111
彭州来力台球俱乐部,8930,健身休闲,0.8736,0.95,否,,1,1,室内台球娱乐活动,,台球,1.0,1.0,0.85,0.1111
成都星飞越体育发展有限公司,8930,体育管理,0.8736,0.95,否,,1,1,文化体育服务,,体育服务,1.0,1.0,0.85,0.1111
彭州市卓尚贸易有限公司,8930,健身休闲,0.8736,0.95,否,,1,1,台球服务,,台球,1.0,1.0,0.85,0.1111
彭州市阳氏健身管理有限公司,8930,健身休闲,0.2125,0.85,否,,1,0,,休闲健身,,0.0,0.0,0.85,0.0
彭州极线蓝色空间健身服务有限公司,8930,体育管理,0.8736,0.95,否,,1,1,文化体育服务,,体育服务,1.0,1.0,0.85,0.1111
成都嵩武国术健身有限公司,8930,健身休闲,0.8736,0.95,否,,1,1,健身服务,,健身服务,1.0,1.0,0.85,0.1111
四川臻泳体育文化传播有限责任公司,8911,体育赛事,0.8736,0.95,否,,1,1,体育竞赛组织,,体育竞赛,1.0,1.0,0.85,0.1111
成都康芒体育文化传播有限公司,8911,体育赛事,0.8736,0.95,否,,1,1,体育竞赛组织,,体育竞赛,1.0,1.0,0.85,0.1111
成都卡伦健康咨询有限公司,8930,健身休闲,0.8736,0.95,否,,1,1,健身房服务,,健身房,1.0,1.0,0.85,0.1111
彭州市元之道健康管理有限公司,8930,健身休闲,0.2125,0.85,否,,1,0,,健身休闲,,0.0,0.0,0.85,0.0
彭州市澎湃体育发展有限公司,8930,健身休闲,0.8736,0.95,否,,1,1,健身房休闲活动,,健身房,1.0,1.0,0.85,0.1111
成都市众豪足球俱乐部有限公司,8911,体育管理,0.2125,0.85,否,,1,0,,足球运动,,0.0,0.0,0.85,0.0
彭州市汭艺体育场馆有限公司,8392,体育培训,0.2125,0.85,否,,1,0,,体育活动培训,,0.0,0.0,0.85,0.0
成都贝乐星体育文化传播有限公司,8392,体育培训,0.8736,0.95,否,,1,1,少儿体育培训,,体育培训,1.0,1.0,0.85,0.1111
彭州圣力凯健身咨询管理有限公司,8930,健身休闲,0.2125,0.85,否,,1,0,,休闲健身,,0.0,0.0,0.85,0.0
成都市梵逸心健康管理有限公司,8930,健身休闲,0.8736,0.95,否,,1,1,休闲健身服务,,健身服务,1.0,1.0,0.85,0.1111
彭州鑫众航体育文化传播合伙企业（有限合伙）,8392,体育培训,0.8736,0.95,否,,1,1,少儿体育培训,,体育培训,1.0,1.0,0.85,0.1111
成都彭州兴绵商贸易有限公司,8930,健身休闲,0.2125,0.85,否,,1,0,,棋牌服务,,0.0,0.0,0.85,0.0
四川军戈企畅企业管理咨询有限公司,8930,健身休闲,0.2125,0.85,否,,1,0,,拓展训练服务,,0.0,0.0,0.85,0.0
彭州市圣力凯游泳馆有限公司,8921,体育场馆,0.8736,0.95,否,,1,1,游泳馆服务,,游泳馆,1.0,1.0,0.85,0.1111
四川飞驰悦动体育文化传播有限责任公司,8392,体育培训,0.8736,0.95,否,,1,1,体育培训,,体育培训,1.0,1.0,0.85,0.1111
成都道朴天成文化传播有限公司,8930,健身休闲,0.8736,0.95,否,,1,1,瑜伽服务,,瑜伽,1.0,1.0,0.85,0.1111
成都首赛体育俱乐部有限公司,8911,体育赛事,0.8736,0.95,否,,1,1,体育竞赛组织,,体育竞赛,1.0,1.0,0.85,0.1111
成都一知鱼钓具有限公司,5242,体育用品,0.8736,0.95,否,,1,1,渔具零售,,渔具,1.0,1.0,0.85,0.1111
成都锐升蓝鲸体育俱乐部有限责任公司,8911,体育管理,0.8736,0.95,否,,1,1,体育组织,,体育组织,1.0,1.0,0.85,0.1111
成都市玖峰行体育文化发展有限公司,8921,体育场馆,0.8736,0.95,否,,1,1,体育场所服务,,体育场,1.0,1.0,0.85,0.1111
成都市领先体育文化发展有限责任公司,8919,体育管理,0.2125,0.85,否,,1,0,,体育类社会服务,,0.0,0.0,0.85,0.0
四川德胜杰优体育文化传播有限公司,8911,体育赛事,0.8736,0.95,否,,1,1,体育竞赛组织,,体育竞赛,1.0,1.0,0.85,0.1111
彭州市圣力凯体育有限公司,8921,体育场馆,0.8736,0.95,否,,1,1,体育场所服务,,体育场,1.0,1.0,0.85,0.1111
成都福大康商贸有限公司,5142,体育用品,0.8736,0.95,否,,1,1,体育用品批发,,体育用品批发,1.0,1.0,0.85,0.1111
四川纽斯达体育文化有限公司,5142,体育用品,0.8736,0.95,否,,1,1,体育用品批发,,体育用品批发,1.0,1.0,0.85,0.1111
彭州市沃森建筑安装工程有限公司,4991,体育场馆,0.6611,0.9,是,纯跨界（行业代码非体育，文本有体育业务）,1,1,体育场地安装,,体育场地,1.0,1.0,0.0,0.1111
成都优二体育服务有限公司,8930,健身休闲,0.8736,0.95,否,,1,1,健身服务,,健身服务,1.0,1.0,0.85,0.1111
成都成体艺体企业管理有限公司,9052,体育赛事,0.6611,0.9,是,纯跨界（行业代码非体育，文本有体育业务）,1,1,体育赛事策划,,赛事策划,1.0,1.0,0.0,0.1111
四川省超越高球体育用品有限公司,5142,体育用品,0.8736,0.95,否,,1,1,体育用品器材批发,,体育用品,1.0,1.0,0.85,0.1111
成都福达康科技有限公司,5242,体育用品,0.8736,0.95,否,,1,1,体育用品零售,,体育用品零售,1.0,1.0,0.85,0.1111
成都市钓鱼人钓具有限公司,5142,体育用品,0.2125,0.85,否,,1,0,,钓鱼用品批发,,0.0,0.0,0.85,0.0
成都亚历山体育用品有限公司,2449,体育用品,0.8736,0.95,否,,1,1,体育用品制造,,体育用品制造,1.0,1.0,0.85,0.1111
四川柒和柒体育文化传播有限公司,8930,健身休闲,0.2125,0.85,否,,1,0,,文化和体育,,0.0,0.0,0.85,0.0
成都万宸体育发展有限公司,8911,体育赛事,0.8736,0.95,否,,1,1,体育赛事策划,,赛事策划,1.0,1.0,0.85,0.1111
四川世纪烽火体育文化有限公司,8911,体育赛事,0.8736,0.95,否,,1,1,体育赛事服务,,体育赛事,1.0,1.0,0.85,0.1111
彭州新鑫丰盛文化传播有限公司,9052,体育赛事,0.6611,0.9,是,纯跨界（行业代码非体育，文本有体育业务）,1,1,体育赛事策划及推广,,赛事策划,1.0,1.0,0.0,0.1111
成都市润物体育用品厂,2441,体育用品,0.8736,0.95,否,,1,1,生产羽毛球,,羽毛球,1.0,1.0,0.85,0.1111
成都鼎道体育用品有限公司,2449,体育用品,0.8736,0.95,否,,1,1,体育用品制造,,体育用品制造,1.0,1.0,0.85,0.1111
彭州市金河体育用品器材厂,2449,体育用品,0.8736,0.95,否,,1,1,体育用品生产,,体育用品,1.0,1.0,0.85,0.1111
成都丸美钓具有限公司,2449,体育用品,0.8736,0.95,否,,1,1,钓具生产制造,,钓具,1.0,1.0,0.85,0.1111
成都丸美唐风户外用品有限公司,2449,体育用品,0.8736,0.95,否,,1,1,渔具制造,,渔具,1.0,1.0,0.85,0.1111
成都鑫怡嘉体育用品有限公司,2449,体育用品,0.8736,0.95,否,,1,1,生产渔具,,渔具,1.0,1.0,0.85,0.1111
成都启诚航峰体育文化传播有限公司,8930,健身休闲,0.8736,0.95,否,,1,1,休闲健身服务,,健身服务,1.0,1.0,0.85,0.1111
成都尚格品顿体育服务有限公司,8930,健身休闲,0.2125,0.85,否,,1,0,,休闲健身活动服务,,0.0,0.0,0.85,0.0
彭州端贰瑜伽有限公司,8930,健身休闲,0.8736,0.95,否,,1,1,健身服务,,健身服务,1.0,1.0,0.85,0.1111
成都市蓓贤商贸有限公司,5242,体育用品,0.8736,0.95,否,,1,1,体育器材零售,,体育器材,1.0,1.0,0.85,0.1111
成都思博克体育发展有限公司,8392,体育培训,0.8736,0.95,否,,1,1,体育培训,,体育培训,1.0,1.0,0.85,0.1111
纬洛（成都）体育发展有限公司,9052,体育赛事,0.6611,0.9,是,纯跨界（行业代码非体育，文本有体育业务）,1,1,体育赛事策划,,赛事策划,1.0,1.0,0.0,0.1111
成都宏盛诚体育设施工程有限公司,5142,体育用品,0.8736,0.95,否,,1,1,健身器材批发,,健身器材,1.0,1.0,0.85,0.1111
四川奥祥教体设备有限公司,5142,体育用品,0.8736,0.95,否,,1,1,健身器材批发,,健身器材,1.0,1.0,0.85,0.1111
彭州市海豚湾度假村,8921,健身休闲,0.8736,0.95,否,,1,1,游泳服务,,游泳,1.0,1.0,0.85,0.1111
彭州市盛世荣创体育文化有限公司,8911,体育管理,0.2125,0.85,否,,1,0,,体育项目组织服务,,0.0,0.0,0.85,0.0
彭州市阳帆启航武术教育培训学校有限责任公司,8392,体育培训,0.8736,0.95,否,,1,1,武术培训,,武术培训,1.0,1.0,0.85,0.1111
成都玖尺营科技有限公司,8392,体育培训,0.2125,0.85,否,,1,0,,射击训练,,0.0,0.0,0.85,0.0
彭州市在水一方餐饮娱乐有限公司,8921,健身休闲,0.8736,0.95,否,,1,1,游泳场所,,游泳,1.0,1.0,0.85,0.1111
成都万狐钓具有限公司,2449,体育用品,0.2125,0.85,否,,1,0,,绳索缆制造,,0.0,0.0,0.85,0.0
成都优胜步道户外运动有限责任公司,8930,健身休闲,0.2125,0.85,否,,1,0,,健身休闲旅游,,0.0,0.0,0.85,0.0
四川茂锦建筑工程有限公司,4892,体育场馆,0.2125,0.85,否,,1,0,,房屋基础施工,,0.0,0.0,0.85,0.0
成都阳光方正体育用品有限公司,2449,体育用品,0.8736,0.95,否,,1,1,体育用品生产,,体育用品,1.0,1.0,0.85,0.1111
彭州市蜀西竹里户外运动有限公司,8930,健身休闲,0.2125,0.85,否,,1,0,,户外休闲活动,,0.0,0.0,0.85,0.0
四川柴古唐斯体育文化发展有限公司,8919,体育赛事,0.8736,0.95,否,,1,1,体育赛事举办,,体育赛事,1.0,1.0,0.85,0.1111
成都仙山秦体育文化发展有限公司,8911,体育赛事,0.8736,0.95,否,,1,1,体育竞赛组织,,体育竞赛,1.0,1.0,0.85,0.1111
彭州志合体育发展有限责任公司,8921,体育场馆,0.8736,0.95,否,,1,1,体育场地设施经营,,体育场地设施,1.0,1.0,0.85,0.1111
成都今朝健身管理有限责任公司,8930,健身休闲,0.2125,0.85,否,,1,0,,健身休闲活动,,0.0,0.0,0.85,0.0
成都极真尚武浩燃体育文化传播有限公司,8930,健身休闲,0.8736,0.95,否,,1,1,健身服务,,健身服务,1.0,1.0,0.85,0.1111
成都市邛崃滔博体育用品有限公司,5242,体育用品,0.8736,0.95,否,,1,1,体育用品零售,,体育用品零售,1.0,1.0,0.85,0.1111
成都市邛崃叁加壹体育文化发展有限公司,8999,体育赛事,0.6611,0.9,是,纯跨界（行业代码非体育，文本有体育业务）,1,1,体育赛事策划,,赛事策划,1.0,1.0,0.0,0.1111
成都壹健健身有限公司,8930,健身休闲,0.8736,0.95,否,,1,1,健身服务,,健身服务,1.0,1.0,0.85,0.1111
成都菲特玖零健身管理有限公司,8930,健身休闲,0.8736,0.95,否,,1,1,健身服务,,健身服务,1.0,1.0,0.85,0.1111
成都市简余户外拓展有限公司,8930,健身休闲,0.2125,0.85,否,,1,0,,健身休闲,,0.0,0.0,0.85,0.0
成都市超级星新体育文化传播有限公司,8919,体育管理,0.2125,0.85,否,,1,0,,体育运动项目组织,,0.0,0.0,0.85,0.0
成都浩瀚大魔方娱乐有限公司,8912,体育管理,0.2125,0.85,否,,1,0,,游艺娱乐活动,,0.0,0.0,0.85,0.0
成都市裕科宇惠商贸有限责任公司,5242,体育用品,0.8736,0.95,否,,1,1,体育用品及器材零售,,体育用品,1.0,1.0,0.85,0.1111
邛崃市星跃动体育场馆管理有限公司,8921,体育场馆,0.8736,0.95,否,,1,1,体育场管理服务,,体育场,1.0,1.0,0.85,0.1111
成都必刻健身管理有限公司,8930,健身休闲,0.2125,0.85,否,,1,0,,健身运动,,0.0,0.0,0.85,0.0
成都酷乐体育发展有限公司,8911,体育管理,0.2125,0.85,否,,1,0,,体育项目服务,,0.0,0.0,0.85,0.0
成都市宏远拓展培训有限责任公司,8930,健身休闲,0.2125,0.85,否,,1,0,,拓展训练服务,,0.0,0.0,0.85,0.0
四川搏阳竞技体育文化传播有限公司,9052,体育赛事,0.6611,0.9,是,纯跨界（行业代码非体育，文本有体育业务）,1,1,组织体育表演活动,,体育表演,1.0,1.0,0.0,0.1111
成都宗道体育文化传播有限公司,8930,健身休闲,0.2125,0.85,否,,1,0,,体育健身培训,,0.0,0.0,0.85,0.0
四川雲创教育信息咨询服务有限责任公司,8930,健身休闲,0.2125,0.85,否,,1,0,,拓展团建服务,,0.0,0.0,0.85,0.0
邛崃市菩缇瑜伽健身有限公司,8930,健身休闲,0.2125,0.85,否,,1,0,,健身休闲活动,,0.0,0.0,0.85,0.0
邛崃市雨亭乒训体育文化发展有限公司,8930,健身休闲,0.8736,0.95,否,,1,1,健身服务,,健身服务,1.0,1.0,0.85,0.1111
邛崃市瑞博恩瑞康健身器材经营部,5242,体育用品,0.8736,0.95,否,,1,1,零售健身器材,,健身器材,1.0,1.0,0.85,0.1111
邛崃市文君街道思益游泳池,8930,健身休闲,0.2125,0.85,否,,1,0,,体育运动,,0.0,0.0,0.85,0.0
成都翰能旗乐体育文化发展有限公司,8919,体育管理,0.8736,0.95,否,,1,1,体育组织,,体育组织,1.0,1.0,0.85,0.1111
邛崃市水沐瑜伽健身有限公司,8930,健身休闲,0.2125,0.85,否,,1,0,,健身休闲活动,,0.0,0.0,0.85,0.0
成都鼎锐文化传播有限公司,8930,健身休闲,0.8736,0.95,否,,1,1,健身服务,,健身服务,1.0,1.0,0.85,0.1111
成都市简悦健康管理有限公司,8930,健身休闲,0.2125,0.85,否,,1,0,,健身休闲活动,,0.0,0.0,0.85,0.0
成都市正博悟道体育文化传播有限公司,9052,体育管理,0.6611,0.9,是,纯跨界（行业代码非体育，文本有体育业务）,1,1,体育服务,,体育服务,1.0,1.0,0.0,0.1111
成都市水一方游泳俱乐部有限公司,8930,健身休闲,0.8736,0.95,否,,1,1,游泳健身服务,,游泳; 健身服务,1.0,1.0,0.85,0.1111
成都市若岸健身有限公司,8930,健身休闲,0.8736,0.95,否,,1,1,健身服务,,健身服务,1.0,1.0,0.85,0.1111
邛崃市趣动乐健身俱乐部有限公司,8930,健身休闲,0.8736,0.95,否,,1,1,健身服务,,健身服务,1.0,1.0,0.85,0.1111
成都市陆联印象户外运动有限公司,8930,健身休闲,0.8736,0.95,否,,1,1,健身服务,,健身服务,1.0,1.0,0.85,0.1111
邛崃市无山瑜伽健身有限公司,8930,健身休闲,0.8736,0.95,否,,1,1,瑜伽健身,,瑜伽,1.0,1.0,0.85,0.1111
成都状元居体育文化传播有限公司,8392,体育培训,0.8736,0.95,否,,1,1,武术培训,,武术培训,1.0,1.0,0.85,0.1111
邛崃市奥翔之星体育文化传播有限公司,8392,体育培训,0.8736,0.95,否,,1,1,乒乓球培训,,乒乓球培训,1.0,1.0,0.85,0.1111
四川天泓体育发展有限责任公司,8392,体育培训,0.8736,0.95,否,,1,1,武术培训,,武术培训,1.0,1.0,0.85,0.1111
邛崃市玖临体育文化传播有限公司,8392,体育培训,0.8736,0.95,否,,1,1,组织体育培训,,体育培训,1.0,1.0,0.85,0.1111
成都青岑旗乐户外运动有限公司,5242,体育用品,0.2125,0.85,否,,1,0,,健身休闲活动,,0.0,0.0,0.85,0.0
邛崃市睿博远体育文化传播有限公司,8392,体育培训,0.2125,0.85,否,,1,0,,体育活动,,0.0,0.0,0.85,0.0
成都天壹格斗体育文化传播有限公司,8392,体育培训,0.8736,0.95,否,,1,1,体育培训服务,,体育培训,1.0,1.0,0.85,0.1111
成都市劲驰体育文化传播有限公司,7246,体育管理,0.6611,0.9,是,纯跨界（行业代码非体育，文本有体育业务）,1,1,体育文化咨询,,体育文化,1.0,1.0,0.0,0.1111
成都智游体育场馆管理有限公司,8921,体育场馆,0.8736,0.95,否,,1,1,体育场地出租,,体育场地,1.0,1.0,0.85,0.1111
成都传承武道体育文化传播有限公司,8392,健身休闲,0.8736,0.95,否,,1,1,跆拳道教学,,跆拳道,1.0,1.0,0.85,0.1111
成都市星皓体育文化发展有限公司,5242,体育赛事,0.8736,0.95,否,,1,1,体育竞赛组织,,体育竞赛,1.0,1.0,0.85,0.1111
成都运来万商贸有限公司,5242,体育用品,0.8736,0.95,否,,1,1,体育用品零售,,体育用品零售,1.0,1.0,0.85,0.1111
邛崃金鹅商贸有限公司,5242,体育用品,0.8736,0.95,否,,1,1,体育用品零售,,体育用品零售,1.0,1.0,0.85,0.1111
成都育博小友体育文化有限公司,8911,体育管理,0.2125,0.85,否,,1,0,,组织策划运动赛事,,0.0,0.0,0.85,0.0
邛崃享水户外运动俱乐部有限公司,8919,健身休闲,0.8736,0.95,否,,1,1,户外运动服务,,户外运动,1.0,1.0,0.85,0.1111
邛崃市康健体育文化管理有限公司,8930,健身休闲,0.8736,0.95,否,,1,1,游泳服务,,游泳,1.0,1.0,0.85,0.1111
成都轻新瑜伽健身有限公司,8930,健身休闲,0.8736,0.95,否,,1,1,瑜伽教学服务,,瑜伽,1.0,1.0,0.85,0.1111
成都市邛崃宇煜体育文化发展有限公司,8392,体育培训,0.8736,0.95,否,,1,1,体育培训,,体育培训,1.0,1.0,0.85,0.1111
成都海荣达体育文化传播有限公司,8911,体育管理,0.2125,0.85,否,,1,0,,轮滑培训,,0.0,0.0,0.85,0.0
成都市易合供应链管理有限公司,8930,健身休闲,0.2125,0.85,否,,1,0,,健身休闲活动,,0.0,0.0,0.85,0.0
邛崃市绿营地素质拓展训练有限公司,8930,健身休闲,0.2125,0.85,否,,1,0,,素质拓展训练,,0.0,0.0,0.85,0.0
成都市天骄马术俱乐部有限公司,8999,健身休闲,0.6611,0.9,是,纯跨界（行业代码非体育，文本有体育业务）,1,1,马术培训,,马术,1.0,1.0,0.0,0.1111
成都崃练健身服务有限公司,8930,健身休闲,0.2125,0.85,否,,1,0,,健身休闲活动,,0.0,0.0,0.85,0.0
四川崃瘦健身服务有限公司,8930,健身休闲,0.8736,0.95,否,,1,1,体育休闲,,体育休闲,1.0,1.0,0.85,0.1111
四川全江钧时户外拓展有限公司,8930,健身休闲,0.2125,0.85,否,,1,0,,健身休闲活动,,0.0,0.0,0.85,0.0
成都凯越户外运动有限公司,8930,健身休闲,0.8736,0.95,否,,1,1,户外运动活动,,户外运动,1.0,1.0,0.85,0.1111
成都图灵户外运动有限公司,5242,体育用品,0.8736,0.95,否,,1,1,体育用品零售,,体育用品零售,1.0,1.0,0.85,0.1111
邛崃宝乐商业管理有限公司,8911,体育赛事,0.8736,0.95,否,,1,1,体育竞赛组织,,体育竞赛,1.0,1.0,0.85,0.1111
成都星火燎原红色基地拓展训练有限公司,8930,健身休闲,0.2125,0.85,否,,1,0,,健身休闲活动,,0.0,0.0,0.85,0.0
邛崃飞羽热气流户外运动有限公司,8930,健身休闲,0.2125,0.85,否,,1,0,,健身休闲活动,,0.0,0.0,0.85,0.0
成都多彩古镇永兴体育文化发展有限公司,8919,体育管理,0.2125,0.85,否,,1,0,,文化体育,,0.0,0.0,0.85,0.0
崇州锦川旅游开发有限公司,8930,健身休闲,0.8736,0.95,否,,1,1,漂流休闲服务,,漂流,1.0,1.0,0.85,0.1111
崇州市懒懒健身管理有限责任公司,8930,健身休闲,0.2125,0.85,否,,1,0,,健身休闲活动,,0.0,0.0,0.85,0.0
崇州市强盛户外用品有限公司,2449,体育用品,0.8736,0.95,否,,1,1,其它体育用品制造,,体育用品制造,1.0,1.0,0.85,0.1111
崇州市第壹体育俱乐部有限公司,8911,体育赛事,0.8736,0.95,否,,1,1,体育竞赛组织,,体育竞赛,1.0,1.0,0.85,0.1111
成都智烁体育文化发展有限公司,5242,体育用品,0.8736,0.95,否,,1,1,体育用品零售,,体育用品零售,1.0,1.0,0.85,0.1111
崇州轻羽体育文化传播有限公司,9052,体育赛事,0.6611,0.9,是,纯跨界（行业代码非体育，文本有体育业务）,1,1,体育赛事策划,,赛事策划,1.0,1.0,0.0,0.1111
成都天地武道健康管理有限公司,8930,健身休闲,0.2125,0.85,否,,1,0,,健身休闲活动,,0.0,0.0,0.85,0.0
成都众乐天成体育文化传播有限公司,8930,健身休闲,0.2125,0.85,否,,1,0,,健身休闲活动,,0.0,0.0,0.85,0.0
崇州市力冠体育俱乐部有限责任公司,8911,体育赛事,0.8736,0.95,否,,1,1,体育竞赛组织,,体育竞赛,1.0,1.0,0.85,0.1111
成都野狼豌豆户外运动有限公司,8930,健身休闲,0.2125,0.85,否,,1,0,,健身休闲活动,,0.0,0.0,0.85,0.0
成都市崇旸灼日体育文化传播有限公司,9052,体育管理,0.6611,0.9,是,纯跨界（行业代码非体育，文本有体育业务）,1,1,体育服务,,体育服务,1.0,1.0,0.0,0.1111
成都迅阳律动体育文化发展有限公司,9052,体育管理,0.6611,0.9,是,纯跨界（行业代码非体育，文本有体育业务）,1,1,体育服务,,体育服务,1.0,1.0,0.0,0.1111
成都健立方健身有限公司,8930,健身休闲,0.8736,0.95,否,,1,1,健身服务,,健身服务,1.0,1.0,0.85,0.1111
成都乐彩休闲娱乐有限公司,8930,健身休闲,0.2125,0.85,否,,1,0,,健身休闲活动,,0.0,0.0,0.85,0.0
成都蜀邑购贸易有限公司,5242,体育用品,0.2125,0.85,否,,1,0,,文体器材零售服务,,0.0,0.0,0.85,0.0
成都伟福体育文化传播有限公司,8911,体育赛事,0.8736,0.95,否,,1,1,体育竞赛组织,,体育竞赛,1.0,1.0,0.85,0.1111
成都市康超体育用品有限公司,5142,体育用品,0.8736,0.95,否,,1,1,体育用品及器材批发,,体育用品,1.0,1.0,0.85,0.1111
成都劲博体育俱乐部有限公司,5142,体育用品,0.8736,0.95,否,,1,1,体育用品及器材批发,,体育用品,1.0,1.0,0.85,0.1111
成都诺来体育俱乐部有限公司,5142,体育用品,0.8736,0.95,否,,1,1,体育用品及器材批发,,体育用品,1.0,1.0,0.85,0.1111
行游户外探险成都有限公司,8930,健身休闲,0.2125,0.85,否,,1,0,,健身休闲活动,,0.0,0.0,0.85,0.0
崇州华琪健身器材服务馆,5242,体育用品,0.8736,0.95,否,,1,1,体育用品零售,,体育用品零售,1.0,1.0,0.85,0.1111
成都市马仕格户外用品有限公司,5242,体育用品,0.2125,0.85,否,,1,0,,户外用品零售,,0.0,0.0,0.85,0.0
狮麦尔户外露营家具成都有限责任公司,2449,体育用品,0.2125,0.85,否,,1,0,,户外用品制造,,0.0,0.0,0.85,0.0
成都轩皓体育设施工程有限公司,4892,体育场馆,0.8736,0.95,否,,1,1,体育场地设施工程施工,,体育场地设施,1.0,1.0,0.85,0.1111
成都星辰皓越体育文化传播有限公司,8392,体育培训,0.8736,0.95,否,,1,1,体育培训,,体育培训,1.0,1.0,0.85,0.1111
四川韶华体育俱乐部有限公司,8911,体育赛事,0.8736,0.95,否,,1,1,体育竞赛组织组织体育表演活动,,体育竞赛; 体育表演,1.0,1.0,0.85,0.1111
成都润鸿体育文化发展有限公司,9052,体育赛事,0.6611,0.9,是,纯跨界（行业代码非体育，文本有体育业务）,1,1,体育赛事策划,,赛事策划,1.0,1.0,0.0,0.1111
成都市东鼎华体育器材有限公司,5142,体育用品,0.8736,0.95,否,,1,1,体育器材批发,,体育器材,1.0,1.0,0.85,0.1111
成都康友商贸有限公司,5142,体育用品,0.8736,0.95,否,,1,1,体育器材批发,,体育器材,1.0,1.0,0.85,0.1111
成都市华康体育用品有限公司,2449,体育用品,0.8736,0.95,否,,1,1,体育用品生产,,体育用品,1.0,1.0,0.85,0.1111
四川南郡游乐设备有限公司,5242,体育用品,0.8736,0.95,否,,1,1,体育器材零售,,体育器材,1.0,1.0,0.85,0.1111
成都正复体育设施有限公司,5142,体育用品,0.8736,0.95,否,,1,1,体育器材批发,,体育器材,1.0,1.0,0.85,0.1111
成都群力体育用品有限公司,5142,体育用品,0.8736,0.95,否,,1,1,体育用品批发,,体育用品批发,1.0,1.0,0.85,0.1111
崇州市幻影玩具有限公司,8912,体育管理,0.2125,0.85,否,,1,0,,游艺娱乐活动,,0.0,0.0,0.85,0.0
成都七彩引力体育俱乐部有限公司,8911,体育赛事,0.8736,0.95,否,,1,1,体育竞赛组织服务,,体育竞赛,1.0,1.0,0.85,0.1111
四川耀篮体育文化传播有限责任公司,8911,体育赛事,0.8736,0.95,否,,1,1,体育竞赛组织,,体育竞赛,1.0,1.0,0.85,0.1111
成都龙恒体育文化传播有限责任公司,8919,体育管理,0.8736,0.95,否,,1,1,其他体育组织,,体育组织,1.0,1.0,0.85,0.1111
成都奥云体育用品有限公司,5142,体育用品,0.8736,0.95,否,,1,1,体育用品及器材批发,,体育用品,1.0,1.0,0.85,0.1111
成都市岳成户外用品有限公司,5242,体育用品,0.8736,0.95,否,,1,1,体育用品及器材零售,,体育用品,1.0,1.0,0.85,0.1111
成都兰洋体艺体育俱乐部有限责任公司,8911,体育赛事,0.8736,0.95,否,,1,1,体育竞赛组织,,体育竞赛,1.0,1.0,0.85,0.1111
四川行禅武术训练有限公司,8930,健身休闲,0.2125,0.85,否,,1,0,,健身休闲活动,,0.0,0.0,0.85,0.0
崇州市九龙沟漂流有限公司,8930,健身休闲,0.2125,0.85,否,,1,0,,健身休闲活动,,0.0,0.0,0.85,0.0
成都博骏青宸体育发展有限公司,2449,体育赛事,0.8736,0.95,否,,1,1,一般项目：体育竞赛组织,,体育竞赛,1.0,1.0,0.85,0.1111
崇州市高墩旅游小村文化传播有限公司,8930,健身休闲,0.2125,0.85,否,,1,0,,健身休闲活动,,0.0,0.0,0.85,0.0
成都见山拓展训练有限公司,8930,健身休闲,0.2125,0.85,否,,1,0,,学生社会实践服务,,0.0,0.0,0.85,0.0
四川云野天空户外运动有限公司,8930,健身休闲,0.2125,0.85,否,,1,0,,健身休闲活动,,0.0,0.0,0.85,0.0
成都开拓者拓展训练有限公司,8930,健身休闲,0.2125,0.85,否,,1,0,,体验式拓展活动,,0.0,0.0,0.85,0.0
成都铭汇体育设施有限公司,5142,体育用品,0.8736,0.95,否,,1,1,户外体育用品批发,,体育用品批发,1.0,1.0,0.85,0.1111
成都晟强体育设施有限公司,5142,体育用品,0.8736,0.95,否,,1,1,体育用品批发,,体育用品批发,1.0,1.0,0.85,0.1111
成都联宝水族用品有限公司,5242,体育用品,0.2125,0.85,否,,1,0,,水族器材及用品零售,,0.0,0.0,0.85,0.0
简阳市星途体育发展有限公司,9052,体育赛事,0.6611,0.9,是,纯跨界（行业代码非体育，文本有体育业务）,1,1,体育赛事活动策划,,体育赛事,1.0,1.0,0.0,0.1111
简阳青巢体育文化传播有限公司,8392,体育培训,0.8736,0.95,否,,1,1,篮球培训,,篮球培训,1.0,1.0,0.85,0.1111
简阳市非鱼户外用品有限公司,5242,体育用品,0.8736,0.95,否,,1,1,渔具零售,,渔具,1.0,1.0,0.85,0.1111
四川简州空港体育投资有限公司,8911,体育赛事,0.8736,0.95,否,,1,1,体育竞赛组织,,体育竞赛,1.0,1.0,0.85,0.1111
简阳水灵子文化传媒有限公司,8930,健身休闲,0.2125,0.85,否,,1,0,,健身休闲,,0.0,0.0,0.85,0.0
四川成中体育发展有限公司,8911,体育赛事,0.8736,0.95,否,,1,1,体育竞赛组织,,体育竞赛,1.0,1.0,0.85,0.1111
简阳市启发新佰丽健身俱乐部,8930,健身休闲,0.8736,0.95,否,,1,1,游泳健身,,游泳,1.0,1.0,0.85,0.1111
简阳市品冠跆拳心教育培训学校有限公司,8392,体育培训,0.8736,0.95,否,,1,1,跆拳道培训服务,,跆拳道培训,1.0,1.0,0.85,0.1111
简阳欧楷健身管理有限公司,8930,健身休闲,0.2125,0.85,否,,1,0,,健身休闲活动,,0.0,0.0,0.85,0.0
简阳市旅佳健身管理有限公司,8930,健身休闲,0.8736,0.95,否,,1,1,健身服务,,健身服务,1.0,1.0,0.85,0.1111
简阳市康特体育有限公司,8392,体育培训,0.8736,0.95,否,,1,1,体育培训,,体育培训,1.0,1.0,0.85,0.1111
成都梵韵悦动瑜伽健身有限公司,8930,健身休闲,0.8736,0.95,否,,1,1,健身服务,,健身服务,1.0,1.0,0.85,0.1111
简阳家齐游泳池管理有限公司,8921,健身休闲,0.8736,0.95,否,,1,1,游泳池管理,,游泳池,1.0,1.0,0.85,0.1111
成都市玉龙盛游泳池管理有限责任公司,8930,健身休闲,0.8736,0.95,否,,1,1,游泳池管理游泳服务,,游泳池; 游泳,1.0,1.0,0.85,0.1111
中奥联合空港（简阳）体育文化发展有限公司,8911,体育赛事,0.8736,0.95,否,,1,1,体育竞赛组织,,体育竞赛,1.0,1.0,0.85,0.1111
成都市旻凯跆拳道有限公司,8930,健身休闲,0.2125,0.85,否,,1,0,,健身休闲活动,,0.0,0.0,0.85,0.0
简阳市洋真劲武术教育培训学校有限公司,8392,体育培训,0.8736,0.95,否,,1,1,少儿跆拳道培训,,跆拳道培训,1.0,1.0,0.85,0.1111
简阳梦启航体育文化传播有限公司,9052,体育赛事,0.6611,0.9,是,纯跨界（行业代码非体育，文本有体育业务）,1,1,体育表演活动组织,,体育表演,1.0,1.0,0.0,0.1111
成都阳乐光轮滑有限公司,8392,体育培训,0.8736,0.95,否,,1,1,少儿体育培训,,体育培训,1.0,1.0,0.85,0.1111
四川伽简健身服务有限公司,8930,健身休闲,0.8736,0.95,否,,1,1,健身服务,,健身服务,1.0,1.0,0.85,0.1111
简阳市武之源跆拳道培训学校有限公司,8392,体育培训,0.8736,0.95,否,,1,1,体育培训,,体育培训,1.0,1.0,0.85,0.1111
简阳五小虎足球俱乐部有限公司,8930,健身休闲,0.2125,0.85,否,,1,0,,健身运动,,0.0,0.0,0.85,0.0
简阳德盛活力健身管理有限公司,8930,健身休闲,0.2125,0.85,否,,1,0,,健身管理,,0.0,0.0,0.85,0.0
简阳市韦佳健身管理有限公司,8930,健身休闲,0.8736,0.95,否,,1,1,游泳健身,,游泳,1.0,1.0,0.85,0.1111
成都溪尚渔具有限公司,5142,体育用品,0.8736,0.95,否,,1,1,渔具批发,,渔具,1.0,1.0,0.85,0.1111
简阳市飞羽渔具有限公司,5142,体育用品,0.8736,0.95,否,,1,1,渔具批发,,渔具,1.0,1.0,0.85,0.1111
简阳市纵横经纬体育用品有限公司,5242,体育用品,0.8736,0.95,否,,1,1,体育用品零售,,体育用品零售,1.0,1.0,0.85,0.1111
简阳市哈哈超能星体育发展有限公司,8930,健身休闲,0.2125,0.85,否,,1,0,,健身休闲活动,,0.0,0.0,0.85,0.0
简阳市巨石猩猩健身服务有限公司,8930,健身休闲,0.8736,0.95,否,,1,1,健身服务,,健身服务,1.0,1.0,0.85,0.1111
四川仙明体育文化发展有限公司,5242,体育赛事,0.8736,0.95,否,,1,1,体育竞赛组织,,体育竞赛,1.0,1.0,0.85,0.1111
简阳纵腾奕博体育文化传播有限公司,5242,体育用品,0.8736,0.95,否,,1,1,户外帐篷零售,,帐篷,1.0,1.0,0.85,0.1111
简阳超燃之星体育文化传播有限公司,9052,体育管理,0.6611,0.9,是,纯跨界（行业代码非体育，文本有体育业务）,1,1,体育服务,,体育服务,1.0,1.0,0.0,0.1111
简阳市满溏红渔具有限公司,5242,体育用品,0.8736,0.95,否,,1,1,渔具零售,,渔具,1.0,1.0,0.85,0.1111
简阳市再来毅组健身服务有限公司,8930,健身休闲,0.2125,0.85,否,,1,0,,健身休闲活动,,0.0,0.0,0.85,0.0
四川鑫跃体育用品销售有限责任公司,5242,体育用品,0.8736,0.95,否,,1,1,体育器材零售,,体育器材,1.0,1.0,0.85,0.1111
成都凌动地平线体育发展有限公司,5242,体育用品,0.8736,0.95,否,,1,1,体育用品零售,,体育用品零售,1.0,1.0,0.85,0.1111
四川四季枫渔具有限公司,5142,体育用品,0.8736,0.95,否,,1,1,渔具批发,,渔具,1.0,1.0,0.85,0.1111
四川众耀拓展训练有限公司,8392,体育培训,0.2125,0.85,否,,1,0,,体能拓展训练服务,,0.0,0.0,0.85,0.0
四川五之旅商贸有限公司,5142,体育用品,0.8736,0.95,否,,1,1,体育用品批发,,体育用品批发,1.0,1.0,0.85,0.1111
成都市众凯斯健身服务有限公司,8930,健身休闲,0.8736,0.95,否,,1,1,健身服务,,健身服务,1.0,1.0,0.85,0.1111
成都蓉渝星耀体育文化发展有限公司,8912,体育管理,0.2125,0.85,否,,1,0,,体育保障组织,,0.0,0.0,0.85,0.0
成都鸿鹄少年行体育发展有限公司,8392,体育培训,0.8736,0.95,否,,1,1,少儿跆拳道培训,,跆拳道培训,1.0,1.0,0.85,0.1111
自贡市华商乒乓球俱乐部有限责任公司,7122,体育用品,0.6611,0.9,是,纯跨界（行业代码非体育，文本有体育业务）,1,1,体育设备用品出租,,体育设备,1.0,1.0,0.0,0.1111
自贡军竞体育文化发展有限责任公司,8919,体育赛事,0.8736,0.95,否,,1,1,体育竞赛组织,,体育竞赛,1.0,1.0,0.85,0.1111
自贡冰宇体育文化传播有限公司,8911,体育赛事,0.8736,0.95,否,,1,1,体育竞赛组织,,体育竞赛,1.0,1.0,0.85,0.1111
自贡市飞扬青少年羽毛球俱乐部有限公司,8911,体育赛事,0.8736,0.95,否,,1,1,体育赛事策划,,赛事策划,1.0,1.0,0.85,0.1111
自贡新美星悦荟五新健身有限公司,8930,健身休闲,0.2125,0.85,否,,1,0,,健身活动,,0.0,0.0,0.85,0.0
自贡双际拓展训练有限公司,8392,体育培训,0.2125,0.85,否,,1,0,,体能拓展训练服务,,0.0,0.0,0.85,0.0
自贡诚益体育器械有限公司,5242,体育用品,0.8736,0.95,否,,1,1,体育用品零售,,体育用品零售,1.0,1.0,0.85,0.1111
自贡市工艺装璜公司,8930,健身休闲,0.2125,0.85,否,,1,0,,麻蒋服务,,0.0,0.0,0.85,0.0
自贡海豚星体育文化传播有限公司,5242,体育用品,0.8736,0.95,否,,1,1,零售体育用品,,体育用品,1.0,1.0,0.85,0.1111
自贡星能量体育文化发展有限公司,8911,体育赛事,0.8736,0.95,否,,1,1,体育竞赛组织,,体育竞赛,1.0,1.0,0.85,0.1111
自贡柯迪维特体育文化有限公司,8999,体育管理,0.6611,0.9,是,纯跨界（行业代码非体育，文本有体育业务）,1,1,体育文化交流活动的策划及组织,,体育文化,1.0,1.0,0.0,0.1111
自贡市好身手体育文化有限责任公司,5242,体育用品,0.2125,0.85,否,,1,0,,零售体育文化用品,,0.0,0.0,0.85,0.0
自贡市艾酷体育俱乐部有限公司,8911,体育赛事,0.8736,0.95,否,,1,1,体育竞赛组织,,体育竞赛,1.0,1.0,0.85,0.1111
自贡市学羽体育发展有限公司,8921,体育用品,0.8847,0.95,否,,1,1,羽毛球场馆租赁,,羽毛球; 场馆租赁,1.0,1.0,0.85,0.2222
自贡市同创体育发展有限公司,8930,健身休闲,0.8736,0.95,否,,1,1,室外体育健身服务,,健身服务,1.0,1.0,0.85,0.1111
四川泰巍体育文化发展有限公司,8911,体育赛事,0.8736,0.95,否,,1,1,体育竞赛组织,,体育竞赛,1.0,1.0,0.85,0.1111
四川华皓户外拓展有限公司,8919,健身休闲,0.8736,0.95,否,,1,1,户外运动服务,,户外运动,1.0,1.0,0.85,0.1111
自贡云帆教育咨询有限公司,8392,体育培训,0.2125,0.85,否,,1,0,,教育服务,,0.0,0.0,0.85,0.0
自贡市自流井区嘉航篮球俱乐部,8911,体育赛事,0.8736,0.95,否,,1,1,体育竞赛组织,,体育竞赛,1.0,1.0,0.85,0.1111
自贡市飘扬篮球俱乐部有限公司,5242,体育用品,0.2125,0.85,否,,1,0,,文化服务,,0.0,0.0,0.85,0.0
自贡市自流井区启翔体育培训学校有限公司,8392,体育培训,0.8736,0.95,否,,1,1,跆拳道培训,,跆拳道培训,1.0,1.0,0.85,0.1111
自贡鑫跃文化传播有限公司,8919,体育管理,0.8736,0.95,否,,1,1,其他体育组织,,体育组织,1.0,1.0,0.85,0.1111
四川锦嵘禾商贸有限公司,5242,体育用品,0.8736,0.95,否,,1,1,体育用品零售,,体育用品零售,1.0,1.0,0.85,0.1111
自贡市鑫锐博体育文化传播有限公司,9052,体育赛事,0.6611,0.9,是,纯跨界（行业代码非体育，文本有体育业务）,1,1,组织体育表演活动,,体育表演,1.0,1.0,0.0,0.1111
自贡天人渔具有限公司,2449,体育用品,0.2125,0.85,否,,1,0,,钓鱼专用的各类用具及用品制造,,0.0,0.0,0.85,0.0
自贡晨元体育文化有限公司,8911,体育赛事,0.8736,0.95,否,,1,1,体育竞赛组织,,体育竞赛,1.0,1.0,0.85,0.1111
自贡泳欣盛杰游泳馆管理有限公司,8930,健身休闲,0.2125,0.85,否,,1,0,,健身活动,,0.0,0.0,0.85,0.0
自贡市全健游泳服务有限公司,8930,健身休闲,0.8736,0.95,否,,1,1,游泳服务,,游泳,1.0,1.0,0.85,0.1111
自贡斌锋武艺文化传播有限公司,8930,健身休闲,0.8736,0.95,否,,1,1,运动健身,,运动健身,1.0,1.0,0.85,0.1111
四川星浪文体用品有限公司,5142,体育用品,0.8736,0.95,否,,1,1,体育用品及器材批发,,体育用品,1.0,1.0,0.85,0.1111
自贡博联体育文化传播有限公司,8392,体育培训,0.8736,0.95,否,,1,1,体育培训,,体育培训,1.0,1.0,0.85,0.1111
四川鑫渔乐渔具有限公司,5242,体育用品,0.8736,0.95,否,,1,1,渔具零售,,渔具,1.0,1.0,0.85,0.1111
四川同舟行贸易有限公司,5142,体育用品,0.2125,0.85,否,,1,0,,食品销售,,0.0,0.0,0.85,0.0
自贡市自力教学仪器设备厂,2449,体育用品,0.8736,0.95,否,,1,1,体育器材制造,,体育器材,1.0,1.0,0.85,0.1111
自贡市越能拓展训练有限公司,8930,健身休闲,0.2125,0.85,否,,1,0,,健身训练,,0.0,0.0,0.85,0.0
自贡虹西商贸有限公司,5242,体育用品,0.8736,0.95,否,,1,1,文化体育用品及器材批发,,体育用品,1.0,1.0,0.85,0.1111
自贡市贡井区健力育英体育培训学校有限公司,8392,健身休闲,0.8736,0.95,否,,1,1,跆拳道及散打培训,,跆拳道,1.0,1.0,0.85,0.1111
自贡市型动加速健身有限公司,8930,健身休闲,0.2125,0.85,否,,1,0,,健身休闲活动,,0.0,0.0,0.85,0.0
自贡市明瑞球馆体育俱乐部有限公司,8911,体育赛事,0.8736,0.95,否,,1,1,体育竞赛,,体育竞赛,1.0,1.0,0.85,0.1111
自贡轩辕文体器材有限公司,5142,体育用品,0.8736,0.95,否,,1,1,体育用品批发,,体育用品批发,1.0,1.0,0.85,0.1111
四川新仁华商贸有限公司,5242,体育用品,0.8736,0.95,否,,1,1,体育用品及器材零售,,体育用品,1.0,1.0,0.85,0.1111
自贡市盐帮体育设施有限公司,5242,体育用品,0.8736,0.95,否,,1,1,体育用品及器材零售,,体育用品,1.0,1.0,0.85,0.1111
自贡习羽青少年羽毛球俱乐部有限公司,8911,体育赛事,0.8736,0.95,否,,1,1,体育竞赛组织,,体育竞赛,1.0,1.0,0.85,0.1111
自贡半醒露营娱乐有限公司,8911,体育管理,0.2125,0.85,否,,1,0,,歌舞娱乐,,0.0,0.0,0.85,0.0
自贡市金红达贸易有限公司,5142,体育用品,0.8736,0.95,否,,1,1,体育器材批发,,体育器材,1.0,1.0,0.85,0.1111
自贡市丛林兵峰户外拓展有限公司,8930,健身休闲,0.2125,0.85,否,,1,0,,健身休闲活动服务,,0.0,0.0,0.85,0.0
四川省黝狮拓展训练有限公司,8919,体育管理,0.2125,0.85,否,,1,0,,拓展训练,,0.0,0.0,0.85,0.0
自贡市自卡体育文化发展有限公司,8911,体育赛事,0.8736,0.95,否,,1,1,组织体育赛事,,体育赛事,1.0,1.0,0.85,0.1111
自贡市路扬体育文化发展有限公司,8911,体育赛事,0.8736,0.95,否,,1,1,体育赛事组织,,体育赛事,1.0,1.0,0.85,0.1111
自贡市博翼电竞俱乐部有限公司,8911,体育赛事,0.8736,0.95,否,,1,1,体育竞赛组织,,体育竞赛,1.0,1.0,0.85,0.1111
自贡启越小巨人体育文化传播有限责任公司,9052,体育赛事,0.6611,0.9,是,纯跨界（行业代码非体育，文本有体育业务）,1,1,组织体育表演活动,,体育表演,1.0,1.0,0.0,0.1111
四川丰凯乐体育场馆管理有限公司大安分公司,8921,体育场馆,0.8736,0.95,否,,1,1,体育场馆管理,,体育场馆,1.0,1.0,0.85,0.1111
四川焱飞渔具有限公司,5242,体育用品,0.8736,0.95,否,,1,1,体育用品及器材零售,,体育用品,1.0,1.0,0.85,0.1111
四川燎原星火教育管理有限公司,5242,体育用品,0.8736,0.95,否,,1,1,体育用品及器材零售,,体育用品,1.0,1.0,0.85,0.1111
四川滔灏体育发展有限公司,8919,体育管理,0.2125,0.85,否,,1,0,,体育活动组织,,0.0,0.0,0.85,0.0
自贡源飞海体育文化传播有限公司,8911,体育赛事,0.8736,0.95,否,,1,1,体育竞赛组织,,体育竞赛,1.0,1.0,0.85,0.1111
四川澜建建筑工程有限公司,4892,体育场馆,0.8736,0.95,否,,1,1,体育场地设施工程施工,,体育场地设施,1.0,1.0,0.85,0.1111
自贡市超鑫星体育俱乐部有限公司,8911,体育赛事,0.8736,0.95,否,,1,1,体育竞赛组织,,体育竞赛,1.0,1.0,0.85,0.1111
自贡市贰号文化娱乐有限责任公司,8930,健身休闲,0.8736,0.95,否,,1,1,台球活动,,台球,1.0,1.0,0.85,0.1111
自贡明瑞体育俱乐部有限公司,8911,体育赛事,0.8736,0.95,否,,1,1,体育竞赛组织赛事策划,,体育竞赛; 赛事策划,1.0,1.0,0.85,0.1111
自贡壹号商贸有限公司,8392,体育培训,0.8736,0.95,否,,1,1,跆拳道培训,,跆拳道培训,1.0,1.0,0.85,0.1111
自贡吾虎体育俱乐部有限公司,8911,体育赛事,0.8736,0.95,否,,1,1,体育竞赛组织,,体育竞赛,1.0,1.0,0.85,0.1111
自贡烈焰体育文化传播有限公司,8930,健身休闲,0.8736,0.95,否,,1,1,体育休闲活动,,体育休闲,1.0,1.0,0.85,0.1111
四川曼斯菲尔文化体育有限公司,8930,健身休闲,0.2125,0.85,否,,1,0,,健身休闲活动,,0.0,0.0,0.85,0.0
自贡市沿滩区八零九零培训学校有限公司,8921,体育场馆,0.8736,0.95,否,,1,1,游泳馆管理服务,,游泳馆,1.0,1.0,0.85,0.1111
自贡冰炫体育文化传播有限公司,8919,健身休闲,0.8736,0.95,否,,1,1,户外运动组织,,户外运动,1.0,1.0,0.85,0.1111
自贡新美星悦荟创新健身有限公司,8930,健身休闲,0.2125,0.85,否,,1,0,,健身休闲活动,,0.0,0.0,0.85,0.0
自贡星锐篮球俱乐部有限公司,8911,体育赛事,0.8736,0.95,否,,1,1,体育竞赛组织,,体育竞赛,1.0,1.0,0.85,0.1111
自贡市沿滩区明壹瑞培训学校有限公司,8392,体育培训,0.8736,0.95,否,,1,1,体育培训,,体育培训,1.0,1.0,0.85,0.1111
四川劲翔体育文化发展有限公司,5242,体育场馆,0.8736,0.95,否,,1,1,体育场地设施经营,,体育场地设施,1.0,1.0,0.85,0.1111
自贡市沿滩区荣幸棋牌室经营部个人独资,8930,健身休闲,0.2125,0.85,否,,1,0,,棋牌服务,,0.0,0.0,0.85,0.0
自贡市瑞鑫拓展训练有限公司,8930,健身休闲,0.2125,0.85,否,,1,0,,体能拓展服务,,0.0,0.0,0.85,0.0
自贡市果浆轻极限户外运动有限公司,8930,健身休闲,0.2125,0.85,否,,1,0,,体育活动,,0.0,0.0,0.85,0.0
荣县哈哈中体搏击俱乐部有限公司,8930,健身休闲,0.2125,0.85,否,,1,0,,体育和娱乐业,,0.0,0.0,0.85,0.0
四川省燃童拳击俱乐部有限公司,8930,健身休闲,0.2125,0.85,否,,1,0,,健身休闲活动,,0.0,0.0,0.85,0.0
荣县动岚健身有限公司,8930,健身休闲,0.2125,0.85,否,,1,0,,健身休闲活动,,0.0,0.0,0.85,0.0
荣县福如商贸有限公司,5242,体育用品,0.8736,0.95,否,,1,1,文化体育用品零售,,体育用品零售,1.0,1.0,0.85,0.1111
四川泳晶游泳健身服务有限公司,8930,健身休闲,0.8736,0.95,否,,1,1,游泳健身服务,,游泳; 健身服务,1.0,1.0,0.85,0.1111
荣县毓才体育文化有限公司,9052,体育管理,0.6722,0.9,是,纯跨界（行业代码非体育，文本有体育业务）,1,1,体育文化赛事组织宣传,,体育文化; 赛事组织,1.0,1.0,0.0,0.2222
自贡市荣县蓝羽体育俱乐部有限公司,9052,体育赛事,0.6611,0.9,是,纯跨界（行业代码非体育，文本有体育业务）,1,1,体育赛事组织,,体育赛事,1.0,1.0,0.0,0.1111
四川三丰云商贸有限责任公司,5142,体育用品,0.8736,0.95,否,,1,1,体育用品批发,,体育用品批发,1.0,1.0,0.85,0.1111
自贡市欧野户外运动有限公司,8930,健身休闲,0.8736,0.95,否,,1,1,组织推广户外运动,,户外运动,1.0,1.0,0.85,0.1111
四川戏水年华水上娱乐有限公司,8392,体育培训,0.8736,0.95,否,,1,1,游泳培训,,游泳培训,1.0,1.0,0.85,0.1111
荣县龙香文化传媒中心普通合伙,8919,体育管理,0.8736,0.95,否,,1,1,其他体育组织,,体育组织,1.0,1.0,0.85,0.1111
四川塞笛户外用品有限责任公司,5142,体育用品,0.2125,0.85,否,,1,0,,户外用品批发,,0.0,0.0,0.85,0.0
四川省公子渔鱼饵渔具有限公司,5142,体育用品,0.8736,0.95,否,,1,1,体育用品及器材批发,,体育用品,1.0,1.0,0.85,0.1111
四川盛博商贸有限公司,5142,体育用品,0.8736,0.95,否,,1,1,体育用品及器材批发,,体育用品,1.0,1.0,0.85,0.1111
富顺县鑫新空间娱乐有限公司,8911,体育管理,0.2125,0.85,否,,1,0,,歌舞厅娱乐活动,,0.0,0.0,0.85,0.0
四川中娱天成游乐设备有限公司,8912,体育管理,0.2125,0.85,是,多元经营（体育+2条非体育业务）,2,0,,娱乐; 游戏,,0.0,0.0,0.85,0.0
四川泳航健身服务有限公司,8930,健身休闲,0.8736,0.95,否,,1,1,健身服务,,健身服务,1.0,1.0,0.85,0.1111
富顺县蜀联茶坊（个人独资）,8930,健身休闲,0.2125,0.85,否,,1,0,,棋牌室服务,,0.0,0.0,0.85,0.0
富顺琴和茶坊个人独资,8930,健身休闲,0.2125,0.85,否,,1,0,,棋牌室服务,,0.0,0.0,0.85,0.0
富顺县天美跆拳道培训学校有限公司,8392,体育培训,0.8736,0.95,否,,1,1,体育培训,,体育培训,1.0,1.0,0.85,0.1111
自贡市搏浪体育文化有限公司,5242,体育用品,0.8736,0.95,否,,1,1,体育用品零售,,体育用品零售,1.0,1.0,0.85,0.1111
富顺县潮型武艺培训学校有限公司,8392,体育培训,0.8736,0.95,否,,1,1,体育培训,,体育培训,1.0,1.0,0.85,0.1111
四川康力体育文化传播有限公司,9052,体育管理,0.6611,0.9,是,纯跨界（行业代码非体育，文本有体育业务）,1,1,体育服务,,体育服务,1.0,1.0,0.0,0.1111
四川梦维度体育文化发展有限公司,5242,体育用品,0.8736,0.95,否,,1,1,体育用品零售,,体育用品零售,1.0,1.0,0.85,0.1111
富顺县攀达拓展训练有限公司,8930,健身休闲,0.2125,0.85,否,,1,0,,拓展训练,,0.0,0.0,0.85,0.0
四川省青隆拓展训练有限公司,8930,健身休闲,0.8736,0.95,否,,1,1,山地户外拓展训练,,户外拓展,1.0,1.0,0.85,0.1111
富顺龙奥体育文化传播有限公司,8930,健身休闲,0.2125,0.85,否,,1,0,,体能服务,,0.0,0.0,0.85,0.0
富顺县圣德心瑜伽健身馆,8930,健身休闲,0.2125,0.85,否,,1,0,,健身休闲活动,,0.0,0.0,0.85,0.0
富顺县首座健身服务有限公司,8930,健身休闲,0.8736,0.95,否,,1,1,健身服务,,健身服务,1.0,1.0,0.85,0.1111
富顺县武之魂搏击俱乐部有限公司,8930,健身休闲,0.8736,0.95,否,,1,1,搏击健身服务,,健身服务,1.0,1.0,0.85,0.1111
四川省远达美乐篮球俱乐部有限公司,8911,体育用品,0.8736,0.95,否,,1,1,篮球竞赛组织,,篮球,1.0,1.0,0.85,0.1111
四川大飞渔具有限责任公司,5142,体育用品,0.8736,0.95,否,,1,1,体育用品及器材批发,,体育用品,1.0,1.0,0.85,0.1111
四川省丹晨体育文化传播有限公司,8930,健身休闲,0.2125,0.85,否,,1,0,,健身休闲活动,,0.0,0.0,0.85,0.0
富顺县安吉斯君悦体育文化传播有限公司,8911,体育赛事,0.8736,0.95,否,,1,1,体育竞赛组织,,体育竞赛,1.0,1.0,0.85,0.1111
富顺县杰立搏击俱乐部有限公司,8930,健身休闲,0.2125,0.85,否,,1,0,,健身休闲活动,,0.0,0.0,0.85,0.0
富顺县奕晟篮球俱乐部有限公司,8392,体育赛事,0.8736,0.95,否,,1,1,体育竞赛组织,,体育竞赛,1.0,1.0,0.85,0.1111
自贡市马安小狼牙科技有限公司,8392,体育培训,0.2125,0.85,否,,1,0,,信息服务,,0.0,0.0,0.85,0.0
富顺县吉芳服装加工店（个人独资）,1821,体育用品,0.2125,0.85,否,,1,0,,服装制造,,0.0,0.0,0.85,0.0
自贡热浪体育文化发展有限责任公司,8930,健身休闲,0.8736,0.95,否,,1,1,游泳运动,,游泳,1.0,1.0,0.85,0.1111
自贡逸尘体育文化发展有限公司,5142,体育用品,0.8736,0.95,否,,1,1,体育用品批发,,体育用品批发,1.0,1.0,0.85,0.1111
富顺县海之豚游泳培训学校有限公司,8392,体育培训,0.8736,0.95,否,,1,1,游泳培训,,游泳培训,1.0,1.0,0.85,0.1111
富顺县安际思君跃体育培训学校有限责任公司,8392,体育培训,0.8736,0.95,否,,1,1,足球培训,,足球培训,1.0,1.0,0.85,0.1111
富顺县灼之麟跆拳道培训学校有限责任公司,8392,体育培训,0.8736,0.95,否,,1,1,跆拳道培训,,跆拳道培训,1.0,1.0,0.85,0.1111
富顺景龙武术文化传播有限公司,8392,体育培训,0.8736,0.95,否,,1,1,武术培训,,武术培训,1.0,1.0,0.85,0.1111
富顺县益动体育文化发展有限责任公司,8392,体育培训,0.8736,0.95,否,,1,1,乒乓球培训,,乒乓球培训,1.0,1.0,0.85,0.1111
自贡自冠体育用品有限公司,5142,体育用品,0.8736,0.95,否,,1,1,体育用品批发,,体育用品批发,1.0,1.0,0.85,0.1111
自贡冠运体育场馆服务有限公司,8921,体育场馆,0.8736,0.95,否,,1,1,体育场馆服务管理,,体育场馆,1.0,1.0,0.85,0.1111
四川自冠体育产业集团有限公司,9054,体育管理,0.6611,0.9,是,纯跨界（行业代码非体育，文本有体育业务）,1,1,体育组织服务,,体育组织,1.0,1.0,0.0,0.1111
自贡明悦羽毛球俱乐部有限公司,8911,体育管理,0.2125,0.85,否,,1,0,,体育宣传服务,,0.0,0.0,0.85,0.0
自贡市善予体育文化传播有限公司,8911,体育管理,0.2125,0.85,否,,1,0,,体充竞赛组织,,0.0,0.0,0.85,0.0
自贡乔氏体育用品销售有限公司,5242,体育用品,0.8736,0.95,否,,1,1,体育用品及器材零售,,体育用品,1.0,1.0,0.85,0.1111
自贡星卡乒乓球俱乐部有限公司,8930,体育用品,0.8736,0.95,否,,1,1,乒乓球服务,,乒乓球,1.0,1.0,0.85,0.1111
自贡传智体育文化发展有限公司,4991,体育场馆,0.6611,0.9,是,纯跨界（行业代码非体育，文本有体育业务）,1,1,体育场地设施安装,,体育场地设施,1.0,1.0,0.0,0.1111
自贡果美体育文化发展合伙企业有限合伙,8911,体育赛事,0.8736,0.95,否,,1,1,体育竞赛组织,,体育竞赛,1.0,1.0,0.85,0.1111
自贡市盐诚体育发展有限公司,5242,体育用品,0.8736,0.95,否,,1,1,体育用品及器材零售,,体育用品,1.0,1.0,0.85,0.1111
自贡市得行体育文化传播有限责任公司,8392,体育培训,0.8736,0.95,否,,1,1,体育培训,,体育培训,1.0,1.0,0.85,0.1111
自贡市高新区奥帆体育培训学校有限公司,8392,体育培训,0.8736,0.95,否,,1,1,体育培训服务,,体育培训,1.0,1.0,0.85,0.1111
四川星聚辰体育文化传播有限公司,8911,体育赛事,0.8736,0.95,否,,1,1,体育竞赛组织,,体育竞赛,1.0,1.0,0.85,0.1111
自贡禾美文化传播有限公司,5242,体育用品,0.8736,0.95,否,,1,1,体育用品及器材零售,,体育用品,1.0,1.0,0.85,0.1111
自贡谦谦健身有限公司,8930,健身休闲,0.2125,0.85,否,,1,0,,健身休闲活动,,0.0,0.0,0.85,0.0
四川盐兴邦体育文化发展有限公司,9052,体育赛事,0.6611,0.9,是,纯跨界（行业代码非体育，文本有体育业务）,1,1,体育赛事策划,,赛事策划,1.0,1.0,0.0,0.1111
四川立达尔体育文化发展有限公司,9052,体育赛事,0.6611,0.9,是,纯跨界（行业代码非体育，文本有体育业务）,1,1,体育表演服务,,体育表演,1.0,1.0,0.0,0.1111
自贡果壳体育文化发展有限公司,5242,体育用品,0.8736,0.95,否,,1,1,体育用品,,体育用品,1.0,1.0,0.85,0.1111
自贡市溜溜体育文化传播有限公司,8912,体育管理,0.2125,0.85,否,,1,0,,体育保障组织,,0.0,0.0,0.85,0.0
成都新美星悦荟健康管理有限公司,8930,健身休闲,0.2125,0.85,否,,1,0,,健身活动,,0.0,0.0,0.85,0.0
四川省我爱运动体育文化传播有限公司,9052,体育赛事,0.6611,0.9,是,纯跨界（行业代码非体育，文本有体育业务）,1,1,体育赛事活动策划,,体育赛事,1.0,1.0,0.0,0.1111
自贡市花样蝶沐游泳俱乐部有限公司,8930,健身休闲,0.8736,0.95,否,,1,1,体育运动游泳,,游泳,1.0,1.0,0.85,0.1111
四川跃憬体育文化发展有限公司,8911,体育赛事,0.8736,0.95,否,,1,1,体育竞赛组织,,体育竞赛,1.0,1.0,0.85,0.1111
四川健浪文体用品有限公司,5242,体育用品,0.8736,0.95,否,,1,1,零售体育用品,,体育用品,1.0,1.0,0.85,0.1111
自贡跃则悦体育文化传播有限责任公司,9052,体育赛事,0.6611,0.9,是,纯跨界（行业代码非体育，文本有体育业务）,1,1,体育赛事策划,,赛事策划,1.0,1.0,0.0,0.1111
四川省芸晨健康管理有限责任公司,8992,健身休闲,0.6611,0.9,是,纯跨界（行业代码非体育，文本有体育业务）,1,1,瑜伽体育健康服务,,瑜伽,1.0,1.0,0.0,0.1111
四川省冰奥体育文化发展有限公司,7246,体育培训,0.6611,0.9,是,纯跨界（行业代码非体育，文本有体育业务）,1,1,体育培训咨询,,体育培训,1.0,1.0,0.0,0.1111
自贡市高新区石雅体育培训学校有限公司,8392,体育培训,0.8736,0.95,否,,1,1,体育培训,,体育培训,1.0,1.0,0.85,0.1111
自贡市盐汇商贸有限公司,5242,体育用品,0.8736,0.95,否,,1,1,体育用品及器材零售,,体育用品,1.0,1.0,0.85,0.1111
自贡绿网视野体育文化发展有限公司,8911,体育管理,0.2125,0.85,否,,1,0,,体育项目组织服务,,0.0,0.0,0.85,0.0
自贡圆周体育发展有限公司,8930,健身休闲,0.2125,0.85,否,,1,0,,体育运动,,0.0,0.0,0.85,0.0
自贡市聚星体育文化推广有限公司,8911,体育赛事,0.8736,0.95,否,,1,1,体育竞赛组织,,体育竞赛,1.0,1.0,0.85,0.1111
四川星动未来体育发展有限公司,8911,体育管理,0.2125,0.85,否,,1,0,,体育项目组织服务,,0.0,0.0,0.85,0.0
四川九华体育文化传播有限公司,8392,体育培训,0.8736,0.95,否,,1,1,体育培训,,体育培训,1.0,1.0,0.85,0.1111
四川众行体育文化推广有限公司,8919,体育管理,0.8736,0.95,否,,1,1,其他体育组织,,体育组织,1.0,1.0,0.85,0.1111
自贡市冰轮体育发展有限公司,8911,体育赛事,0.8736,0.95,否,,1,1,体育竞赛,,体育竞赛,1.0,1.0,0.85,0.1111
自贡市艾丸体育俱乐部有限公司,8919,体育管理,0.2125,0.85,否,,1,0,,体育组,,0.0,0.0,0.85,0.0
自贡德瑞克体育发展有限公司,8930,健身休闲,0.2125,0.85,否,,1,0,,儿童运动,,0.0,0.0,0.85,0.0
四川清熙体育文化传播有限公司,8392,体育培训,0.8736,0.95,否,,1,1,跆拳道培训,,跆拳道培训,1.0,1.0,0.85,0.1111
四川盐蔚体育俱乐部有限公司,8911,体育管理,0.2125,0.85,是,多元经营（体育+2条非体育业务）,2,0,,文化; 体育和娱乐业,,0.0,0.0,0.85,0.0
四川航耀体育发展有限公司,8911,体育赛事,0.8736,0.95,否,,1,1,体育竞赛组织,,体育竞赛,1.0,1.0,0.85,0.1111
自贡兰途健身服务有限公司,8930,健身休闲,0.8736,0.95,否,,1,1,室外休闲健身服务,,健身服务,1.0,1.0,0.85,0.1111
自贡市艾舞体育俱乐部有限公司,8911,体育赛事,0.8736,0.95,否,,1,1,体育竞赛组织,,体育竞赛,1.0,1.0,0.85,0.1111
四川星动侠体育发展有限公司,8919,体育管理,0.8736,0.95,否,,1,1,体育组织,,体育组织,1.0,1.0,0.85,0.1111
自贡市奕鑫体育文化发展有限公司,8919,体育管理,0.2125,0.85,是,多元经营（体育+2条非体育业务）,2,0,,文化; 体育和娱乐业,,0.0,0.0,0.85,0.0
四川星动力体育发展有限公司,9052,体育赛事,0.6611,0.9,是,纯跨界（行业代码非体育，文本有体育业务）,1,1,体育赛事策划,,赛事策划,1.0,1.0,0.0,0.1111
自贡市高新区明雅棋文培训学校有限公司,8919,体育管理,0.8736,0.95,否,,1,1,体育组织,,体育组织,1.0,1.0,0.85,0.1111
自贡明和体育用品有限公司,5242,体育用品,0.8736,0.95,否,,1,1,体育用品零售,,体育用品零售,1.0,1.0,0.85,0.1111
四川千釜城体育文化传播有限公司,8912,体育管理,0.2125,0.85,否,,1,0,,体育专业,,0.0,0.0,0.85,0.0
自贡市巅峰户外运动有限公司,8930,健身休闲,0.2125,0.85,否,,1,0,,健身休闲活动,,0.0,0.0,0.85,0.0
自贡大树文化发展有限公司,5242,体育用品,0.2125,0.85,否,,1,0,,科教器械,,0.0,0.0,0.85,0.0
自贡欣齐云文化传播有限公司,8911,体育赛事,0.8736,0.95,否,,1,1,体育竞赛组织,,体育竞赛,1.0,1.0,0.85,0.1111
自贡市曼黎娱乐有限公司,8911,体育管理,0.2125,0.85,否,,1,0,,歌舞厅娱乐活动,,0.0,0.0,0.85,0.0
四川希创众联文化传播有限公司,8911,体育赛事,0.8736,0.95,否,,1,1,体育竞赛组织,,体育竞赛,1.0,1.0,0.85,0.1111
四川赛尚车体育文化发展有限责任公司,9052,体育赛事,0.6611,0.9,是,纯跨界（行业代码非体育，文本有体育业务）,1,1,体育赛事策划健康服务,,赛事策划,1.0,1.0,0.0,0.1111
四川叁拳体育文化传播有限责任公司,8392,健身休闲,0.8736,0.95,否,,1,1,跆拳道教学活动,,跆拳道,1.0,1.0,0.85,0.1111
四川众优国际贸易有限公司,5142,体育用品,0.8736,0.95,否,,1,1,体育用品信器材批发,,体育用品,1.0,1.0,0.85,0.1111
自贡市强星篮球俱乐部有限公司,8911,体育管理,0.2125,0.85,否,,1,0,,nan,,0.0,0.0,0.85,0.0
自贡乐动体育文化传播有限公司,5242,体育用品,0.8736,0.95,否,,1,1,体育用品零售,,体育用品零售,1.0,1.0,0.85,0.1111
自贡博越足球俱乐部有限公司,9052,体育赛事,0.6611,0.9,是,纯跨界（行业代码非体育，文本有体育业务）,1,1,体育赛事策划,,赛事策划,1.0,1.0,0.0,0.1111
自贡卓帅户外拓展有限责任公司,8930,健身休闲,0.2125,0.85,否,,1,0,,体能拓展训练服务,,0.0,0.0,0.85,0.0
自贡市果浆汤板上户外运动有限公司,8930,健身休闲,0.2125,0.85,否,,1,0,,健身休闲活动,,0.0,0.0,0.85,0.0
四川易书文化用品有限责任公司,5242,体育用品,0.8736,0.95,否,,1,1,体育用品零售,,体育用品零售,1.0,1.0,0.85,0.1111
四川中体动力体育发展有限公司,9052,体育赛事,0.6722,0.9,是,纯跨界（行业代码非体育，文本有体育业务）,1,1,体育赛事体能训练,,体育赛事; 体能训练,1.0,1.0,0.0,0.2222
自贡佳好商贸有限责任公司,5142,体育用品,0.8736,0.95,否,,1,1,体育用品批发,,体育用品批发,1.0,1.0,0.85,0.1111
攀枝花东禅文化传播有限公司,8930,健身休闲,0.8736,0.95,否,,1,1,太极拳教授服务,,太极拳,1.0,1.0,0.85,0.1111
攀枝花市卓越体育培训学校有限公司,8392,体育培训,0.8736,0.95,否,,1,1,从事体育培训的营利性民办培训,,体育培训,1.0,1.0,0.85,0.1111
四川省攀奥体育发展有限公司,8919,健身休闲,0.8736,0.95,否,,1,1,户外运动的组织策划,,户外运动,1.0,1.0,0.85,0.1111
攀枝花六九户外拓展运动策划有限公司,8919,健身休闲,0.8736,0.95,否,,1,1,户外拓展运动组织,,户外拓展,1.0,1.0,0.85,0.1111
攀枝花市趣动体育培训学校有限公司,8392,体育培训,0.8736,0.95,否,,1,1,体育培训,,体育培训,1.0,1.0,0.85,0.1111
攀枝花市澳森健身服务有限公司,8992,健身休闲,0.6611,0.9,是,纯跨界（行业代码非体育，文本有体育业务）,1,1,健身服务,,健身服务,1.0,1.0,0.0,0.1111
攀枝花市兰冠体育发展有限公司,8911,体育赛事,0.8736,0.95,否,,1,1,体育赛事策划,,赛事策划,1.0,1.0,0.85,0.1111
攀枝花劲浪体育发展有限公司,8929,体育用品,0.8736,0.95,否,,1,1,露天体育健身器材管理,,健身器材,1.0,1.0,0.85,0.1111
攀枝花市大裂谷体育健身有限公司,8930,健身休闲,0.2125,0.85,否,,1,0,,体育健身,,0.0,0.0,0.85,0.0
攀枝花市豪斯特健身会所,8930,健身休闲,0.2125,0.85,否,,1,0,,健身活动服务,,0.0,0.0,0.85,0.0
攀枝花鼎燚体育俱乐部有限公司,8911,体育赛事,0.8736,0.95,否,,1,1,体育竞赛组织,,体育竞赛,1.0,1.0,0.85,0.1111
攀枝花市星罗棋文化传播有限公司,8911,体育管理,0.2125,0.85,否,,1,0,,棋类赛事活动组织,,0.0,0.0,0.85,0.0
攀枝花市狼牙体育培训学校有限公司,8392,体育培训,0.8736,0.95,否,,1,1,体育培训,,体育培训,1.0,1.0,0.85,0.1111
攀枝花市兴东体育发展有限公司,8921,体育场馆,0.8736,0.95,否,,1,1,体育场地设施经营,,体育场地设施,1.0,1.0,0.85,0.1111
攀枝花市森飞体育发展有限公司,8929,体育场馆,0.8736,0.95,否,,1,1,体育场地施设管理,,体育场地,1.0,1.0,0.85,0.1111
攀枝花颜印跆拳道培训学校有限公司,8392,体育培训,0.8736,0.95,否,,1,1,跆拳道培训,,跆拳道培训,1.0,1.0,0.85,0.1111
攀枝花奥之康体育用品有限公司,5242,体育用品,0.8736,0.95,否,,1,1,体育用品及器材零售,,体育用品,1.0,1.0,0.85,0.1111
攀枝花市绍辉商贸部,5242,体育用品,0.8736,0.95,否,,1,1,体育用品零售,,体育用品零售,1.0,1.0,0.85,0.1111
四川说走就走户外运动有限公司,5242,体育用品,0.8736,0.95,否,,1,1,体育用品零售,,体育用品零售,1.0,1.0,0.85,0.1111
攀枝花维拓体育发展有限公司,8911,体育赛事,0.8736,0.95,否,,1,1,体育赛事活动组织策划,,体育赛事,1.0,1.0,0.85,0.1111
攀枝花跃童教育咨询有限公司,8392,体育培训,0.2125,0.85,否,,1,0,,青少年拓展培训服务,,0.0,0.0,0.85,0.0
四川健搏科技有限公司,5142,体育用品,0.8736,0.95,否,,1,1,体育器材批发,,体育器材,1.0,1.0,0.85,0.1111
攀枝花市爱学渔具店,5242,体育用品,0.2125,0.85,否,,1,0,,钓鱼器材零售,,0.0,0.0,0.85,0.0
攀枝花小斑马体育俱乐部有限公司,8911,体育管理,0.2125,0.85,否,,1,0,,儿童平衡车竞赛,,0.0,0.0,0.85,0.0
攀枝花市翔韵文化传播有限公司,9052,体育赛事,0.6611,0.9,是,纯跨界（行业代码非体育，文本有体育业务）,1,1,体育表演服务,,体育表演,1.0,1.0,0.0,0.1111
攀枝花登高阁体育用品有限公司,5142,体育用品,0.8736,0.95,否,,1,1,批发体育用品,,体育用品,1.0,1.0,0.85,0.1111
攀枝花市启航体育发展有限公司,8911,体育赛事,0.8736,0.95,否,,1,1,体育竞赛组织,,体育竞赛,1.0,1.0,0.85,0.1111
攀枝花市元气健身有限责任公司,8930,健身休闲,0.2125,0.85,否,,1,0,,健身休闲活动,,0.0,0.0,0.85,0.0
攀枝花市壹号铁馆健身服务有限公司,8930,健身休闲,0.8736,0.95,否,,1,1,健身服务,,健身服务,1.0,1.0,0.85,0.1111
攀枝花云翼户外活动策划有限公司,8919,体育管理,0.8736,0.95,否,,1,1,体育组织,,体育组织,1.0,1.0,0.85,0.1111
攀枝花美晨户外用品有限公司,5242,体育用品,0.2125,0.85,否,,1,0,,户外用品零售,,0.0,0.0,0.85,0.0
攀枝花市坤牛体育俱乐部,8911,体育赛事,0.8736,0.95,否,,1,1,体育竞赛组织,,体育竞赛,1.0,1.0,0.85,0.1111
攀枝花市武匠搏击俱乐部有限公司,8999,体育培训,0.6611,0.9,是,纯跨界（行业代码非体育，文本有体育业务）,1,1,体育培训,,体育培训,1.0,1.0,0.0,0.1111
攀枝花栖牛户外运动策划有限公司,8930,健身休闲,0.8736,0.95,否,,1,1,户外运动服务,,户外运动,1.0,1.0,0.85,0.1111
攀枝花市鹏森商贸有限公司,5242,体育用品,0.8736,0.95,否,,1,1,体育用品及器材零售,,体育用品,1.0,1.0,0.85,0.1111
攀枝花泰吾格体育文化发展有限公司,8930,健身休闲,0.2125,0.85,否,,1,0,,健身休闲活动,,0.0,0.0,0.85,0.0
攀枝花未来体育培训学校有限公司,8392,体育培训,0.8736,0.95,否,,1,1,体育培训,,体育培训,1.0,1.0,0.85,0.1111
攀枝花乒途体育发展有限责任公司,8911,体育赛事,0.8736,0.95,否,,1,1,体育竞赛组织,,体育竞赛,1.0,1.0,0.85,0.1111
四川省木棉花体育文化发展有限公司,8911,体育赛事,0.8736,0.95,否,,1,1,体育竞赛组织,,体育竞赛,1.0,1.0,0.85,0.1111
四川启亮文化娱乐有限公司,8930,健身休闲,0.2125,0.85,否,,1,0,,棋牌室服务,,0.0,0.0,0.85,0.0
攀枝花市川跃科技有限公司,8930,健身休闲,0.2125,0.85,否,,1,0,,健身休闲活动,,0.0,0.0,0.85,0.0
攀枝花享瘦拿铁健身服务有限责任公司,8930,健身休闲,0.8736,0.95,否,,1,1,健身服务,,健身服务,1.0,1.0,0.85,0.1111
攀枝花市启航体育培训学校有限公司,8392,体育培训,0.8736,0.95,否,,1,1,幼儿体育课程培训,,幼儿体育,1.0,1.0,0.85,0.1111
攀枝花泳创游泳馆管理有限公司,8921,体育场馆,0.8736,0.95,否,,1,1,体育场馆管理,,体育场馆,1.0,1.0,0.85,0.1111
攀枝花市嘉诚宏薇经营部,5242,体育用品,0.8736,0.95,否,,1,1,体育用品销售,,体育用品销售,1.0,1.0,0.85,0.1111
攀枝花赛捷健身有限责任公司,8930,健身休闲,0.8736,0.95,否,,1,1,健身服务,,健身服务,1.0,1.0,0.85,0.1111
攀枝花佳译健身服务有限公司,8930,健身休闲,0.2125,0.85,否,,1,0,,健身娱乐,,0.0,0.0,0.85,0.0
攀枝花志翔体育俱乐部有限公司,8911,体育赛事,0.8736,0.95,否,,1,1,体育竞赛组织,,体育竞赛,1.0,1.0,0.85,0.1111
攀枝花市锐启科技有限责任公司,8930,健身休闲,0.8736,0.95,否,,1,1,健身房服务,,健身房,1.0,1.0,0.85,0.1111
四川唐奥体育发展有限公司,8919,体育管理,0.2125,0.85,否,,1,0,,户外体育活动策划,,0.0,0.0,0.85,0.0
攀枝花市致远体育文化发展有限公司,8392,体育培训,0.8736,0.95,否,,1,1,少儿体育培训,,体育培训,1.0,1.0,0.85,0.1111
攀枝花晨实体育俱乐部有限公司,8911,体育赛事,0.8736,0.95,否,,1,1,体育竞赛组织,,体育竞赛,1.0,1.0,0.85,0.1111
攀枝花市吾生体育发展有限责任公司,8930,健身休闲,0.8736,0.95,否,,1,1,户外拓展活动,,户外拓展,1.0,1.0,0.85,0.1111
攀枝花卓盛体育发展有限公司,8921,体育场馆,0.8736,0.95,否,,1,1,体育场馆管理,,体育场馆,1.0,1.0,0.85,0.1111
攀枝花市钇名体育俱乐部有限责任公司,8911,体育赛事,0.8736,0.95,否,,1,1,体育竞赛组织,,体育竞赛,1.0,1.0,0.85,0.1111
攀枝花市宏成体育文化发展有限公司,8392,体育培训,0.2125,0.85,否,,1,0,,文化体育演出,,0.0,0.0,0.85,0.0
攀枝花志云体育发展有限公司,9052,体育赛事,0.6611,0.9,是,纯跨界（行业代码非体育，文本有体育业务）,1,1,体育表演服务,,体育表演,1.0,1.0,0.0,0.1111
四川勇攀体育发展有限公司,8911,体育赛事,0.8736,0.95,否,,1,1,体育竞赛组织,,体育竞赛,1.0,1.0,0.85,0.1111
攀枝花健力体育发展有限责任公司,8930,健身休闲,0.8736,0.95,否,,1,1,户外运动组织,,户外运动,1.0,1.0,0.85,0.1111
攀枝花市博鑫足球俱乐部有限责任公司,9052,体育赛事,0.6611,0.9,是,纯跨界（行业代码非体育，文本有体育业务）,1,1,体育赛事组织策划服务,,体育赛事,1.0,1.0,0.0,0.1111
攀枝花市洪吉文化传媒有限公司,8919,体育管理,0.8736,0.95,否,,1,1,其他体育组织,,体育组织,1.0,1.0,0.85,0.1111
攀枝花市爱尚户外活动策划有限公司,9052,健身休闲,0.6611,0.9,是,纯跨界（行业代码非体育，文本有体育业务）,1,1,户外运动策划服务,,户外运动,1.0,1.0,0.0,0.1111
攀枝花奥林体育服务有限公司,8921,体育场馆,0.8736,0.95,否,,1,1,室内体育场馆管理,,体育场馆,1.0,1.0,0.85,0.1111
攀枝花市长川健身管理有限公司,8930,健身休闲,0.2125,0.85,否,,1,0,,健身休闲活动,,0.0,0.0,0.85,0.0
攀枝花市圣智体育文化发展有限公司,9052,体育赛事,0.6611,0.9,是,纯跨界（行业代码非体育，文本有体育业务）,1,1,体育赛事策划,,赛事策划,1.0,1.0,0.0,0.1111
攀枝花鼎燚体育培训学校有限公司,8392,体育培训,0.2125,0.85,否,,1,0,,教育技能培训,,0.0,0.0,0.85,0.0
攀枝花昶发通商贸有限公司,5142,体育用品,0.2125,0.85,否,,1,0,,文体用品销售,,0.0,0.0,0.85,0.0
四川雄鹿体育文化发展有限公司,8911,体育赛事,0.8736,0.95,否,,1,1,体育赛事策划,,赛事策划,1.0,1.0,0.85,0.1111
攀枝花市旭来商贸有限公司,5142,体育用品,0.8736,0.95,否,,1,1,文化体育用品批发,,体育用品批发,1.0,1.0,0.85,0.1111
四川劲冠体育发展有限公司,8911,体育赛事,0.8736,0.95,否,,1,1,体育竞赛组织,,体育竞赛,1.0,1.0,0.85,0.1111
攀枝花市聚能足球俱乐部有限责任公司,8911,体育赛事,0.8736,0.95,否,,1,1,体育竞赛组织,,体育竞赛,1.0,1.0,0.85,0.1111
四川省美格健身俱乐部有限责任公司,8930,健身休闲,0.8736,0.95,否,,1,1,健身服务,,健身服务,1.0,1.0,0.85,0.1111
攀枝花市西区健麟游泳馆,8930,健身休闲,0.8736,0.95,否,,1,1,游泳服务,,游泳,1.0,1.0,0.85,0.1111
四川省攀健体育发展有限公司,5142,体育用品,0.8736,0.95,否,,1,1,体育用品级器材批发,,体育用品,1.0,1.0,0.85,0.1111
攀枝花市吕姐体育用品店个人独资,5142,体育用品,0.8736,0.95,否,,1,1,体育用品及器材批发,,体育用品,1.0,1.0,0.85,0.1111
四川柒棵树体育俱乐部有限责任公司,8911,体育赛事,0.8736,0.95,否,,1,1,体育竞赛组织,,体育竞赛,1.0,1.0,0.85,0.1111
攀枝花市龙健体育俱乐部有限责任公司,8930,健身休闲,0.2125,0.85,否,,1,0,,文化体育和健身休闲活动,,0.0,0.0,0.85,0.0
攀枝花亮亮健身服务有限公司,8930,健身休闲,0.8736,0.95,否,,1,1,健身服务,,健身服务,1.0,1.0,0.85,0.1111
攀枝花市奇兵户外运动策划有限公司,8930,健身休闲,0.8736,0.95,否,,1,1,户外运动,,户外运动,1.0,1.0,0.85,0.1111
攀枝花悦童体育用品有限公司,5242,体育用品,0.8736,0.95,否,,1,1,体育器材零售,,体育器材,1.0,1.0,0.85,0.1111
四川鸢飞体育文化传播有限公司,8392,体育培训,0.8736,0.95,否,,1,1,幼儿体能训练,,体能训练,1.0,1.0,0.85,0.1111
四川淼洲体育文化传播有限公司,8930,健身休闲,0.8736,0.95,否,,1,1,体育健身服务,,健身服务,1.0,1.0,0.85,0.1111
攀枝花市思博特足球培训学校有限责任公司,8392,体育培训,0.8736,0.95,否,,1,1,体育培训,,体育培训,1.0,1.0,0.85,0.1111
攀枝花市乾盛川商贸有限责任公司,8930,体育场馆,0.8736,0.95,否,,1,1,体育场馆管理,,体育场馆,1.0,1.0,0.85,0.1111
攀枝花野人户外拓展有限公司,5242,体育用品,0.2125,0.85,否,,1,0,,户外用品零售,,0.0,0.0,0.85,0.0
攀枝花鼎燚体育发展有限公司,9052,体育赛事,0.6611,0.9,是,纯跨界（行业代码非体育，文本有体育业务）,1,1,体育赛事策划,,赛事策划,1.0,1.0,0.0,0.1111
攀枝花市龙创体育培训学校有限公司,8392,体育培训,0.8736,0.95,否,,1,1,体校及体育培训,,体育培训,1.0,1.0,0.85,0.1111
攀枝花潇文健身服务有限公司,8930,健身休闲,0.2125,0.85,否,,1,0,,健身休闲活动,,0.0,0.0,0.85,0.0
攀枝花诚景商贸有限公司,5142,体育用品,0.8736,0.95,否,,1,1,体育用品及器材批发,,体育用品,1.0,1.0,0.85,0.1111
攀枝花众家轮启体育俱乐部有限公司,8930,健身休闲,0.2125,0.85,否,,1,0,,健身休闲活动,,0.0,0.0,0.85,0.0
攀枝花市赛点体育发展有限公司,8930,体育用品,0.8736,0.95,否,,1,1,乒乓球俱乐部,,乒乓球,1.0,1.0,0.85,0.1111
攀枝花市领爵生活服务有限公司,8930,健身休闲,0.8736,0.95,否,,1,1,台球俱乐部,,台球,1.0,1.0,0.85,0.1111
攀枝花华竞体育发展有限公司,5242,体育用品,0.8736,0.95,否,,1,1,体育用品零售,,体育用品零售,1.0,1.0,0.85,0.1111
攀枝花玺武社体育俱乐部个人独资,5242,体育用品,0.8736,0.95,否,,1,1,体育器材零售,,体育器材,1.0,1.0,0.85,0.1111
四川顾建缘体育文化发展有限责任公司,9052,体育赛事,0.6611,0.9,是,纯跨界（行业代码非体育，文本有体育业务）,1,1,体育赛事组织承办,,体育赛事,1.0,1.0,0.0,0.1111
攀枝花森诺体育文化传播有限公司,8392,体育培训,0.8736,0.95,否,,1,1,网球培训,,网球培训,1.0,1.0,0.85,0.1111
攀枝花玥特斯商贸有限公司,5142,体育用品,0.8736,0.95,否,,1,1,体育用品及器材批发,,体育用品,1.0,1.0,0.85,0.1111
攀枝花飞洋体育文化传播有限公司,8911,体育赛事,0.8736,0.95,否,,1,1,场馆经营体育竞赛组织,,体育竞赛,1.0,1.0,0.85,0.1111
四川省巨犀科技服务有限公司,8930,健身休闲,0.2125,0.85,否,,1,0,,健身休闲活动,,0.0,0.0,0.85,0.0
攀枝花乐驰体育文化传播有限公司,8392,体育培训,0.8736,0.95,否,,1,1,体校及体育培训,,体育培训,1.0,1.0,0.85,0.1111
攀枝花迷阳星体育文化发展有限公司,8919,体育管理,0.8736,0.95,否,,1,1,其他体育组织,,体育组织,1.0,1.0,0.85,0.1111
米易县鑫动体育发展有限责任公司,8912,体育管理,0.2125,0.85,否,,1,0,,体育保障组织,,0.0,0.0,0.85,0.0
米易峡谷风情康养旅游开发有限公司,8930,健身休闲,0.2125,0.85,否,,1,0,,健身休闲活动,,0.0,0.0,0.85,0.0
攀枝花博鼎餐饮服务有限公司,8930,健身休闲,0.8736,0.95,否,,1,1,娱乐健身服务,,健身服务,1.0,1.0,0.85,0.1111
盐边县汐俊电玩有限公司,8912,体育管理,0.2125,0.85,否,,1,0,,游艺娱乐活动,,0.0,0.0,0.85,0.0
攀枝花力冠体育发展有限责任公司,8930,健身休闲,0.2125,0.85,否,,1,0,,健身休闲活动,,0.0,0.0,0.85,0.0
攀枝花汐宇体育发展有限公司,8930,健身休闲,0.2125,0.85,否,,1,0,,健身休闲活动,,0.0,0.0,0.85,0.0
盐边县红格镇明辛茶行,8930,健身休闲,0.2125,0.85,否,,1,0,,茶楼服务,,0.0,0.0,0.85,0.0
攀枝花希格利体育发展有限公司,8911,体育赛事,0.8736,0.95,否,,1,1,体育竞赛组织,,体育竞赛,1.0,1.0,0.85,0.1111
攀枝花市篮蓓思特体育俱乐部有限公司,9052,体育赛事,0.6611,0.9,是,纯跨界（行业代码非体育，文本有体育业务）,1,1,组织体育表演活动,,体育表演,1.0,1.0,0.0,0.1111
四川马掌木寸户外运动策划有限公司,8930,健身休闲,0.2125,0.85,否,,1,0,,餐饮服务,,0.0,0.0,0.85,0.0
泸州卡萌健身服务中心（个人独资）,8930,健身休闲,0.2125,0.85,否,,1,0,,健身休闲活动,,0.0,0.0,0.85,0.0
泸州雨露体育文化发展有限公司,8911,体育赛事,0.8736,0.95,否,,1,1,体育竞赛组织,,体育竞赛,1.0,1.0,0.85,0.1111
泸州赛昂体育有限公司,8392,体育培训,0.2125,0.85,否,,1,0,,乒乓培训,,0.0,0.0,0.85,0.0
泸州市江阳区星韵体育健身休闲活动有限公司,8930,健身休闲,0.2125,0.85,否,,1,0,,健身休闲活动,,0.0,0.0,0.85,0.0
泸州童趣拓展活动有限公司,8930,健身休闲,0.2125,0.85,否,,1,0,,户外活动,,0.0,0.0,0.85,0.0
泸州赛润体育器材有限公司,5142,体育用品,0.8736,0.95,否,,1,1,体育用品及器批发,,体育用品,1.0,1.0,0.85,0.1111
泸州鸿翎舞蹈健身有限公司,8930,健身休闲,0.2125,0.85,否,,1,0,,健身休闲活动,,0.0,0.0,0.85,0.0
泸州拓创体育用品有限公司,5242,体育用品,0.8736,0.95,否,,1,1,体育用品零售,,体育用品零售,1.0,1.0,0.85,0.1111
泸州市艾空中瑜伽有限公司,8930,健身休闲,0.8736,0.95,否,,1,1,瑜伽健身活动,,瑜伽,1.0,1.0,0.85,0.1111
泸州圆梦体育器材贸易有限公司,5242,体育用品,0.8736,0.95,否,,1,1,零售体育器材,,体育器材,1.0,1.0,0.85,0.1111
泸州康茂体育设施有限公司,8929,体育场馆,0.8736,0.95,否,,1,1,其他体育场地设施管理,,体育场地设施,1.0,1.0,0.85,0.1111
泸州晴天电竞俱乐部有限公司,8911,体育赛事,0.8736,0.95,否,,1,1,体育竞赛组织,,体育竞赛,1.0,1.0,0.85,0.1111
泸州新苗体育俱乐部有限公司,8911,体育赛事,0.8736,0.95,否,,1,1,体育竞赛组织,,体育竞赛,1.0,1.0,0.85,0.1111
泸州行知体育发展有限公司,8392,体育培训,0.8736,0.95,否,,1,1,体育培训,,体育培训,1.0,1.0,0.85,0.1111
泸州壹心陆上体育俱乐部有限公司,8919,健身休闲,0.8736,0.95,否,,1,1,射击竞技体育运动服务,,射击,1.0,1.0,0.85,0.1111
四川泽源体育俱乐部有限责任公司,8911,体育赛事,0.8736,0.95,否,,1,1,体育竞赛组织,,体育竞赛,1.0,1.0,0.85,0.1111
泸州市成旭商贸有限公司,5242,体育用品,0.8736,0.95,否,,1,1,健身器材零售,,健身器材,1.0,1.0,0.85,0.1111
泸州诺亚型人健身有限责任公司,8930,健身休闲,0.2125,0.85,否,,1,0,,健身休闲活动,,0.0,0.0,0.85,0.0
泸州合创体育服务有限公司,8911,体育管理,0.2125,0.85,否,,1,0,,体育项目组织服务,,0.0,0.0,0.85,0.0
泸州筑梦青春户外拓展有限公司,8930,健身休闲,0.2125,0.85,否,,1,0,,健身休闲活动,,0.0,0.0,0.85,0.0
泸州蒙创拓展训练服务有限责任公司,8930,健身休闲,0.2125,0.85,否,,1,0,,拓展训练服务,,0.0,0.0,0.85,0.0
四川菲力斯体育文化发展有限公司,8930,健身休闲,0.2125,0.85,否,,1,0,,健身休闲服务,,0.0,0.0,0.85,0.0
泸州市奔跑体育用品有限公司,5242,体育用品,0.8736,0.95,否,,1,1,体育用品零售,,体育用品零售,1.0,1.0,0.85,0.1111
泸州伽和健身服务有限公司,8930,健身休闲,0.8736,0.95,否,,1,1,健身服务,,健身服务,1.0,1.0,0.85,0.1111
泸州市赛品汇文化传播有限公司,8392,体育培训,0.8736,0.95,否,,1,1,体育培训,,体育培训,1.0,1.0,0.85,0.1111
泸州市江阳区童真年代户外拓展有限公司,8930,健身休闲,0.8736,0.95,否,,1,1,户外拓展训练,,户外拓展,1.0,1.0,0.85,0.1111
泸州川和月商贸有限责任公司,5242,体育用品,0.2125,0.85,否,,1,0,,酒品批发,,0.0,0.0,0.85,0.0
泸州星航体育文化传播有限责任公司,8911,体育管理,0.2125,0.85,否,,1,0,,文化娱乐,,0.0,0.0,0.85,0.0
四川猎人品尚拓展训练有限公司,8912,体育管理,0.8736,0.95,否,,1,1,体育科技保障服务,,体育科技,1.0,1.0,0.85,0.1111
泸州弘丰体育组织有限公司,8919,体育管理,0.8736,0.95,否,,1,1,体育组织服务,,体育组织,1.0,1.0,0.85,0.1111
泸州马丁健身服务有限公司,8930,健身休闲,0.8736,0.95,否,,1,1,健身服务,,健身服务,1.0,1.0,0.85,0.1111
泸州共游体育服务有限公司,8930,健身休闲,0.2125,0.85,否,,1,0,,健身休闲服务,,0.0,0.0,0.85,0.0
泸州振威体育俱乐部有限公司,8919,体育管理,0.2125,0.85,否,,1,0,,食品销售,,0.0,0.0,0.85,0.0
四川雅庆文化传媒有限公司,5142,体育用品,0.2125,0.85,否,,1,0,,文化体育娱乐活动与经纪代理服务,,0.0,0.0,0.85,0.0
泸州城市体育发展有限公司,5142,体育用品,0.8736,0.95,否,,1,1,体育用品及器材零售,,体育用品,1.0,1.0,0.85,0.1111
泸州江阳区御景半岛健身管理有限公司,8930,健身休闲,0.2125,0.85,否,,1,0,,健身运动,,0.0,0.0,0.85,0.0
泸州百力健身服务有限公司,8930,健身休闲,0.8736,0.95,否,,1,1,健身服务,,健身服务,1.0,1.0,0.85,0.1111
泸州江阳区澄鑫体育俱乐部有限公司,8919,体育管理,0.8736,0.95,否,,1,1,体育组织,,体育组织,1.0,1.0,0.85,0.1111
泸州市润曼游泳俱乐部有限责任公司,8911,体育管理,0.8736,0.95,否,,1,1,体育俱乐部服务,,体育俱乐部,1.0,1.0,0.85,0.1111
泸州渝尔仕健身有限公司,8930,健身休闲,0.8736,0.95,否,,1,1,健身服务,,健身服务,1.0,1.0,0.85,0.1111
泸州轻臣健身有限公司,8930,健身休闲,0.2125,0.85,否,,1,0,,健身休闲活动,,0.0,0.0,0.85,0.0
四川起航拓展训练有限公司,8930,健身休闲,0.2125,0.85,否,,1,0,,拓展活动,,0.0,0.0,0.85,0.0
泸州景兴园商贸有限公司,8930,健身休闲,0.2125,0.85,否,,1,0,,高危险性体育运动,,0.0,0.0,0.85,0.0
泸州逆锋体育有限公司,8919,体育管理,0.2125,0.85,否,,1,0,,体育类社会服务,,0.0,0.0,0.85,0.0
泸州市江阳区莱曼体育健身服务有限公司,8930,健身休闲,0.8736,0.95,否,,1,1,健身服务,,健身服务,1.0,1.0,0.85,0.1111
泸州燃力点体育文化传播有限公司,8912,体育管理,0.2125,0.85,否,,1,0,,体育保障组织,,0.0,0.0,0.85,0.0
泸州鱼凫游泳池管理有限公司,8921,体育场馆,0.8736,0.95,否,,1,1,体育场馆管理,,体育场馆,1.0,1.0,0.85,0.1111
泸州马雪游泳俱乐部（个人独资）,8921,体育场馆,0.8736,0.95,否,,1,1,体育场馆管理,,体育场馆,1.0,1.0,0.85,0.1111
泸州暖阳健身服务有限公司,8930,健身休闲,0.2125,0.85,否,,1,0,,健身休闲活动,,0.0,0.0,0.85,0.0
泸州启武体育俱乐部有限公司,8911,体育赛事,0.8736,0.95,否,,1,1,体育竞赛组织,,体育竞赛,1.0,1.0,0.85,0.1111
泸州哇塞体育发展有限公司,8930,健身休闲,0.2125,0.85,否,,1,0,,健身休闲活动,,0.0,0.0,0.85,0.0
泸州弘武健身有限公司,8930,健身休闲,0.2125,0.85,否,,1,0,,健身休闲活动,,0.0,0.0,0.85,0.0
四川志长体育发展有限公司,8392,体育培训,0.2125,0.85,否,,1,0,,体育训练,,0.0,0.0,0.85,0.0
四川胤呈拓展训练有限公司,8930,健身休闲,0.2125,0.85,否,,1,0,,健身休闲活动,,0.0,0.0,0.85,0.0
泸州铂羽体育运动有限公司,8392,体育培训,0.8736,0.95,否,,1,1,游泳培训,,游泳培训,1.0,1.0,0.85,0.1111
四川玖趣维捷体育发展有限公司,8930,健身休闲,0.2125,0.85,否,,1,0,,健身休闲活动,,0.0,0.0,0.85,0.0
泸州市江阳区新动力体育运动有限公司,8930,健身休闲,0.8736,0.95,否,,1,1,体育运动健身服务,,健身服务,1.0,1.0,0.85,0.1111
泸州旭达体育文化传播有限公司,5242,体育用品,0.6736,0.95,是,多元经营（体育+1条非体育业务）,2,1,体育用品,器材零售,体育用品,0.5,1.0,0.85,0.1111
泸州运之康体育场馆服务有限公司,8921,体育场馆,0.8736,0.95,否,,1,1,体育场所管理,,体育场,1.0,1.0,0.85,0.1111
泸州文旅天健体育有限责任公司,8921,体育场馆,0.8736,0.95,否,,1,1,体育场馆管理,,体育场馆,1.0,1.0,0.85,0.1111
泸州百协体育设施有限公司,5142,体育用品,0.8736,0.95,否,,1,1,体育用品批发,,体育用品批发,1.0,1.0,0.85,0.1111
泸州市自由慧体健康运动服务有限责任公司,8992,健身休闲,0.6611,0.9,是,纯跨界（行业代码非体育，文本有体育业务）,1,1,健身服务,,健身服务,1.0,1.0,0.0,0.1111
泸州伟麟健身服务有限公司,8930,健身休闲,0.8736,0.95,否,,1,1,健身服务,,健身服务,1.0,1.0,0.85,0.1111
泸州市泳搏体育发展有限公司,8930,健身休闲,0.2125,0.85,否,,1,0,,体育拓展训练,,0.0,0.0,0.85,0.0
泸州极酷体育发展有限公司,8930,健身休闲,0.2125,0.85,否,,1,0,,健身休闲活动,,0.0,0.0,0.85,0.0
泸州市酒城维捷体育发展有限公司,8930,健身休闲,0.2125,0.85,否,,1,0,,健身休闲活动,,0.0,0.0,0.85,0.0
泸州探索之旅体育组织服务有限公司,8911,体育管理,0.2125,0.85,否,,1,0,,体育项目组织服务,,0.0,0.0,0.85,0.0
四川老来少户外拓展有限公司,8930,健身休闲,0.8736,0.95,否,,1,1,户外拓展服务,,户外拓展,1.0,1.0,0.85,0.1111
四川峻峰体育文化传媒有限公司,8930,健身休闲,0.2125,0.85,否,,1,0,,健身休闲活动,,0.0,0.0,0.85,0.0
泸州莱维体育文化传播有限公司,8930,健身休闲,0.2125,0.85,否,,1,0,,健身休闲活动,,0.0,0.0,0.85,0.0
泸州涅磐健身俱乐部有限责任公司,5242,体育用品,0.8736,0.95,否,,1,1,体育用品及器材零售,,体育用品,1.0,1.0,0.85,0.1111
泸州杰斯健身服务有限公司,8930,健身休闲,0.8736,0.95,否,,1,1,健身服务,,健身服务,1.0,1.0,0.85,0.1111
泸州市海贝体育运动有限公司,8930,健身休闲,0.2125,0.85,否,,1,0,,健身休闲活动,,0.0,0.0,0.85,0.0
四川宇烨双辉科技有限公司,5142,体育用品,0.8736,0.95,否,,1,1,体育用品及器材批发,,体育用品,1.0,1.0,0.85,0.1111
泸州爱酷体育文化发展有限公司,5242,体育用品,0.8736,0.95,否,,1,1,体育用品及器材零售,,体育用品,1.0,1.0,0.85,0.1111
泸州逸姿普拉提健康管理有限公司,8930,健身休闲,0.2125,0.85,否,,1,0,,健身休闲活动,,0.0,0.0,0.85,0.0
泸州边城体育文化发展有限公司,8392,体育培训,0.8736,0.95,否,,1,1,体育培训服务,,体育培训,1.0,1.0,0.85,0.1111
四川泸武决体育文化发展有限公司,8919,体育管理,0.8736,0.95,否,,1,1,其他体育组织,,体育组织,1.0,1.0,0.85,0.1111
泸州海纳体育组织有限公司,8930,健身休闲,0.2125,0.85,否,,1,0,,健身休闲活动,,0.0,0.0,0.85,0.0
泸州市未来体育培训有限公司,8392,体育培训,0.2125,0.85,否,,1,0,,体校培训,,0.0,0.0,0.85,0.0
泸州脊正健康管理有限责任公司,8992,健身休闲,0.6611,0.9,是,纯跨界（行业代码非体育，文本有体育业务）,1,1,运动康复理疗,,运动康复,1.0,1.0,0.0,0.1111
泸州勇士拓展训练有限责任公司,8930,健身休闲,0.2125,0.85,否,,1,0,,拓展训练服务,,0.0,0.0,0.85,0.0
泸州蜕变健身服务有限公司,8930,健身休闲,0.2125,0.85,否,,1,0,,健身休闲活动,,0.0,0.0,0.85,0.0
泸州远方优游体育文化发展有限公司,8930,健身休闲,0.2125,0.85,否,,1,0,,体育运动,,0.0,0.0,0.85,0.0
泸州林义体育健身服务有限公司,8930,健身休闲,0.2125,0.85,否,,1,0,,健身休闲活动,,0.0,0.0,0.85,0.0
泸州维杰体育器材有限公司,5142,体育用品,0.8736,0.95,否,,1,1,体育器材批发,,体育器材,1.0,1.0,0.85,0.1111
泸州酷锐体育发展有限公司,8930,健身休闲,0.2125,0.85,否,,1,0,,健身休闲活动,,0.0,0.0,0.85,0.0
泸州祯一瑜伽健身有限公司,8930,健身休闲,0.8736,0.95,否,,1,1,健身服务,,健身服务,1.0,1.0,0.85,0.1111
泸州市巅峰体育文化传播有限公司,5242,体育用品,0.8736,0.95,否,,1,1,体育用品零售,,体育用品零售,1.0,1.0,0.85,0.1111
四川酷豆体育发展有限公司,8930,健身休闲,0.2125,0.85,否,,1,0,,健身休闲活动,,0.0,0.0,0.85,0.0
泸州锐酷乐动健身服务有限公司,8930,健身休闲,0.2125,0.85,否,,1,0,,健身休闲活动,,0.0,0.0,0.85,0.0
泸州市江阳区青蓝艺术培训学校有限公司,8911,体育赛事,0.8736,0.95,否,,1,1,体育竞赛组织,,体育竞赛,1.0,1.0,0.85,0.1111
泸州小羽点体育文化发展有限公司,8911,体育赛事,0.8736,0.95,否,,1,1,体育竞赛组织,,体育竞赛,1.0,1.0,0.85,0.1111
泸州乐拳体育文化发展有限责任公司,8930,健身休闲,0.2125,0.85,否,,1,0,,健身休闲活动,,0.0,0.0,0.85,0.0
四川橘猫体育文化发展有限公司,8930,健身休闲,0.2125,0.85,否,,1,0,,健身休闲活动,,0.0,0.0,0.85,0.0
泸州市汇百川体育文化发展有限公司,8911,体育赛事,0.8736,0.95,否,,1,1,体育竞赛组织,,体育竞赛,1.0,1.0,0.85,0.1111
四川竞福体育文化发展有限公司,8919,体育管理,0.8736,0.95,否,,1,1,其他体育组织,,体育组织,1.0,1.0,0.85,0.1111
泸州皓橙体育文化发展有限公司,8919,体育管理,0.8736,0.95,否,,1,1,体育组织,,体育组织,1.0,1.0,0.85,0.1111
泸州志雄体育器材制造有限公司,5142,体育用品,0.8736,0.95,否,,1,1,体育器材批发,,体育器材,1.0,1.0,0.85,0.1111
泸州市劲康商贸有限公司,5242,体育用品,0.8736,0.95,否,,1,1,体育用品零售,,体育用品零售,1.0,1.0,0.85,0.1111
泸州赛斯克体育文化有限公司,8921,体育场馆,0.8736,0.95,否,,1,1,篮球场馆服务,,篮球场,1.0,1.0,0.85,0.1111
泸州市高高兴体育用品有限公司,8921,体育用品,0.8736,0.95,否,,1,1,羽毛球场馆服务,,羽毛球,1.0,1.0,0.85,0.1111
泸州市江阳区浩弘徐浩美育艺术培训学校有限公司,8392,体育培训,0.8736,0.95,否,,1,1,体校及体育培训,,体育培训,1.0,1.0,0.85,0.1111
泸州酷小豆体育发展有限公司,8930,健身休闲,0.2125,0.85,否,,1,0,,健身休闲活动,,0.0,0.0,0.85,0.0
泸州一束光健身有限公司,8930,健身休闲,0.2125,0.85,否,,1,0,,健身休闲活动,,0.0,0.0,0.85,0.0
泸州擎峰体育文化发展有限公司,5242,体育用品,0.8736,0.95,否,,1,1,体育用品零售,,体育用品零售,1.0,1.0,0.85,0.1111
泸州肯将体育文化发展有限责任公司,5142,体育用品,0.8736,0.95,否,,1,1,体育用品批发,,体育用品批发,1.0,1.0,0.85,0.1111
四川华川服饰有限公司,1821,体育用品,0.2125,0.85,否,,1,0,,运动休闲针织服装制造,,0.0,0.0,0.85,0.0
泸州鲢帮钓查具渔具有限公司,5242,体育用品,0.8736,0.95,否,,1,1,体育用品及器材零售,,体育用品,1.0,1.0,0.85,0.1111
泸州飞越体育俱乐部有限公司,9052,体育赛事,0.6611,0.9,是,纯跨界（行业代码非体育，文本有体育业务）,1,1,体育赛事策划,,赛事策划,1.0,1.0,0.0,0.1111
泸州市江阳区沸腾健身服务中心,8930,健身休闲,0.2125,0.85,否,,1,0,,健身运动,,0.0,0.0,0.85,0.0
四川沛栗锦体育设施有限公司,5142,体育用品,0.8736,0.95,否,,1,1,体育用品及器材批发,,体育用品,1.0,1.0,0.85,0.1111
泸州宸拓嘉鑫体育用品有限公司,5242,体育用品,0.8736,0.95,否,,1,1,体育用品及器材批发,,体育用品,1.0,1.0,0.85,0.1111
泸州健道体育有限公司,8930,健身休闲,0.2125,0.85,否,,1,0,,健身休闲,,0.0,0.0,0.85,0.0
泸州圣道搏冠武术文化传播有限公司,8930,健身休闲,0.2125,0.85,否,,1,0,,搏击训练,,0.0,0.0,0.85,0.0
泸州市纳溪区撞兴娱乐有限责任公司,8930,健身休闲,0.8736,0.95,否,,1,1,台球娱乐活动,,台球,1.0,1.0,0.85,0.1111
四川新生代体育服务有限公司,8911,体育赛事,0.8736,0.95,否,,1,1,体育竞赛组织,,体育竞赛,1.0,1.0,0.85,0.1111
泸州市纳溪区力健体育文化传播有限公司,8919,体育管理,0.2125,0.85,否,,1,0,,体育保障组织,,0.0,0.0,0.85,0.0
泸州市纳溪区淞琪体育用品经营部个人独资,7122,体育用品,0.6611,0.9,是,纯跨界（行业代码非体育，文本有体育业务）,1,1,体育用品设备出租,,体育用品,1.0,1.0,0.0,0.1111
泸州市灵杰体育俱乐部有限公司,5242,体育用品,0.8736,0.95,否,,1,1,体育用品及器材零售,,体育用品,1.0,1.0,0.85,0.1111
泸州市红崖谷拓展训练有限公司,8930,健身休闲,0.2125,0.85,否,,1,0,,室外健身活动,,0.0,0.0,0.85,0.0
泸州市湖韵游泳场管理有限公司,8930,体育场馆,0.8736,0.95,否,,1,1,游泳馆服务,,游泳馆,1.0,1.0,0.85,0.1111
泸州市护国体育文化发展有限公司,8919,体育管理,0.8736,0.95,否,,1,1,其他体育组织,,体育组织,1.0,1.0,0.85,0.1111
泸州纳溪鸿源旅游开发有限公司,8930,健身休闲,0.8736,0.95,否,,1,1,水上漂流服务,,漂流,1.0,1.0,0.85,0.1111
泸州浩富商贸有限公司,5242,体育用品,0.8736,0.95,否,,1,1,零售体育用品,,体育用品,1.0,1.0,0.85,0.1111
泸州诺源教学设备有限公司,5242,体育用品,0.8736,0.95,否,,1,1,文化体育用品零售,,体育用品零售,1.0,1.0,0.85,0.1111
泸州凯翔体育文化发展有限公司,8911,体育赛事,0.8736,0.95,否,,1,1,体育竞赛组织,,体育竞赛,1.0,1.0,0.85,0.1111
四川卓鑫明盈商贸有限公司,5242,体育用品,0.8736,0.95,否,,1,1,体育用品零售,,体育用品零售,1.0,1.0,0.85,0.1111
泸州市星光点点文化有限公司,5142,体育用品,0.8736,0.95,否,,1,1,体育用品及器材批发,,体育用品,1.0,1.0,0.85,0.1111
泸州市恒乐维捷体育发展有限公司,8930,健身休闲,0.2125,0.85,否,,1,0,,健身休闲活动,,0.0,0.0,0.85,0.0
泸州乐孚尼体育发展有限公司,8930,健身休闲,0.2125,0.85,否,,1,0,,健身休闲活动,,0.0,0.0,0.85,0.0
泸州炫舞舞蹈健身有限公司,8930,健身休闲,0.2125,0.85,否,,1,0,,健身休闲活动,,0.0,0.0,0.85,0.0
泸州市龙马潭区极步体育俱乐部有限责任公司,8911,体育赛事,0.8736,0.95,否,,1,1,体育竞赛组织,,体育竞赛,1.0,1.0,0.85,0.1111
泸州市跃动体育文化传播有限公司,8911,体育赛事,0.8736,0.95,否,,1,1,体育竞赛组织,,体育竞赛,1.0,1.0,0.85,0.1111
四川中长跑体育文化发展有限公司,8911,体育赛事,0.8736,0.95,否,,1,1,体育竞赛组织,,体育竞赛,1.0,1.0,0.85,0.1111
泸州篮盟体育文化传播有限公司,8911,体育管理,0.2125,0.85,否,,1,0,,组织篮球比赛,,0.0,0.0,0.85,0.0
泸州市龙马潭区艾一鸣游泳馆,8921,健身休闲,0.8736,0.95,否,,1,1,游泳管理服务,,游泳,1.0,1.0,0.85,0.1111
泸州穿越户外拓展有限公司,8911,健身休闲,0.8736,0.95,否,,1,1,户外拓展训练,,户外拓展,1.0,1.0,0.85,0.1111
泸州曼朵舞蹈健身有限公司,8930,健身休闲,0.2125,0.85,否,,1,0,,健身休闲活动,,0.0,0.0,0.85,0.0
泸州市拼搏体育发展有限公司,8930,健身休闲,0.2125,0.85,否,,1,0,,健身休闲活动,,0.0,0.0,0.85,0.0
泸州酷漫地带娱乐中心（个人独资）,8930,健身休闲,0.2125,0.85,否,,1,0,,健身休闲活动,,0.0,0.0,0.85,0.0
泸州市橙闪闪体育发展有限公司,8911,体育赛事,0.8736,0.95,否,,1,1,体育竞赛组织,,体育竞赛,1.0,1.0,0.85,0.1111
四川泸州龙马潭无角兽体育文化发展有限责任公司,8919,体育管理,0.2125,0.85,否,,1,0,,健身休闲活动,,0.0,0.0,0.85,0.0
泸州星火体育文化发展有限公司,8911,体育赛事,0.8736,0.95,否,,1,1,体育竞赛组织,,体育竞赛,1.0,1.0,0.85,0.1111
泸州市篮图体育文化传播有限公司,8911,体育赛事,0.8736,0.95,否,,1,1,体育竞赛组织,,体育竞赛,1.0,1.0,0.85,0.1111
泸州新颖斐丽体育俱乐部有限公司,8930,健身休闲,0.2125,0.85,否,,1,0,,健身休闲活动,,0.0,0.0,0.85,0.0
泸州新斐丽体育运动有限公司,8930,健身休闲,0.8736,0.95,否,,1,1,健身房健身活动,,健身房,1.0,1.0,0.85,0.1111
四川无限旗鱼体育发展有限公司,8911,体育赛事,0.8736,0.95,否,,1,1,体育竞赛组织,,体育竞赛,1.0,1.0,0.85,0.1111
泸州品致体育文化用品有限公司,5142,体育用品,0.8736,0.95,否,,1,1,体育用品及器材批发,,体育用品,1.0,1.0,0.85,0.1111
四川省泸州百舸体育文化发展有限责任公司,8911,体育管理,0.8736,0.95,否,,1,1,体育服务,,体育服务,1.0,1.0,0.85,0.1111
四川飞翼体育文化发展有限公司,8392,体育培训,0.2125,0.85,否,,1,0,,体能培训,,0.0,0.0,0.85,0.0
泸州市龙马潭区浩运健身服务有限责任公司,8930,健身休闲,0.8736,0.95,否,,1,1,体育健身服务,,健身服务,1.0,1.0,0.85,0.1111
泸州市君海体育文化传播有限公司,8392,体育培训,0.2125,0.85,否,,1,0,,少儿体育训练,,0.0,0.0,0.85,0.0
四川奕鑫体育文化发展有限公司,8919,体育管理,0.2125,0.85,否,,1,0,,体育赛制策划,,0.0,0.0,0.85,0.0
泸州一伽健身有限责任公司,8930,健身休闲,0.2125,0.85,否,,1,0,,健身休闲活动,,0.0,0.0,0.85,0.0
泸州市靓动体育组织有限公司,8392,体育培训,0.8736,0.95,否,,1,1,体校及体育培训,,体育培训,1.0,1.0,0.85,0.1111
四川百团体育文化发展有限责任公司,5242,体育用品,0.8736,0.95,否,,1,1,体育用品及器材零售,,体育用品,1.0,1.0,0.85,0.1111
泸州跃动联合体育文化传播有限责任公司,8911,健身休闲,0.8736,0.95,否,,1,1,户外拓展训练,,户外拓展,1.0,1.0,0.85,0.1111
泸州非渔青少年体育发展有限公司,8930,健身休闲,0.2125,0.85,否,,1,0,,健身休闲活动,,0.0,0.0,0.85,0.0
泸州全洲建筑装饰工程有限公司,8921,体育场馆,0.8736,0.95,否,,1,1,体育场地维护,,体育场地,1.0,1.0,0.85,0.1111
泸州冠博体育俱乐部有限公司,8911,体育管理,0.2125,0.85,否,,1,0,,体育和娱乐业,,0.0,0.0,0.85,0.0
四川熟匠酒文化传播有限责任公司,5142,体育用品,0.8736,0.95,否,,1,1,体育用品及器材批发,,体育用品,1.0,1.0,0.85,0.1111
泸州盛世佳兴商贸有限公司,5142,体育用品,0.8736,0.95,否,,1,1,体育用品及器材批发,,体育用品,1.0,1.0,0.85,0.1111
泸州创造体育有限公司,8919,体育管理,0.8736,0.95,否,,1,1,体育组织,,体育组织,1.0,1.0,0.85,0.1111
泸州市龙马潭区逸动商贸有限公司,5242,体育用品,0.8736,0.95,否,,1,1,健身器材零售,,健身器材,1.0,1.0,0.85,0.1111
泸州鑫众江伦户外用品有限公司,5242,体育用品,0.8736,0.95,否,,1,1,体育用品及器材零售,,体育用品,1.0,1.0,0.85,0.1111
泸州市奥游游泳俱乐部,8919,体育管理,0.8736,0.95,否,,1,1,其他体育组织,,体育组织,1.0,1.0,0.85,0.1111
四川省泸州市维捷体育发展有限公司,8930,健身休闲,0.2125,0.85,否,,1,0,,健身活动,,0.0,0.0,0.85,0.0
四川恒创足球俱乐部有限责任公司,8911,体育用品,0.8736,0.95,否,,1,1,足球训练营,,足球,1.0,1.0,0.85,0.1111
四川省泸州市滑个板体育发展有限责任公司,5142,体育用品,0.8736,0.95,否,,1,1,体育用品批发,,体育用品批发,1.0,1.0,0.85,0.1111
泸州山那边户外运动有限责任公司,8919,健身休闲,0.8736,0.95,否,,1,1,户外运动策划组织服务,,户外运动,1.0,1.0,0.85,0.1111
四川家福体育场馆管理服务有限公司,8930,健身休闲,0.2125,0.85,否,,1,0,,休闲健身活动,,0.0,0.0,0.85,0.0
泸州纤行瑜伽健身有限公司,8930,健身休闲,0.2125,0.85,否,,1,0,,健身休闲活动,,0.0,0.0,0.85,0.0
泸州睿健体育文化发展有限公司,8930,健身休闲,0.2125,0.85,否,,1,0,,健身休闲活动,,0.0,0.0,0.85,0.0
泸州勇者搏击俱乐部有限责任公司,8930,健身休闲,0.2125,0.85,否,,1,0,,健身休闲活动,,0.0,0.0,0.85,0.0
四川蓝环章鱼体育文化发展有限公司,8392,体育培训,0.2125,0.85,否,,1,0,,体育活动培训,,0.0,0.0,0.85,0.0
泸州启辰文化传媒设备有限公司,7122,体育用品,0.6611,0.9,是,纯跨界（行业代码非体育，文本有体育业务）,1,1,体育用品设备出租,,体育用品,1.0,1.0,0.0,0.1111
四川智汇拓展训练有限公司,8911,健身休闲,0.8736,0.95,否,,1,1,户外拓展训练,,户外拓展,1.0,1.0,0.85,0.1111
泸州森海娱乐工作室个人独资,8930,健身休闲,0.2125,0.85,否,,1,0,,健身休闲活动,,0.0,0.0,0.85,0.0
四川泰智宸鑫文化传媒有限公司,9052,体育赛事,0.6611,0.9,是,纯跨界（行业代码非体育，文本有体育业务）,1,1,组织体育表演活动,,体育表演,1.0,1.0,0.0,0.1111
泸州杰卡户外拓展活动有限公司,5242,体育用品,0.8736,0.95,否,,1,1,体育用品及器材零售,,体育用品,1.0,1.0,0.85,0.1111
泸州市护航竞训体育科技有限公司,8930,健身休闲,0.2125,0.85,否,,1,0,,休闲健身活动,,0.0,0.0,0.85,0.0
四川言武堂搏击俱乐部有限公司,8911,体育管理,0.2125,0.85,否,,1,0,,体育和娱乐业,,0.0,0.0,0.85,0.0
泸州冠凯体育文化发展有限公司,8911,体育赛事,0.8736,0.95,否,,1,1,体育竞赛组织,,体育竞赛,1.0,1.0,0.85,0.1111
泸州骁将体育发展有限公司,5142,体育用品,0.8736,0.95,否,,1,1,体育用品批发,,体育用品批发,1.0,1.0,0.85,0.1111
泸州亚迪亚拓展训练有限公司,8930,健身休闲,0.8736,0.95,否,,1,1,健身服务,,健身服务,1.0,1.0,0.85,0.1111
泸州龙马潭区顶悦健身有限责任公司,8930,健身休闲,0.2125,0.85,否,,1,0,,健身休闲活动,,0.0,0.0,0.85,0.0
泸州龙马潭区月云涧娱乐有限责任公司,8930,健身休闲,0.2125,0.85,否,,1,0,,健身休闲活动,,0.0,0.0,0.85,0.0
泸州奕德振武体育发展有限公司,8930,健身休闲,0.2125,0.85,否,,1,0,,健身休闲活动,,0.0,0.0,0.85,0.0
泸州市龙马潭区浩和体育文化发展有限责任公司,8911,体育赛事,0.8736,0.95,否,,1,1,体育竞赛组织,,体育竞赛,1.0,1.0,0.85,0.1111
四川围城壹品武术文化传播有限公司,8930,健身休闲,0.2125,0.85,否,,1,0,,健身休闲活动,,0.0,0.0,0.85,0.0
泸州市龙马潭区罗建商贸有限公司,5242,体育用品,0.8736,0.95,否,,1,1,体育用品及器材零售,,体育用品,1.0,1.0,0.85,0.1111
泸州市众胜体育组织有限公司,9052,体育管理,0.6611,0.9,是,纯跨界（行业代码非体育，文本有体育业务）,1,1,体育服务,,体育服务,1.0,1.0,0.0,0.1111
四川闯将电子商务传媒有限公司,5142,体育用品,0.8736,0.95,否,,1,1,体育用品批发,,体育用品批发,1.0,1.0,0.85,0.1111
泸州艺冠体育文化发展有限公司,8930,健身休闲,0.8736,0.95,否,,1,1,游泳健身服务,,游泳; 健身服务,1.0,1.0,0.85,0.1111
四川禧和叁号体育发展有限公司,8911,体育赛事,0.8736,0.95,否,,1,1,体育竞赛组织,,体育竞赛,1.0,1.0,0.85,0.1111
泸州盛宏渔具有限公司,5242,体育用品,0.8736,0.95,否,,1,1,体育用品及器材零售,,体育用品,1.0,1.0,0.85,0.1111
四川探途体育文化传播有限公司,9052,体育赛事,0.6611,0.9,是,纯跨界（行业代码非体育，文本有体育业务）,1,1,体育赛事策划,,赛事策划,1.0,1.0,0.0,0.1111
四川民飞建设工程有限公司,4892,体育场馆,0.8736,0.95,否,,1,1,体育场地设施工程施工,,体育场地设施,1.0,1.0,0.85,0.1111
泸州市飞火体育有限责任公司,8392,体育培训,0.8736,0.95,否,,1,1,体校及体育培训,,体育培训,1.0,1.0,0.85,0.1111
泸州市龙魂体育有限公司,8392,体育培训,0.8736,0.95,否,,1,1,少儿体育培训,,体育培训,1.0,1.0,0.85,0.1111
泸州市飞鱼游泳俱乐部,8930,健身休闲,0.2125,0.85,否,,1,0,,体育活动,,0.0,0.0,0.85,0.0
泸州市龙马潭区搏动体育文化推广有限责任公司,8392,体育培训,0.8736,0.95,否,,1,1,体校及体育培训,,体育培训,1.0,1.0,0.85,0.1111
泸州热浪体育科技有限责任公司,8392,体育培训,0.8736,0.95,否,,1,1,体育培训服务,,体育培训,1.0,1.0,0.85,0.1111
泸州龙马潭区酷豆体育发展有限公司,8392,体育培训,0.8736,0.95,否,,1,1,体育培训,,体育培训,1.0,1.0,0.85,0.1111
泸州市荣力昇源健身服务有限公司,8930,健身休闲,0.2125,0.85,否,,1,0,,休闲健身活动,,0.0,0.0,0.85,0.0
泸州市飞翔云端体育运动有限公司,8930,健身休闲,0.2125,0.85,否,,1,0,,体育项目经营,,0.0,0.0,0.85,0.0
泸州乐冠体育文化发展有限公司,8911,体育赛事,0.8736,0.95,否,,1,1,体育竞赛组织,,体育竞赛,1.0,1.0,0.85,0.1111
泸县翔锐体育发展有限公司,8999,体育用品,0.6611,0.9,是,纯跨界（行业代码非体育，文本有体育业务）,1,1,体育用品及器材零售,,体育用品,1.0,1.0,0.0,0.1111
泸县酷豆体育发展有限公司,8930,健身休闲,0.2125,0.85,否,,1,0,,健身休闲活动,,0.0,0.0,0.85,0.0
泸县庆欣体育用品销售有限责任公司,5142,体育用品,0.8736,0.95,否,,1,1,体育用品及器材批发,,体育用品,1.0,1.0,0.85,0.1111
泸县山风体育俱乐部有限责任公司,8912,体育管理,0.2125,0.85,否,,1,0,,体育保障组织,,0.0,0.0,0.85,0.0
四川泸州恒焱体育组织有限公司,8919,体育管理,0.8736,0.95,否,,1,1,其他体育组织服务,,体育组织,1.0,1.0,0.85,0.1111
四川久远户外运动俱乐部个人独资,8930,健身休闲,0.2125,0.85,否,,1,0,,健身休闲活动,,0.0,0.0,0.85,0.0
泸州市巨浪体育文化发展有限公司,8911,体育管理,0.2125,0.85,否,,1,0,,健身休闲活动,,0.0,0.0,0.85,0.0
泸州龙韵体育发展有限公司,8912,体育管理,0.2125,0.85,否,,1,0,,体育保障组织,,0.0,0.0,0.85,0.0
四川启扬户外拓展有限责任公司,8930,健身休闲,0.2125,0.85,否,,1,0,,体验式拓展活动,,0.0,0.0,0.85,0.0
泸州跃翔体育场馆管理有限公司,8912,体育场馆,0.8736,0.95,否,,1,1,体育场地设施服务,,体育场地设施,1.0,1.0,0.85,0.1111
泸州隆跃体育发展有限公司,5142,体育场馆,0.8736,0.95,否,,1,1,体育场地设施批发,,体育场地设施,1.0,1.0,0.85,0.1111
四川省万仁禾渔具有限公司,2449,体育用品,0.8736,0.95,否,,1,1,渔具制造,,渔具,1.0,1.0,0.85,0.1111
泸县旺昌鱼药经营部,5242,体育用品,0.2125,0.85,否,,1,0,,钓鱼用品零售,,0.0,0.0,0.85,0.0
泸县太伏运英制衣厂,1821,体育用品,0.2125,0.85,否,,1,0,,运动针织服装制造,,0.0,0.0,0.85,0.0
四川怡然体育文化发展有限公司,8392,体育培训,0.8736,0.95,否,,1,1,体育培训,,体育培训,1.0,1.0,0.85,0.1111
泸州浩月户外用品有限公司,5242,体育用品,0.2125,0.85,否,,1,0,,户外用品零售,,0.0,0.0,0.85,0.0
四川诗德睿服饰有限公司,1821,体育用品,0.2125,0.85,否,,1,0,,纺织服装制造,,0.0,0.0,0.85,0.0
四川狼训健拓展训练有限公司,8392,体育培训,0.2125,0.85,否,,1,0,,体育运动训练,,0.0,0.0,0.85,0.0
合江虎力体育文化发展有限公司,8392,体育培训,0.8736,0.95,否,,1,1,武术培训服务,,武术培训,1.0,1.0,0.85,0.1111
合江县华永武术文化传播有限公司,8392,体育培训,0.8736,0.95,否,,1,1,跆拳道培训,,跆拳道培训,1.0,1.0,0.85,0.1111
四川荔动源体育场馆管理有限责任公司,8921,体育场馆,0.8736,0.95,否,,1,1,体育场馆管理,,体育场馆,1.0,1.0,0.85,0.1111
泸州星跃健身服务有限公司,8930,健身休闲,0.8736,0.95,否,,1,1,健身房服务,,健身房,1.0,1.0,0.85,0.1111
泸州坤鹏体育有限公司,8392,体育培训,0.2125,0.85,否,,1,0,,拳击培训,,0.0,0.0,0.85,0.0
四川问安瑜伽健身有限公司,8930,健身休闲,0.8736,0.95,否,,1,1,瑜伽健身活动,,瑜伽,1.0,1.0,0.85,0.1111
泸州星光体育文化发展有限公司,9052,体育赛事,0.6611,0.9,是,纯跨界（行业代码非体育，文本有体育业务）,1,1,体育表演活动,,体育表演,1.0,1.0,0.0,0.1111
四川光玉体育文化发展有限公司,8911,体育赛事,0.8736,0.95,否,,1,1,体育赛事组织,,体育赛事,1.0,1.0,0.85,0.1111
合江第舞帝健身有限公司,8930,健身休闲,0.8736,0.95,否,,1,1,室内休闲健身服务,,健身服务,1.0,1.0,0.85,0.1111
合江滔搏体育用品销售有限责任公司,5242,体育用品,0.8736,0.95,否,,1,1,体育用品零售,,体育用品零售,1.0,1.0,0.85,0.1111
合江临港起点健身有限公司,8930,健身休闲,0.2125,0.85,否,,1,0,,健身休闲活动,,0.0,0.0,0.85,0.0
合江县林跃体育文化发展有限公司,8911,体育管理,0.2125,0.85,否,,1,0,,体育和文化活动,,0.0,0.0,0.85,0.0
四川铂驰体育文化传播有限公司,8929,体育场馆,0.8736,0.95,否,,1,1,体育场地服务,,体育场地,1.0,1.0,0.85,0.1111
泸州迷彩记忆研学拓展服务有限公司,8930,健身休闲,0.2125,0.85,否,,1,0,,休闲健身活动,,0.0,0.0,0.85,0.0
合江县九支镇洪武艺术培训学校有限公司,8392,体育培训,0.8736,0.95,否,,1,1,体校及体育培训,,体育培训,1.0,1.0,0.85,0.1111
四川尖刀拓展训练有限公司,8392,体育培训,0.8736,0.95,否,,1,1,体育教育,,体育教育,1.0,1.0,0.85,0.1111
合江佳栩户外拓展有限公司,8930,健身休闲,0.2125,0.85,否,,1,0,,体育健身活动,,0.0,0.0,0.85,0.0
叙永县星武体育文化传播有限公司,8392,体育培训,0.8736,0.95,否,,1,1,武术培训,,武术培训,1.0,1.0,0.85,0.1111
叙永县云羿体育文化用品有限公司,5242,体育用品,0.8736,0.95,否,,1,1,体育用品零售,,体育用品零售,1.0,1.0,0.85,0.1111
叙永县意启蔚莱户外运动有限公司,8392,体育培训,0.2125,0.85,否,,1,0,,儿童体能服务,,0.0,0.0,0.85,0.0
叙永县雲辉格斗户外运动有限公司,8930,健身休闲,0.2125,0.85,否,,1,0,,拓展训练,,0.0,0.0,0.85,0.0
叙永鼎峰户外运动有限公司,8930,健身休闲,0.2125,0.85,否,,1,0,,健身休闲活动,,0.0,0.0,0.85,0.0
泸州市虎蛟拓展训练有限公司,8911,体育管理,0.2125,0.85,否,,1,0,,体育训练,,0.0,0.0,0.85,0.0
叙永县富胜源商贸有限公司,5242,体育用品,0.8736,0.95,否,,1,1,文化体育用品零售,,体育用品零售,1.0,1.0,0.85,0.1111
叙永县燃武非凡体育文化传播有限公司,8911,健身休闲,0.8736,0.95,否,,1,1,武术体育,,武术,1.0,1.0,0.85,0.1111
叙永县康利体育文化发展有限公司,8930,健身休闲,0.2125,0.85,否,,1,0,,健身休闲活动,,0.0,0.0,0.85,0.0
四川曼巴文化体育有限公司,8911,体育用品,0.8736,0.95,否,,1,1,篮球训练,,篮球,1.0,1.0,0.85,0.1111
叙永世新九鼎体育文化发展有限责任公司,8392,体育培训,0.8736,0.95,否,,1,1,体育培训,,体育培训,1.0,1.0,0.85,0.1111
叙永力康游泳池管理有限公司,8930,健身休闲,0.8736,0.95,否,,1,1,游泳服务,,游泳,1.0,1.0,0.85,0.1111
泸州松之盛科技有限公司,5142,体育用品,0.8736,0.95,否,,1,1,体育器材批发,,体育器材,1.0,1.0,0.85,0.1111
泸州市叙永县秘境时光农庄有限责任公司,8930,健身休闲,0.2125,0.85,否,,1,0,,休闲娱乐活动,,0.0,0.0,0.85,0.0
四川汉林资产商业运营管理有限责任公司,8930,健身休闲,0.8736,0.95,否,,1,1,滑雪服务,,滑雪,1.0,1.0,0.85,0.1111
古蔺羿泓青少年足球俱乐部有限责任公司,8911,体育管理,0.2125,0.85,否,,1,0,,体育训练,,0.0,0.0,0.85,0.0
泸州市蔺久荟体育文化发展有限公司,8911,体育管理,0.2125,0.85,否,,1,0,,娱乐服务,,0.0,0.0,0.85,0.0
泸州万钧体育文化发展有限责任公司,8392,体育培训,0.8736,0.95,否,,1,1,少儿体育培训,,体育培训,1.0,1.0,0.85,0.1111
古蔺尚泳恒温体育俱乐部有限责任公司,9052,体育赛事,0.6611,0.9,是,纯跨界（行业代码非体育，文本有体育业务）,1,1,体育赛事策划,,赛事策划,1.0,1.0,0.0,0.1111
古蔺县聚英艺体培训学校有限责任公司,8392,体育培训,0.8736,0.95,否,,1,1,体育培训服务,,体育培训,1.0,1.0,0.85,0.1111
古蔺科航教育培训学校有限公司,8392,体育培训,0.2125,0.85,否,,1,0,,职业技能培训服务,,0.0,0.0,0.85,0.0
古蔺逐梦少年体育文化传播有限公司,8930,健身休闲,0.2125,0.85,否,,1,0,,健身活动的服务,,0.0,0.0,0.85,0.0
古蔺县叁一二健身服务有限公司,8930,健身休闲,0.8736,0.95,否,,1,1,体育健身服务,,健身服务,1.0,1.0,0.85,0.1111
古蔺瀚鼎非渔体育发展有限公司,8992,健身休闲,0.6611,0.9,是,纯跨界（行业代码非体育，文本有体育业务）,1,1,健身服务,,健身服务,1.0,1.0,0.0,0.1111
古蔺县健兴体育文化发展有限公司,8912,体育管理,0.2125,0.85,否,,1,0,,体育保障服务,,0.0,0.0,0.85,0.0
古蔺县嘉鑫业体育用品销售有限公司,5242,体育用品,0.8736,0.95,否,,1,1,体育用品零售,,体育用品零售,1.0,1.0,0.85,0.1111
泸州领衔体育俱乐部有限责任公司,8392,体育培训,0.8736,0.95,否,,1,1,体育培训,,体育培训,1.0,1.0,0.85,0.1111
泸州娅馨体育科技有限公司,8392,体育培训,0.8736,0.95,否,,1,1,体育教育,,体育教育,1.0,1.0,0.85,0.1111
古蔺县锐力体育发展有限责任公司,5242,体育用品,0.8736,0.95,否,,1,1,体育用品零售,,体育用品零售,1.0,1.0,0.85,0.1111
古蔺县锐创佳体育文化发展有限公司,8911,体育赛事,0.8736,0.95,否,,1,1,体育竞赛组织,,体育竞赛,1.0,1.0,0.85,0.1111
古蔺县荣贵胶帽厂,2444,体育用品,0.2125,0.85,否,,1,0,,胶帽加工,,0.0,0.0,0.85,0.0
德阳炫动体育俱乐部合伙企业有限合伙,8911,体育管理,0.2125,0.85,否,,1,0,,nan,,0.0,0.0,0.85,0.0
德阳市撒野马术俱乐部有限公司,8930,健身休闲,0.2125,0.85,否,,1,0,,nan,,0.0,0.0,0.85,0.0
德阳鸿远体育合伙企业有限合伙,8911,体育管理,0.2125,0.85,否,,1,0,,nan,,0.0,0.0,0.85,0.0
四川六号健身俱乐部有限公司,8930,健身休闲,0.8736,0.95,否,,1,1,健身服务,,健身服务,1.0,1.0,0.85,0.1111
四川去野吧户外运动有限公司,8930,健身休闲,0.2125,0.85,否,,1,0,,健身休闲活动,,0.0,0.0,0.85,0.0
德阳博跃体育文化发展有限责任公司,8392,体育培训,0.8736,0.95,否,,1,1,乒乓球培训,,乒乓球培训,1.0,1.0,0.85,0.1111
四川探险者拓展训练有限公司,8930,健身休闲,0.2125,0.85,否,,1,0,,拓展训练服务,,0.0,0.0,0.85,0.0
四川星源体育发展有限责任公司,8392,体育培训,0.8736,0.95,否,,1,1,体育培训,,体育培训,1.0,1.0,0.85,0.1111
四川百城体育有限公司,8930,健身休闲,0.8736,0.95,否,,1,1,健身服务,,健身服务,1.0,1.0,0.85,0.1111
四川青鸿体育文化推广有限公司,9052,体育赛事,0.6611,0.9,是,纯跨界（行业代码非体育，文本有体育业务）,1,1,体育赛事策划,,赛事策划,1.0,1.0,0.0,0.1111
四川弘武堂体育发展有限公司,8930,健身休闲,0.2125,0.85,否,,1,0,,健身休闲活动,,0.0,0.0,0.85,0.0
德阳上美踏悦健身服务有限公司,8930,健身休闲,0.8736,0.95,否,,1,1,健身服务,,健身服务,1.0,1.0,0.85,0.1111
四川翘翘堂拓展训练有限公司,8930,健身休闲,0.2125,0.85,否,,1,0,,健身休闲活动,,0.0,0.0,0.85,0.0
德阳巨铭商贸有限公司,5142,体育用品,0.2125,0.85,否,,1,0,,户外用品批发,,0.0,0.0,0.85,0.0
德阳蜀星团结体育科技有限公司,5142,体育用品,0.8736,0.95,否,,1,1,体育用品及器材批发,,体育用品,1.0,1.0,0.85,0.1111
四川普众星体育文化推广有限公司,9052,体育赛事,0.6611,0.9,是,纯跨界（行业代码非体育，文本有体育业务）,1,1,体育赛事策划,,赛事策划,1.0,1.0,0.0,0.1111
四川萨利曼体育文化发展有限公司,5242,体育用品,0.8736,0.95,否,,1,1,体育用品零售,,体育用品零售,1.0,1.0,0.85,0.1111
德阳文鑫文化体育有限公司,8921,体育场馆,0.8736,0.95,否,,1,1,体育场馆管理,,体育场馆,1.0,1.0,0.85,0.1111
四川德阳轮飞舞体育俱乐部有限公司,8911,体育赛事,0.8736,0.95,否,,1,1,体育竞赛组织,,体育竞赛,1.0,1.0,0.85,0.1111
四川仪动体育文化发展有限公司,8911,体育赛事,0.8736,0.95,否,,1,1,体育竞赛组织,,体育竞赛,1.0,1.0,0.85,0.1111
德阳市毅柯文化用品有限责任公司,5242,体育用品,0.8736,0.95,否,,1,1,体育用品零售,,体育用品零售,1.0,1.0,0.85,0.1111
四川虎魄格斗体育文化发展有限公司,8911,体育管理,0.2125,0.85,否,,1,0,,体育运动训练指导服务,,0.0,0.0,0.85,0.0
四川省睿翼篮球俱乐部有限公司,8930,健身休闲,0.2125,0.85,否,,1,0,,健身休闲活动,,0.0,0.0,0.85,0.0
四川引动体育文化传播有限公司,9052,体育赛事,0.6611,0.9,是,纯跨界（行业代码非体育，文本有体育业务）,1,1,体育赛事策划,,赛事策划,1.0,1.0,0.0,0.1111
四川瀚锦体育文化发展有限责任公司,8912,体育管理,0.2125,0.85,否,,1,0,,体育保障组织服务,,0.0,0.0,0.85,0.0
四川威驰达钓具有限公司,5242,体育用品,0.8736,0.95,否,,1,1,渔具零售,,渔具,1.0,1.0,0.85,0.1111
德阳星虎体育文化传播有限公司,5142,体育用品,0.8736,0.95,否,,1,1,体育用品批发,,体育用品批发,1.0,1.0,0.85,0.1111
德阳西海岸健身服务有限公司,8930,健身休闲,0.8736,0.95,否,,1,1,健身服务,,健身服务,1.0,1.0,0.85,0.1111
德阳市旌阳区智航铭航体育文化发展有限公司,9052,体育赛事,0.6611,0.9,是,纯跨界（行业代码非体育，文本有体育业务）,1,1,体育赛事策划,,赛事策划,1.0,1.0,0.0,0.1111
四川锐孚户外拓展有限公司,8930,健身休闲,0.2125,0.85,否,,1,0,,户外活动服务,,0.0,0.0,0.85,0.0
四川不二舞蹈健身有限公司,8930,健身休闲,0.2125,0.85,否,,1,0,,健身休闲活动,,0.0,0.0,0.85,0.0
四川德善武韵体育文化传播有限公司,9052,体育赛事,0.6611,0.9,是,纯跨界（行业代码非体育，文本有体育业务）,1,1,策划体育赛事,,体育赛事,1.0,1.0,0.0,0.1111
四川风歌户外探险运动服务有限责任公司,8911,体育赛事,0.8736,0.95,否,,1,1,体育竞赛组织,,体育竞赛,1.0,1.0,0.85,0.1111
四川凯锐嘉体育发展有限公司,5242,体育用品,0.8736,0.95,否,,1,1,体育用品零售,,体育用品零售,1.0,1.0,0.85,0.1111
德阳市赛品汇体育文化产业发展有限公司,8392,体育培训,0.8736,0.95,否,,1,1,体育培训,,体育培训,1.0,1.0,0.85,0.1111
四川西正体育设施有限公司,4991,体育场馆,0.6611,0.9,是,纯跨界（行业代码非体育，文本有体育业务）,1,1,体育设施安装,,体育设施,1.0,1.0,0.0,0.1111
四川扬达健身服务有限责任公司,8392,体育培训,0.2125,0.85,否,,1,0,,青少年运动训练,,0.0,0.0,0.85,0.0
德阳启智领航体育科技有限公司,8392,体育培训,0.8736,0.95,否,,1,1,体育培训,,体育培训,1.0,1.0,0.85,0.1111
四川悟道体育有限责任公司,8911,体育赛事,0.8736,0.95,否,,1,1,体育竞赛组织,,体育竞赛,1.0,1.0,0.85,0.1111
德阳精艺阁极艺体育发展有限公司,8392,体育培训,0.8736,0.95,否,,1,1,体育培训,,体育培训,1.0,1.0,0.85,0.1111
德阳根号三体育文化传播有限公司,8911,体育赛事,0.8736,0.95,否,,1,1,体育竞赛组织,,体育竞赛,1.0,1.0,0.85,0.1111
德阳市旌阳区风生体育培训学校有限公司,8392,体育培训,0.8736,0.95,否,,1,1,体育培训,,体育培训,1.0,1.0,0.85,0.1111
四川省云上美天健身服务有限公司,5142,体育用品,0.8736,0.95,否,,1,1,体育用品及器材,,体育用品,1.0,1.0,0.85,0.1111
四川锦豪体育文化发展有限公司,8392,体育培训,0.2125,0.85,否,,1,0,,健身休闲活动,,0.0,0.0,0.85,0.0
德阳市旌阳区赛搏力量健身有限公司,8930,健身休闲,0.2125,0.85,否,,1,0,,体育健康服务,,0.0,0.0,0.85,0.0
四川动力特健身服务有限公司,8930,健身休闲,0.2125,0.85,否,,1,0,,健身休闲活动,,0.0,0.0,0.85,0.0
四川乾坤贸易有限公司,5142,体育用品,0.8736,0.95,否,,1,1,体育用品批发,,体育用品批发,1.0,1.0,0.85,0.1111
德阳旌城之星体育文化发展有限公司,8912,体育管理,0.2125,0.85,否,,1,0,,体育保障组织,,0.0,0.0,0.85,0.0
四川源武健身服务有限公司,8992,健身休闲,0.6611,0.9,是,纯跨界（行业代码非体育，文本有体育业务）,1,1,健身服务,,健身服务,1.0,1.0,0.0,0.1111
德阳市零度游泳服务有限公司,8930,健身休闲,0.8736,0.95,否,,1,1,游泳服务,,游泳,1.0,1.0,0.85,0.1111
德阳市思斯瑜伽健身有限公司,8930,健身休闲,0.8736,0.95,否,,1,1,瑜伽健身服务,,瑜伽; 健身服务,1.0,1.0,0.85,0.1111
四川省力豪体育发展有限公司,8930,健身休闲,0.2125,0.85,否,,1,0,,健身活动,,0.0,0.0,0.85,0.0
四川驾游天下户外运动策划有限公司,7122,体育用品,0.6611,0.9,是,纯跨界（行业代码非体育，文本有体育业务）,1,1,体育用品设备出租,,体育用品,1.0,1.0,0.0,0.1111
四川大德体育文化发展有限公司,8911,体育赛事,0.8736,0.95,否,,1,1,体育赛事策划,,赛事策划,1.0,1.0,0.85,0.1111
德阳胜格体育文化有限责任公司,8929,体育场馆,0.2125,0.85,否,,1,0,,体育交流活动,,0.0,0.0,0.85,0.0
德阳市旌阳区梵静优佳瑜伽健身有限责任公司,8930,健身休闲,0.8736,0.95,否,,1,1,瑜伽服务,,瑜伽,1.0,1.0,0.85,0.1111
四川五零体育文化传播有限公司,8911,体育赛事,0.8736,0.95,否,,1,1,体育竞赛组织,,体育竞赛,1.0,1.0,0.85,0.1111
四川省狸花猫超模健身有限责任公司,8930,健身休闲,0.8736,0.95,否,,1,1,健身服务,,健身服务,1.0,1.0,0.85,0.1111
德阳飞鹰体育文化发展有限公司,9052,体育赛事,0.6611,0.9,是,纯跨界（行业代码非体育，文本有体育业务）,1,1,体育赛事策划,,赛事策划,1.0,1.0,0.0,0.1111
德阳梵静瑜伽健身有限公司,8930,健身休闲,0.8736,0.95,否,,1,1,瑜伽服务,,瑜伽,1.0,1.0,0.85,0.1111
四川立度体育产业有限公司,8912,体育管理,0.8736,0.95,否,,1,1,体育产业管理,,体育产业,1.0,1.0,0.85,0.1111
德阳亚军体育用品有限公司,5242,体育用品,0.8736,0.95,否,,1,1,体育用品零售,,体育用品零售,1.0,1.0,0.85,0.1111
德阳艺通达贸易有限公司,5242,体育用品,0.2125,0.85,否,,1,0,,户外用品零售,,0.0,0.0,0.85,0.0
德阳港湾乒乓球俱乐部有限公司,8392,体育管理,0.8736,0.95,否,,1,1,体育组织服务,,体育组织,1.0,1.0,0.85,0.1111
四川德阳强松拓展训练咨询服务有限公司,8930,健身休闲,0.2125,0.85,否,,1,0,,拓展训练服务,,0.0,0.0,0.85,0.0
四川首航领动健身服务有限公司,8930,健身休闲,0.2125,0.85,否,,1,0,,健身休闲服务,,0.0,0.0,0.85,0.0
德阳市旌阳区三分线体育培训学校有限公司,8392,体育培训,0.8736,0.95,否,,1,1,体育教育服务,,体育教育,1.0,1.0,0.85,0.1111
四川跃乐体育文化发展有限公司,8911,体育赛事,0.8736,0.95,否,,1,1,体育竞赛组织,,体育竞赛,1.0,1.0,0.85,0.1111
四川童心同德健身服务有限公司,8911,体育管理,0.2125,0.85,否,,1,0,,体育项目组织服务,,0.0,0.0,0.85,0.0
德阳全地形文化旅游发展有限责任公司,8930,健身休闲,0.2125,0.85,否,,1,0,,全地形摩托车休闲运动,,0.0,0.0,0.85,0.0
四川杉阳体育文化发展有限公司,8911,体育用品,0.8736,0.95,否,,1,1,承接足球竞赛,,足球,1.0,1.0,0.85,0.1111
德阳市旌阳区鑫元体育培训学校有限公司,8392,体育培训,0.8736,0.95,否,,1,1,体育培训,,体育培训,1.0,1.0,0.85,0.1111
德阳永椿自行车有限公司,5142,体育用品,0.2125,0.85,否,,1,0,,自行车批发,,0.0,0.0,0.85,0.0
四川小曼巴体育发展有限公司,9052,体育赛事,0.6611,0.9,是,纯跨界（行业代码非体育，文本有体育业务）,1,1,体育赛事策划,,赛事策划,1.0,1.0,0.0,0.1111
四川极力体育文化传播有限公司,8392,体育培训,0.8736,0.95,否,,1,1,武术培训服务,,武术培训,1.0,1.0,0.85,0.1111
德阳市旌阳区硕果篮球培训学校有限公司,8392,体育培训,0.8736,0.95,否,,1,1,体育培训,,体育培训,1.0,1.0,0.85,0.1111
德阳印象自由鲨体育发展有限公司,8392,体育培训,0.2125,0.85,否,,1,0,,体育运动,,0.0,0.0,0.85,0.0
四川航启体育文化有限公司,8392,体育培训,0.8736,0.95,否,,1,1,篮球培训,,篮球培训,1.0,1.0,0.85,0.1111
德阳顶峰健身服务有限公司,8930,健身休闲,0.8736,0.95,否,,1,1,游泳健身服务,,游泳; 健身服务,1.0,1.0,0.85,0.1111
四川玥亭瑜伽健身有限责任公司,8930,健身休闲,0.8736,0.95,否,,1,1,瑜伽健身服务,,瑜伽; 健身服务,1.0,1.0,0.85,0.1111
四川宜品双成图书有限责任公司,5242,体育用品,0.8736,0.95,否,,1,1,文化体育用品零售,,体育用品零售,1.0,1.0,0.85,0.1111
四川凡石文化传播有限公司,8911,体育赛事,0.8736,0.95,否,,1,1,体育赛事,,体育赛事,1.0,1.0,0.85,0.1111
四川杰思露商贸有限公司,5142,体育用品,0.2125,0.85,否,,1,0,,户外用品批发,,0.0,0.0,0.85,0.0
德阳乐道体育俱乐部有限公司,8911,体育赛事,0.8736,0.95,否,,1,1,体育竞赛组织,,体育竞赛,1.0,1.0,0.85,0.1111
德阳思必达贸易有限公司,5242,健身休闲,0.8736,0.95,否,,1,1,户外运动设备零售,,户外运动,1.0,1.0,0.85,0.1111
四川阿尔法远航教育信息有限公司,2443,体育用品,0.8736,0.95,否,,1,1,健身器材制造,,健身器材,1.0,1.0,0.85,0.1111
四川潺城体育文化发展有限公司,8392,体育培训,0.2125,0.85,否,,1,0,,业务培训,,0.0,0.0,0.85,0.0
德阳飞凡体育文化传播有限公司,8911,体育赛事,0.8736,0.95,否,,1,1,体育竞赛组织,,体育竞赛,1.0,1.0,0.85,0.1111
四川纵横四海户外用品有限公司,5242,体育用品,0.2125,0.85,否,,1,0,,户外用品零售,,0.0,0.0,0.85,0.0
四川登峰体育文化发展有限责任公司,8392,体育培训,0.8736,0.95,否,,1,1,篮球培训,,篮球培训,1.0,1.0,0.85,0.1111
四川玲佳聆商贸有限公司,5242,体育用品,0.8736,0.95,否,,1,1,体育用品零售,,体育用品零售,1.0,1.0,0.85,0.1111
四川大井马业娱乐有限公司,8930,健身休闲,0.2125,0.85,否,,1,0,,健身娱乐活动,,0.0,0.0,0.85,0.0
四川鸣笙瑞雨文化旅游资源开发有限公司,8930,健身休闲,0.2125,0.85,否,,1,0,,休闲健身活动,,0.0,0.0,0.85,0.0
四川乐途旅游景区管理有限公司,8930,健身休闲,0.2125,0.85,否,,1,0,,汽车营地开发与管理,,0.0,0.0,0.85,0.0
四川绿动文化传播有限公司,8919,体育管理,0.2125,0.85,否,,1,0,,户外活动组织,,0.0,0.0,0.85,0.0
四川诺瓦足球俱乐部有限公司,8911,体育培训,0.8736,0.95,否,,1,1,足球培训,,足球培训,1.0,1.0,0.85,0.1111
四川离火功坊娱乐有限公司,8912,体育管理,0.2125,0.85,否,,1,0,,游艺娱乐活动,,0.0,0.0,0.85,0.0
德阳大智若娱体育文化传播有限公司,8911,体育赛事,0.8736,0.95,否,,1,1,体育竞赛组织,,体育竞赛,1.0,1.0,0.85,0.1111
四川恒一体育文化传播有限公司,8911,体育赛事,0.8736,0.95,否,,1,1,体育竞赛组织,,体育竞赛,1.0,1.0,0.85,0.1111
中江臻武体育文化有限公司,9052,体育管理,0.6611,0.9,是,纯跨界（行业代码非体育，文本有体育业务）,1,1,体育文化活动组织,,体育文化,1.0,1.0,0.0,0.1111
德阳锐龙体育文化传播有限公司,8911,体育赛事,0.8736,0.95,否,,1,1,体育竞赛组织,,体育竞赛,1.0,1.0,0.85,0.1111
德阳又耳健身服务有限公司,8930,健身休闲,0.2125,0.85,否,,1,0,,健身休闲活动,,0.0,0.0,0.85,0.0
中江蜀鑫娱乐有限公司,8930,健身休闲,0.2125,0.85,否,,1,0,,棋牌服务,,0.0,0.0,0.85,0.0
中江县久云文化娱乐有限公司,8930,健身休闲,0.2125,0.85,否,,1,0,,棋牌室服务,,0.0,0.0,0.85,0.0
四川泉兴体育设施工程有限责任公司,4892,体育场馆,0.8736,0.95,否,,1,1,体育场地设施工程施工,,体育场地设施,1.0,1.0,0.85,0.1111
中江尚品体育用品有限公司,5242,体育用品,0.8736,0.95,否,,1,1,体育用品零售,,体育用品零售,1.0,1.0,0.85,0.1111
德阳市飞羽羽毛球俱乐部有限公司,8911,体育管理,0.2125,0.85,否,,1,0,,体育运动服务,,0.0,0.0,0.85,0.0
中江亿钱娱乐有限公司,8930,健身休闲,0.2125,0.85,否,,1,0,,健身休闲活动,,0.0,0.0,0.85,0.0
中江县勇网文化娱乐有限公司,8930,健身休闲,0.2125,0.85,否,,1,0,,健身休闲,,0.0,0.0,0.85,0.0
德阳胜亚体育文化传播有限公司,8911,体育赛事,0.8736,0.95,否,,1,1,体育竞赛组织,,体育竞赛,1.0,1.0,0.85,0.1111
中江茗天再来娱乐有限公司,8930,健身休闲,0.2125,0.85,否,,1,0,,健身休闲活动,,0.0,0.0,0.85,0.0
中江珍茗源娱乐有限公司,8930,健身休闲,0.2125,0.85,否,,1,0,,健身休闲活动,,0.0,0.0,0.85,0.0
中江县七方健身服务有限公司,8930,健身休闲,0.2125,0.85,否,,1,0,,体育健身休闲活动,,0.0,0.0,0.85,0.0
德阳翼搏地坪工程有限公司,4892,体育场馆,0.8736,0.95,否,,1,1,体育场地设施工程施工,,体育场地设施,1.0,1.0,0.85,0.1111
中江青桐游乐有限责任公司,8912,体育管理,0.2125,0.85,否,,1,0,,电玩娱乐服务,,0.0,0.0,0.85,0.0
德阳英驰体育文化有限公司,8911,体育管理,0.2125,0.85,否,,1,0,,体育运动训练指导服务,,0.0,0.0,0.85,0.0
德阳宝林体育文化传播有限公司,8929,体育场馆,0.8736,0.95,否,,1,1,其他体育设施场地管理,,体育设施,1.0,1.0,0.85,0.1111
中江县蜀地翔圣赛鸽有限公司,8911,体育管理,0.2125,0.85,否,,1,0,,赛鸽项目组织服务,,0.0,0.0,0.85,0.0
德阳飞赫体育用品有限公司,2442,体育用品,0.8736,0.95,否,,1,1,体育用品及器材制造,,体育用品,1.0,1.0,0.85,0.1111
中江嘉译游乐有限公司,8930,健身休闲,0.8736,0.95,否,,1,1,台球服务,,台球,1.0,1.0,0.85,0.1111
中江韬博健身服务有限公司,8930,健身休闲,0.8736,0.95,否,,1,1,健身服务,,健身服务,1.0,1.0,0.85,0.1111
中江歆瑶茶楼有限公司,8930,健身休闲,0.2125,0.85,否,,1,0,,棋牌服务,,0.0,0.0,0.85,0.0
中江晨熙文化娱乐有限公司,8930,健身休闲,0.2125,0.85,否,,1,0,,麻将馆服务,,0.0,0.0,0.85,0.0
中江兴苹棋牌有限公司,8930,健身休闲,0.2125,0.85,否,,1,0,,棋牌娱乐,,0.0,0.0,0.85,0.0
四川刹那网球俱乐部有限公司,5142,体育用品,0.8736,0.95,否,,1,1,批发户外体育用品,,体育用品,1.0,1.0,0.85,0.1111
中江县智越驾校,8392,体育培训,0.2125,0.85,否,,1,0,,职业技能培训服务,,0.0,0.0,0.85,0.0
德阳伴山体育文化发展有限公司,8930,健身休闲,0.2125,0.85,否,,1,0,,健身休闲娱乐,,0.0,0.0,0.85,0.0
中江县军武健身服务有限公司,8930,健身休闲,0.2125,0.85,否,,1,0,,健身休闲活动,,0.0,0.0,0.85,0.0
中江县乡土风情茶楼有限责任公司,8930,健身休闲,0.2125,0.85,否,,1,0,,棋牌服务,,0.0,0.0,0.85,0.0
中江县蕙惠文化娱乐有限公司,8930,健身休闲,0.2125,0.85,否,,1,0,,一般棋牌游戏,,0.0,0.0,0.85,0.0
德阳弘扬足球俱乐部有限公司,8911,体育赛事,0.8736,0.95,否,,1,1,体育竞赛,,体育竞赛,1.0,1.0,0.85,0.1111
四川裕诺亿贸易有限公司,5142,体育用品,0.8736,0.95,否,,1,1,体育用品批发,,体育用品批发,1.0,1.0,0.85,0.1111
德阳芙晓瑜伽健身有限责任公司,8930,健身休闲,0.2125,0.85,否,,1,0,,健身休闲活动,,0.0,0.0,0.85,0.0
德阳帕坦纯瑜伽健身有限责任公司,8930,健身休闲,0.8736,0.95,否,,1,1,健身服务,,健身服务,1.0,1.0,0.85,0.1111
四川威拓体育文化发展有限公司,8911,体育赛事,0.8736,0.95,否,,1,1,体育竞赛组织,,体育竞赛,1.0,1.0,0.85,0.1111
德阳泊伦健身服务有限公司,8930,健身休闲,0.8736,0.95,否,,1,1,健身服务,,健身服务,1.0,1.0,0.85,0.1111
德阳征途途邦户外用品有限公司,2449,体育用品,0.2125,0.85,否,,1,0,,户外用品制造,,0.0,0.0,0.85,0.0
德阳自由鲨体育发展有限公司,8911,体育赛事,0.8736,0.95,否,,1,1,体育竞赛组织,,体育竞赛,1.0,1.0,0.85,0.1111
德阳市艺向羽毛球俱乐部有限责任公司,8911,体育用品,0.8736,0.95,否,,1,1,体育羽毛球运动,,羽毛球,1.0,1.0,0.85,0.1111
德阳市风林体育文化有限公司,9052,体育管理,0.6611,0.9,是,纯跨界（行业代码非体育，文本有体育业务）,1,1,组织体育文化活动,,体育文化,1.0,1.0,0.0,0.1111
四川正一体育文化有限公司,9052,体育管理,0.6611,0.9,是,纯跨界（行业代码非体育，文本有体育业务）,1,1,体育服务,,体育服务,1.0,1.0,0.0,0.1111
德阳努克文化传媒有限公司,9054,体育传媒,0.6611,0.9,是,纯跨界（行业代码非体育，文本有体育业务）,1,1,体育经纪服务,,体育经纪,1.0,1.0,0.0,0.1111
德阳博武名扬体育文化有限责任公司,5242,体育用品,0.8736,0.95,否,,1,1,体育用品零售,,体育用品零售,1.0,1.0,0.85,0.1111
四川工建鲨鱼健身管理有限公司,8930,健身休闲,0.2125,0.85,否,,1,0,,健身活动服务,,0.0,0.0,0.85,0.0
四川西奥体育文化推广有限公司,8919,体育管理,0.8736,0.95,否,,1,1,体育文化,,体育文化,1.0,1.0,0.85,0.1111
德阳战旗飘扬模型科技有限公司,9052,体育赛事,0.6611,0.9,是,纯跨界（行业代码非体育，文本有体育业务）,1,1,体育赛事策划,,赛事策划,1.0,1.0,0.0,0.1111
四川信号枪吃鸡体验电竞俱乐部有限公司,8911,体育管理,0.2125,0.85,否,,1,0,,体验式拓展活动及策划,,0.0,0.0,0.85,0.0
德阳吾悦踏悦健身服务有限公司,8930,健身休闲,0.2125,0.85,否,,1,0,,健身休闲活动,,0.0,0.0,0.85,0.0
德阳月美仁文创策划经营部,8912,体育管理,0.2125,0.85,否,,1,0,,体育保障组织,,0.0,0.0,0.85,0.0
德阳米翘垂钓科技有限公司,5242,体育用品,0.8736,0.95,否,,1,1,钓具零售服务,,钓具,1.0,1.0,0.85,0.1111
德阳海歆教育咨询有限责任公司,7246,体育管理,0.6611,0.9,是,纯跨界（行业代码非体育，文本有体育业务）,1,1,体育咨询,,体育咨询,1.0,1.0,0.0,0.1111
德阳跃动健身服务有限公司,8930,健身休闲,0.8736,0.95,否,,1,1,健身服务,,健身服务,1.0,1.0,0.85,0.1111
四川剑戈体育文化有限公司,8919,体育管理,0.8736,0.95,否,,1,1,体育组织,,体育组织,1.0,1.0,0.85,0.1111
德阳摩尔踏悦健身服务有限公司,8930,健身休闲,0.2125,0.85,否,,1,0,,健身活动,,0.0,0.0,0.85,0.0
德阳源动力体育文化发展有限公司,8919,体育赛事,0.8736,0.95,否,,1,1,体育竞赛组织,,体育竞赛,1.0,1.0,0.85,0.1111
德阳创酷铭途体育发展有限公司,8921,体育场馆,0.2125,0.85,否,,1,0,,提供羽毛球场地服务,,0.0,0.0,0.85,0.0
德阳市活力体育文化发展有限公司,9052,体育赛事,0.6611,0.9,是,纯跨界（行业代码非体育，文本有体育业务）,1,1,体育赛事策划,,赛事策划,1.0,1.0,0.0,0.1111
四川省德阳绿色浪潮体育文化发展有限责任公司,5242,体育用品,0.8736,0.95,否,,1,1,体育用品及器材零售,,体育用品,1.0,1.0,0.85,0.1111
德阳九零力量健身有限公司,8930,健身休闲,0.2125,0.85,否,,1,0,,nan,,0.0,0.0,0.85,0.0
四川张强围棋俱乐部有限公司,8911,体育赛事,0.8736,0.95,否,,1,1,体育竞赛组织,,体育竞赛,1.0,1.0,0.85,0.1111
四川地标体育发展有限公司,8911,体育赛事,0.8736,0.95,否,,1,1,体育赛事策划,,赛事策划,1.0,1.0,0.85,0.1111
四川标杆体育管理有限责任公司,8921,体育管理,0.8736,0.95,否,,1,1,体育产业管理,,体育产业,1.0,1.0,0.85,0.1111
德阳市布鲁斯健身服务有限公司,8930,健身休闲,0.8736,0.95,否,,1,1,健身服务,,健身服务,1.0,1.0,0.85,0.1111
德阳市精诚体育文化发展有限公司,8392,体育培训,0.8736,0.95,否,,1,1,体育培训,,体育培训,1.0,1.0,0.85,0.1111
德阳三叶羽体育文化发展有限责任公司,8911,体育赛事,0.8736,0.95,否,,1,1,体育竞赛组织,,体育竞赛,1.0,1.0,0.85,0.1111
四川德阳一九零六体育文化发展有限责任公司,8911,体育赛事,0.8736,0.95,否,,1,1,体育竞赛组织,,体育竞赛,1.0,1.0,0.85,0.1111
四川缪斯极木体育文化传播有限公司,8930,健身休闲,0.8736,0.95,否,,1,1,健身服务,,健身服务,1.0,1.0,0.85,0.1111
四川诚至天下钓具有限公司,5142,体育用品,0.8736,0.95,否,,1,1,渔具批发,,渔具,1.0,1.0,0.85,0.1111
四川石子体育文化发展有限责任公司,8392,体育培训,0.8736,0.95,否,,1,1,体育培训,,体育培训,1.0,1.0,0.85,0.1111
德阳元一活力体育俱乐部有限责任公司,8930,健身休闲,0.2125,0.85,否,,1,0,,健身休闲服务,,0.0,0.0,0.85,0.0
德阳缘成健身服务有限公司,8930,健身休闲,0.8736,0.95,否,,1,1,健身服务,,健身服务,1.0,1.0,0.85,0.1111
四川众智成体育文化发展有限责任公司,8911,体育赛事,0.8736,0.95,否,,1,1,体育竞赛组织,,体育竞赛,1.0,1.0,0.85,0.1111
四川恩嘉健身服务有限公司,8930,健身休闲,0.2125,0.85,否,,1,0,,健身休闲活动,,0.0,0.0,0.85,0.0
四川本来体育文化传播有限公司,8911,体育赛事,0.8736,0.95,否,,1,1,体育赛事策划,,赛事策划,1.0,1.0,0.85,0.1111
四川亮立建筑工程有限公司,4720,体育场馆,0.6611,0.9,是,纯跨界（行业代码非体育，文本有体育业务）,1,1,体育场馆建筑,,体育场馆,1.0,1.0,0.0,0.1111
四川龙奥体育文化有限公司,8911,体育管理,0.2125,0.85,否,,1,0,,体育项目服务,,0.0,0.0,0.85,0.0
广汉叮叮猫体育文化有限公司,8930,健身休闲,0.2125,0.85,否,,1,0,,健身休闲活动,,0.0,0.0,0.85,0.0
广汉市悟晟体育文化传播有限公司,8392,体育培训,0.2125,0.85,否,,1,0,,体育教学,,0.0,0.0,0.85,0.0
四川奥鑫体育发展有限责任公司,8930,健身休闲,0.2125,0.85,否,,1,0,,休闲健身活动,,0.0,0.0,0.85,0.0
广汉市奥鑫体育培训学校有限公司,8930,健身休闲,0.2125,0.85,否,,1,0,,休闲健身活动,,0.0,0.0,0.85,0.0
广汉市微笑健身服务有限责任公司,8930,健身休闲,0.2125,0.85,否,,1,0,,健身休闲活动,,0.0,0.0,0.85,0.0
四川爱客行户外运动有限责任公司,8930,健身休闲,0.2125,0.85,否,,1,0,,健身休闲活动,,0.0,0.0,0.85,0.0
四川汉风雒运体育文化发展有限公司,8919,体育管理,0.2125,0.85,否,,1,0,,开展体育活动,,0.0,0.0,0.85,0.0
广汉乐享健身服务有限公司,8930,健身休闲,0.2125,0.85,否,,1,0,,健身休闲活动,,0.0,0.0,0.85,0.0
广汉水动乐体育场馆管理有限公司,8921,体育场馆,0.8736,0.95,否,,1,1,游泳馆服务,,游泳馆,1.0,1.0,0.85,0.1111
广汉柒萌体育文化传播有限公司,8911,体育赛事,0.8736,0.95,否,,1,1,体育竞赛组织,,体育竞赛,1.0,1.0,0.85,0.1111
四川鑫协恒商贸有限公司,5142,体育用品,0.2125,0.85,否,,1,0,,批发文化体育品,,0.0,0.0,0.85,0.0
广汉市博胜赛鸽有限公司,8911,体育赛事,0.8736,0.95,否,,1,1,体育竞赛组织,,体育竞赛,1.0,1.0,0.85,0.1111
四川力朗体育器材有限公司,5242,体育用品,0.8736,0.95,否,,1,1,体育器材零售,,体育器材,1.0,1.0,0.85,0.1111
德阳贝恩猩球体育文化发展有限责任公司,8911,体育赛事,0.8736,0.95,否,,1,1,体育竞赛组织,,体育竞赛,1.0,1.0,0.85,0.1111
四川小超巨体育文化发展有限责任公司,8912,体育管理,0.8736,0.95,否,,1,1,体育文化发展,,体育文化,1.0,1.0,0.85,0.1111
广汉一胜健身服务有限公司,8930,健身休闲,0.2125,0.85,否,,1,0,,健身休闲活动,,0.0,0.0,0.85,0.0
四川汇星体育文化传播有限公司,8911,体育管理,0.2125,0.85,否,,1,0,,健身休闲活动,,0.0,0.0,0.85,0.0
四川贤平建设工程有限公司,4892,体育场馆,0.8736,0.95,否,,1,1,体育场地设施工程施工,,体育场地设施,1.0,1.0,0.85,0.1111
四川汉州篮体育文化传播有限责任公司,8911,体育赛事,0.8736,0.95,否,,1,1,体育竞赛组织,,体育竞赛,1.0,1.0,0.85,0.1111
四川羿武体育俱乐部有限公司,8911,体育赛事,0.8736,0.95,否,,1,1,体育竞赛组织和策划,,体育竞赛,1.0,1.0,0.85,0.1111
广汉市首航健身服务有限公司,8930,健身休闲,0.8736,0.95,否,,1,1,健身服务,,健身服务,1.0,1.0,0.85,0.1111
四川金雁搏击俱乐部有限公司,8911,体育赛事,0.8736,0.95,否,,1,1,体育竞赛组织,,体育竞赛,1.0,1.0,0.85,0.1111
四川冰欠体育文化发展有限公司,8911,体育赛事,0.8736,0.95,否,,1,1,体育竞赛组织,,体育竞赛,1.0,1.0,0.85,0.1111
四川杰骜体育咨询有限公司,7246,体育管理,0.6611,0.9,是,纯跨界（行业代码非体育，文本有体育业务）,1,1,体育咨询,,体育咨询,1.0,1.0,0.0,0.1111
广汉锦辰健身服务有限公司,8930,健身休闲,0.2125,0.85,否,,1,0,,健身休闲活动,,0.0,0.0,0.85,0.0
四川五运体育文化发展有限公司,5242,体育用品,0.8736,0.95,否,,1,1,体育用品及器械零售,,体育用品,1.0,1.0,0.85,0.1111
广汉市优优健身服务有限公司,8930,健身休闲,0.8736,0.95,否,,1,1,瑜伽运动,,瑜伽,1.0,1.0,0.85,0.1111
四川省萌动儿童体育文化发展有限责任公司,8911,体育赛事,0.8736,0.95,否,,1,1,体育竞赛组织,,体育竞赛,1.0,1.0,0.85,0.1111
四川宇鸿体育文化传播有限公司,8392,体育培训,0.8736,0.95,否,,1,1,体育培训服务,,体育培训,1.0,1.0,0.85,0.1111
四川斯巴达健身有限公司,8930,健身休闲,0.8736,0.95,否,,1,1,健身服务,,健身服务,1.0,1.0,0.85,0.1111
四川元气健身有限公司,8930,健身休闲,0.2125,0.85,否,,1,0,,健身休闲活动,,0.0,0.0,0.85,0.0
广汉澜蕴健身服务有限公司,8930,健身休闲,0.2125,0.85,否,,1,0,,休闲健身活动,,0.0,0.0,0.85,0.0
四川飞翔极限体育文化发展有限公司,8992,体育管理,0.6611,0.9,是,纯跨界（行业代码非体育，文本有体育业务）,1,1,体育服务,,体育服务,1.0,1.0,0.0,0.1111
四川天素户外用品有限公司,5242,体育用品,0.2125,0.85,否,,1,0,,户外用品零售,,0.0,0.0,0.85,0.0
四川启航马术俱乐部有限公司,8930,健身休闲,0.8736,0.95,否,,1,1,马术健身俱乐部服务,,马术; 健身俱乐部,1.0,1.0,0.85,0.1111
广汉新泽文化发展有限公司,8911,体育赛事,0.8736,0.95,否,,1,1,体育竞赛组织,,体育竞赛,1.0,1.0,0.85,0.1111
四川恋爱坪户外运动有限公司,8930,健身休闲,0.8736,0.95,否,,1,1,户外运动组织策划,,户外运动,1.0,1.0,0.85,0.1111
四川云朗服饰有限公司,1821,体育用品,0.2125,0.85,否,,1,0,,服装制造,,0.0,0.0,0.85,0.0
广汉花开足球俱乐部,8919,体育管理,0.8736,0.95,否,,1,1,体育组织,,体育组织,1.0,1.0,0.85,0.1111
四川意拳体育文化传播有限公司,8930,健身休闲,0.8736,0.95,否,,1,1,全民健身服务,,健身服务,1.0,1.0,0.85,0.1111
广汉市珊瑚记忆文化用品有限公司,5142,体育用品,0.8736,0.95,否,,1,1,体育用品及器材批发,,体育用品,1.0,1.0,0.85,0.1111
广汉市楠鑫电玩馆个人独资,8912,体育管理,0.2125,0.85,否,,1,0,,体育保障组织,,0.0,0.0,0.85,0.0
四川新动力体育器材有限责任公司,2443,体育用品,0.8736,0.95,否,,1,1,生产健身器材,,健身器材,1.0,1.0,0.85,0.1111
广汉市迈翁户外拓展有限责任公司,8930,健身休闲,0.2125,0.85,否,,1,0,,健身休闲活动,,0.0,0.0,0.85,0.0
四川忆墅户外用品有限责任公司,5142,体育用品,0.8736,0.95,否,,1,1,体育用品批发,,体育用品批发,1.0,1.0,0.85,0.1111
四川博凡体育文化传播有限公司,8912,体育管理,0.2125,0.85,否,,1,0,,体育保障组织,,0.0,0.0,0.85,0.0
四川中伦格致户外用品有限公司,2444,体育用品,0.2125,0.85,否,,1,0,,箱包制作,,0.0,0.0,0.85,0.0
四川启运健身服务有限公司,8930,健身休闲,0.2125,0.85,否,,1,0,,健身休闲,,0.0,0.0,0.85,0.0
四川星运乐体健身服务有限公司,8930,健身休闲,0.2125,0.85,否,,1,0,,体育娱乐,,0.0,0.0,0.85,0.0
四川紫剑渔具有限公司,5242,体育用品,0.2125,0.85,否,,1,0,,钓鱼的各类用具零售,,0.0,0.0,0.85,0.0
什邡市锐博健身服务有限公司,8930,健身休闲,0.8736,0.95,否,,1,1,健身服务,,健身服务,1.0,1.0,0.85,0.1111
德阳极行户外健身管理有限公司,8930,健身休闲,0.2125,0.85,否,,1,0,,健身休闲活动,,0.0,0.0,0.85,0.0
什邡市薪火体育文化发展有限公司,5242,体育用品,0.8736,0.95,否,,1,1,体育用品及器材零售,,体育用品,1.0,1.0,0.85,0.1111
什邡市威纳健身俱乐部有限公司,8930,健身休闲,0.2125,0.85,否,,1,0,,健身休闲活动,,0.0,0.0,0.85,0.0
什邡市本来印象健身管理有限公司,8912,体育管理,0.2125,0.85,否,,1,0,,体育保障组织,,0.0,0.0,0.85,0.0
什邡市海程文化创意策划有限公司,9052,体育赛事,0.6611,0.9,是,纯跨界（行业代码非体育，文本有体育业务）,1,1,体育表演,,体育表演,1.0,1.0,0.0,0.1111
什邡市盛安体育赛事策划有限公司,8911,体育赛事,0.8736,0.95,否,,1,1,体育竞赛组织,,体育竞赛,1.0,1.0,0.85,0.1111
什邡诚晨体育发展有限公司,8999,体育赛事,0.6611,0.9,是,纯跨界（行业代码非体育，文本有体育业务）,1,1,体育竞赛组织,,体育竞赛,1.0,1.0,0.0,0.1111
四川省浩武聚英搏击俱乐部有限公司,8930,健身休闲,0.2125,0.85,否,,1,0,,健身休闲活动,,0.0,0.0,0.85,0.0
四川猩计划健身俱乐部有限公司,8392,体育培训,0.2125,0.85,否,,1,0,,体育运动培训,,0.0,0.0,0.85,0.0
四川星火少年体育文化传播有限公司,8392,体育培训,0.8736,0.95,否,,1,1,篮球培训,,篮球培训,1.0,1.0,0.85,0.1111
什邡市拓胜体育文化有限公司,8911,体育管理,0.8736,0.95,否,,1,1,体育服务咨询,,体育服务,1.0,1.0,0.85,0.1111
什邡阿斯顿体育用品有限责任公司,5142,体育用品,0.8736,0.95,否,,1,1,体育用品及器材批发,,体育用品,1.0,1.0,0.85,0.1111
四川朗逸航体育用品有限公司,5142,体育用品,0.8736,0.95,否,,1,1,体育用品及器材批发,,体育用品,1.0,1.0,0.85,0.1111
四川牧马岛乡村马术俱乐部有限公司,8930,健身休闲,0.2125,0.85,否,,1,0,,健身休闲活动,,0.0,0.0,0.85,0.0
德阳战旅户外运动有限公司,8930,健身休闲,0.2125,0.85,否,,1,0,,健身休闲活动,,0.0,0.0,0.85,0.0
什邡市蜀豫旅游发展有限公司,8930,健身休闲,0.8736,0.95,否,,1,1,漂流服务,,漂流,1.0,1.0,0.85,0.1111
什邡市鸿洲旅游开发有限公司,8930,健身休闲,0.8736,0.95,否,,1,1,水上漂流活动,,漂流,1.0,1.0,0.85,0.1111
什邡市天娇农业科技发展有限公司,7122,体育用品,0.6611,0.9,是,纯跨界（行业代码非体育，文本有体育业务）,1,1,体育用品设备出租,,体育用品,1.0,1.0,0.0,0.1111
四川兵峰体育文化传播有限公司,8911,体育赛事,0.8736,0.95,否,,1,1,体育竞赛组织,,体育竞赛,1.0,1.0,0.85,0.1111
四川新竞者体育文化推广有限公司,8911,体育赛事,0.8736,0.95,否,,1,1,体育竞赛组织,,体育竞赛,1.0,1.0,0.85,0.1111
四川卡莫足球俱乐部有限公司,8911,体育赛事,0.8736,0.95,否,,1,1,体育竞赛组织,,体育竞赛,1.0,1.0,0.85,0.1111
四川什邡际禹博宏体育文化传播有限公司,8911,体育赛事,0.8736,0.95,否,,1,1,体育竞赛组织,,体育竞赛,1.0,1.0,0.85,0.1111
绵竹市斯迈健身服务有限公司,8930,健身休闲,0.2125,0.85,否,,1,0,,健身休闲活动,,0.0,0.0,0.85,0.0
四川星舞道文化传播有限公司,8930,健身休闲,0.8736,0.95,否,,1,1,健身服务,,健身服务,1.0,1.0,0.85,0.1111
绵竹市五嘉健身服务有限公司,8930,健身休闲,0.2125,0.85,否,,1,0,,健身休闲服务,,0.0,0.0,0.85,0.0
绵竹嘉忆体育科技有限公司,9052,体育管理,0.6611,0.9,是,纯跨界（行业代码非体育，文本有体育业务）,1,1,体育服务,,体育服务,1.0,1.0,0.0,0.1111
四川省斯尚健身有限公司,8930,健身休闲,0.8736,0.95,否,,1,1,游泳运动,,游泳,1.0,1.0,0.85,0.1111
绵竹市海百川渔具有限责任公司,5242,体育用品,0.8736,0.95,否,,1,1,渔具零售,,渔具,1.0,1.0,0.85,0.1111
绵竹市钩皇渔具有限责任公司,5242,体育用品,0.8736,0.95,否,,1,1,渔具零售,,渔具,1.0,1.0,0.85,0.1111
四川少昇体育文化发展有限公司,8392,体育培训,0.2125,0.85,否,,1,0,,体育活动培训,,0.0,0.0,0.85,0.0
四川博进文化传播有限公司,8919,体育管理,0.2125,0.85,否,,1,0,,体育项目活动服务,,0.0,0.0,0.85,0.0
四川省绵竹市华飞游泳池管理有限公司,8921,体育场馆,0.8736,0.95,否,,1,1,游泳馆管理服务,,游泳馆,1.0,1.0,0.85,0.1111
绵竹市龙岭万嘉体育文化推广有限公司,8930,健身休闲,0.2125,0.85,否,,1,0,,体育类社会服务,,0.0,0.0,0.85,0.0
四川军武营文化传播有限责任公司,8911,体育管理,0.2125,0.85,否,,1,0,,军事训练活动,,0.0,0.0,0.85,0.0
绵竹问道围棋俱乐部有限公司,8911,体育赛事,0.8736,0.95,否,,1,1,体育竞赛组织,,体育竞赛,1.0,1.0,0.85,0.1111
绵竹市袋鼠体育文化发展有限公司,8912,体育用品,0.8736,0.95,否,,1,1,体育器材保障组织,,体育器材,1.0,1.0,0.85,0.1111
四川成志体能拓展训练有限公司,8392,体育培训,0.8736,0.95,否,,1,1,体能训练,,体能训练,1.0,1.0,0.85,0.1111
四川省斯一迈体育有限责任公司,5242,体育用品,0.8736,0.95,否,,1,1,零售健身器材,,健身器材,1.0,1.0,0.85,0.1111
绵竹市自游人户外拓展俱乐部,8930,健身休闲,0.8736,0.95,否,,1,1,户外拓展服务,,户外拓展,1.0,1.0,0.85,0.1111
四川古儒瑜伽健身服务有限公司,8930,健身休闲,0.8736,0.95,否,,1,1,瑜伽服务,,瑜伽,1.0,1.0,0.85,0.1111
德阳领威消防安全技术服务有限公司,8930,健身休闲,0.2125,0.85,否,,1,0,,健身休闲活动,,0.0,0.0,0.85,0.0
德阳鼎奥体育用品有限公司,2441,体育用品,0.8736,0.95,否,,1,1,足球生产,,足球,1.0,1.0,0.85,0.1111
绵竹零点体育文化发展有限公司,8912,体育管理,0.2125,0.85,否,,1,0,,体育保障组织,,0.0,0.0,0.85,0.0
四川肥鱼户外运动有限公司,8930,健身休闲,0.2125,0.85,否,,1,0,,休闲健身活动,,0.0,0.0,0.85,0.0
四川曼巴未来体育发展有限公司,8911,体育赛事,0.8736,0.95,否,,1,1,体育竞赛组织,,体育竞赛,1.0,1.0,0.85,0.1111
绵阳锐途体育文化发展有限公司,8919,体育管理,0.8736,0.95,否,,1,1,其他体育组织,,体育组织,1.0,1.0,0.85,0.1111
四川原球体育文化发展有限公司,9054,体育赛事,0.6611,0.9,是,纯跨界（行业代码非体育，文本有体育业务）,1,1,体育赛事组织,,体育赛事,1.0,1.0,0.0,0.1111
四川野在一起户外运动有限公司,8930,健身休闲,0.2125,0.85,否,,1,0,,体育业务,,0.0,0.0,0.85,0.0
成都蓝梦迪渔具有限公司,5142,体育用品,0.2125,0.85,否,,1,0,,nan,,0.0,0.0,0.85,0.0
绵阳修源体育发展有限公司,8930,体育培训,0.8736,0.95,否,,1,1,体育教育,,体育教育,1.0,1.0,0.85,0.1111
健盟健身俱乐部四川有限公司,8930,健身休闲,0.2125,0.85,否,,1,0,,健身休闲活动,,0.0,0.0,0.85,0.0
四川宛兴陶商贸有限责任公司,5242,体育用品,0.8736,0.95,否,,1,1,体育用品及器材零售,,体育用品,1.0,1.0,0.85,0.1111
四川零缺点体育文化传播有限公司,8930,健身休闲,0.8736,0.95,否,,1,1,台球活动,,台球,1.0,1.0,0.85,0.1111
四川妙达体育发展有限公司,8930,健身休闲,0.8736,0.95,否,,1,1,体育健身服务,,健身服务,1.0,1.0,0.85,0.1111
绵阳市速影天悦健身服务有限公司,8930,健身休闲,0.8736,0.95,否,,1,1,健身服务,,健身服务,1.0,1.0,0.85,0.1111
绵阳心鼎力体育文化传播有限公司,8930,健身休闲,0.8736,0.95,否,,1,1,健身服务,,健身服务,1.0,1.0,0.85,0.1111
绵阳雅格格电子商务有限公司,5242,体育用品,0.2125,0.85,否,,1,0,,户外用品零售,,0.0,0.0,0.85,0.0
四川赛龙体育文化传播有限责任公司,9052,体育管理,0.6611,0.9,是,纯跨界（行业代码非体育，文本有体育业务）,1,1,体育文化活动组织,,体育文化,1.0,1.0,0.0,0.1111
绵阳勇创体育文化传播有限公司,5242,体育用品,0.8736,0.95,否,,1,1,体育用品零售,,体育用品零售,1.0,1.0,0.85,0.1111
绵阳心跃体育发展有限公司,8911,体育管理,0.2125,0.85,否,,1,0,,体育运动训练指导服务,,0.0,0.0,0.85,0.0
绵阳大浪体育用品有限公司,5242,体育用品,0.8736,0.95,否,,1,1,体育用品零售,,体育用品零售,1.0,1.0,0.85,0.1111
四川柯洛德健身有限公司,8930,健身休闲,0.8736,0.95,否,,1,1,健身服务,,健身服务,1.0,1.0,0.85,0.1111
绵阳健龙运动服务有限公司,8392,体育培训,0.8736,0.95,否,,1,1,乒乓球培训服务,,乒乓球培训,1.0,1.0,0.85,0.1111
四川省何禾体育文化发展有限公司,8911,体育赛事,0.8736,0.95,否,,1,1,体育竞赛组织,,体育竞赛,1.0,1.0,0.85,0.1111
绵阳乐赛体育文化传播有限公司,8392,体育培训,0.8736,0.95,否,,1,1,体育培训,,体育培训,1.0,1.0,0.85,0.1111
绵阳匠心体育用品有限公司,5242,体育用品,0.8736,0.95,否,,1,1,体育用品零售,,体育用品零售,1.0,1.0,0.85,0.1111
绵阳市星源篮球运动培训有限责任公司,8392,体育培训,0.8736,0.95,否,,1,1,篮球培训,,篮球培训,1.0,1.0,0.85,0.1111
绵阳好伙伴体育用品有限公司,5242,体育用品,0.8736,0.95,否,,1,1,体育用品零售,,体育用品零售,1.0,1.0,0.85,0.1111
四川西南猛虎户外运动有限责任公司,8919,健身休闲,0.8736,0.95,否,,1,1,户外运动的策划,,户外运动,1.0,1.0,0.85,0.1111
四川星虎体育文化传播有限公司,8392,体育培训,0.8736,0.95,否,,1,1,体育培训,,体育培训,1.0,1.0,0.85,0.1111
四川宏博体适能体育俱乐部有限公司,8911,体育赛事,0.8736,0.95,否,,1,1,体育竞赛组织,,体育竞赛,1.0,1.0,0.85,0.1111
四川欧荣体育文化发展有限公司,8911,体育赛事,0.8736,0.95,否,,1,1,体育竞赛组织,,体育竞赛,1.0,1.0,0.85,0.1111
绵阳市联腾商贸有限公司,5242,体育用品,0.8736,0.95,否,,1,1,体育用品零售,,体育用品零售,1.0,1.0,0.85,0.1111
四川逸思研修教育管理有限公司,8930,健身休闲,0.8736,0.95,否,,1,1,户外拓展服务,,户外拓展,1.0,1.0,0.85,0.1111
绵阳乐动互通文化娱乐有限责任公司,8912,体育管理,0.2125,0.85,否,,1,0,,游艺娱乐活动,,0.0,0.0,0.85,0.0
绵阳朝晓体育培训有限公司,8392,体育培训,0.8736,0.95,否,,1,1,体育培训,,体育培训,1.0,1.0,0.85,0.1111
绵阳零八幺六体育文化传播有限公司,8911,体育赛事,0.8736,0.95,否,,1,1,体育竞赛组织,,体育竞赛,1.0,1.0,0.85,0.1111
绵阳绵星体育赛事策划有限公司,7246,体育管理,0.6611,0.9,是,纯跨界（行业代码非体育，文本有体育业务）,1,1,体育组织,,体育组织,1.0,1.0,0.0,0.1111
四川绵阳型美健身服务有限公司,8930,健身休闲,0.8736,0.95,否,,1,1,健身服务,,健身服务,1.0,1.0,0.85,0.1111
绵阳卓卓乒乓球俱乐部有限公司,8392,体育培训,0.8736,0.95,否,,1,1,乒乓球培训服务,,乒乓球培训,1.0,1.0,0.85,0.1111
绵阳鑫黑马健身服务有限公司,8930,健身休闲,0.2125,0.85,否,,1,0,,健身娱乐服务,,0.0,0.0,0.85,0.0
绵阳云垂千尺渔具有限公司,5242,体育用品,0.8736,0.95,否,,1,1,渔具配件零售,,渔具,1.0,1.0,0.85,0.1111
绵阳小屋渔具有限公司,5242,体育用品,0.8736,0.95,否,,1,1,渔具零售,,渔具,1.0,1.0,0.85,0.1111
四川起跑线体育发展有限公司,8930,健身休闲,0.8736,0.95,否,,1,1,健身服务,,健身服务,1.0,1.0,0.85,0.1111
绵阳奇迹麦瑞可健身服务有限公司,8930,健身休闲,0.8736,0.95,否,,1,1,健身服务,,健身服务,1.0,1.0,0.85,0.1111
四川李庆武道文化传播有限公司,8911,体育赛事,0.8736,0.95,否,,1,1,体育竞赛组织,,体育竞赛,1.0,1.0,0.85,0.1111
四川华睿斯游泳馆管理有限公司,8930,健身休闲,0.8736,0.95,否,,1,1,游泳服务,,游泳,1.0,1.0,0.85,0.1111
四川天行健教育发展有限公司,8930,健身休闲,0.8736,0.95,否,,1,1,户外运动,,户外运动,1.0,1.0,0.85,0.1111
四川嘉烨文化传播有限公司,5242,体育用品,0.8736,0.95,否,,1,1,体育用品器材零售,,体育用品,1.0,1.0,0.85,0.1111
四川天之健体育用品有限公司,5242,体育用品,0.8736,0.95,否,,1,1,体育器材零售,,体育器材,1.0,1.0,0.85,0.1111
四川世尧兄弟体育文化传播有限公司,8392,体育培训,0.8736,0.95,否,,1,1,篮球培训,,篮球培训,1.0,1.0,0.85,0.1111
绵阳捷仕商贸有限责任公司,5242,体育用品,0.8736,0.95,否,,1,1,体育用品零售,,体育用品零售,1.0,1.0,0.85,0.1111
四川柏睿在线科技有限公司,8930,健身休闲,0.8736,0.95,否,,1,1,户外拓展活动策划,,户外拓展,1.0,1.0,0.85,0.1111
四川省康威保健器材有限责任公司,5242,体育用品,0.8736,0.95,否,,1,1,健身器材零售,,健身器材,1.0,1.0,0.85,0.1111
四川川健科技有限公司,5242,体育用品,0.8736,0.95,否,,1,1,健身器材零售,,健身器材,1.0,1.0,0.85,0.1111
四川驰领演艺文化有限公司,8930,健身休闲,0.2125,0.85,否,,1,0,,健身活动,,0.0,0.0,0.85,0.0
绵阳千蜀缘体育文化推广有限责任公司,9052,体育赛事,0.6611,0.9,是,纯跨界（行业代码非体育，文本有体育业务）,1,1,体育表演服务,,体育表演,1.0,1.0,0.0,0.1111
绵阳强健体育有限公司,5242,体育用品,0.8736,0.95,否,,1,1,体育器材零售,,体育器材,1.0,1.0,0.85,0.1111
四川驰骋百川体育文化发展有限公司,8911,体育赛事,0.8736,0.95,否,,1,1,体育竞赛组织,,体育竞赛,1.0,1.0,0.85,0.1111
绵阳市涪城区奚守鑫体育俱乐部中心,8930,健身休闲,0.8736,0.95,否,,1,1,台球服务,,台球,1.0,1.0,0.85,0.1111
四川康尔沃体育用品有限公司,5242,体育用品,0.8736,0.95,否,,1,1,体育用品零售,,体育用品零售,1.0,1.0,0.85,0.1111
绵阳市德启文化传媒有限公司,8911,体育赛事,0.8736,0.95,否,,1,1,体育竞赛,,体育竞赛,1.0,1.0,0.85,0.1111
绵阳豪饰美商贸有限公司,5242,体育用品,0.8736,0.95,否,,1,1,体育器材零售,,体育器材,1.0,1.0,0.85,0.1111
四川芃客体育服务有限公司,8392,体育培训,0.8736,0.95,否,,1,1,体育教育,,体育教育,1.0,1.0,0.85,0.1111
绵阳新胜乒乓球俱乐部有限公司,8392,体育用品,0.8736,0.95,否,,1,1,乒乓球练习,,乒乓球,1.0,1.0,0.85,0.1111
四川力普体育文化发展有限公司,8912,体育管理,0.2125,0.85,否,,1,0,,体育保障组织,,0.0,0.0,0.85,0.0
四川华康翔文体设备有限公司,5242,体育用品,0.8736,0.95,否,,1,1,体育用品零售,,体育用品零售,1.0,1.0,0.85,0.1111
四川谦标商贸有限公司,5242,体育用品,0.8736,0.95,否,,1,1,体育用品零售,,体育用品零售,1.0,1.0,0.85,0.1111
四川天意冬青体育文化传播有限公司,8911,体育管理,0.8736,0.95,否,,1,1,体育组织,,体育组织,1.0,1.0,0.85,0.1111
绵阳市涪城区新奈斯电竞俱乐部个人独资,8911,体育管理,0.8736,0.95,否,,1,1,体育组织,,体育组织,1.0,1.0,0.85,0.1111
四川岁月星河体育用品有限公司,5242,体育用品,0.8736,0.95,否,,1,1,体育用品及器材零售,,体育用品,1.0,1.0,0.85,0.1111
绵阳市澎湃体育科技有限公司,5242,体育用品,0.8736,0.95,否,,1,1,体育用品及器材零售,,体育用品,1.0,1.0,0.85,0.1111
四川聚华体育文化传播有限公司,8392,体育培训,0.8736,0.95,否,,1,1,体育培训,,体育培训,1.0,1.0,0.85,0.1111
四川周泓锦建筑工程有限公司,4892,体育场馆,0.8736,0.95,否,,1,1,体育场地设施工程施工,,体育场地设施,1.0,1.0,0.85,0.1111
四川鑫宏顺发体育文化传播有限公司,8911,体育管理,0.8736,0.95,否,,1,1,体育组织,,体育组织,1.0,1.0,0.85,0.1111
绵阳都火体育文化传播有限公司,8392,体育培训,0.8736,0.95,否,,1,1,体育培训,,体育培训,1.0,1.0,0.85,0.1111
四川中宏达建设工程有限公司,4720,体育场馆,0.6611,0.9,是,纯跨界（行业代码非体育，文本有体育业务）,1,1,体育场馆建筑施工,,体育场馆,1.0,1.0,0.0,0.1111
四川赤木体育文化传播有限公司,8392,体育培训,0.8736,0.95,否,,1,1,体育培训服务,,体育培训,1.0,1.0,0.85,0.1111
四川新涪辰足球俱乐部有限公司,8911,体育管理,0.2125,0.85,否,,1,0,,体育项目组织服务,,0.0,0.0,0.85,0.0
四川江帆体育设施有限公司,5242,体育用品,0.8736,0.95,否,,1,1,零售体育用品,,体育用品,1.0,1.0,0.85,0.1111
绵阳乒搏者乒乓球俱乐部有限责任公司,8921,体育用品,0.8736,0.95,否,,1,1,乒乓球场地设施经营,,乒乓球,1.0,1.0,0.85,0.1111
四川琅星渔具有限责任公司,5242,体育用品,0.8736,0.95,否,,1,1,文化体育用品及器材专门零售,,体育用品,1.0,1.0,0.85,0.1111
四川树高体育文化传播有限公司,8392,体育培训,0.8736,0.95,否,,1,1,体育培训服务,,体育培训,1.0,1.0,0.85,0.1111
四川旭诚雷蛙文化传播有限公司,9052,体育赛事,0.6611,0.9,是,纯跨界（行业代码非体育，文本有体育业务）,1,1,组织体育表演活动,,体育表演,1.0,1.0,0.0,0.1111
绵阳逸动之羽文化传播有限公司,8930,健身休闲,0.8736,0.95,否,,1,1,射箭服务,,射箭,1.0,1.0,0.85,0.1111
四川全吉体育设施工程有限公司,4892,体育场馆,0.2125,0.85,否,,1,0,,体育运动场地施工,,0.0,0.0,0.85,0.0
绵阳添成源餐饮服务有限公司,8930,健身休闲,0.2125,0.85,否,,1,0,,室内娱乐服务,,0.0,0.0,0.85,0.0
绵阳普若美铁健身有限责任公司,8930,健身休闲,0.2125,0.85,否,,1,0,,健身活动,,0.0,0.0,0.85,0.0
四川悦享动力体育文化传播有限公司,8392,体育培训,0.8736,0.95,否,,1,1,体育培训,,体育培训,1.0,1.0,0.85,0.1111
绵阳爱起跑线健身服务有限公司,8930,健身休闲,0.8736,0.95,否,,1,1,健身房健身活动,,健身房,1.0,1.0,0.85,0.1111
绵阳直板涨分宝体育用品有限公司,5242,体育用品,0.8736,0.95,否,,1,1,体育用品及配件研发,,体育用品,1.0,1.0,0.85,0.1111
绵阳隆越体育服务有限公司,8921,健身休闲,0.8736,0.95,否,,1,1,游泳池管理服务,,游泳池,1.0,1.0,0.85,0.1111
绵阳阿瑞斯体育文化发展有限公司,8911,体育赛事,0.8736,0.95,否,,1,1,体育赛事策划,,赛事策划,1.0,1.0,0.85,0.1111
绵阳渔之贝体育器材有限公司,5242,体育用品,0.8736,0.95,否,,1,1,体育器材零售,,体育器材,1.0,1.0,0.85,0.1111
绵阳市何家山市场管理有限公司,8930,健身休闲,0.2125,0.85,否,,1,0,,棋牌服务,,0.0,0.0,0.85,0.0
四川全民健身体育用品有限公司,5142,体育用品,0.2125,0.85,否,,1,0,,健身用品批发,,0.0,0.0,0.85,0.0
绵阳市小黑体育文化传播有限公司,8930,健身休闲,0.2125,0.85,否,,1,0,,健身休闲活动,,0.0,0.0,0.85,0.0
四川省长滕健身服务有限责任公司,8930,健身休闲,0.2125,0.85,否,,1,0,,健身休闲活动,,0.0,0.0,0.85,0.0
绵阳市未来之城游乐设备有限公司,5242,体育用品,0.8736,0.95,否,,1,1,体育用品及器材零售,,体育用品,1.0,1.0,0.85,0.1111
四川省斗魂体育文化有限公司,8930,健身休闲,0.8736,0.95,否,,1,1,健身服务,,健身服务,1.0,1.0,0.85,0.1111
四川煜鹰商贸有限公司,5242,体育用品,0.8736,0.95,否,,1,1,文化体育用品零售,,体育用品零售,1.0,1.0,0.85,0.1111
中垚卓景科技有限公司,4892,体育场馆,0.8736,0.95,否,,1,1,体育场地设施工程施工,,体育场地设施,1.0,1.0,0.85,0.1111
绵阳康之豪健身有限责任公司,8992,健身休闲,0.6611,0.9,是,纯跨界（行业代码非体育，文本有体育业务）,1,1,健身服务,,健身服务,1.0,1.0,0.0,0.1111
四川康华远体育用品有限公司,5242,体育用品,0.8736,0.95,否,,1,1,体育用品及器材零售,,体育用品,1.0,1.0,0.85,0.1111
四川万年青康体游乐设备有限公司,5242,体育用品,0.8736,0.95,否,,1,1,健身器材零售,,健身器材,1.0,1.0,0.85,0.1111
绵阳市涪城区健行知培训学校有限公司,8392,体育培训,0.8736,0.95,否,,1,1,武术培训,,武术培训,1.0,1.0,0.85,0.1111
绵阳市氧气健康管理有限公司,7122,体育用品,0.6611,0.9,是,纯跨界（行业代码非体育，文本有体育业务）,1,1,体育用品设备出租,,体育用品,1.0,1.0,0.0,0.1111
四川赤木刚健康管理有限公司,8930,健身休闲,0.2125,0.85,否,,1,0,,健身管理服务,,0.0,0.0,0.85,0.0
绵阳讯传影视文化有限公司,8930,健身休闲,0.2125,0.85,否,,1,0,,影视制作,,0.0,0.0,0.85,0.0
绵阳友途户外拓展有限公司,8930,健身休闲,0.8736,0.95,否,,1,1,户外运动,,户外运动,1.0,1.0,0.85,0.1111
四川峰小铭体育文化发展有限公司,8392,体育培训,0.8736,0.95,否,,1,1,篮球培训服务,,篮球培训,1.0,1.0,0.85,0.1111
四川亦忻普拉提健康管理有限公司,8930,健身休闲,0.2125,0.85,否,,1,0,,健身休闲活动,,0.0,0.0,0.85,0.0
绵阳市宏郡体育文化传播有限公司,9052,体育赛事,0.6611,0.9,是,纯跨界（行业代码非体育，文本有体育业务）,1,1,体育赛事策划,,赛事策划,1.0,1.0,0.0,0.1111
四川厚鸿教育咨询有限公司,8911,体育管理,0.8736,0.95,否,,1,1,体育组织,,体育组织,1.0,1.0,0.85,0.1111
四川金五环体育文化传播有限公司,8392,体育管理,0.8736,0.95,否,,1,1,体育服务,,体育服务,1.0,1.0,0.85,0.1111
绵阳弘宇体育文化传播有限公司,5242,体育用品,0.8736,0.95,否,,1,1,体育用品零售,,体育用品零售,1.0,1.0,0.85,0.1111
四川渔人部落户外用品有限公司,5242,体育用品,0.8736,0.95,否,,1,1,渔具零售,,渔具,1.0,1.0,0.85,0.1111
四川艺阳壹拓体育科技有限公司,5142,体育用品,0.8736,0.95,否,,1,1,体育用品批发,,体育用品批发,1.0,1.0,0.85,0.1111
四川鸟雷商贸有限公司,5242,体育用品,0.2125,0.85,否,,1,0,,游艺器材零售,,0.0,0.0,0.85,0.0
绵阳悟道馆体育文化传播有限公司,9052,体育管理,0.6611,0.9,是,纯跨界（行业代码非体育，文本有体育业务）,1,1,体育文化活动策划,,体育文化,1.0,1.0,0.0,0.1111
绵阳潮玩文化传播有限公司,8930,健身休闲,0.2125,0.85,否,,1,0,,体育健身,,0.0,0.0,0.85,0.0
绵阳市飞越丛林体育发展有限公司,8930,健身休闲,0.2125,0.85,否,,1,0,,休闲健身活动,,0.0,0.0,0.85,0.0
四川真盛彩商贸有限公司,5242,体育用品,0.8736,0.95,否,,1,1,渔具零售,,渔具,1.0,1.0,0.85,0.1111
四川省浩悦足球俱乐部有限公司,8392,体育培训,0.2125,0.85,否,,1,0,,体育运动训练指导服务,,0.0,0.0,0.85,0.0
绵阳霹雳体育文化发展有限公司,8930,健身休闲,0.2125,0.85,否,,1,0,,健身休闲活动,,0.0,0.0,0.85,0.0
四川唯动众诚体育发展有限公司,5242,体育用品,0.8736,0.95,否,,1,1,体育用品零售,,体育用品零售,1.0,1.0,0.85,0.1111
四川鸿图博学文化有限公司,5142,体育用品,0.8736,0.95,否,,1,1,体育用品批发,,体育用品批发,1.0,1.0,0.85,0.1111
四川烟波钓客渔具有限公司,5242,体育用品,0.8736,0.95,否,,1,1,文化体育用品及器材专门零售,,体育用品,1.0,1.0,0.85,0.1111
绵阳市召轩体育用品有限责任公司,5242,体育用品,0.8736,0.95,否,,1,1,体育用品零售,,体育用品零售,1.0,1.0,0.85,0.1111
四川终能体育文化传播有限公司,5242,体育用品,0.8736,0.95,否,,1,1,体育用品零售,,体育用品零售,1.0,1.0,0.85,0.1111
绵阳茂春体育发展有限责任公司,8929,体育场馆,0.8736,0.95,否,,1,1,体育场地设施管理,,体育场地设施,1.0,1.0,0.85,0.1111
绵阳因为涪山体育发展有限公司,8911,体育管理,0.8736,0.95,否,,1,1,体育组织,,体育组织,1.0,1.0,0.85,0.1111
绵阳新众诚体育发展有限公司,5242,体育用品,0.8736,0.95,否,,1,1,体育用品零售,,体育用品零售,1.0,1.0,0.85,0.1111
四川去运动体育用品有限公司,5142,体育用品,0.8736,0.95,否,,1,1,健身器材批发,,健身器材,1.0,1.0,0.85,0.1111
绵阳云彩羽毛球俱乐部有限公司,8921,体育用品,0.8736,0.95,否,,1,1,羽毛球运动及服务,,羽毛球,1.0,1.0,0.85,0.1111
绵阳市索克体育发展有限公司,5242,体育用品,0.8736,0.95,否,,1,1,体育用品及器材零售,,体育用品,1.0,1.0,0.85,0.1111
四川千城体育发展有限公司,8921,体育场馆,0.8736,0.95,否,,1,1,体育场地设施管理,,体育场地设施,1.0,1.0,0.85,0.1111
绵阳英豪体育发展有限公司,8930,健身休闲,0.2125,0.85,否,,1,0,,健身活动,,0.0,0.0,0.85,0.0
四川雪趣科技发展有限公司,8930,健身休闲,0.8736,0.95,否,,1,1,滑冰滑雪,,滑冰; 滑雪,1.0,1.0,0.85,0.1111
四川君松体育发展有限公司,8911,体育赛事,0.8736,0.95,否,,1,1,体育竞赛组织,,体育竞赛,1.0,1.0,0.85,0.1111
绵阳市涪城区城浩体育俱乐部,8911,体育赛事,0.8736,0.95,否,,1,1,体育竞赛组织,,体育竞赛,1.0,1.0,0.85,0.1111
四川爱逗渔具有限公司,5242,体育用品,0.8736,0.95,否,,1,1,文化体育用品及器材专门零售,,体育用品,1.0,1.0,0.85,0.1111
四川天狼星体育俱乐部有限公司,8911,体育赛事,0.8736,0.95,否,,1,1,体育竞赛组织,,体育竞赛,1.0,1.0,0.85,0.1111
四川追光人户外运动有限公司,8930,健身休闲,0.2125,0.85,否,,1,0,,休闲健身活动,,0.0,0.0,0.85,0.0
绵阳城冠羽毛球俱乐部有限公司,8911,体育赛事,0.8736,0.95,否,,1,1,体育竞赛组织,,体育竞赛,1.0,1.0,0.85,0.1111
绵阳壹零柒体育科技有限公司,8911,体育赛事,0.8736,0.95,否,,1,1,体育竞赛组织,,体育竞赛,1.0,1.0,0.85,0.1111
四川西科阳光力量健身管理有限公司,8930,健身休闲,0.8736,0.95,否,,1,1,健身服务,,健身服务,1.0,1.0,0.85,0.1111
四川亿沐服装有限公司,1821,体育用品,0.2125,0.85,否,,1,0,,运动休闲针织服装制造,,0.0,0.0,0.85,0.0
四川斯普锐体育文化传播有限公司,9052,体育赛事,0.6611,0.9,是,纯跨界（行业代码非体育，文本有体育业务）,1,1,体育赛事策划,,赛事策划,1.0,1.0,0.0,0.1111
四川晓游体育发展有限公司,9052,体育赛事,0.6611,0.9,是,纯跨界（行业代码非体育，文本有体育业务）,1,1,体育赛事策划,,赛事策划,1.0,1.0,0.0,0.1111
绵阳市亿佳达运动器材有限公司,2442,体育用品,0.8736,0.95,否,,1,1,专项运动器材及配件制造,,运动器材,1.0,1.0,0.85,0.1111
四川门多萨足球俱乐部有限公司,8921,体育场馆,0.2125,0.85,否,,1,0,,足球比赛组织,,0.0,0.0,0.85,0.0
绵阳市银杏湾未来森林农业科技有限公司,8911,体育管理,0.2125,0.85,否,,1,0,,体验式拓展活动及策划,,0.0,0.0,0.85,0.0
绵阳山猫体育文化推广有限公司,9052,体育赛事,0.6611,0.9,是,纯跨界（行业代码非体育，文本有体育业务）,1,1,体育表演活动服务,,体育表演,1.0,1.0,0.0,0.1111
绵阳茵华体育文化发展有限公司,8999,体育用品,0.6611,0.9,是,纯跨界（行业代码非体育，文本有体育业务）,1,1,体育用品及器材零售,,体育用品,1.0,1.0,0.0,0.1111
四川劲博体育文化推广有限公司,8392,体育培训,0.2125,0.85,否,,1,0,,体育业务培训,,0.0,0.0,0.85,0.0
四川米苏文教体育用品有限公司,5242,体育用品,0.8736,0.95,否,,1,1,体育用品及器材,,体育用品,1.0,1.0,0.85,0.1111
四川宏报蜀韵体育文化传播有限公司,8392,体育培训,0.8736,0.95,否,,1,1,少儿武术培训,,武术培训,1.0,1.0,0.85,0.1111
绵阳比卡乐舞蹈健身有限公司,8930,健身休闲,0.2125,0.85,否,,1,0,,健身休闲服务,,0.0,0.0,0.85,0.0
四川鹏达鸿飞商贸有限责任公司,5142,体育用品,0.8736,0.95,否,,1,1,体育用品批发,,体育用品批发,1.0,1.0,0.85,0.1111
绵阳叁体棒垒球体育文化传播有限公司,9052,体育管理,0.6611,0.9,是,纯跨界（行业代码非体育，文本有体育业务）,1,1,体育文化策划,,体育文化,1.0,1.0,0.0,0.1111
四川迎浩世文化传播有限公司,8392,体育培训,0.2125,0.85,否,,1,0,,轮滑培训,,0.0,0.0,0.85,0.0
四川探索发现体育文化传播有限公司,8919,健身休闲,0.8736,0.95,否,,1,1,户外运动组织,,户外运动,1.0,1.0,0.85,0.1111
绵阳市同英会健身俱乐部,8392,体育培训,0.8736,0.95,否,,1,1,跆拳道培训,,跆拳道培训,1.0,1.0,0.85,0.1111
四川泰羽体育文化发展有限公司,8392,体育培训,0.8736,0.95,否,,1,1,武术培训,,武术培训,1.0,1.0,0.85,0.1111
四川一航户外运动有限公司,8930,健身休闲,0.2125,0.85,否,,1,0,,健身休闲活动,,0.0,0.0,0.85,0.0
绵阳领骁体育科技有限公司,5242,体育用品,0.8736,0.95,否,,1,1,体育用品及器材零售,,体育用品,1.0,1.0,0.85,0.1111
四川雄威搏击俱乐部有限公司,8911,体育赛事,0.8736,0.95,否,,1,1,体育竞赛组织,,体育竞赛,1.0,1.0,0.85,0.1111
绵阳健腾步云体育健身有限公司,8930,健身休闲,0.2125,0.85,否,,1,0,,健身休闲活,,0.0,0.0,0.85,0.0
绵阳荷信健身服务有限公司,8930,健身休闲,0.2125,0.85,否,,1,0,,健身休闲活动,,0.0,0.0,0.85,0.0
四川贝飞体育发展有限公司,5142,体育用品,0.2125,0.85,否,,1,0,,体育类,,0.0,0.0,0.85,0.0
绵阳裕丰体育设施工程有限责任公司,4892,体育场馆,0.8736,0.95,否,,1,1,体育场所施工,,体育场,1.0,1.0,0.85,0.1111
绵阳友成体育健身有限公司,8930,健身休闲,0.8736,0.95,否,,1,1,体育健身服务,,健身服务,1.0,1.0,0.85,0.1111
绵阳市太萌健身服务有限公司,8930,健身休闲,0.8736,0.95,否,,1,1,健身服务,,健身服务,1.0,1.0,0.85,0.1111
绵阳易百佳体育文化传播有限公司,5242,体育用品,0.2125,0.85,否,,1,0,,户外用品零售,,0.0,0.0,0.85,0.0
绵阳智强体育文化传播有限公司,7246,体育赛事,0.6611,0.9,是,纯跨界（行业代码非体育，文本有体育业务）,1,1,体育赛事策划,,赛事策划,1.0,1.0,0.0,0.1111
绵阳市荆忠户外拓展有限公司,8930,健身休闲,0.8736,0.95,否,,1,1,户外拓展运动组织,,户外拓展,1.0,1.0,0.85,0.1111
绵阳市广纳户外运动有限公司,8919,健身休闲,0.8736,0.95,否,,1,1,户外运动活动组织策划,,户外运动,1.0,1.0,0.85,0.1111
四川中羽大鹏体育科技有限公司,8921,体育场馆,0.2125,0.85,否,,1,0,,体育训练场地,,0.0,0.0,0.85,0.0
绵阳市游仙区济世堂医疗器械经营部,5142,体育用品,0.8736,0.95,否,,1,1,健身器材批发,,健身器材,1.0,1.0,0.85,0.1111
四川昆驰体育设施工程有限公司,5242,体育用品,0.2125,0.85,否,,1,0,,健身设备零售,,0.0,0.0,0.85,0.0
四川富临冠博体育文化发展有限公司,8919,体育管理,0.8736,0.95,否,,1,1,体育组织,,体育组织,1.0,1.0,0.85,0.1111
绵阳博翱信鸽俱乐部有限公司,8911,体育管理,0.2125,0.85,否,,1,0,,信鸽竞赛组织,,0.0,0.0,0.85,0.0
绵阳博悦乒乓球培训学校有限责任公司,8392,体育培训,0.8736,0.95,否,,1,1,乒乓球培训,,乒乓球培训,1.0,1.0,0.85,0.1111
四川省鱼之韵渔具有限公司,2449,体育用品,0.8736,0.95,否,,1,1,渔具生产,,渔具,1.0,1.0,0.85,0.1111
四川托马斯体育文化传播有限公司,5242,体育用品,0.8736,0.95,否,,1,1,体育用品零售,,体育用品零售,1.0,1.0,0.85,0.1111
绵阳极枫烈焱体育文化传播有限公司,8392,体育培训,0.8736,0.95,否,,1,1,体育培训服务,,体育培训,1.0,1.0,0.85,0.1111
四川鲸锐体育文化传播有限公司,8392,体育培训,0.2125,0.85,否,,1,0,,蓝球培训,,0.0,0.0,0.85,0.0
四川麦道体育文化传播有限公司,8930,健身休闲,0.8736,0.95,否,,1,1,健身服务,,健身服务,1.0,1.0,0.85,0.1111
绵阳豆萁乒乓球培训学校有限公司,8392,体育培训,0.8736,0.95,否,,1,1,乒乓球培训,,乒乓球培训,1.0,1.0,0.85,0.1111
四川沂可体育文化传播有限公司,8911,体育赛事,0.8736,0.95,否,,1,1,体育赛事策划,,赛事策划,1.0,1.0,0.85,0.1111
绵阳思迈健身有限责任公司,8930,健身休闲,0.2125,0.85,否,,1,0,,健身休闲活动,,0.0,0.0,0.85,0.0
四川腾健体育文化有限公司,8911,体育赛事,0.8736,0.95,否,,1,1,体育竞赛组织,,体育竞赛,1.0,1.0,0.85,0.1111
四川省猎鹰突起户外运动有限公司,8930,健身休闲,0.2125,0.85,否,,1,0,,健身休闲活动,,0.0,0.0,0.85,0.0
四川富乐非凡户外拓展有限公司,8930,健身休闲,0.2125,0.85,否,,1,0,,健身休闲活动,,0.0,0.0,0.85,0.0
深圳市艾塔运动健身管理有限公司,2443,体育用品,0.8736,0.95,否,,1,1,健身器材加工,,健身器材,1.0,1.0,0.85,0.1111
绵阳市绵州聚力体育发展有限公司,8392,体育培训,0.8736,0.95,否,,1,1,足球培训,,足球培训,1.0,1.0,0.85,0.1111
绵阳曼巴之家体育发展有限公司,8930,健身休闲,0.8736,0.95,否,,1,1,健身房健身活动,,健身房,1.0,1.0,0.85,0.1111
绵阳市罗乐棒垒球体育文化传播有限公司,7246,体育管理,0.6611,0.9,是,纯跨界（行业代码非体育，文本有体育业务）,1,1,体育咨询,,体育咨询,1.0,1.0,0.0,0.1111
绵阳市飞猫体育文化传播有限公司,5623,体育管理,0.6611,0.9,是,纯跨界（行业代码非体育，文本有体育业务）,1,1,体育文化推广服务,,体育文化,1.0,1.0,0.0,0.1111
绵阳五岳旅游开发有限公司,8930,健身休闲,0.8736,0.95,否,,1,1,漂流旅游服务,,漂流,1.0,1.0,0.85,0.1111
绵阳市安州区花荄湛爵台球室,8930,健身休闲,0.8736,0.95,否,,1,1,台球服务,,台球,1.0,1.0,0.85,0.1111
绵阳市先觉健身服务有限责任公司,8930,健身休闲,0.2125,0.85,否,,1,0,,健身培训,,0.0,0.0,0.85,0.0
绵阳市安州区犇牛体育文化推广有限公司,8392,体育培训,0.2125,0.85,否,,1,0,,体育运动指导,,0.0,0.0,0.85,0.0
绵阳市安州区花荄青禾运动健身馆,8930,健身休闲,0.2125,0.85,否,,1,0,,健身运动,,0.0,0.0,0.85,0.0
四川动之健体育文化推广有限公司,8911,体育赛事,0.8736,0.95,否,,1,1,体育竞赛组织,,体育竞赛,1.0,1.0,0.85,0.1111
四川拓荒者户外体育有限公司,8911,体育赛事,0.8736,0.95,否,,1,1,体育竞赛组织,,体育竞赛,1.0,1.0,0.85,0.1111
四川超越体育俱乐部有限公司,7122,体育用品,0.6611,0.9,是,纯跨界（行业代码非体育，文本有体育业务）,1,1,体育用品设备出租,,体育用品,1.0,1.0,0.0,0.1111
绵阳市安州区华福盛地游泳池,8930,健身休闲,0.2125,0.85,否,,1,0,,健身休闲活动,,0.0,0.0,0.85,0.0
四川炘辉恒曜科技有限公司,5142,体育用品,0.8736,0.95,否,,1,1,体育用品批发,,体育用品批发,1.0,1.0,0.85,0.1111
绵阳市枣核渔具有限公司,5242,体育用品,0.8736,0.95,否,,1,1,渔具零售,,渔具,1.0,1.0,0.85,0.1111
绵阳市安州区迎新乡鹏宇体育培训学校有限公司,8392,体育培训,0.8736,0.95,否,,1,1,体育培训,,体育培训,1.0,1.0,0.85,0.1111
绵阳市安州区河清镇老泉包生态休闲庄,8930,健身休闲,0.8736,0.95,否,,1,1,游泳服务,,游泳,1.0,1.0,0.85,0.1111
绵阳市安州区芦义钓具有限责任公司,2449,体育用品,0.8736,0.95,否,,1,1,渔具加工,,渔具,1.0,1.0,0.85,0.1111
绵阳星动岚体育文化发展有限责任公司,8930,健身休闲,0.2125,0.85,否,,1,0,,健身休闲活动,,0.0,0.0,0.85,0.0
绵阳千佛山商贸有限公司,8930,健身休闲,0.8736,0.95,否,,1,1,旅游漂流服务,,漂流,1.0,1.0,0.85,0.1111
绵阳市凤骄义体育文化发展有限公司,8919,体育管理,0.2125,0.85,否,,1,0,,体育和娱乐业,,0.0,0.0,0.85,0.0
四川鑫之屹体育文化传播有限公司,8911,体育赛事,0.8736,0.95,否,,1,1,体育竞赛组织,,体育竞赛,1.0,1.0,0.85,0.1111
四川思腾源飞体育用品有限公司,5142,体育用品,0.8736,0.95,否,,1,1,体育用品及器材批发,,体育用品,1.0,1.0,0.85,0.1111
四川彬珑体育发展有限公司,5242,体育用品,0.8736,0.95,否,,1,1,体育用品零售,,体育用品零售,1.0,1.0,0.85,0.1111
三台县乐安镇飞扬体育文化发展中心,5242,体育用品,0.8736,0.95,否,,1,1,体育用品零售,,体育用品零售,1.0,1.0,0.85,0.1111
三台县潼乐湾游乐园有限公司,8930,健身休闲,0.2125,0.85,否,,1,0,,水上游乐服务,,0.0,0.0,0.85,0.0
三台县合末文化创意服务有限责任公司,8919,体育管理,0.8736,0.95,否,,1,1,其他体育组织,,体育组织,1.0,1.0,0.85,0.1111
三台县源宝康户外拓展有限公司,8930,健身休闲,0.2125,0.85,否,,1,0,,健身休闲活动,,0.0,0.0,0.85,0.0
绵阳尚剑商贸有限公司,5242,体育用品,0.8736,0.95,否,,1,1,渔具零售,,渔具,1.0,1.0,0.85,0.1111
四川飞钩渔具有限公司,5242,体育用品,0.8736,0.95,否,,1,1,渔具零售,,渔具,1.0,1.0,0.85,0.1111
三台县扬煜体育场馆管理有限公司,8921,体育场馆,0.8736,0.95,否,,1,1,体育场馆,,体育场馆,1.0,1.0,0.85,0.1111
三台县锐博健身服务有限公司,8930,健身休闲,0.8736,0.95,否,,1,1,健身服务,,健身服务,1.0,1.0,0.85,0.1111
四川汶腾体育文化发展有限公司,5242,体育用品,0.8736,0.95,否,,1,1,体育用品零售,,体育用品零售,1.0,1.0,0.85,0.1111
绵阳市帕森莱特健身服务有限公司,8930,健身休闲,0.8736,0.95,否,,1,1,健身服务,,健身服务,1.0,1.0,0.85,0.1111
四川蚣蝮体育文化传播有限责任公司,8911,体育赛事,0.8736,0.95,否,,1,1,体育竞赛组织,,体育竞赛,1.0,1.0,0.85,0.1111
四川力度文化传媒有限公司,8392,体育培训,0.8736,0.95,否,,1,1,体育培训,,体育培训,1.0,1.0,0.85,0.1111
四川鹏信亦兴建筑工程有限公司,4892,体育场馆,0.8736,0.95,否,,1,1,体育场地设施工程施工,,体育场地设施,1.0,1.0,0.85,0.1111
盐亭嫘祖育成体育培训学校有限公司,8392,体育培训,0.8736,0.95,否,,1,1,成人体育培训,,体育培训,1.0,1.0,0.85,0.1111
四川嫘祖恒远体育文化传播有限公司,9052,体育赛事,0.6611,0.9,是,纯跨界（行业代码非体育，文本有体育业务）,1,1,体育赛事策划,,赛事策划,1.0,1.0,0.0,0.1111
盐亭县云溪镇金钟休闲农家院,8930,健身休闲,0.2125,0.85,否,,1,0,,休闲垂钓,,0.0,0.0,0.85,0.0
盐亭县玉龙镇灯笼棋牌俱乐部,8919,体育管理,0.2125,0.85,否,,1,0,,棋牌室服务,,0.0,0.0,0.85,0.0
盐亭丝路源文化体育运营管理有限公司,8921,体育场馆,0.8736,0.95,否,,1,1,体育场馆运营和管理,,体育场馆,1.0,1.0,0.85,0.1111
盐亭县富驿镇四海渔具店,5242,体育用品,0.8736,0.95,否,,1,1,渔具和鱼饵零售,,渔具,1.0,1.0,0.85,0.1111
盐亭县富驿镇望江亭钓具店,5242,体育用品,0.8736,0.95,否,,1,1,渔具零售,,渔具,1.0,1.0,0.85,0.1111
盐亭县富驿镇杨俊杰渔具店,5242,体育用品,0.8736,0.95,否,,1,1,渔具零售,,渔具,1.0,1.0,0.85,0.1111
盐亭县岐伯镇幸福茶馆,8911,体育管理,0.2125,0.85,否,,1,0,,室内娱乐活动,,0.0,0.0,0.85,0.0
盐亭县岐伯镇老年协会娱乐场所,8919,体育管理,0.2125,0.85,否,,1,0,,室内娱乐活动,,0.0,0.0,0.85,0.0
盐亭县岐伯镇晓芳娱乐馆,8911,体育管理,0.2125,0.85,否,,1,0,,室内娱乐活动,,0.0,0.0,0.85,0.0
盐亭县岐伯镇桂琼棋乐馆,8911,体育管理,0.2125,0.85,否,,1,0,,室内娱乐活动,,0.0,0.0,0.85,0.0
盐亭县岐伯镇茶亭茶馆,8911,体育管理,0.2125,0.85,否,,1,0,,室内娱乐活动,,0.0,0.0,0.85,0.0
盐亭县岐伯镇仙臣茶馆,8919,体育管理,0.2125,0.85,否,,1,0,,棋牌室服务,,0.0,0.0,0.85,0.0
盐亭县岐伯镇快乐棋牌馆,8911,体育管理,0.2125,0.85,否,,1,0,,室内娱乐活动,,0.0,0.0,0.85,0.0
盐亭县岐伯镇王茂芝茶馆,8911,体育管理,0.2125,0.85,否,,1,0,,室内娱乐活动,,0.0,0.0,0.85,0.0
盐亭县岐伯镇兴兴茶馆,8911,体育管理,0.2125,0.85,否,,1,0,,室内娱乐活动,,0.0,0.0,0.85,0.0
盐亭县岐伯镇桥头休闲馆,8919,体育管理,0.2125,0.85,否,,1,0,,棋牌室服务,,0.0,0.0,0.85,0.0
盐亭县岐伯镇春华休闲体育用品店,5242,体育用品,0.8736,0.95,否,,1,1,体育用品零售,,体育用品零售,1.0,1.0,0.85,0.1111
盐亭县西陵镇仕芬茶馆,8930,健身休闲,0.2125,0.85,否,,1,0,,健身休闲活动,,0.0,0.0,0.85,0.0
盐亭县嫘祖镇启文村三哥茶馆,8919,体育管理,0.2125,0.85,否,,1,0,,棋牌室服务,,0.0,0.0,0.85,0.0
盐亭县嫘祖镇王小英棋牌馆,8919,体育管理,0.2125,0.85,否,,1,0,,棋牌室服务,,0.0,0.0,0.85,0.0
盐亭县大兴回族乡广胜休闲中心,8919,体育管理,0.2125,0.85,否,,1,0,,棋牌室服务,,0.0,0.0,0.85,0.0
梓潼县洪鑫商贸有限责任公司,5242,体育用品,0.8736,0.95,否,,1,1,体育用品零售,,体育用品零售,1.0,1.0,0.85,0.1111
梓潼力晨体育场馆管理有限公司,8921,体育场馆,0.8736,0.95,否,,1,1,体育馆,,体育馆,1.0,1.0,0.85,0.1111
绵阳市艾乒体育文化传播有限责任公司,5242,体育用品,0.8736,0.95,否,,1,1,体育用品及器材零售,,体育用品,1.0,1.0,0.85,0.1111
梓潼县天空体育文化传播有限公司,8912,体育管理,0.2125,0.85,否,,1,0,,体育保障组织,,0.0,0.0,0.85,0.0
梓潼县梓嘉拓展训练有限公司,8930,健身休闲,0.2125,0.85,否,,1,0,,健身休闲,,0.0,0.0,0.85,0.0
梓潼常奄迈砷办公用品有限公司,5142,体育用品,0.8736,0.95,否,,1,1,体育用品批发,,体育用品批发,1.0,1.0,0.85,0.1111
梓潼县森塬渔具店,5142,体育用品,0.8736,0.95,否,,1,1,渔具批发,,渔具,1.0,1.0,0.85,0.1111
梓潼橙智星体育场馆管理有限公司,8921,体育场馆,0.8736,0.95,否,,1,1,体育场地设施管理服务,,体育场地设施,1.0,1.0,0.85,0.1111
绵阳两弹城益民体育场馆管理有限公司,8921,体育场馆,0.8736,0.95,否,,1,1,体育馆服务,,体育馆,1.0,1.0,0.85,0.1111
梓潼县奥冠体育培训学校有限公司,8392,体育培训,0.2125,0.85,否,,1,0,,健身培训,,0.0,0.0,0.85,0.0
四川帝乡茂叶户外拓展有限公司,8930,健身休闲,0.2125,0.85,否,,1,0,,健身休闲活动,,0.0,0.0,0.85,0.0
梓潼九千里体育用品有限公司,5142,体育用品,0.8736,0.95,否,,1,1,批发体育用品,,体育用品,1.0,1.0,0.85,0.1111
梓潼佳适宝健身服务有限责任公司,8930,健身休闲,0.2125,0.85,否,,1,0,,健身休闲活动,,0.0,0.0,0.85,0.0
威海神征户外装备有限公司,5242,体育用品,0.8736,0.95,否,,1,1,体育用品及器材零售,,体育用品,1.0,1.0,0.85,0.1111
梓潼特玛仕拓展训练有限公司,8930,健身休闲,0.8736,0.95,否,,1,1,健身服务,,健身服务,1.0,1.0,0.85,0.1111
梓潼县素卿功体育设施工程有限公司,4892,体育场馆,0.8736,0.95,否,,1,1,体育场地施工,,体育场地,1.0,1.0,0.85,0.1111
梓潼县兵长卿建筑有限公司,4892,体育场馆,0.8736,0.95,否,,1,1,体育设施工程施工,,体育设施,1.0,1.0,0.85,0.1111
梓潼县卿全部署体育设施工程有限公司,4892,体育场馆,0.8736,0.95,否,,1,1,体育场地设施工程施工,,体育场地设施,1.0,1.0,0.85,0.1111
梓潼县卿住两体育设施工程有限公司,4892,体育场馆,0.8736,0.95,否,,1,1,体育场地设施工程施工,,体育场地设施,1.0,1.0,0.85,0.1111
梓潼县碧卿全体育设施工程有限公司,4892,体育场馆,0.8736,0.95,否,,1,1,体育场地设施工程施工,,体育场地设施,1.0,1.0,0.85,0.1111
梓潼县远卿蒲体育设施工程有限公司,4892,体育场馆,0.8736,0.95,否,,1,1,体育场地设施工程建设,,体育场地设施,1.0,1.0,0.85,0.1111
梓潼县皇渔卿渔具有限公司,5142,体育用品,0.8736,0.95,否,,1,1,渔具批发,,渔具,1.0,1.0,0.85,0.1111
梓潼县绍均体育设施工程有限公司,4892,体育场馆,0.8736,0.95,否,,1,1,体育场地设施工程,,体育场地设施,1.0,1.0,0.85,0.1111
梓潼县送卿坤体育设施工程有限公司,4892,体育场馆,0.8736,0.95,否,,1,1,体育场地工程施工,,体育场地,1.0,1.0,0.85,0.1111
梓潼县卿几建体育设施工程有限公司,4892,体育场馆,0.8736,0.95,否,,1,1,体育场地设施工程施工,,体育场地设施,1.0,1.0,0.85,0.1111
梓潼县志噶元体育设施工程有限公司,4991,体育用品,0.6611,0.9,是,纯跨界（行业代码非体育，文本有体育业务）,1,1,体育器材安装,,体育器材,1.0,1.0,0.0,0.1111
梓潼县冲卿兴体育设施工程有限公司,4892,体育场馆,0.8736,0.95,否,,1,1,体育场地设施工程施工,,体育场地设施,1.0,1.0,0.85,0.1111
梓潼县蒲富卿卿体育设施工程有限公司,4892,体育场馆,0.8736,0.95,否,,1,1,体育场地设施工程施工,,体育场地设施,1.0,1.0,0.85,0.1111
梓潼县祖博文梅体育设施工程有限公司,4892,体育场馆,0.8736,0.95,否,,1,1,体育场地施工,,体育场地,1.0,1.0,0.85,0.1111
梓潼县兆铬农业有限责任公司,1821,体育用品,0.2125,0.85,否,,1,0,,针织衫加工,,0.0,0.0,0.85,0.0
梓潼羊远清渔具有限公司,5242,体育用品,0.8736,0.95,否,,1,1,渔具零售,,渔具,1.0,1.0,0.85,0.1111
绵阳金石健身服务有限公司,8930,健身休闲,0.2125,0.85,否,,1,0,,健身休闲活动,,0.0,0.0,0.85,0.0
绵阳逐梦者体育文化传播有限公司,8911,体育管理,0.2125,0.85,否,,1,0,,nan,,0.0,0.0,0.85,0.0
北川海洋贝贝健身服务有限公司,8392,体育培训,0.8736,0.95,否,,1,1,游泳培训,,游泳培训,1.0,1.0,0.85,0.1111
四川云朵羌狼户外拓展有限责任公司,8930,健身休闲,0.2125,0.85,否,,1,0,,健身休闲服务,,0.0,0.0,0.85,0.0
北川鹰嘴岩旅游开发有限公司,8930,健身休闲,0.2125,0.85,否,,1,0,,旅游飘流服务,,0.0,0.0,0.85,0.0
北川县神禹大峡谷漂流服务有限公司,8930,健身休闲,0.8736,0.95,否,,1,1,旅游漂流服务,,漂流,1.0,1.0,0.85,0.1111
平武县立美健身服务有限公司,8930,健身休闲,0.8736,0.95,否,,1,1,健身服务,,健身服务,1.0,1.0,0.85,0.1111
平武县锐乐健身服务有限公司,8930,健身休闲,0.2125,0.85,否,,1,0,,举办健身休闲活动,,0.0,0.0,0.85,0.0
绵阳市逐梦滕飞体育文化传播有限公司,8911,体育赛事,0.8736,0.95,否,,1,1,体育竞赛服务,,体育竞赛,1.0,1.0,0.85,0.1111
四川兴武农业科技有限公司,8930,健身休闲,0.8736,0.95,否,,1,1,户外漂流,,漂流,1.0,1.0,0.85,0.1111
四川百宠千虫生物科技有限公司,8392,健身休闲,0.8736,0.95,否,,1,1,户外运动拓展训练,,户外运动,1.0,1.0,0.85,0.1111
四川尚动体育有限公司,8392,体育培训,0.2125,0.85,否,,1,0,,体育训练指导,,0.0,0.0,0.85,0.0
绵阳悠氧健身服务有限公司,8930,健身休闲,0.2125,0.85,否,,1,0,,nan,,0.0,0.0,0.85,0.0
四川流浪者足球俱乐部有限公司,8911,体育管理,0.2125,0.85,否,,1,0,,足球赛事组织,,0.0,0.0,0.85,0.0
四川省海聚达体育科技有限公司,8921,体育场馆,0.8736,0.95,否,,1,1,体育场地维护运营,,体育场地,1.0,1.0,0.85,0.1111
四川觅麓氧舱体育发展有限公司,8930,健身休闲,0.2125,0.85,否,,1,0,,体育健身,,0.0,0.0,0.85,0.0
四川强文体育文化发展有限公司,5142,体育用品,0.8736,0.95,否,,1,1,体育用品批发,,体育用品批发,1.0,1.0,0.85,0.1111
绵阳好多多文化科技有限公司,5242,体育用品,0.8736,0.95,否,,1,1,体育用品零售,,体育用品零售,1.0,1.0,0.85,0.1111
绵阳三好瑜伽健身有限公司,8930,健身休闲,0.8736,0.95,否,,1,1,瑜伽健身,,瑜伽,1.0,1.0,0.85,0.1111
四川沐米科技有限公司,1811,体育用品,0.6611,0.9,是,纯跨界（行业代码非体育，文本有体育业务）,1,1,运动服装制造,,运动服装,1.0,1.0,0.0,0.1111
四川浩宇众科商贸有限公司,5242,体育用品,0.8736,0.95,否,,1,1,体育用品零售,,体育用品零售,1.0,1.0,0.85,0.1111
四川新跃橙健身服务有限责任公司,8930,健身休闲,0.2125,0.85,否,,1,0,,健身休闲服务,,0.0,0.0,0.85,0.0
四川同英会体育发展有限公司,8392,体育培训,0.2125,0.85,否,,1,0,,体育运动训练指导服务,,0.0,0.0,0.85,0.0
绵阳九州文体设备有限公司,5142,体育用品,0.8736,0.95,否,,1,1,体育用品批发,,体育用品批发,1.0,1.0,0.85,0.1111
绵阳聚星体育文化推广有限责任公司,8392,体育培训,0.8736,0.95,否,,1,1,体育培训,,体育培训,1.0,1.0,0.85,0.1111
绵阳英菲体育文化发展有限公司,8992,健身休闲,0.6611,0.9,是,纯跨界（行业代码非体育，文本有体育业务）,1,1,体育健身服务,,健身服务,1.0,1.0,0.0,0.1111
绵阳桌尔体育文化传播有限公司,8992,健身休闲,0.6611,0.9,是,纯跨界（行业代码非体育，文本有体育业务）,1,1,体育健身服务,,健身服务,1.0,1.0,0.0,0.1111
绵阳新投体育发展有限公司,8911,体育管理,0.2125,0.85,否,,1,0,,体育运动组织,,0.0,0.0,0.85,0.0
绵阳海琴体育科技有限公司,8930,健身休闲,0.2125,0.85,否,,1,0,,健身休闲活动,,0.0,0.0,0.85,0.0
绵阳市布鲁斯休闲健身有限公司,8930,健身休闲,0.8736,0.95,否,,1,1,休闲健身服务,,健身服务,1.0,1.0,0.85,0.1111
四川巴布体育文化传播有限公司,8392,体育培训,0.8736,0.95,否,,1,1,游泳培训,,游泳培训,1.0,1.0,0.85,0.1111
四川启美实业集团有限公司,8930,健身休闲,0.8736,0.95,否,,1,1,健身服务,,健身服务,1.0,1.0,0.85,0.1111
绵阳五公里健身有限公司,8930,健身休闲,0.8736,0.95,否,,1,1,健身服务,,健身服务,1.0,1.0,0.85,0.1111
绵阳顶呱呱体育服务有限公司,8392,健身休闲,0.8736,0.95,否,,1,1,游泳健身培训,,游泳,1.0,1.0,0.85,0.1111
四川起跑线健身服务有限公司,8930,健身休闲,0.8736,0.95,否,,1,1,健身服务,,健身服务,1.0,1.0,0.85,0.1111
四川美慧体育文化发展有限责任公司,9052,体育赛事,0.6611,0.9,是,纯跨界（行业代码非体育，文本有体育业务）,1,1,体育赛事策划,,赛事策划,1.0,1.0,0.0,0.1111
四川能量守恒体育发展有限公司,8911,体育赛事,0.8736,0.95,否,,1,1,体育竞赛策划,,体育竞赛,1.0,1.0,0.85,0.1111
四川轻悦文化传播有限公司,8930,健身休闲,0.8736,0.95,否,,1,1,健身服务,,健身服务,1.0,1.0,0.85,0.1111
四川活力猫体育文化发展有限公司,8911,体育赛事,0.8736,0.95,否,,1,1,体育赛事组织,,体育赛事,1.0,1.0,0.85,0.1111
绵阳市清一瑜伽健身有限公司,8930,健身休闲,0.8736,0.95,否,,1,1,瑜伽教学服务,,瑜伽,1.0,1.0,0.85,0.1111
绵阳沸点商贸有限公司,5242,体育用品,0.8736,0.95,否,,1,1,体育器材零售,,体育器材,1.0,1.0,0.85,0.1111
绵阳市经纬体育文化发展有限公司,8930,健身休闲,0.8736,0.95,否,,1,1,健身服务,,健身服务,1.0,1.0,0.85,0.1111
四川金狼王体育文化发展有限责任公司,8392,体育培训,0.8736,0.95,否,,1,1,篮球培训,,篮球培训,1.0,1.0,0.85,0.1111
四川凡腾体育文化传播有限公司,8392,体育用品,0.8736,0.95,否,,1,1,网球教学,,网球,1.0,1.0,0.85,0.1111
绵阳叁生涛体育文化传播有限责任公司,8930,健身休闲,0.8736,0.95,否,,1,1,健身服务,,健身服务,1.0,1.0,0.85,0.1111
四川省梦之尚体育文化传播有限公司,8392,体育用品,0.8736,0.95,否,,1,1,网球服务,,网球,1.0,1.0,0.85,0.1111
绵阳康力体育设备有限公司,5142,体育用品,0.8736,0.95,否,,1,1,体育设备批发,,体育设备,1.0,1.0,0.85,0.1111
绵阳瀚垚体育文化活动有限责任公司,8930,健身休闲,0.2125,0.85,否,,1,0,,健身活动,,0.0,0.0,0.85,0.0
四川悠然客渔具有限公司,5242,体育用品,0.8736,0.95,否,,1,1,渔具零售,,渔具,1.0,1.0,0.85,0.1111
绵阳超越健身有限公司,8930,健身休闲,0.8736,0.95,否,,1,1,健身服务,,健身服务,1.0,1.0,0.85,0.1111
四川省瑜界文化传播有限公司,8930,健身休闲,0.8736,0.95,否,,1,1,瑜伽健身服务,,瑜伽; 健身服务,1.0,1.0,0.85,0.1111
四川纽勒维尔体育发展有限公司,8392,体育用品,0.8736,0.95,否,,1,1,篮球教学,,篮球,1.0,1.0,0.85,0.1111
绵阳强全体育文化发展有限公司,8392,健身休闲,0.8736,0.95,否,,1,1,游泳教学,,游泳,1.0,1.0,0.85,0.1111
绵阳心知瑜舍瑜伽有限公司,8930,健身休闲,0.8736,0.95,否,,1,1,瑜伽健身休闲活动,,瑜伽,1.0,1.0,0.85,0.1111
四川瑞美体育设备有限公司,4892,体育场馆,0.8736,0.95,否,,1,1,学校体育场地施工,,体育场地,1.0,1.0,0.85,0.1111
四川澳小优文化传播有限公司,8392,体育培训,0.8736,0.95,否,,1,1,游泳培训,,游泳培训,1.0,1.0,0.85,0.1111
四川睦雅教育管理有限公司,8392,体育培训,0.2125,0.85,否,,1,0,,艺体培训服务,,0.0,0.0,0.85,0.0
绵阳高新区龙霆世尧体育培训学校有限公司,8392,体育培训,0.8736,0.95,否,,1,1,体育培训,,体育培训,1.0,1.0,0.85,0.1111
四川鲸锐足球俱乐部有限公司,5242,体育用品,0.8736,0.95,否,,1,1,足球相关产品零售,,足球,1.0,1.0,0.85,0.1111
四川省嘉卉商贸有限公司,5242,体育用品,0.8736,0.95,否,,1,1,零售渔具,,渔具,1.0,1.0,0.85,0.1111
绵阳万升通户外运动用品有限公司,5242,体育用品,0.8736,0.95,否,,1,1,体育用品零售,,体育用品零售,1.0,1.0,0.85,0.1111
绵阳劲奥体育发展有限公司,9052,体育赛事,0.6611,0.9,是,纯跨界（行业代码非体育，文本有体育业务）,1,1,体育赛事策划,,赛事策划,1.0,1.0,0.0,0.1111
绵阳靓彩体育工程有限公司,5142,体育用品,0.8736,0.95,否,,1,1,体育用品批发,,体育用品批发,1.0,1.0,0.85,0.1111
绵阳乐武极一体育文化传播有限公司,8930,健身休闲,0.2125,0.85,否,,1,0,,健身休闲活动,,0.0,0.0,0.85,0.0
四川刀锋体育文化传播有限公司,8392,体育培训,0.8736,0.95,否,,1,1,体育培训,,体育培训,1.0,1.0,0.85,0.1111
绵阳兄弟联手文体设备有限公司,5242,体育用品,0.8736,0.95,否,,1,1,体育用品及器材零售,,体育用品,1.0,1.0,0.85,0.1111
绵阳市步行者体育器材有限公司,5242,体育用品,0.8736,0.95,否,,1,1,体育器材零售,,体育器材,1.0,1.0,0.85,0.1111
绵阳齐云社体育发展有限公司,8921,体育场馆,0.8736,0.95,否,,1,1,体育场馆经营,,体育场馆,1.0,1.0,0.85,0.1111
绵阳市花隐瑜文化传媒有限公司,8930,健身休闲,0.2125,0.85,否,,1,0,,健身休闲活动,,0.0,0.0,0.85,0.0
四川省伽瑜何既文化有限公司,8930,健身休闲,0.2125,0.85,否,,1,0,,健身活动,,0.0,0.0,0.85,0.0
四川千皓体育设施有限公司,5242,体育用品,0.8736,0.95,否,,1,1,体育器材零售,,体育器材,1.0,1.0,0.85,0.1111
绵阳瀚威体育文化发展有限公司,8911,体育管理,0.2125,0.85,否,,1,0,,体育运动组织,,0.0,0.0,0.85,0.0
四川锐博健身服务有限公司,8930,健身休闲,0.8736,0.95,否,,1,1,健身服务,,健身服务,1.0,1.0,0.85,0.1111
绵阳积力拓展运动有限公司,8392,体育用品,0.8736,0.95,否,,1,1,篮球技术指导,,篮球,1.0,1.0,0.85,0.1111
绵阳尤舞文化艺术有限公司,8930,健身休闲,0.2125,0.85,否,,1,0,,健身休闲活动,,0.0,0.0,0.85,0.0
四川亿韦体育文化传播有限公司,8930,健身休闲,0.2125,0.85,否,,1,0,,拓展活动,,0.0,0.0,0.85,0.0
绵阳青巢体育文化传播有限公司,8392,体育培训,0.2125,0.85,否,,1,0,,体育运动训练指导服务,,0.0,0.0,0.85,0.0
四川同一体育文化传播有限公司,8392,体育培训,0.8736,0.95,否,,1,1,网球培训服务,,网球培训,1.0,1.0,0.85,0.1111
四川蜀匠明泓体育发展有限公司,8911,体育赛事,0.8736,0.95,否,,1,1,体育竞赛组织服务,,体育竞赛,1.0,1.0,0.85,0.1111
四川祥虎体育文化发展有限公司,5242,体育用品,0.8736,0.95,否,,1,1,体育用品零售,,体育用品零售,1.0,1.0,0.85,0.1111
绵阳聚梦梵星体育科技有限公司,8911,体育赛事,0.8736,0.95,否,,1,1,体育竞赛组织,,体育竞赛,1.0,1.0,0.85,0.1111
四川倍特健身服务有限公司,8930,健身休闲,0.2125,0.85,否,,1,0,,健身休闲活动,,0.0,0.0,0.85,0.0
绵阳尚羽体育发展有限公司,8930,健身休闲,0.2125,0.85,否,,1,0,,体育健身,,0.0,0.0,0.85,0.0
四川东悦医疗器械有限公司,5142,体育用品,0.2125,0.85,否,,1,0,,医疗用品及器材批发,,0.0,0.0,0.85,0.0
四川祺祉体育俱乐部有限责任公司,8930,健身休闲,0.2125,0.85,否,,1,0,,健身休闲活动,,0.0,0.0,0.85,0.0
绵阳市恒屹斯体育文化传播有限责任公司,8921,体育场馆,0.8736,0.95,否,,1,1,体育场地运一营,,体育场地,1.0,1.0,0.85,0.1111
绵阳赛鑫美途户外运动有限公司,8930,健身休闲,0.2125,0.85,否,,1,0,,健身休闲活动,,0.0,0.0,0.85,0.0
绵阳市劲美健身有限责任公司,8930,健身休闲,0.8736,0.95,否,,1,1,健身服务,,健身服务,1.0,1.0,0.85,0.1111
四川光彩足球俱乐部有限公司,8911,体育赛事,0.8736,0.95,否,,1,1,体育竞赛,,体育竞赛,1.0,1.0,0.85,0.1111
四川一武德武武术文化传播有限公司,8911,体育赛事,0.8736,0.95,否,,1,1,体育竞赛组织,,体育竞赛,1.0,1.0,0.85,0.1111
四川丞言体育俱乐部有限公司,8919,体育管理,0.2125,0.85,否,,1,0,,体育训练指导服务,,0.0,0.0,0.85,0.0
绵阳文勇体育文化有限公司,8392,体育培训,0.2125,0.85,否,,1,0,,体育训练指导服务,,0.0,0.0,0.85,0.0
绵阳行迹体育文化发展有限公司,5242,体育用品,0.8736,0.95,否,,1,1,体育用品零售,,体育用品零售,1.0,1.0,0.85,0.1111
绵阳上婵瑜伽健身有限责任公司,8930,健身休闲,0.8736,0.95,否,,1,1,瑜伽服务,,瑜伽,1.0,1.0,0.85,0.1111
绵阳极限健身服务有限公司,8392,体育培训,0.8736,0.95,否,,1,1,游泳培训,,游泳培训,1.0,1.0,0.85,0.1111
四川悦己瑜伽健身有限公司,8930,健身休闲,0.8736,0.95,否,,1,1,瑜伽服务,,瑜伽,1.0,1.0,0.85,0.1111
四川国骏熙电子商务有限公司,5242,体育用品,0.2125,0.85,否,,1,0,,户外用品零售,,0.0,0.0,0.85,0.0
四川安菡科技有限公司,5142,体育用品,0.2125,0.85,否,,1,0,,户外用品批发,,0.0,0.0,0.85,0.0
绵阳市喜淘电子商务有限责任公司,5142,体育用品,0.2125,0.85,否,,1,0,,户外用品批发,,0.0,0.0,0.85,0.0
绵阳动能健身有限责任公司,8930,健身休闲,0.2125,0.85,否,,1,0,,健身体闲活动,,0.0,0.0,0.85,0.0
绵阳奥威体育发展有限公司,8392,体育培训,0.8736,0.95,否,,1,1,体育培训,,体育培训,1.0,1.0,0.85,0.1111
绵阳蝉丫瑜伽健身有限公司,8930,健身休闲,0.8736,0.95,否,,1,1,健身服务,,健身服务,1.0,1.0,0.85,0.1111
绵阳博道体育健身运动馆,8930,健身休闲,0.2125,0.85,否,,1,0,,健身运动活动运营,,0.0,0.0,0.85,0.0
绵阳星火体育文化发展有限公司,8919,体育管理,0.2125,0.85,否,,1,0,,体育活动组织,,0.0,0.0,0.85,0.0
四川玖拓体育发展有限公司,5242,体育用品,0.8736,0.95,否,,1,1,体育用品零售,,体育用品零售,1.0,1.0,0.85,0.1111
四川嘉熙文化传播有限公司,9052,体育赛事,0.6611,0.9,是,纯跨界（行业代码非体育，文本有体育业务）,1,1,组织体育表演活动,,体育表演,1.0,1.0,0.0,0.1111
四川麒兵军文教育科技有限公司,8930,健身休闲,0.2125,0.85,否,,1,0,,健身休闲活动,,0.0,0.0,0.85,0.0
四川尤本瑜伽健身有限公司,8930,健身休闲,0.2125,0.85,否,,1,0,,健身活动,,0.0,0.0,0.85,0.0
四川六优体育文化发展有限公司,8392,体育培训,0.8736,0.95,否,,1,1,体育培训,,体育培训,1.0,1.0,0.85,0.1111
绵阳倍斯特文化传播有限公司,8930,健身休闲,0.8736,0.95,否,,1,1,健身服务,,健身服务,1.0,1.0,0.85,0.1111
绵阳明翔信鸽俱乐部有限公司,8919,体育管理,0.2125,0.85,否,,1,0,,信鸽参赛服务,,0.0,0.0,0.85,0.0
绵阳浩来晋美健身服务有限公司,8930,健身休闲,0.2125,0.85,否,,1,0,,健身休闲活动,,0.0,0.0,0.85,0.0
四川前沿体育发展有限公司,8921,体育场馆,0.8736,0.95,否,,1,1,体育场地设施经营,,体育场地设施,1.0,1.0,0.85,0.1111
绵阳全速体育俱乐部有限公司,8911,体育管理,0.2125,0.85,否,,1,0,,摩托车运动俱乐部,,0.0,0.0,0.85,0.0
绵阳倒湾沟马术俱乐部有限公司,8930,健身休闲,0.8736,0.95,否,,1,1,马术服务,,马术,1.0,1.0,0.85,0.1111
四川鼎皓体育发展有限公司,8921,体育场馆,0.8736,0.95,否,,1,1,体育场地设施经营,,体育场地设施,1.0,1.0,0.85,0.1111
四川科迈体育俱乐部有限公司,8392,体育培训,0.2125,0.85,否,,1,0,,教育培训,,0.0,0.0,0.85,0.0
四川槿诚商贸有限公司,5242,体育用品,0.8736,0.95,否,,1,1,体育用品零售,,体育用品零售,1.0,1.0,0.85,0.1111
绵阳晋鹏文化科技有限公司,8392,体育培训,0.2125,0.85,否,,1,0,,体育运动训练指导服务,,0.0,0.0,0.85,0.0
四川山上城体育文化发展有限公司,5242,体育用品,0.8736,0.95,否,,1,1,体育用品及器材零售,,体育用品,1.0,1.0,0.85,0.1111
绵阳晓游城南体育发展有限公司,8930,健身休闲,0.2125,0.85,否,,1,0,,高危型体育运动,,0.0,0.0,0.85,0.0
四川翎辉天泽体育文化传播有限公司,8911,体育赛事,0.8736,0.95,否,,1,1,体育竞赛组织,,体育竞赛,1.0,1.0,0.85,0.1111
四川飞越篮徒体育文化发展有限公司,8392,体育培训,0.8736,0.95,否,,1,1,篮球培训,,篮球培训,1.0,1.0,0.85,0.1111
绵阳弈之味体育文化传播有限公司,8911,体育赛事,0.8736,0.95,否,,1,1,体育赛事策划,,赛事策划,1.0,1.0,0.85,0.1111
绵阳市爱乐文化传播有限公司,8930,健身休闲,0.2125,0.85,否,,1,0,,健身休闲,,0.0,0.0,0.85,0.0
绵阳全明星体育文化传播有限公司,9052,体育赛事,0.6611,0.9,是,纯跨界（行业代码非体育，文本有体育业务）,1,1,体育赛事策划,,赛事策划,1.0,1.0,0.0,0.1111
四川潇博健身服务有限公司,8930,健身休闲,0.2125,0.85,否,,1,0,,健身休闲活动服务,,0.0,0.0,0.85,0.0
绵阳叁分体育有限责任公司,8911,体育管理,0.2125,0.85,否,,1,0,,体育运动训练指导服务,,0.0,0.0,0.85,0.0
绵阳鑫鹏体育运动服务有限公司,5242,体育用品,0.8736,0.95,否,,1,1,体育用品及器材零售,,体育用品,1.0,1.0,0.85,0.1111
四川肆为志体育文化传播有限公司,5142,体育用品,0.8736,0.95,否,,1,1,体育用品批发,,体育用品批发,1.0,1.0,0.85,0.1111
绵阳骐骥体育文化发展有限公司,5242,体育用品,0.8736,0.95,否,,1,1,体育器材零售,,体育器材,1.0,1.0,0.85,0.1111
绵阳市经开区世超体育培训学校有限公司,8392,体育培训,0.8736,0.95,否,,1,1,体育培训,,体育培训,1.0,1.0,0.85,0.1111
绵阳市力宛健身器材销售有限责任公司,5142,体育用品,0.8736,0.95,否,,1,1,体育用品批发,,体育用品批发,1.0,1.0,0.85,0.1111
绵阳市经开区艺晞文化传播有限公司,8930,健身休闲,0.2125,0.85,否,,1,0,,健身休闲服务,,0.0,0.0,0.85,0.0
四川博训体育文化传播有限公司,8392,体育培训,0.8736,0.95,否,,1,1,体育培训服务,,体育培训,1.0,1.0,0.85,0.1111
四川嘉龙文旅有限公司,8392,体育培训,0.8736,0.95,否,,1,1,体育培训服务,,体育培训,1.0,1.0,0.85,0.1111
绵阳泷湾体育发展有限公司,8921,体育场馆,0.2125,0.85,否,,1,0,,文体活动管理服务,,0.0,0.0,0.85,0.0
绵阳逐涛游泳馆有限责任公司,8921,健身休闲,0.8736,0.95,否,,1,1,室内恒温游泳服务,,游泳,1.0,1.0,0.85,0.1111
四川创造门渔具有限责任公司,2449,体育用品,0.8736,0.95,否,,1,1,渔具生产,,渔具,1.0,1.0,0.85,0.1111
四川楠搏体育文化传播有限公司,8911,体育管理,0.2125,0.85,否,,1,0,,体育策划组织服务,,0.0,0.0,0.85,0.0
绵阳张郡瑜伽健身有限公司,8930,健身休闲,0.8736,0.95,否,,1,1,健身服务,,健身服务,1.0,1.0,0.85,0.1111
绵阳青雲体育文化发展有限责任公司,8930,健身休闲,0.2125,0.85,否,,1,0,,体育健身,,0.0,0.0,0.85,0.0
四川王迪体育文化传播有限公司,8930,健身休闲,0.2125,0.85,否,,1,0,,卡丁车体验服务,,0.0,0.0,0.85,0.0
绵阳汇江海体育文化传播有限责任公司,8930,体育管理,0.8736,0.95,否,,1,1,健身体育服务,,体育服务,1.0,1.0,0.85,0.1111
绵阳鲨鱼力量健身有限公司,8930,健身休闲,0.8736,0.95,否,,1,1,健身服务,,健身服务,1.0,1.0,0.85,0.1111
四川斯塔瑞健身管理有限公司,5242,体育用品,0.8736,0.95,否,,1,1,体育器材零售,,体育器材,1.0,1.0,0.85,0.1111
四川旭力胜体育文化传播有限公司,9052,体育赛事,0.6611,0.9,是,纯跨界（行业代码非体育，文本有体育业务）,1,1,体育表演活动组织,,体育表演,1.0,1.0,0.0,0.1111
四川萨芬娜商贸有限公司,5242,体育用品,0.8736,0.95,否,,1,1,体育用品零售,,体育用品零售,1.0,1.0,0.85,0.1111
绵阳飞漾休闲健身有限公司,8930,健身休闲,0.8736,0.95,否,,1,1,健身服务,,健身服务,1.0,1.0,0.85,0.1111
绵阳奥辰足球俱乐部有限公司,8911,体育赛事,0.8736,0.95,否,,1,1,体育竞赛组织,,体育竞赛,1.0,1.0,0.85,0.1111
四川瀚艺鼎跃文化传播有限公司,8919,体育管理,0.8736,0.95,否,,1,1,体育组织服务,,体育组织,1.0,1.0,0.85,0.1111
绵阳梵一瑜伽健身有限公司,8930,健身休闲,0.2125,0.85,否,,1,0,,健身休闲活动,,0.0,0.0,0.85,0.0
四川米瑞柯商贸有限公司,5242,体育用品,0.8736,0.95,否,,1,1,体育用品零售,,体育用品零售,1.0,1.0,0.85,0.1111
绵阳誉萌体育文化传播有限公司,8919,体育管理,0.8736,0.95,否,,1,1,互联网体育服务,,体育服务,1.0,1.0,0.85,0.1111
四川虎鲨体育有限公司,8930,健身休闲,0.2125,0.85,否,,1,0,,健身休闲活动,,0.0,0.0,0.85,0.0
绵阳好运体育运动有限公司,8930,健身休闲,0.8736,0.95,否,,1,1,水上运动服务,,水上运动,1.0,1.0,0.85,0.1111
绵阳市五二零户外运动有限公司,8930,健身休闲,0.2125,0.85,否,,1,0,,健身休闲活动,,0.0,0.0,0.85,0.0
四川省自由侠户外运动有限责任公司,8930,健身休闲,0.2125,0.85,否,,1,0,,健身休闲活动,,0.0,0.0,0.85,0.0
绵阳悦钓体育文化发展有限公司,5242,体育用品,0.8736,0.95,否,,1,1,渔具零售,,渔具,1.0,1.0,0.85,0.1111
绵阳猎鹰拓展训练有限公司,8930,健身休闲,0.2125,0.85,否,,1,0,,拓展训练,,0.0,0.0,0.85,0.0
江油市冰雪萌动体育文化发展有限公司,8930,体育场馆,0.8736,0.95,否,,1,1,滑冰场服务,,滑冰场,1.0,1.0,0.85,0.1111
四川纵眺体育文化发展有限公司,9052,体育赛事,0.6611,0.9,是,纯跨界（行业代码非体育，文本有体育业务）,1,1,体育表演服务,,体育表演,1.0,1.0,0.0,0.1111
四川鸿鹄耕渔商贸有限公司,5242,体育用品,0.8736,0.95,否,,1,1,体育用品零售,,体育用品零售,1.0,1.0,0.85,0.1111
四川绿翼鲸鲨户外拓展有限公司,8930,健身休闲,0.2125,0.85,否,,1,0,,拓展服务,,0.0,0.0,0.85,0.0
江油博玮卓体育发展有限公司,8999,体育用品,0.6611,0.9,是,纯跨界（行业代码非体育，文本有体育业务）,1,1,体育用品批发,,体育用品批发,1.0,1.0,0.0,0.1111
江油市正标体育培训学校有限公司,8392,体育培训,0.8736,0.95,否,,1,1,体育教育培训,,体育教育,1.0,1.0,0.85,0.1111
江油鸿飞体育文化发展有限公司,8911,体育赛事,0.8736,0.95,否,,1,1,体育竞赛组织,,体育竞赛,1.0,1.0,0.85,0.1111
四川义雨堂体育文化发展有限公司,8911,体育赛事,0.8736,0.95,否,,1,1,体育竞赛组织,,体育竞赛,1.0,1.0,0.85,0.1111
江油市家里顽健身有限责任公司,8930,健身休闲,0.2125,0.85,否,,1,0,,健身培训服务,,0.0,0.0,0.85,0.0
绵阳市实况体育文化发展有限责任公司,7122,体育用品,0.6611,0.9,是,纯跨界（行业代码非体育，文本有体育业务）,1,1,体育设备用品出租,,体育设备,1.0,1.0,0.0,0.1111
江油市明辉体育文化传播有限公司,8911,体育赛事,0.8736,0.95,否,,1,1,体育竞赛组织,,体育竞赛,1.0,1.0,0.85,0.1111
江油市尼比鲁健身服务有限责任公司,8392,体育培训,0.8736,0.95,否,,1,1,体育培训,,体育培训,1.0,1.0,0.85,0.1111
江油山地精英体育文化有限公司,8919,体育管理,0.8736,0.95,否,,1,1,体育组织,,体育组织,1.0,1.0,0.85,0.1111
江油市本伟体育俱乐部个人独资,8930,健身休闲,0.2125,0.85,否,,1,0,,休闲健身活动,,0.0,0.0,0.85,0.0
绵阳市大千科技有限公司,5142,体育用品,0.8736,0.95,否,,1,1,体育用品批发,,体育用品批发,1.0,1.0,0.85,0.1111
四川睿力虎体育文化传播有限公司,8392,体育培训,0.8736,0.95,否,,1,1,跆拳道培训,,跆拳道培训,1.0,1.0,0.85,0.1111
四川小月亮文化传播有限公司,7246,体育管理,0.6611,0.9,是,纯跨界（行业代码非体育，文本有体育业务）,1,1,体育咨询,,体育咨询,1.0,1.0,0.0,0.1111
江油时空龙游乐有限公司,8912,体育管理,0.2125,0.85,否,,1,0,,游艺娱乐活动,,0.0,0.0,0.85,0.0
江油市漫奢健身服务有限公司,8930,健身休闲,0.2125,0.85,否,,1,0,,健身休闲活动,,0.0,0.0,0.85,0.0
四川骥降空临健身管理有限责任公司,8930,健身休闲,0.8736,0.95,否,,1,1,提供健身服务,,健身服务,1.0,1.0,0.85,0.1111
绵阳市译丹健身服务有限公司,8930,健身休闲,0.2125,0.85,否,,1,0,,室外休闲建身服务,,0.0,0.0,0.85,0.0
绵阳市江油弘业飞腾体育文化发展有限公司,8392,体育培训,0.8736,0.95,否,,1,1,体育培训,,体育培训,1.0,1.0,0.85,0.1111
江油市悠途足迹健身服务有限责任公司,8930,健身休闲,0.8736,0.95,否,,1,1,健身服务,,健身服务,1.0,1.0,0.85,0.1111
江油炫阳道体育文化传播有限公司,8930,健身休闲,0.2125,0.85,否,,1,0,,建身休闲,,0.0,0.0,0.85,0.0
江油市今日体育用品有限公司,5242,体育用品,0.8736,0.95,否,,1,1,体育用品零售,,体育用品零售,1.0,1.0,0.85,0.1111
绵阳市宁格武韵文化传播有限公司,8392,健身休闲,0.8736,0.95,否,,1,1,武术训练,,武术,1.0,1.0,0.85,0.1111
江油市辰超食品有限公司,5242,体育用品,0.8736,0.95,否,,1,1,零售体育器材,,体育器材,1.0,1.0,0.85,0.1111
绵阳趣年记体育发展有限公司,8911,体育管理,0.2125,0.85,否,,1,0,,nan,,0.0,0.0,0.85,0.0
江油市泽明电子科技有限公司,5242,体育用品,0.8736,0.95,否,,1,1,文化体育用品及器材销售,,体育用品,1.0,1.0,0.85,0.1111
四川青运智慧体育文化发展有限公司,8919,体育管理,0.8736,0.95,否,,1,1,体育服务,,体育服务,1.0,1.0,0.85,0.1111
四川力捷晟体育科技有限公司,9052,体育赛事,0.6611,0.9,是,纯跨界（行业代码非体育，文本有体育业务）,1,1,体育赛事策划,,赛事策划,1.0,1.0,0.0,0.1111
绵阳勤朗体育有限责任公司,8911,体育赛事,0.8736,0.95,否,,1,1,体育竞赛组织,,体育竞赛,1.0,1.0,0.85,0.1111
江油市茶然居茶楼有限公司,8930,健身休闲,0.2125,0.85,否,,1,0,,棋牌娱乐服务,,0.0,0.0,0.85,0.0
江油大维体育文化有限公司,9054,体育管理,0.6611,0.9,是,纯跨界（行业代码非体育，文本有体育业务）,1,1,体育组织服务,,体育组织,1.0,1.0,0.0,0.1111
江油市成一龙体育俱乐部有限公司,8392,体育培训,0.8736,0.95,否,,1,1,体育培训,,体育培训,1.0,1.0,0.85,0.1111
四川省建兴健身服务有限责任公司,8392,健身休闲,0.8736,0.95,否,,1,1,武术教学,,武术,1.0,1.0,0.85,0.1111
江油市建兴体育培训学校有限公司,8392,体育培训,0.2125,0.85,否,,1,0,,体育类培训,,0.0,0.0,0.85,0.0
四川自腾科技有限公司,9041,体育彩票,0.6611,0.9,是,纯跨界（行业代码非体育，文本有体育业务）,1,1,体彩零售,,体彩,1.0,1.0,0.0,0.1111
江油市豪驰飞程体育文化发展有限公司,8392,体育培训,0.2125,0.85,否,,1,0,,体育运动训练,,0.0,0.0,0.85,0.0
江油市伯菲健身服务有限公司,8930,健身休闲,0.8736,0.95,否,,1,1,健身服务,,健身服务,1.0,1.0,0.85,0.1111
江油市静一心体育培训学校有限公司,8392,体育培训,0.8736,0.95,否,,1,1,体育教育培训,,体育教育,1.0,1.0,0.85,0.1111
江油天畅科技有限公司,8930,健身休闲,0.2125,0.85,否,,1,0,,棋牌服务,,0.0,0.0,0.85,0.0
四川江油鑫丰茂建材销售有限责任公司,5142,体育用品,0.8736,0.95,否,,1,1,渔具批发,,渔具,1.0,1.0,0.85,0.1111
四川酷力足球俱乐部有限公司,8911,体育赛事,0.8736,0.95,否,,1,1,体育竞赛组织,,体育竞赛,1.0,1.0,0.85,0.1111
绵阳步月登云体育发展有限公司,8930,健身休闲,0.2125,0.85,否,,1,0,,体育健身,,0.0,0.0,0.85,0.0
绵阳禅悦音瑜伽健身有限公司,8930,健身休闲,0.8736,0.95,否,,1,1,健身服务,,健身服务,1.0,1.0,0.85,0.1111
江油市绿茵世代体育文化传播有限公司,8911,体育赛事,0.8736,0.95,否,,1,1,体育竞赛组织,,体育竞赛,1.0,1.0,0.85,0.1111
江油动感倍力健身服务有限公司,8930,健身休闲,0.2125,0.85,否,,1,0,,健身休闲活动,,0.0,0.0,0.85,0.0
江油皇宾雷斯商贸有限公司,5242,体育用品,0.8736,0.95,否,,1,1,体育用品零售,,体育用品零售,1.0,1.0,0.85,0.1111
江油市伦海体育场馆管理有限公司,8930,健身休闲,0.2125,0.85,否,,1,0,,健身休闲活动,,0.0,0.0,0.85,0.0
江油市庚旺兴体育文化传播有限公司,8921,健身休闲,0.8736,0.95,否,,1,1,游泳池经营,,游泳池,1.0,1.0,0.85,0.1111
江油时光泳星游泳俱乐部有限公司,8911,体育培训,0.8736,0.95,否,,1,1,游泳培训,,游泳培训,1.0,1.0,0.85,0.1111
江油市赤金橙水上娱乐有限公司,8392,体育培训,0.8736,0.95,否,,1,1,游泳培训,,游泳培训,1.0,1.0,0.85,0.1111
江油市飞昂麦尔体育发展有限公司,8911,体育赛事,0.8736,0.95,否,,1,1,体育竞赛组织,,体育竞赛,1.0,1.0,0.85,0.1111
江油少强体育文化传播有限责任公司,8911,体育管理,0.2125,0.85,否,,1,0,,组织文化交流活动,,0.0,0.0,0.85,0.0
四川诗城五月丰体育文化发展有限公司,8911,体育用品,0.8736,0.95,否,,1,1,羽毛球,,羽毛球,1.0,1.0,0.85,0.1111
绵阳市总教官文化传播有限公司,8930,健身休闲,0.2125,0.85,否,,1,0,,拓展训练,,0.0,0.0,0.85,0.0
江油市蜀耀体育文化传播有限公司,8911,体育管理,0.2125,0.85,否,,1,0,,体育项目开发,,0.0,0.0,0.85,0.0
江油市奥皇鹰体育文化传播有限公司,8392,体育培训,0.8736,0.95,否,,1,1,篮球培训,,篮球培训,1.0,1.0,0.85,0.1111
江油花儿朵朵体育文化传播有限责任公司,9052,体育赛事,0.6611,0.9,是,纯跨界（行业代码非体育，文本有体育业务）,1,1,体育赛事策划,,赛事策划,1.0,1.0,0.0,0.1111
江油市杉迩弈运动休闲有限公司,8930,体育管理,0.8736,0.95,否,,1,1,器械健身体育俱乐部,,体育俱乐部,1.0,1.0,0.85,0.1111
江油艾芙茜足球俱乐部有限责任公司,9052,体育赛事,0.6611,0.9,是,纯跨界（行业代码非体育，文本有体育业务）,1,1,体育赛事组织,,体育赛事,1.0,1.0,0.0,0.1111
绵阳市科隆巴赫商贸有限公司,5142,体育用品,0.8736,0.95,否,,1,1,体育用品及器材批发,,体育用品,1.0,1.0,0.85,0.1111
四川亿僖渔具有限公司,2449,体育用品,0.8736,0.95,否,,1,1,渔具制造,,渔具,1.0,1.0,0.85,0.1111
江油世外洞天旅游开发有限公司,8930,健身休闲,0.8736,0.95,否,,1,1,漂流娱乐服务,,漂流,1.0,1.0,0.85,0.1111
江油市虹英乐迪娱乐有限公司,8912,体育管理,0.2125,0.85,否,,1,0,,游艺娱乐活动,,0.0,0.0,0.85,0.0
江油市星之梦户外拓展工作室个人独资,8930,健身休闲,0.2125,0.85,否,,1,0,,健身休闲活动,,0.0,0.0,0.85,0.0
江油市中剑体育有限司,7246,体育管理,0.6611,0.9,是,纯跨界（行业代码非体育，文本有体育业务）,1,1,体育咨询,,体育咨询,1.0,1.0,0.0,0.1111
江油市中剑体育有限公司,5242,体育用品,0.8736,0.95,否,,1,1,体育用品零售,,体育用品零售,1.0,1.0,0.85,0.1111
江油市动动乐体育用品销售店个人独资,5242,体育用品,0.8736,0.95,否,,1,1,体育用品及器材零售,,体育用品,1.0,1.0,0.85,0.1111
四川安邻社区服务有限公司,8930,健身休闲,0.2125,0.85,否,,1,0,,健身休闲活动,,0.0,0.0,0.85,0.0
四川越翔畅动体育器材有限公司,2444,体育用品,0.8736,0.95,否,,1,1,体育用品及器材制造,,体育用品,1.0,1.0,0.85,0.1111
江油市久弘飞腾体育发展有限公司,8911,体育赛事,0.8736,0.95,否,,1,1,体育竞赛组织,,体育竞赛,1.0,1.0,0.85,0.1111
四川集结地户外用品销售有限公司,5242,体育用品,0.8736,0.95,否,,1,1,体育用品及器材零售,,体育用品,1.0,1.0,0.85,0.1111
四川江油画屏尚景景区管理有限责任公司,8930,健身休闲,0.2125,0.85,否,,1,0,,户外健身娱乐服务,,0.0,0.0,0.85,0.0
四川猎隼户外用品股份公司,2444,体育用品,0.2125,0.85,否,,1,0,,运动防护用具制造,,0.0,0.0,0.85,0.0
四川省创坤商贸有限公司,5142,体育用品,0.8736,0.95,否,,1,1,体育用品及器材批发,,体育用品,1.0,1.0,0.85,0.1111
四川省天诚领航渔具有限公司,5242,体育用品,0.8736,0.95,否,,1,1,渔具零售,,渔具,1.0,1.0,0.85,0.1111
江油市鹏越体育俱乐部,8930,健身休闲,0.2125,0.85,否,,1,0,,体育项目,,0.0,0.0,0.85,0.0
乐传广元市文化传媒有限责任公司,9052,体育赛事,0.6611,0.9,是,纯跨界（行业代码非体育，文本有体育业务）,1,1,组织体育表演活动,,体育表演,1.0,1.0,0.0,0.1111
广元市冰熊体育培训中心有限公司,8392,体育培训,0.8736,0.95,否,,1,1,体育培训,,体育培训,1.0,1.0,0.85,0.1111
四川省利剑拓展训练有限公司,8930,健身休闲,0.2125,0.85,否,,1,0,,健身休闲活动,,0.0,0.0,0.85,0.0
广元市超星体育培训中心有限公司,8911,体育赛事,0.8736,0.95,否,,1,1,体育竞赛组织,,体育竞赛,1.0,1.0,0.85,0.1111
广元洛梵普拉提瑜伽健身馆（个人独资）,8930,健身休闲,0.2125,0.85,否,,1,0,,健身休闲活动,,0.0,0.0,0.85,0.0
四川茗香苑文化娱乐有限公司,8930,健身休闲,0.2125,0.85,否,,1,0,,健身休闲活动,,0.0,0.0,0.85,0.0
广元老郑商贸有限公司,5242,体育用品,0.8736,0.95,否,,1,1,渔具零售,,渔具,1.0,1.0,0.85,0.1111
广元篮盟体育发展有限公司,8911,体育赛事,0.8736,0.95,否,,1,1,体育竞赛组织,,体育竞赛,1.0,1.0,0.85,0.1111
广元春秋拓展训练有限公司,8930,健身休闲,0.2125,0.85,否,,1,0,,体育拓展训练服务,,0.0,0.0,0.85,0.0
四川金坐标户外运动策划有限公司,8911,体育赛事,0.8736,0.95,否,,1,1,体育竞赛组织,,体育竞赛,1.0,1.0,0.85,0.1111
广元嘉绩拓展训练有限责任公司,8930,健身休闲,0.2125,0.85,否,,1,0,,体验式拓展活动及策划,,0.0,0.0,0.85,0.0
广元梦之拓展有限公司,8930,健身休闲,0.2125,0.85,否,,1,0,,健身休闲活动,,0.0,0.0,0.85,0.0
广元聚兴体育文化传播有限公司,8911,体育管理,0.2125,0.85,否,,1,0,,承办小型竞赛,,0.0,0.0,0.85,0.0
四川欢乐糖体育发展有限公司,5242,体育用品,0.8736,0.95,否,,1,1,体育用品级器材零售,,体育用品,1.0,1.0,0.85,0.1111
四川省军鸿拓展训练有限公司,8930,健身休闲,0.2125,0.85,否,,1,0,,拓展训练服务,,0.0,0.0,0.85,0.0
广元金色篮筐体育发展有限公司,8392,体育培训,0.8736,0.95,否,,1,1,少儿体育培训,,体育培训,1.0,1.0,0.85,0.1111
四川荣杰体育器材有限公司,5242,体育用品,0.8736,0.95,否,,1,1,体育用品及器材零售,,体育用品,1.0,1.0,0.85,0.1111
广元市宇兴商贸有限公司,5242,体育用品,0.8736,0.95,否,,1,1,体育用品零售,,体育用品零售,1.0,1.0,0.85,0.1111
四川超越体育设施工程有限公司,2449,体育用品,0.8736,0.95,否,,1,1,体育用品制造,,体育用品制造,1.0,1.0,0.85,0.1111
广元市文旅体产业发展有限公司,8921,体育场馆,0.8736,0.95,否,,1,1,体育场馆管理服务,,体育场馆,1.0,1.0,0.85,0.1111
四川小零萌体育服务有限公司,8930,健身休闲,0.2125,0.85,否,,1,0,,健身活动,,0.0,0.0,0.85,0.0
广元市禹通商贸有限公司,5242,体育用品,0.8736,0.95,否,,1,1,体育用品器材专门零售,,体育用品,1.0,1.0,0.85,0.1111
四川柒陆捌拓展训练有限公司,8930,健身休闲,0.2125,0.85,否,,1,0,,体能拓展训练服务,,0.0,0.0,0.85,0.0
四川陈炳武术文化传播有限公司,8930,健身休闲,0.2125,0.85,否,,1,0,,健身休闲活动,,0.0,0.0,0.85,0.0
广元翔鹏体育用品经营部,5242,体育用品,0.8736,0.95,否,,1,1,体育用品及器材批发,,体育用品,1.0,1.0,0.85,0.1111
广元市荧朵瑜伽健身有限公司,8930,健身休闲,0.2125,0.85,否,,1,0,,健身休闲活动,,0.0,0.0,0.85,0.0
四川省象屿电子游戏有限责任公司,8912,体育管理,0.2125,0.85,否,,1,0,,游艺娱乐活动,,0.0,0.0,0.85,0.0
广元兴旺体育文化发展有限公司,8930,健身休闲,0.2125,0.85,否,,1,0,,健身休闲活动,,0.0,0.0,0.85,0.0
广元北瀚体育发展有限公司,8392,体育培训,0.8736,0.95,否,,1,1,体育培训,,体育培训,1.0,1.0,0.85,0.1111
广元劲博商贸有限公司,5242,体育用品,0.8736,0.95,否,,1,1,体育用品零售,,体育用品零售,1.0,1.0,0.85,0.1111
广元市利州区潮玩城市风云娱乐中心,8912,体育管理,0.2125,0.85,否,,1,0,,游艺娱乐活动,,0.0,0.0,0.85,0.0
广元市利州区毛毛虫娱乐中心,8912,体育管理,0.2125,0.85,否,,1,0,,游艺娱乐活动,,0.0,0.0,0.85,0.0
广元沸园瑜伽健身有限公司,8930,健身休闲,0.2125,0.85,否,,1,0,,健身休闲活动,,0.0,0.0,0.85,0.0
四川省嘉事锦商贸有限公司,5242,体育用品,0.8736,0.95,否,,1,1,文化体育用品及器材专门零售,,体育用品,1.0,1.0,0.85,0.1111
广元市莱斯体育培训中心有限公司,5242,体育用品,0.8736,0.95,否,,1,1,体育用品零售,,体育用品零售,1.0,1.0,0.85,0.1111
广元市利州区领扬体育培训中心有限公司,7246,体育管理,0.6611,0.9,是,纯跨界（行业代码非体育，文本有体育业务）,1,1,体育咨询,,体育咨询,1.0,1.0,0.0,0.1111
广元弥阳儿童拓展训练有限责任公司,8392,体育培训,0.8736,0.95,否,,1,1,体能训练,,体能训练,1.0,1.0,0.85,0.1111
广元旭成体育发展有限公司,8921,体育场馆,0.8736,0.95,否,,1,1,体育场馆经营,,体育场馆,1.0,1.0,0.85,0.1111
广元市利州区正德体育培训中心有限公司,8392,体育培训,0.8736,0.95,否,,1,1,跆拳道培训,,跆拳道培训,1.0,1.0,0.85,0.1111
四川冰熊体育发展有限公司,9052,体育赛事,0.6611,0.9,是,纯跨界（行业代码非体育，文本有体育业务）,1,1,体育赛事活动策划咨询,,体育赛事,1.0,1.0,0.0,0.1111
广元市旭达体育发展有限公司,8911,体育赛事,0.8736,0.95,否,,1,1,体育竞赛组织,,体育竞赛,1.0,1.0,0.85,0.1111
广元爱尚体育文化有限公司,8930,健身休闲,0.2125,0.85,否,,1,0,,健身休闲活动,,0.0,0.0,0.85,0.0
广元跃高体育发展有限公司,8911,体育赛事,0.8736,0.95,否,,1,1,体育竞赛组织,,体育竞赛,1.0,1.0,0.85,0.1111
广元市利州区贺家班体育培训中心有限公司,8912,体育管理,0.8736,0.95,否,,1,1,体育文化推广,,体育文化,1.0,1.0,0.85,0.1111
广元起航体育发展有限公司,8392,体育培训,0.8736,0.95,否,,1,1,体育培训,,体育培训,1.0,1.0,0.85,0.1111
四川省军誉户外拓展有限公司,8930,健身休闲,0.8736,0.95,否,,1,1,山地户外运动,,户外运动,1.0,1.0,0.85,0.1111
四川概特体育发展有限公司,8392,体育培训,0.8736,0.95,否,,1,1,体育培训服务,,体育培训,1.0,1.0,0.85,0.1111
广元市宗正武道健身服务有限公司,8930,健身休闲,0.8736,0.95,否,,1,1,休闲健身服务,,健身服务,1.0,1.0,0.85,0.1111
广元市利州区积木体育文化推广有限责任公司,8919,体育管理,0.2125,0.85,否,,1,0,,体育类社会服务,,0.0,0.0,0.85,0.0
广元市兴邦拓展训练有限责任公司,8930,健身休闲,0.2125,0.85,否,,1,0,,拓展和学生素质训练,,0.0,0.0,0.85,0.0
四川睿丰恒达企业管理有限公司,5242,体育用品,0.8736,0.95,否,,1,1,体育用品及器材零售,,体育用品,1.0,1.0,0.85,0.1111
广元市天乾体育文化传播有限公司,8911,体育赛事,0.8736,0.95,否,,1,1,体育竞赛组织,,体育竞赛,1.0,1.0,0.85,0.1111
广元金城鑫商贸有限公司,5242,体育用品,0.8736,0.95,否,,1,1,体育用品及器材零售,,体育用品,1.0,1.0,0.85,0.1111
广元达人体育发展有限公司,8911,体育赛事,0.8736,0.95,否,,1,1,体育赛事组织,,体育赛事,1.0,1.0,0.85,0.1111
广元泳腾体育文化发展有限责任公司,8912,体育管理,0.2125,0.85,否,,1,0,,体育保障组织,,0.0,0.0,0.85,0.0
四川耀星体育发展有限公司,8392,体育培训,0.8736,0.95,否,,1,1,游泳培训,,游泳培训,1.0,1.0,0.85,0.1111
广元顺顺体育服务有限公司,8911,体育管理,0.2125,0.85,否,,1,0,,体育项目组织服务,,0.0,0.0,0.85,0.0
四川硕扬文化传媒有限公司,8930,健身休闲,0.8736,0.95,否,,1,1,健身服务,,健身服务,1.0,1.0,0.85,0.1111
广元海路亚渔具有限公司,2449,体育用品,0.8736,0.95,否,,1,1,渔具制造,,渔具,1.0,1.0,0.85,0.1111
广元七号健身有限责任公司,8930,健身休闲,0.2125,0.85,否,,1,0,,健身休闲活动,,0.0,0.0,0.85,0.0
四川未来体育文化发展有限责任公司,8392,体育培训,0.8736,0.95,否,,1,1,篮球培训服务,,篮球培训,1.0,1.0,0.85,0.1111
广元市山水欢歌旅游开发有限公司,8930,健身休闲,0.2125,0.85,否,,1,0,,健身休闲,,0.0,0.0,0.85,0.0
广元移众体育文化发展有限公司,7283,体育赛事,0.6611,0.9,是,纯跨界（行业代码非体育，文本有体育业务）,1,1,体育赛事策划,,赛事策划,1.0,1.0,0.0,0.1111
广元腾耀拓展训练有限责任公司,8930,健身休闲,0.2125,0.85,否,,1,0,,体育健身活动,,0.0,0.0,0.85,0.0
广元鼎盛体育文化发展有限公司,9052,体育赛事,0.6611,0.9,是,纯跨界（行业代码非体育，文本有体育业务）,1,1,体育表演服务,,体育表演,1.0,1.0,0.0,0.1111
广元至圣体育文化传播有限公司,8911,体育管理,0.8736,0.95,否,,1,1,其它体育组织服务,,体育组织,1.0,1.0,0.85,0.1111
广元曾家山滑雪场有限公司,8930,健身休闲,0.8736,0.95,否,,1,1,滑雪滑草场服务,,滑雪,1.0,1.0,0.85,0.1111
广元市蜀侠体育文化发展有限责任公司,8392,体育培训,0.8736,0.95,否,,1,1,武术培训,,武术培训,1.0,1.0,0.85,0.1111
广元领航体育发展有限公司,8392,体育培训,0.2125,0.85,否,,1,0,,体育活动培训,,0.0,0.0,0.85,0.0
旺苍县卓诚体育文化发展有限公司,8911,体育赛事,0.8736,0.95,否,,1,1,体育竞赛组织,,体育竞赛,1.0,1.0,0.85,0.1111
广元市铸奇商贸有限公司,7122,体育用品,0.6611,0.9,是,纯跨界（行业代码非体育，文本有体育业务）,1,1,体育用品设备出租,,体育用品,1.0,1.0,0.0,0.1111
旺苍拳盛体育有限公司,8911,体育赛事,0.8736,0.95,否,,1,1,体育竞赛组织,,体育竞赛,1.0,1.0,0.85,0.1111
广元金俊体育文化发展有限公司,8912,体育管理,0.2125,0.85,否,,1,0,,体育保障组织,,0.0,0.0,0.85,0.0
四川铜戈体育文化发展有限公司,8911,体育赛事,0.8736,0.95,否,,1,1,体育竞赛组织,,体育竞赛,1.0,1.0,0.85,0.1111
青川鲸锐体育文化发展有限责任公司,8392,体育培训,0.2125,0.85,否,,1,0,,蓝球培训,,0.0,0.0,0.85,0.0
青川展华体育文化传播有限公司,5242,体育用品,0.8736,0.95,否,,1,1,文化体育用品及器材零售,,体育用品,1.0,1.0,0.85,0.1111
广元滔远体育文化发展有限公司,8921,健身休闲,0.8736,0.95,否,,1,1,游泳场地设施经营,,游泳,1.0,1.0,0.85,0.1111
青川县川博体育发展有限公司,8911,体育赛事,0.8736,0.95,否,,1,1,体育竞赛组织,,体育竞赛,1.0,1.0,0.85,0.1111
广元市美亿达体育科技有限公司,5242,体育用品,0.2125,0.85,否,,1,0,,文化体育用具零售,,0.0,0.0,0.85,0.0
青川县松柏户外运动有限公司,8930,健身休闲,0.2125,0.85,否,,1,0,,健身休闲活动,,0.0,0.0,0.85,0.0
四川鼎恒体育培训学校有限公司,8392,体育培训,0.8736,0.95,否,,1,1,篮球培训,,篮球培训,1.0,1.0,0.85,0.1111
四川省杰达拓展训练有限公司,8930,健身休闲,0.2125,0.85,否,,1,0,,校内拓展训练,,0.0,0.0,0.85,0.0
四川雷霆勇士拓展训练有限责任公司,8930,健身休闲,0.2125,0.85,否,,1,0,,拓展训练,,0.0,0.0,0.85,0.0
剑阁县晶源商贸有限公司,8930,健身休闲,0.2125,0.85,否,,1,0,,棋牌服务,,0.0,0.0,0.85,0.0
剑阁县福缘建设工程有限公司,5142,体育用品,0.8736,0.95,否,,1,1,体育用品及器具批发,,体育用品,1.0,1.0,0.85,0.1111
四川博景体育文化发展有限公司,8919,体育管理,0.8736,0.95,否,,1,1,体育组织,,体育组织,1.0,1.0,0.85,0.1111
四川勇敢者商贸有限公司,9052,体育赛事,0.6611,0.9,是,纯跨界（行业代码非体育，文本有体育业务）,1,1,体育表演活动,,体育表演,1.0,1.0,0.0,0.1111
剑阁宏球体育文化发展有限公司,5142,体育用品,0.8736,0.95,否,,1,1,体育用品批发,,体育用品批发,1.0,1.0,0.85,0.1111
四川省匠拐拐安装工程有限公司,4991,体育场馆,0.6611,0.9,是,纯跨界（行业代码非体育，文本有体育业务）,1,1,体育场地设施安装,,体育场地设施,1.0,1.0,0.0,0.1111
四川省依夏渔具有限责任公司,5142,体育用品,0.8736,0.95,否,,1,1,体育用品及器材批发,,体育用品,1.0,1.0,0.85,0.1111
苍溪县动莱体育培训学校有限公司,8392,体育培训,0.8736,0.95,否,,1,1,体育培训,,体育培训,1.0,1.0,0.85,0.1111
苍溪雷战特训拓展训练有限责任公司,8930,健身休闲,0.2125,0.85,否,,1,0,,健身休闲活动,,0.0,0.0,0.85,0.0
苍溪县新动猴体育发展有限公司,8911,体育赛事,0.8736,0.95,否,,1,1,体育竞赛组织,,体育竞赛,1.0,1.0,0.85,0.1111
四川尖刀突击拓展训练有限公司,8930,健身休闲,0.2125,0.85,否,,1,0,,健身休闲活动,,0.0,0.0,0.85,0.0
广元星鑫体育发展有限公司,5142,体育用品,0.8736,0.95,否,,1,1,体育用品及器材批发,,体育用品,1.0,1.0,0.85,0.1111
苍溪县韵道艺体培训学校有限责任公司,8911,体育赛事,0.8736,0.95,否,,1,1,体育赛事组织,,体育赛事,1.0,1.0,0.85,0.1111
四川省齐得利商贸有限公司,5142,体育用品,0.8736,0.95,否,,1,1,体育用品及器材批发,,体育用品,1.0,1.0,0.85,0.1111
四川苍溪文化旅游发展集团有限公司,8930,健身休闲,0.2125,0.85,否,,1,0,,健身休闲活动,,0.0,0.0,0.85,0.0
苍溪县叁号娱乐城,8930,健身休闲,0.2125,0.85,否,,1,0,,健身休闲活动,,0.0,0.0,0.85,0.0
四川慕爱瑟文化娱乐有限公司,8930,健身休闲,0.2125,0.85,否,,1,0,,健身休闲活动,,0.0,0.0,0.85,0.0
苍溪县腾鹰户外拓展训练有限公司,8930,健身休闲,0.8736,0.95,否,,1,1,户外拓展,,户外拓展,1.0,1.0,0.85,0.1111
四川兴煜商贸有限责任公司,5242,体育用品,0.8736,0.95,否,,1,1,体育用品零售,,体育用品零售,1.0,1.0,0.85,0.1111
苍溪县东启体育培训学校有限公司,8911,体育赛事,0.8736,0.95,否,,1,1,体育竞赛组织,,体育竞赛,1.0,1.0,0.85,0.1111
苍溪县恒态文化传媒有限公司,8930,健身休闲,0.2125,0.85,否,,1,0,,休闲健身活动,,0.0,0.0,0.85,0.0
四川斯跑尔特健身服务有限公司,8930,健身休闲,0.8736,0.95,否,,1,1,休闲健身服务,,健身服务,1.0,1.0,0.85,0.1111
四川杰苹建筑劳务有限公司,4892,体育场馆,0.8736,0.95,否,,1,1,体育场地设施工程施工,,体育场地设施,1.0,1.0,0.85,0.1111
苍溪县威林游泳俱乐部有限责任公司,8921,健身休闲,0.8736,0.95,否,,1,1,高危险性体育运动（游泳）,,游泳,1.0,1.0,0.85,0.1111
四川辰星拓展训练有限责任公司,8392,体育培训,0.2125,0.85,否,,1,0,,运动训练,,0.0,0.0,0.85,0.0
四川飞鹰保安培训学校有限公司,8392,体育培训,0.8736,0.95,否,,1,1,武术培训,,武术培训,1.0,1.0,0.85,0.1111
四川省志同道合体育文化传播有限公司,8911,体育管理,0.2125,0.85,否,,1,0,,体育活动服务,,0.0,0.0,0.85,0.0
遂宁市遂卡体育文化发展有限公司,8930,健身休闲,0.2125,0.85,否,,1,0,,健身休闲活动,,0.0,0.0,0.85,0.0
四川艾涂图企业管理咨询有限公司,5242,体育用品,0.8736,0.95,否,,1,1,体育用品零售,,体育用品零售,1.0,1.0,0.85,0.1111
遂宁澳利弗森健身服务有限公司,8930,健身休闲,0.2125,0.85,否,,1,0,,健身休闲活动,,0.0,0.0,0.85,0.0
遂宁市本库里南色健身服务有限公司,8930,健身休闲,0.2125,0.85,否,,1,0,,健身休闲服务,,0.0,0.0,0.85,0.0
遂宁长恩体育文化传播有限公司,8392,体育培训,0.8736,0.95,否,,1,1,体育培训服务,,体育培训,1.0,1.0,0.85,0.1111
遂宁市船山区小旋风体育培训学校有限公司,8392,体育培训,0.8736,0.95,否,,1,1,从事体育培训,,体育培训,1.0,1.0,0.85,0.1111
四川美克斯健身服务有限公司,8930,健身休闲,0.8736,0.95,否,,1,1,健身服务,,健身服务,1.0,1.0,0.85,0.1111
四川斯威岷体育发展有限责任公司,8911,体育赛事,0.8736,0.95,否,,1,1,体育竞赛组织,,体育竞赛,1.0,1.0,0.85,0.1111
遂宁健驰体育文化传播有限公司,9052,体育赛事,0.6611,0.9,是,纯跨界（行业代码非体育，文本有体育业务）,1,1,组织体育表演活动,,体育表演,1.0,1.0,0.0,0.1111
遂宁方圆弈智围棋俱乐部有限责任公司,8911,体育管理,0.2125,0.85,否,,1,0,,体育项目组织服务,,0.0,0.0,0.85,0.0
遂宁本色健身有限公司,8930,健身休闲,0.2125,0.85,否,,1,0,,健身休闲服务,,0.0,0.0,0.85,0.0
四川叁诚体育文化发展有限公司,8911,体育赛事,0.8736,0.95,否,,1,1,体育竞赛组织,,体育竞赛,1.0,1.0,0.85,0.1111
遂宁市本安伯色健身服务有限公司,8930,健身休闲,0.2125,0.85,否,,1,0,,健身休闲活动,,0.0,0.0,0.85,0.0
遂宁市攀源体育文化传播有限公司,8911,体育赛事,0.8736,0.95,否,,1,1,体育竞赛组织服务,,体育竞赛,1.0,1.0,0.85,0.1111
四川省趣雪极限体育文化推广有限责任公司,8911,体育赛事,0.8736,0.95,否,,1,1,体育赛事组织,,体育赛事,1.0,1.0,0.85,0.1111
遂宁市船山区茶之道茶馆,8930,健身休闲,0.2125,0.85,否,,1,0,,棋牌娱乐,,0.0,0.0,0.85,0.0
遂宁市壹兆奥体健身管理有限责任公司,8930,健身休闲,0.2125,0.85,否,,1,0,,健身管理,,0.0,0.0,0.85,0.0
遂宁市安居区羽季羽毛球俱乐部,8392,体育培训,0.2125,0.85,否,,1,0,,体育运动培训,,0.0,0.0,0.85,0.0
遂宁利剑拓展训练有限公司,8930,健身休闲,0.2125,0.85,否,,1,0,,健身休闲活动,,0.0,0.0,0.85,0.0
遂宁鑫耀悦动篮球俱乐部有限公司,8392,体育培训,0.8736,0.95,否,,1,1,体育培训服务,,体育培训,1.0,1.0,0.85,0.1111
遂宁市启程体育赛事策划有限公司,8911,体育赛事,0.8736,0.95,否,,1,1,体育竞赛组织,,体育竞赛,1.0,1.0,0.85,0.1111
遂宁市安居区启程篮球培训学校有限公司,8392,体育培训,0.8736,0.95,否,,1,1,篮球培训服务,,篮球培训,1.0,1.0,0.85,0.1111
四川精戈拓展训练有限公司,8930,健身休闲,0.2125,0.85,否,,1,0,,健身休闲服务,,0.0,0.0,0.85,0.0
遂宁市极峰户外运动有限公司,8930,健身休闲,0.2125,0.85,否,,1,0,,拓展户外活动,,0.0,0.0,0.85,0.0
四川省亮剑户外拓展有限责任公司,8930,健身休闲,0.2125,0.85,否,,1,0,,健身休闲活动,,0.0,0.0,0.85,0.0
蓬溪县学府文体有限公司,5242,体育用品,0.8736,0.95,否,,1,1,篮球零售,,篮球,1.0,1.0,0.85,0.1111
蓬溪冠廷篮球俱乐部馆,8392,体育培训,0.8736,0.95,否,,1,1,篮球培训,,篮球培训,1.0,1.0,0.85,0.1111
蓬溪库鲨体育俱乐部馆,8392,体育培训,0.2125,0.85,否,,1,0,,蓝球培训,,0.0,0.0,0.85,0.0
蓬溪县世英百货店,8930,健身休闲,0.2125,0.85,否,,1,0,,棋牌室服务,,0.0,0.0,0.85,0.0
蓬溪县子之午体育俱乐部馆,8911,体育赛事,0.8736,0.95,否,,1,1,体育赛事组织策划,,体育赛事,1.0,1.0,0.85,0.1111
蓬溪县庄坤渔具店,5242,体育用品,0.8736,0.95,否,,1,1,渔具零售,,渔具,1.0,1.0,0.85,0.1111
遂宁市冠纶体育文化传播有限公司,8921,体育场馆,0.8736,0.95,否,,1,1,体育场管理,,体育场,1.0,1.0,0.85,0.1111
遂宁市鑫永盛商贸有限公司,5242,体育用品,0.8736,0.95,否,,1,1,零售体育用品,,体育用品,1.0,1.0,0.85,0.1111
蓬溪县荣耀龙跃体育俱乐部馆,8911,体育管理,0.2125,0.85,否,,1,0,,体育竟赛组织,,0.0,0.0,0.85,0.0
蓬溪明伦智远企业管理咨询中心,8392,体育培训,0.2125,0.85,否,,1,0,,职业技能培训服务,,0.0,0.0,0.85,0.0
蓬溪县木易渔具有限公司,5242,体育用品,0.8736,0.95,否,,1,1,渔具零售,,渔具,1.0,1.0,0.85,0.1111
蓬溪县良安茶馆店,8930,健身休闲,0.2125,0.85,否,,1,0,,棋牌室服务,,0.0,0.0,0.85,0.0
蓬溪县海印茶馆店,8930,健身休闲,0.2125,0.85,否,,1,0,,棋牌娱乐服务,,0.0,0.0,0.85,0.0
蓬溪县望佳茶馆店,8930,健身休闲,0.2125,0.85,否,,1,0,,棋牌室服务,,0.0,0.0,0.85,0.0
蓬溪县红意茶馆店,8930,健身休闲,0.2125,0.85,否,,1,0,,棋牌室服务,,0.0,0.0,0.85,0.0
蓬溪县稳宝茶馆店,8930,健身休闲,0.2125,0.85,否,,1,0,,棋牌室服务,,0.0,0.0,0.85,0.0
蓬溪县智乐体育俱乐部,8911,健身休闲,0.8736,0.95,否,,1,1,传授跆拳道,,跆拳道,1.0,1.0,0.85,0.1111
蓬溪县凤鸣永芳茶楼经营部,8930,健身休闲,0.2125,0.85,否,,1,0,,棋牌服务,,0.0,0.0,0.85,0.0
蓬溪县宏元茶馆,8930,健身休闲,0.2125,0.85,否,,1,0,,棋牌娱乐,,0.0,0.0,0.85,0.0
蓬溪县学富来茶馆,8930,健身休闲,0.2125,0.85,否,,1,0,,棋牌服务,,0.0,0.0,0.85,0.0
蓬溪县继蓉农府茶馆,8930,健身休闲,0.2125,0.85,否,,1,0,,棋牌服务,,0.0,0.0,0.85,0.0
蓬溪县附南荣光娱乐厅,8930,健身休闲,0.2125,0.85,否,,1,0,,棋牌服务,,0.0,0.0,0.85,0.0
蓬溪县永裕唐氏茶馆,8930,健身休闲,0.2125,0.85,否,,1,0,,棋牌服务,,0.0,0.0,0.85,0.0
蓬溪县兴秀珍茶馆,8930,健身休闲,0.2125,0.85,否,,1,0,,棋牌室服务,,0.0,0.0,0.85,0.0
蓬溪县琪琪鸿兴体育培训学校有限公司,8392,体育培训,0.8736,0.95,否,,1,1,体育培训服务,,体育培训,1.0,1.0,0.85,0.1111
遂宁仁知湖休闲健身有限责任公司,8930,健身休闲,0.2125,0.85,否,,1,0,,休闲健身,,0.0,0.0,0.85,0.0
大英县方门陈馆长武术培训学校有限公司,8930,健身休闲,0.8736,0.95,否,,1,1,健身俱乐部,,健身俱乐部,1.0,1.0,0.85,0.1111
遂宁奇兵拓展训练有限公司,8930,健身休闲,0.2125,0.85,否,,1,0,,拓展活动,,0.0,0.0,0.85,0.0
遂宁市功蚨熊武术培训学校有限公司,8392,体育培训,0.8736,0.95,否,,1,1,武术培训,,武术培训,1.0,1.0,0.85,0.1111
大英县精英体育用品销售有限公司,5242,体育用品,0.8736,0.95,否,,1,1,体育用品,,体育用品,1.0,1.0,0.85,0.1111
大英叉勾娱乐馆,8930,健身休闲,0.8736,0.95,否,,1,1,台球活动,,台球,1.0,1.0,0.85,0.1111
四川鸿坤体育用品有限公司,2441,体育用品,0.2125,0.85,否,,1,0,,生产球类生产,,0.0,0.0,0.85,0.0
四川星耀北斗体育有限公司,8930,健身休闲,0.2125,0.85,否,,1,0,,健身休闲活动,,0.0,0.0,0.85,0.0
大英方舟水艺园旅游开发有限责任公司,8930,健身休闲,0.8736,0.95,否,,1,1,漂流游泳,,漂流; 游泳,1.0,1.0,0.85,0.1111
四川省西南砺剑拓展训练有限责任公司,8930,健身休闲,0.8736,0.95,否,,1,1,室外休闲健身服务,,健身服务,1.0,1.0,0.85,0.1111
四川省西部峰创拓展训练有限责任公司,8930,健身休闲,0.2125,0.85,否,,1,0,,健身休闲活动,,0.0,0.0,0.85,0.0
四川旸旸功夫大咖体育文化发展有限公司,8930,健身休闲,0.2125,0.85,否,,1,0,,健身休闲活动,,0.0,0.0,0.85,0.0
遂宁市蔚蓝鼎盛体育文化传播有限公司,8930,健身休闲,0.8736,0.95,否,,1,1,室内游泳,,游泳,1.0,1.0,0.85,0.1111
遂宁市鑫琪拓展训练有限责任公司,8930,健身休闲,0.2125,0.85,否,,1,0,,拓展训练,,0.0,0.0,0.85,0.0
遂宁卓越星辉体育发展有限责任公司,8392,体育管理,0.8736,0.95,否,,1,1,体育服务,,体育服务,1.0,1.0,0.85,0.1111
遂宁聚和裕运动用品有限公司,5242,体育用品,0.8736,0.95,否,,1,1,体育用品及器材,,体育用品,1.0,1.0,0.85,0.1111
遂宁博奕体育文化传播有限公司,8392,体育培训,0.2125,0.85,否,,1,0,,体育活动培训,,0.0,0.0,0.85,0.0
四川柏斯宝体育用品有限公司,2441,体育用品,0.8736,0.95,否,,1,1,制造篮球,,篮球,1.0,1.0,0.85,0.1111
四川博元拓展训练有限公司,8930,健身休闲,0.8736,0.95,否,,1,1,室外休闲健身服务,,健身服务,1.0,1.0,0.85,0.1111
遂宁市开发区阳光少儿网球俱乐部,8392,体育培训,0.8736,0.95,否,,1,1,网球培训,,网球培训,1.0,1.0,0.85,0.1111
遂宁黑少豹主健身管理有限责任公司,8930,健身休闲,0.2125,0.85,否,,1,0,,健身休闲活动,,0.0,0.0,0.85,0.0
四川南政棠商贸有限公司,5242,体育用品,0.8736,0.95,否,,1,1,文化体育用品零售,,体育用品零售,1.0,1.0,0.85,0.1111
四川端林实业有限公司,8930,健身休闲,0.2125,0.85,否,,1,0,,棋牌服务,,0.0,0.0,0.85,0.0
四川泳越体育场馆管理有限公司,8921,体育场馆,0.8736,0.95,否,,1,1,体育场地设施管理,,体育场地设施,1.0,1.0,0.85,0.1111
遂宁志达体育文化传播有限公司,8911,体育管理,0.2125,0.85,否,,1,0,,体育项目服务,,0.0,0.0,0.85,0.0
四川众合奇迹体育发展有限责任公司,9052,体育赛事,0.6611,0.9,是,纯跨界（行业代码非体育，文本有体育业务）,1,1,体育赛事策划,,赛事策划,1.0,1.0,0.0,0.1111
四川省遂宁市永恩格斗健身俱乐部有限责任公司,8930,健身休闲,0.8736,0.95,否,,1,1,健身服务,,健身服务,1.0,1.0,0.85,0.1111
四川诺亚体育发展有限公司,8930,健身休闲,0.2125,0.85,否,,1,0,,体育运动,,0.0,0.0,0.85,0.0
遂宁市自由人体育文化传播有限公司,7246,体育管理,0.6611,0.9,是,纯跨界（行业代码非体育，文本有体育业务）,1,1,体育文化活动策划,,体育文化,1.0,1.0,0.0,0.1111
四川体晨体育设施有限公司,5142,体育用品,0.8736,0.95,否,,1,1,体育用品及器材批发,,体育用品,1.0,1.0,0.85,0.1111
遂宁经济技术开发区翱翔培训学校有限公司,8392,体育培训,0.8736,0.95,否,,1,1,体育培训,,体育培训,1.0,1.0,0.85,0.1111
遂宁市泳乐佳体育文化传播有限公司,8921,健身休闲,0.8736,0.95,否,,1,1,游泳场馆服务,,游泳,1.0,1.0,0.85,0.1111
遂宁福布斯健身服务有限公司,8930,健身休闲,0.2125,0.85,否,,1,0,,健身休闲活动,,0.0,0.0,0.85,0.0
遂宁市天籁之音商贸有限公司,5242,体育用品,0.8736,0.95,否,,1,1,零售体育用品,,体育用品,1.0,1.0,0.85,0.1111
遂宁市飞人篮球俱乐部有限责任公司,8911,体育赛事,0.8736,0.95,否,,1,1,体育竞赛组织,,体育竞赛,1.0,1.0,0.85,0.1111
遂宁叁石娱乐有限公司,8911,体育管理,0.2125,0.85,是,多元经营（体育+2条非体育业务）,2,0,,娱乐唱歌; 餐饮服务,,0.0,0.0,0.85,0.0
四川赋能体育文化发展有限责任公司,5242,体育用品,0.2125,0.85,否,,1,0,,零售户外用品,,0.0,0.0,0.85,0.0
四川新启创体育文化发展有限公司,7122,体育用品,0.6611,0.9,是,纯跨界（行业代码非体育，文本有体育业务）,1,1,体育设备场地出租,,体育设备,1.0,1.0,0.0,0.1111
四川逗鲤鲩渔具有限公司,5242,体育用品,0.8736,0.95,否,,1,1,零售渔具,,渔具,1.0,1.0,0.85,0.1111
遂宁赤橙体育文化发展有限公司,8930,健身休闲,0.2125,0.85,否,,1,0,,健身休闲活动,,0.0,0.0,0.85,0.0
四川鲸迅体教信息技术有限公司,5242,体育用品,0.8736,0.95,否,,1,1,体育用品及器材零售,,体育用品,1.0,1.0,0.85,0.1111
遂宁天鹿体育文化传播有限公司,5242,体育用品,0.2125,0.85,否,,1,0,,体育成品器材零售服务,,0.0,0.0,0.85,0.0
遂宁市幼米康复服务中心,8992,健身休闲,0.6611,0.9,是,纯跨界（行业代码非体育，文本有体育业务）,1,1,残疾康复训练服务,,康复训练,1.0,1.0,0.0,0.1111
遂宁拉飞体育文化传播有限公司,9052,体育赛事,0.6611,0.9,是,纯跨界（行业代码非体育，文本有体育业务）,1,1,体育表演服务,,体育表演,1.0,1.0,0.0,0.1111
遂宁市优智盛商贸有限公司,5242,体育用品,0.8736,0.95,否,,1,1,体育用品零售,,体育用品零售,1.0,1.0,0.85,0.1111
四川塔祺氧舱健身俱乐部有限责任公司,8930,体育培训,0.8736,0.95,否,,1,1,游泳培训服务,,游泳培训,1.0,1.0,0.85,0.1111
遂宁鸿辰教学设备有限公司,5142,体育用品,0.8736,0.95,否,,1,1,体育用品及器材批发,,体育用品,1.0,1.0,0.85,0.1111
遂宁市聚鑫源商贸有限公司,5242,体育用品,0.8736,0.95,否,,1,1,体育用品零售,,体育用品零售,1.0,1.0,0.85,0.1111
四川遂意文化传播有限公司,8911,体育赛事,0.8736,0.95,否,,1,1,体育赛事策划,,赛事策划,1.0,1.0,0.85,0.1111
四川康华体育俱乐部有限公司,8392,体育培训,0.8736,0.95,否,,1,1,体育培训,,体育培训,1.0,1.0,0.85,0.1111
遂宁市景卓户外拓展有限公司,8999,健身休闲,0.6611,0.9,是,纯跨界（行业代码非体育，文本有体育业务）,1,1,户外拓展,,户外拓展,1.0,1.0,0.0,0.1111
遂宁市秀丽行体育设施有限公司,5242,体育用品,0.8736,0.95,否,,1,1,体育用品零售,,体育用品零售,1.0,1.0,0.85,0.1111
四川珀沃体育文化传播有限公司,5242,体育用品,0.8736,0.95,否,,1,1,体育用品及器材零售,,体育用品,1.0,1.0,0.85,0.1111
四川智晨体育有限公司,8392,体育培训,0.8736,0.95,否,,1,1,体育培训,,体育培训,1.0,1.0,0.85,0.1111
遂宁顶点体育文化传播有限公司,8930,健身休闲,0.8736,0.95,否,,1,1,健身服务,,健身服务,1.0,1.0,0.85,0.1111
遂宁小将足球俱乐部有限公司,8911,体育赛事,0.8736,0.95,否,,1,1,体育竞赛组织,,体育竞赛,1.0,1.0,0.85,0.1111
遂宁立美体育文化传播有限公司,9052,体育管理,0.6611,0.9,是,纯跨界（行业代码非体育，文本有体育业务）,1,1,体育服务,,体育服务,1.0,1.0,0.0,0.1111
四川省锦鹏宏程体育文化发展有限公司,5242,体育用品,0.8736,0.95,否,,1,1,体育用品零售,,体育用品零售,1.0,1.0,0.85,0.1111
遂宁哈罗体育俱乐部有限责任公司,8930,健身休闲,0.8736,0.95,否,,1,1,台球培训,,台球,1.0,1.0,0.85,0.1111
四川体航体育设施有限责任公司,5242,体育用品,0.8736,0.95,否,,1,1,体育用品及器材零售,,体育用品,1.0,1.0,0.85,0.1111
四川爱伽瑜文化传播有限责任公司,8930,健身休闲,0.8736,0.95,否,,1,1,体育健身服务,,健身服务,1.0,1.0,0.85,0.1111
遂宁弘晟体育文化传播有限公司,8911,体育赛事,0.8736,0.95,否,,1,1,体育竞赛组织,,体育竞赛,1.0,1.0,0.85,0.1111
遂宁市大诚体育用品经营部,5242,体育用品,0.8736,0.95,否,,1,1,体育用品零售,,体育用品零售,1.0,1.0,0.85,0.1111
遂宁市峰速教育咨询有限公司,8930,健身休闲,0.2125,0.85,否,,1,0,,拓展训练,,0.0,0.0,0.85,0.0
四川寻踪文化传播有限公司,8930,健身休闲,0.8736,0.95,否,,1,1,户外运动服务,,户外运动,1.0,1.0,0.85,0.1111
遂宁明杨体育文化传播有限公司,8911,体育管理,0.2125,0.85,否,,1,0,,体育项目组织服务,,0.0,0.0,0.85,0.0
四川拂者文化传播有限公司,8930,健身休闲,0.2125,0.85,否,,1,0,,健身休闲服务,,0.0,0.0,0.85,0.0
遂宁市燃力健身服务有限公司,8930,健身休闲,0.2125,0.85,否,,1,0,,健身休闲活动,,0.0,0.0,0.85,0.0
遂宁市骏龙拓展训练有限公司,8930,健身休闲,0.2125,0.85,否,,1,0,,健身休闲活动,,0.0,0.0,0.85,0.0
遂宁市龙锐商贸有限公司,5242,体育用品,0.8736,0.95,否,,1,1,体育用品零售,,体育用品零售,1.0,1.0,0.85,0.1111
四川锦洋户外拓展有限公司,8392,体育培训,0.8736,0.95,否,,1,1,体育培训服务,,体育培训,1.0,1.0,0.85,0.1111
遂宁市三圆体育文化发展有限公司,8911,体育管理,0.2125,0.85,否,,1,0,,体育竟赛组织,,0.0,0.0,0.85,0.0
四川伟康达体育用品有限公司,5142,体育用品,0.8736,0.95,否,,1,1,体育用品批发,,体育用品批发,1.0,1.0,0.85,0.1111
四川壹搏晟体育发展有限公司,8911,体育赛事,0.8736,0.95,否,,1,1,体育竞赛活动,,体育竞赛,1.0,1.0,0.85,0.1111
四川艾斯文化传播有限公司,8911,体育赛事,0.8736,0.95,否,,1,1,体育赛事,,体育赛事,1.0,1.0,0.85,0.1111
遂宁市卓越星博体育发展有限公司,8930,健身休闲,0.2125,0.85,否,,1,0,,健身休闲活动,,0.0,0.0,0.85,0.0
遂宁奥纳乒乓球俱乐部有限公司,8930,体育培训,0.8736,0.95,否,,1,1,健身体育培训,,体育培训,1.0,1.0,0.85,0.1111
遂宁市国鑫体育文化发展有限公司,8930,健身休闲,0.2125,0.85,否,,1,0,,体育健康服务,,0.0,0.0,0.85,0.0
四川凌天体育文化传播有限公司,8911,体育赛事,0.8736,0.95,否,,1,1,体育竞赛组织,,体育竞赛,1.0,1.0,0.85,0.1111
遂宁本劳伦色健身服务有限公司,8930,健身休闲,0.8736,0.95,否,,1,1,专业健身服务,,健身服务,1.0,1.0,0.85,0.1111
遂宁维克斯健身管理有限公司,8930,健身休闲,0.2125,0.85,否,,1,0,,健身休闲活动,,0.0,0.0,0.85,0.0
四川健达田径体育发展有限公司,8911,体育赛事,0.8736,0.95,否,,1,1,体育竞赛组织,,体育竞赛,1.0,1.0,0.85,0.1111
射洪县远锐体育器械有限公司,8930,健身休闲,0.8736,0.95,否,,1,1,健身房健身活动,,健身房,1.0,1.0,0.85,0.1111
射洪市蓝兴游泳池管理有限公司,8392,体育培训,0.8736,0.95,否,,1,1,体育培训,,体育培训,1.0,1.0,0.85,0.1111
射洪市鸿奥体育用品有限责任公司,5242,体育用品,0.8736,0.95,否,,1,1,体育用品,,体育用品,1.0,1.0,0.85,0.1111
遂宁美颐年健康管理有限公司,5242,体育用品,0.8736,0.95,否,,1,1,健身器材零售,,健身器材,1.0,1.0,0.85,0.1111
遂宁羽强信鸽俱乐部有限公司,5242,体育用品,0.2125,0.85,否,,1,0,,户外用品零售,,0.0,0.0,0.85,0.0
四川瀚隼体育俱乐部有限责任公司,8919,体育管理,0.2125,0.85,否,,1,0,,体育娱乐活动,,0.0,0.0,0.85,0.0
射洪县琢烽户外拓展有限公司,8930,健身休闲,0.8736,0.95,否,,1,1,户外拓展训练,,户外拓展,1.0,1.0,0.85,0.1111
射洪市健翔体育用品有限公司,5242,体育用品,0.8736,0.95,否,,1,1,体育用品及器材零售,,体育用品,1.0,1.0,0.85,0.1111
射洪市领速游泳俱乐部,8930,健身休闲,0.8736,0.95,否,,1,1,游泳服务,,游泳,1.0,1.0,0.85,0.1111
四川聚贤阳光体育组织服务有限公司,5142,体育用品,0.8736,0.95,否,,1,1,体育用品器材批发,,体育用品,1.0,1.0,0.85,0.1111
射洪市飞鸟健身服务有限责任公司,8930,健身休闲,0.8736,0.95,否,,1,1,健身服务,,健身服务,1.0,1.0,0.85,0.1111
四川狮拓户外拓展有限公司,8930,健身休闲,0.2125,0.85,否,,1,0,,室外休闲健身,,0.0,0.0,0.85,0.0
射洪市君禹临体育培训学校有限公司,8392,体育培训,0.8736,0.95,否,,1,1,体育培训,,体育培训,1.0,1.0,0.85,0.1111
遂宁沁芸教育咨询有限公司,5242,体育用品,0.8736,0.95,否,,1,1,体育用品零售,,体育用品零售,1.0,1.0,0.85,0.1111
射洪勇拓体育俱乐部有限公司,9054,体育管理,0.6611,0.9,是,纯跨界（行业代码非体育，文本有体育业务）,1,1,体育组织服务,,体育组织,1.0,1.0,0.0,0.1111
遂宁市酷吧轮滑有限公司,5242,体育用品,0.8736,0.95,否,,1,1,体育用品零售,,体育用品零售,1.0,1.0,0.85,0.1111
四川赛尼思户外运动有限公司,5142,体育用品,0.8736,0.95,否,,1,1,体育用品批发,,体育用品批发,1.0,1.0,0.85,0.1111
四川乐型动健身有限公司,5242,体育用品,0.8736,0.95,否,,1,1,体育用品及器材零售,,体育用品,1.0,1.0,0.85,0.1111
四川雷速体育用品有限责任公司,5242,体育用品,0.8736,0.95,否,,1,1,体育用品零售,,体育用品零售,1.0,1.0,0.85,0.1111
射洪市怡健体育设施有限公司,5242,体育用品,0.8736,0.95,否,,1,1,健身器材零售,,健身器材,1.0,1.0,0.85,0.1111
四川博贯体育服务有限公司,8930,健身休闲,0.2125,0.85,否,,1,0,,健身咨询,,0.0,0.0,0.85,0.0
射洪星翊体育文化发展有限公司,8392,体育培训,0.8736,0.95,否,,1,1,体育培训,,体育培训,1.0,1.0,0.85,0.1111
射洪晟涌体育俱乐部有限公司,8930,健身休闲,0.8736,0.95,否,,1,1,健身服务,,健身服务,1.0,1.0,0.85,0.1111
射洪市久航户外拓展有限公司,8930,健身休闲,0.8736,0.95,否,,1,1,户外拓展训练服务,,户外拓展,1.0,1.0,0.85,0.1111
射洪市翔鱼户外运动有限公司,8921,体育场馆,0.8736,0.95,否,,1,1,体育场地设施经营,,体育场地设施,1.0,1.0,0.85,0.1111
射洪荣耀龙跃搏击俱乐部馆,8930,健身休闲,0.2125,0.85,否,,1,0,,健身休闲活动,,0.0,0.0,0.85,0.0
射洪市海亿鑫户外运动用品有限公司,5242,体育用品,0.2125,0.85,否,,1,0,,户外用品零售,,0.0,0.0,0.85,0.0
四川省申飞商贸有限公司,5142,体育用品,0.8736,0.95,否,,1,1,体育用品及器材批发,,体育用品,1.0,1.0,0.85,0.1111
内江市纵腾体育组织服务有限责任公司,5142,体育用品,0.2125,0.85,否,,1,0,,批发体育服饰,,0.0,0.0,0.85,0.0
四川省弘武正元体育俱乐部有限责任公司,8911,体育管理,0.2125,0.85,否,,1,0,,体育竟赛,,0.0,0.0,0.85,0.0
四川思铭健身服务有限公司,8930,健身休闲,0.8736,0.95,否,,1,1,健身服务,,健身服务,1.0,1.0,0.85,0.1111
内江市鑫威健商贸有限公司,5242,体育用品,0.8736,0.95,否,,1,1,零售体育用品,,体育用品,1.0,1.0,0.85,0.1111
内江市明强体育竞赛组织有限公司,8911,体育赛事,0.8736,0.95,否,,1,1,组织体育比赛活动,,体育比赛,1.0,1.0,0.85,0.1111
内江直线体育俱乐部有限公司,8911,体育赛事,0.8736,0.95,否,,1,1,体育竞赛,,体育竞赛,1.0,1.0,0.85,0.1111
四川星奥星体育有限公司,5142,体育用品,0.8736,0.95,否,,1,1,文化体育用品批发,,体育用品批发,1.0,1.0,0.85,0.1111
内江市灵洋办公用品有限公司,5242,体育用品,0.2125,0.85,否,,1,0,,零售文体用品,,0.0,0.0,0.85,0.0
内江心武龙传承极一体育俱乐部有限公司,8911,体育管理,0.2125,0.85,否,,1,0,,体育活动经营,,0.0,0.0,0.85,0.0
内江新凯莱商贸有限公司,5242,体育用品,0.8736,0.95,否,,1,1,零售体育用品及器材,,体育用品,1.0,1.0,0.85,0.1111
内江船儿商贸有限责任公司,5142,体育用品,0.8736,0.95,否,,1,1,体育器材批发,,体育器材,1.0,1.0,0.85,0.1111
四川睿德体育经纪服务有限公司,8930,健身休闲,0.2125,0.85,否,,1,0,,室内休闲健身,,0.0,0.0,0.85,0.0
四川浪屿舟体育文化发展有限公司,8930,健身休闲,0.2125,0.85,否,,1,0,,健身休闲活动,,0.0,0.0,0.85,0.0
内江市市中区道元跆拳道培训学校有限公司,8392,体育培训,0.8736,0.95,否,,1,1,跆拳道培训,,跆拳道培训,1.0,1.0,0.85,0.1111
内江市市中区汇涌游泳池管理有限公司,8930,体育管理,0.8736,0.95,否,,1,1,体育管理,,体育管理,1.0,1.0,0.85,0.1111
四川省泰克西姆商贸有限公司,5142,体育用品,0.8736,0.95,否,,1,1,体育用品批发,,体育用品批发,1.0,1.0,0.85,0.1111
内江市深耕基石体育俱乐部,8392,体育用品,0.8736,0.95,否,,1,1,篮球训练,,篮球,1.0,1.0,0.85,0.1111
四川梦之队健身有限公司,8930,健身休闲,0.2125,0.85,否,,1,0,,室内娱乐,,0.0,0.0,0.85,0.0
四川蓝跃体育发展有限公司,8911,体育赛事,0.8736,0.95,否,,1,1,体育竞赛组织策划,,体育竞赛,1.0,1.0,0.85,0.1111
内江小帮手商贸有限公司,5242,体育用品,0.8736,0.95,否,,1,1,体育用品及器材零售,,体育用品,1.0,1.0,0.85,0.1111
四川酷动体育文化有限公司,8991,体育管理,0.6611,0.9,是,纯跨界（行业代码非体育，文本有体育业务）,1,1,体育文化活动推广,,体育文化,1.0,1.0,0.0,0.1111
内江市创欣贸易有限公司,5242,体育用品,0.8736,0.95,否,,1,1,体育用品零售,,体育用品零售,1.0,1.0,0.85,0.1111
内江鹏杰体育俱乐部有限公司,8930,健身休闲,0.2125,0.85,否,,1,0,,健身休闲活动,,0.0,0.0,0.85,0.0
四川浩体体育文化有限公司,8911,体育赛事,0.8736,0.95,否,,1,1,体育竞赛组织,,体育竞赛,1.0,1.0,0.85,0.1111
内江众立体育服务有限公司,8911,体育赛事,0.8736,0.95,否,,1,1,竞技体育组织服务,,竞技体育,1.0,1.0,0.85,0.1111
内江飞扬体育有限公司,8392,体育培训,0.8736,0.95,否,,1,1,体育教育服务,,体育教育,1.0,1.0,0.85,0.1111
内江正鑫励志体育俱乐部有限公司,8911,体育赛事,0.8736,0.95,否,,1,1,体育竞赛组织,,体育竞赛,1.0,1.0,0.85,0.1111
四川波超体育文化发展有限公司,8930,健身休闲,0.2125,0.85,否,,1,0,,体育运动,,0.0,0.0,0.85,0.0
内江佰盛体育服务有限公司,8930,健身休闲,0.2125,0.85,否,,1,0,,健身休闲活动,,0.0,0.0,0.85,0.0
内江市启梦佳航篮球俱乐部有限公司,8911,体育赛事,0.8736,0.95,否,,1,1,体育竞赛组织,,体育竞赛,1.0,1.0,0.85,0.1111
内江市火焰焱体育场馆管理有限责任公司,8921,体育场馆,0.8736,0.95,否,,1,1,体育场地设施经营,,体育场地设施,1.0,1.0,0.85,0.1111
内江市中区健力美体育发展有限责任公司,8930,健身休闲,0.2125,0.85,否,,1,0,,健身休闲活动,,0.0,0.0,0.85,0.0
内江市市中区梦艺源舞蹈健身有限公司,8930,体育培训,0.8736,0.95,否,,1,1,从事艺术形体舞蹈培训,,舞蹈培训,1.0,1.0,0.85,0.1111
内江远博体育文化有限公司,5142,体育用品,0.8736,0.95,否,,1,1,体育用品批发,,体育用品批发,1.0,1.0,0.85,0.1111
内江新帅骑体育文化发展有限公司,8930,健身休闲,0.2125,0.85,否,,1,0,,卡丁车服务,,0.0,0.0,0.85,0.0
内江市市中区潘三渔具有限公司,5242,体育用品,0.8736,0.95,否,,1,1,渔具零售,,渔具,1.0,1.0,0.85,0.1111
内江市乔安滑翔运动有限责任公司,8921,体育场馆,0.8736,0.95,否,,1,1,体育场馆管理,,体育场馆,1.0,1.0,0.85,0.1111
内江市鑫创健身服务有限责任公司,8930,健身休闲,0.8736,0.95,否,,1,1,健身服务,,健身服务,1.0,1.0,0.85,0.1111
四川正鑫体育有限公司,8911,体育管理,0.2125,0.85,否,,1,0,,体育运动训练服务,,0.0,0.0,0.85,0.0
内江奋斗十三体育组织服务有限公司,9052,体育管理,0.6611,0.9,是,纯跨界（行业代码非体育，文本有体育业务）,1,1,体育服务,,体育服务,1.0,1.0,0.0,0.1111
四川聚贤体育拓展有限公司,5142,体育用品,0.8736,0.95,否,,1,1,体育用品批发,,体育用品批发,1.0,1.0,0.85,0.1111
内江万腾贸易有限公司,5142,体育用品,0.8736,0.95,否,,1,1,体育用品及器材批发,,体育用品,1.0,1.0,0.85,0.1111
四川安博文化传媒有限责任公司,5242,体育用品,0.8736,0.95,否,,1,1,体育用品零售,,体育用品零售,1.0,1.0,0.85,0.1111
内江零点光束体育文化发展有限责任公司,8930,健身休闲,0.2125,0.85,否,,1,0,,体育健身,,0.0,0.0,0.85,0.0
内江市圣羽堂体育发展有限公司,8911,体育赛事,0.8736,0.95,否,,1,1,体育竞赛组织,,体育竞赛,1.0,1.0,0.85,0.1111
内江少年行体育俱乐部有限公司,8911,体育赛事,0.8736,0.95,否,,1,1,体育竞赛组织,,体育竞赛,1.0,1.0,0.85,0.1111
内江线体商贸有限公司,8919,体育管理,0.8736,0.95,否,,1,1,互联网体育服务,,体育服务,1.0,1.0,0.85,0.1111
四川咏歌文化传播有限公司,9052,体育赛事,0.6611,0.9,是,纯跨界（行业代码非体育，文本有体育业务）,1,1,组织体育表演服务,,体育表演,1.0,1.0,0.0,0.1111
内江市深度健身服务有限公司,8930,健身休闲,0.8736,0.95,否,,1,1,健身服务,,健身服务,1.0,1.0,0.85,0.1111
内江市东兴区甜城鹏翔体育培训学校有限公司,8392,体育培训,0.8736,0.95,否,,1,1,体育培训,,体育培训,1.0,1.0,0.85,0.1111
内江市东兴区欢泰体育培训学校有限公司,8392,体育用品,0.8736,0.95,否,,1,1,篮球训练,,篮球,1.0,1.0,0.85,0.1111
内江角逐体育组织有限公司,8392,体育培训,0.2125,0.85,否,,1,0,,体育运动训练指导服务,,0.0,0.0,0.85,0.0
四川省飞豹体育有限公司,8392,体育培训,0.2125,0.85,否,,1,0,,体育运动训练指导,,0.0,0.0,0.85,0.0
四川卓益诚体育用品有限公司,5242,体育用品,0.8736,0.95,否,,1,1,零售体育器材,,体育器材,1.0,1.0,0.85,0.1111
四川寒阳体育文化发展有限公司,8392,体育培训,0.8736,0.95,否,,1,1,体育教育,,体育教育,1.0,1.0,0.85,0.1111
内江集兰祥体育发展有限责任公司,5242,体育用品,0.2125,0.85,否,,1,0,,零售体育,,0.0,0.0,0.85,0.0
内江金诺钓具有限公司,5242,体育用品,0.8736,0.95,否,,1,1,零售钓具,,钓具,1.0,1.0,0.85,0.1111
四川坤育体育文化发展有限责任公司,8912,体育管理,0.2125,0.85,否,,1,0,,体育保障组织,,0.0,0.0,0.85,0.0
内江艾迪体育俱乐部,9052,体育管理,0.6611,0.9,是,纯跨界（行业代码非体育，文本有体育业务）,1,1,体育服务,,体育服务,1.0,1.0,0.0,0.1111
内江鸿图商贸有限公司,5242,体育用品,0.8736,0.95,否,,1,1,体育用品零售,,体育用品零售,1.0,1.0,0.85,0.1111
四川宸环亿速商贸有限公司,5142,体育用品,0.8736,0.95,否,,1,1,体育用品批发,,体育用品批发,1.0,1.0,0.85,0.1111
内江奥莱体育用品有限责任公司,5242,体育用品,0.8736,0.95,否,,1,1,体育器材零售,,体育器材,1.0,1.0,0.85,0.1111
内江东兴区滔搏体育用品有限公司,5242,体育用品,0.8736,0.95,否,,1,1,体育用品零售,,体育用品零售,1.0,1.0,0.85,0.1111
内江和讯飞人体育发展有限公司,8392,体育培训,0.8736,0.95,否,,1,1,体育培训,,体育培训,1.0,1.0,0.85,0.1111
内江力衡体育管理有限公司,5142,体育用品,0.8736,0.95,否,,1,1,体育器材批发,,体育器材,1.0,1.0,0.85,0.1111
内江市众信奥瑞健身服务有限责任公司,8930,健身休闲,0.2125,0.85,否,,1,0,,健身休闲活动,,0.0,0.0,0.85,0.0
内江市栋桐体育俱乐部有限责任公司,8930,健身休闲,0.8736,0.95,否,,1,1,射击竞技体育运动,,射击,1.0,1.0,0.85,0.1111
内江云峥体育俱乐部有限公司,8911,体育赛事,0.8736,0.95,否,,1,1,体育竞赛组织,,体育竞赛,1.0,1.0,0.85,0.1111
内江峰旺体育文化传播有限公司,8392,体育培训,0.8736,0.95,否,,1,1,篮球培训咨询服务,,篮球培训,1.0,1.0,0.85,0.1111
内江鹏远体育文化发展有限公司,8392,体育培训,0.8736,0.95,否,,1,1,体育教育,,体育教育,1.0,1.0,0.85,0.1111
内江萌星体育发展有限公司,9052,体育管理,0.6611,0.9,是,纯跨界（行业代码非体育，文本有体育业务）,1,1,体育服务,,体育服务,1.0,1.0,0.0,0.1111
内江乐斐体育发展有限公司,8992,体育管理,0.6611,0.9,是,纯跨界（行业代码非体育，文本有体育业务）,1,1,体育服务,,体育服务,1.0,1.0,0.0,0.1111
四川省内江市东兴区龙威武术文化传播有限公司,8392,体育培训,0.2125,0.85,否,,1,0,,武术指导,,0.0,0.0,0.85,0.0
内江市东兴区迅威体育赛事策划有限责任公司,9052,体育赛事,0.6611,0.9,是,纯跨界（行业代码非体育，文本有体育业务）,1,1,体育赛事策划,,赛事策划,1.0,1.0,0.0,0.1111
内江悦心健身服务有限公司,8930,健身休闲,0.8736,0.95,否,,1,1,健身服务,,健身服务,1.0,1.0,0.85,0.1111
四川帕布体育发展有限公司,7246,体育管理,0.6611,0.9,是,纯跨界（行业代码非体育，文本有体育业务）,1,1,体育咨询,,体育咨询,1.0,1.0,0.0,0.1111
四川聪愉健体育俱乐部有限责任公司,8930,健身休闲,0.2125,0.85,否,,1,0,,健身运动,,0.0,0.0,0.85,0.0
内江绿茵继承者足球俱乐部有限责任公司,5242,体育用品,0.8736,0.95,否,,1,1,体育用品零售,,体育用品零售,1.0,1.0,0.85,0.1111
内江跃浪体育组织有限公司,8911,体育赛事,0.8736,0.95,否,,1,1,体育竞赛组织,,体育竞赛,1.0,1.0,0.85,0.1111
四川共创体育文化有限公司,5242,体育用品,0.8736,0.95,否,,1,1,零售体育用品,,体育用品,1.0,1.0,0.85,0.1111
内江锐利行健身服务有限公司,8930,健身休闲,0.8736,0.95,否,,1,1,健身服务,,健身服务,1.0,1.0,0.85,0.1111
内江市浩力体育组织有限公司,8919,体育管理,0.8736,0.95,否,,1,1,体育组织,,体育组织,1.0,1.0,0.85,0.1111
内江内鲁克林体育俱乐部有限公司,8392,体育培训,0.8736,0.95,否,,1,1,体育培训服务,,体育培训,1.0,1.0,0.85,0.1111
四川童恩拓展训练有限公司,8930,健身休闲,0.2125,0.85,否,,1,0,,拓展训练,,0.0,0.0,0.85,0.0
内江心武极一体育俱乐部有限公司,8392,体育赛事,0.8736,0.95,否,,1,1,体育竞赛培训,,体育竞赛,1.0,1.0,0.85,0.1111
四川映运体育有限公司,9054,体育管理,0.6611,0.9,是,纯跨界（行业代码非体育，文本有体育业务）,1,1,体育组织服务,,体育组织,1.0,1.0,0.0,0.1111
四川天涯休闲健身有限公司,8930,健身休闲,0.8736,0.95,否,,1,1,休闲健身服务,,健身服务,1.0,1.0,0.85,0.1111
内江一隅围棋俱乐部有限公司,8930,健身休闲,0.2125,0.85,否,,1,0,,棋牌室服务,,0.0,0.0,0.85,0.0
四川阿尔法体育文化发展有限公司,8392,体育培训,0.8736,0.95,否,,1,1,体育培训,,体育培训,1.0,1.0,0.85,0.1111
四川众成鑫和体育发展有限公司,8911,体育赛事,0.8736,0.95,否,,1,1,体育竞赛组织,,体育竞赛,1.0,1.0,0.85,0.1111
四川译锋体育发展有限公司,5242,体育用品,0.8736,0.95,否,,1,1,体育用品零售,,体育用品零售,1.0,1.0,0.85,0.1111
内江博谊商贸有限公司,5242,体育用品,0.8736,0.95,否,,1,1,零售体育用品,,体育用品,1.0,1.0,0.85,0.1111
内江市起点体育有限责任公司,8392,体育培训,0.8736,0.95,否,,1,1,体育培训,,体育培训,1.0,1.0,0.85,0.1111
内江竞悦文化传播有限责任公司,9052,体育赛事,0.6611,0.9,是,纯跨界（行业代码非体育，文本有体育业务）,1,1,体育赛事活动,,体育赛事,1.0,1.0,0.0,0.1111
内江建工商业运营管理有限公司,8921,体育场馆,0.2125,0.85,否,,1,0,,商业运营管理,,0.0,0.0,0.85,0.0
内江三石教育科技有限公司,8930,健身休闲,0.2125,0.85,否,,1,0,,拓展活动,,0.0,0.0,0.85,0.0
内江爱上渔渔具有限公司,5142,体育用品,0.2125,0.85,否,,1,0,,钓鱼用品和器材批发,,0.0,0.0,0.85,0.0
四川艾何渔具有限公司,5242,体育用品,0.8736,0.95,否,,1,1,渔具零售,,渔具,1.0,1.0,0.85,0.1111
内江锐新体育发展有限公司,5242,体育用品,0.8736,0.95,否,,1,1,零售体育器材,,体育器材,1.0,1.0,0.85,0.1111
四川成志富拓体育组织服务有限公司,8919,体育管理,0.8736,0.95,否,,1,1,体育组织,,体育组织,1.0,1.0,0.85,0.1111
威远众森体育发展有限责任公司,8921,体育场馆,0.8736,0.95,否,,1,1,体育场馆管理,,体育场馆,1.0,1.0,0.85,0.1111
威远弘拓休闲健身有限责任公司,8930,健身休闲,0.2125,0.85,否,,1,0,,健身休闲活动,,0.0,0.0,0.85,0.0
四川创美文化娱乐有限公司,8921,体育场馆,0.2125,0.85,否,,1,0,,歌舞厅娱乐,,0.0,0.0,0.85,0.0
四川省威少体育发展有限公司,8911,体育管理,0.8736,0.95,否,,1,1,体育服务,,体育服务,1.0,1.0,0.85,0.1111
四川优倍斯特体育中介代理服务有限公司,9052,体育管理,0.6611,0.9,是,纯跨界（行业代码非体育，文本有体育业务）,1,1,体育服务,,体育服务,1.0,1.0,0.0,0.1111
威远筑梦体育发展有限公司,9052,体育赛事,0.6611,0.9,是,纯跨界（行业代码非体育，文本有体育业务）,1,1,体育赛事策划,,赛事策划,1.0,1.0,0.0,0.1111
内江市讯泰网络游戏有限责任公司,8912,体育管理,0.2125,0.85,否,,1,0,,游艺娱乐活动,,0.0,0.0,0.85,0.0
威远县泽扬体育用品有限公司,5242,体育用品,0.8736,0.95,否,,1,1,体育用品及器材零售,,体育用品,1.0,1.0,0.85,0.1111
四川成奇体育文化发展有限公司,5242,体育用品,0.8736,0.95,否,,1,1,体育用品零售,,体育用品零售,1.0,1.0,0.85,0.1111
威远德尚体育有限责任公司,8919,体育管理,0.8736,0.95,否,,1,1,体育组织,,体育组织,1.0,1.0,0.85,0.1111
威远县飓风体育文化推广有限公司,9052,体育管理,0.6611,0.9,是,纯跨界（行业代码非体育，文本有体育业务）,1,1,体育服务,,体育服务,1.0,1.0,0.0,0.1111
威远县远动体育发展有限公司,8912,体育管理,0.2125,0.85,否,,1,0,,体育保障组织,,0.0,0.0,0.85,0.0
威远县翠峰山体育俱乐部有限公司,8930,健身休闲,0.2125,0.85,否,,1,0,,健身休闲活动,,0.0,0.0,0.85,0.0
内江全成体育俱乐部有限公司,8911,体育赛事,0.8736,0.95,否,,1,1,体育竞赛,,体育竞赛,1.0,1.0,0.85,0.1111
资中县叁壹教育培训有限公司,8392,体育培训,0.2125,0.85,否,,1,0,,教育培训,,0.0,0.0,0.85,0.0
四川省传联体育有限公司,8392,体育培训,0.2125,0.85,否,,1,0,,体育活动,,0.0,0.0,0.85,0.0
资中县黑曼巴体育用品经营部,5242,体育用品,0.8736,0.95,否,,1,1,体育用品零售,,体育用品零售,1.0,1.0,0.85,0.1111
资中县金卓体育俱乐部有限责任公司,8392,体育培训,0.2125,0.85,否,,1,0,,体育活动,,0.0,0.0,0.85,0.0
资中县胖胖体育用品销售有限公司,5142,体育用品,0.8736,0.95,否,,1,1,体育用品批发,,体育用品批发,1.0,1.0,0.85,0.1111
资中县强军户外拓展有限公司,8930,健身休闲,0.2125,0.85,否,,1,0,,体育健身,,0.0,0.0,0.85,0.0
资中县隐园休闲娱乐有限公司,8930,健身休闲,0.2125,0.85,否,,1,0,,休闲健身,,0.0,0.0,0.85,0.0
资中县月英休闲健身有限公司,8930,健身休闲,0.8736,0.95,否,,1,1,健身服务,,健身服务,1.0,1.0,0.85,0.1111
资中县悦途户外运动用品有限公司,2449,体育用品,0.8736,0.95,否,,1,1,其他体育用品制造,,体育用品制造,1.0,1.0,0.85,0.1111
资中县博浪游泳俱乐部有限公司,8929,体育场馆,0.8736,0.95,否,,1,1,其他体育场地设施管理,,体育场地设施,1.0,1.0,0.85,0.1111
资中县鲸鱼体育培训学校有限公司,8392,体育培训,0.8736,0.95,否,,1,1,体育培训,,体育培训,1.0,1.0,0.85,0.1111
四川省零度生命时光健身服务有限公司,8930,健身休闲,0.2125,0.85,否,,1,0,,休闲健身活动,,0.0,0.0,0.85,0.0
资中县秀伟商贸有限责任公司,5242,体育用品,0.8736,0.95,否,,1,1,体育用品及器材零售,,体育用品,1.0,1.0,0.85,0.1111
资中县宸语文体用品经营部,5242,体育用品,0.8736,0.95,否,,1,1,体育用品及器材零售,,体育用品,1.0,1.0,0.85,0.1111
资中县深蓝健身服务有限公司,8930,健身休闲,0.2125,0.85,否,,1,0,,健身休闲活动,,0.0,0.0,0.85,0.0
资中县绪峰搏击俱乐部有限公司,8911,体育赛事,0.8736,0.95,否,,1,1,体育竞赛组织,,体育竞赛,1.0,1.0,0.85,0.1111
资中县刘杠武术文化传播有限责任公司,8392,体育培训,0.8736,0.95,否,,1,1,武术培训,,武术培训,1.0,1.0,0.85,0.1111
资中时代健身服务有限公司,8930,健身休闲,0.8736,0.95,否,,1,1,休闲健身服务,,健身服务,1.0,1.0,0.85,0.1111
资中县凯跃休闲健身有限公司,8930,健身休闲,0.2125,0.85,否,,1,0,,健身休闲活动,,0.0,0.0,0.85,0.0
资中县弈界围棋俱乐部有限责任公司,8930,健身休闲,0.2125,0.85,否,,1,0,,棋牌服务,,0.0,0.0,0.85,0.0
资中县芯瑞健身有限责任公司,8930,健身休闲,0.2125,0.85,否,,1,0,,健身休闲活动,,0.0,0.0,0.85,0.0
资中县黑鞋体育用品销售有限责任公司,5142,体育用品,0.8736,0.95,否,,1,1,体育用品批发,,体育用品批发,1.0,1.0,0.85,0.1111
四川金雪舞渔具有限公司,2449,体育用品,0.8736,0.95,否,,1,1,渔具制造,,渔具,1.0,1.0,0.85,0.1111
资中县力动爱体育发展有限责任公司,5242,体育用品,0.8736,0.95,否,,1,1,体育用品零售,,体育用品零售,1.0,1.0,0.85,0.1111
资中县励志体育培训学校有限公司,8392,体育培训,0.8736,0.95,否,,1,1,体校及体育培训服务,,体育培训,1.0,1.0,0.85,0.1111
资中县童启慧教育培训学校有限公司,8912,体育管理,0.2125,0.85,否,,1,0,,童模训练,,0.0,0.0,0.85,0.0
资中县鲸鱼体育文化发展有限公司,8929,体育场馆,0.8736,0.95,否,,1,1,体育场地设施经营,,体育场地设施,1.0,1.0,0.85,0.1111
资中县零度淞淞健身服务有限公司,8930,健身休闲,0.8736,0.95,否,,1,1,健身服务,,健身服务,1.0,1.0,0.85,0.1111
四川超冠体育文化发展有限责任公司,8911,体育赛事,0.8736,0.95,否,,1,1,体育竞赛组织服务,,体育竞赛,1.0,1.0,0.85,0.1111
内江鑫实宇体育文化传播有限公司,8911,体育赛事,0.8736,0.95,否,,1,1,体育竞赛组织,,体育竞赛,1.0,1.0,0.85,0.1111
内江市启航体育服务有限公司,8919,体育管理,0.2125,0.85,否,,1,0,,体育项目组织服务,,0.0,0.0,0.85,0.0
内江和泰飞人体育文化传播有限公司,9052,体育赛事,0.6611,0.9,是,纯跨界（行业代码非体育，文本有体育业务）,1,1,组织体育表演,,体育表演,1.0,1.0,0.0,0.1111
四川博弈体育文化发展有限责任公司,8392,体育培训,0.8736,0.95,否,,1,1,体育培训,,体育培训,1.0,1.0,0.85,0.1111
内江德瑞克众合体育发展有限公司,8999,体育用品,0.6611,0.9,是,纯跨界（行业代码非体育，文本有体育业务）,1,1,销售体育器材,,体育器材,1.0,1.0,0.0,0.1111
内江向心力体育组织服务有限公司,8930,体育管理,0.8736,0.95,否,,1,1,体育组织,,体育组织,1.0,1.0,0.85,0.1111
内江市博驰商贸有限责任公司,5242,体育用品,0.8736,0.95,否,,1,1,体育用品零售,,体育用品零售,1.0,1.0,0.85,0.1111
内江凌晨四点体育发展有限公司,8911,体育赛事,0.8736,0.95,否,,1,1,体育竞赛组织,,体育竞赛,1.0,1.0,0.85,0.1111
内江飞酷体育发展有限公司,8912,体育场馆,0.8736,0.95,否,,1,1,体育场地设施经营,,体育场地设施,1.0,1.0,0.85,0.1111
四川艺宏媛健身有限责任公司,8930,健身休闲,0.2125,0.85,否,,1,0,,健身休闲活动,,0.0,0.0,0.85,0.0
内江市鼎裕鸿水产开发有限公司,5242,体育用品,0.8736,0.95,否,,1,1,零售水产渔具,,渔具,1.0,1.0,0.85,0.1111
四川泽启创俊商贸有限公司,5242,体育用品,0.8736,0.95,否,,1,1,体育用品零售,,体育用品零售,1.0,1.0,0.85,0.1111
内江市梵一健身服务有限责任公司,8930,健身休闲,0.2125,0.85,否,,1,0,,健身休闲,,0.0,0.0,0.85,0.0
内江阿尔泰商贸有限公司,5242,体育用品,0.8736,0.95,否,,1,1,文化体育用品零售,,体育用品零售,1.0,1.0,0.85,0.1111
四川宕升文化传播有限公司,5242,体育用品,0.8736,0.95,否,,1,1,体育用品及器材零售,,体育用品,1.0,1.0,0.85,0.1111
内江恒博出行户外运动有限公司,8930,健身休闲,0.2125,0.85,否,,1,0,,健身休闲活动,,0.0,0.0,0.85,0.0
内江博晟体育俱乐部有限公司,9052,体育赛事,0.6611,0.9,是,纯跨界（行业代码非体育，文本有体育业务）,1,1,体育表演,,体育表演,1.0,1.0,0.0,0.1111
四川蜀艺渔具有限公司,5242,体育用品,0.8736,0.95,否,,1,1,渔具零售,,渔具,1.0,1.0,0.85,0.1111
四川内江禅常体育发展有限责任公司,9052,体育赛事,0.6611,0.9,是,纯跨界（行业代码非体育，文本有体育业务）,1,1,体育赛事策划,,赛事策划,1.0,1.0,0.0,0.1111
内江哆咔趣娱乐有限责任公司,8912,体育管理,0.2125,0.85,否,,1,0,,游艺娱乐活动,,0.0,0.0,0.85,0.0
隆昌拓浪健身有限责任公司,8930,健身休闲,0.2125,0.85,否,,1,0,,健身休闲服务,,0.0,0.0,0.85,0.0
隆昌市牛牛健身服务有限公司,8930,健身休闲,0.2125,0.85,否,,1,0,,健身文化,,0.0,0.0,0.85,0.0
隆昌莱雅健身有限公司,8930,健身休闲,0.8736,0.95,否,,1,1,健身房,,健身房,1.0,1.0,0.85,0.1111
隆昌市星锐体育培训中心有限公司,8392,体育培训,0.8736,0.95,否,,1,1,体育培训,,体育培训,1.0,1.0,0.85,0.1111
隆昌完瑜游泳俱乐部有限公司,8930,健身休闲,0.2125,0.85,否,,1,0,,健身场地,,0.0,0.0,0.85,0.0
隆昌市天健武术培训中心有限公司,8392,健身休闲,0.8736,0.95,否,,1,1,武术教学,,武术,1.0,1.0,0.85,0.1111
隆昌市众壹体育培训中心有限公司,8392,体育培训,0.8736,0.95,否,,1,1,篮球培训,,篮球培训,1.0,1.0,0.85,0.1111
隆昌市伊凡体育培训中心有限公司,8392,体育培训,0.2125,0.85,否,,1,0,,体育技能培训,,0.0,0.0,0.85,0.0
隆昌市完瑜健身有限公司,8930,健身休闲,0.2125,0.85,否,,1,0,,健身休闲活动,,0.0,0.0,0.85,0.0
隆昌恒舟体育文化有限公司,9052,体育赛事,0.6611,0.9,是,纯跨界（行业代码非体育，文本有体育业务）,1,1,体育赛事活动策划,,体育赛事,1.0,1.0,0.0,0.1111
隆昌劲翔体育发展有限公司,5242,体育培训,0.8736,0.95,否,,1,1,体育培训,,体育培训,1.0,1.0,0.85,0.1111
隆昌绿洲健身有限公司,8930,健身休闲,0.8736,0.95,否,,1,1,健身服务,,健身服务,1.0,1.0,0.85,0.1111
四川隆腾耀体育场地设施工程有限公司,4991,体育场馆,0.6611,0.9,是,纯跨界（行业代码非体育，文本有体育业务）,1,1,体育场地设施安装,,体育场地设施,1.0,1.0,0.0,0.1111
四川铭洋体育设施工程有限公司,4892,体育场馆,0.2125,0.85,否,,1,0,,体育跑道施工,,0.0,0.0,0.85,0.0
四川锦铭拓展训练有限公司,8930,健身休闲,0.2125,0.85,否,,1,0,,健身休闲活动,,0.0,0.0,0.85,0.0
四川隆礼体育文化传播有限公司,5242,体育用品,0.8736,0.95,否,,1,1,体育用品及器材零售,,体育用品,1.0,1.0,0.85,0.1111
四川省博普教学设备有限公司,5142,体育用品,0.2125,0.85,否,,1,0,,教学器材批发,,0.0,0.0,0.85,0.0
四川省博涛佳欣体育设施有限责任公司,5242,体育用品,0.8736,0.95,否,,1,1,体育器材零售,,体育器材,1.0,1.0,0.85,0.1111
隆昌天美文化有限责任公司,8911,体育管理,0.2125,0.85,否,,1,0,,文化娱乐,,0.0,0.0,0.85,0.0
乐山市奥普乐体育运动有限公司,5242,体育用品,0.8736,0.95,否,,1,1,体育用品及器材零售,,体育用品,1.0,1.0,0.85,0.1111
乐山凯旋体育产业发展有限公司,5242,体育用品,0.8736,0.95,否,,1,1,体育用品零售,,体育用品零售,1.0,1.0,0.85,0.1111
乐山市如壹搏击俱乐部有限公司,8911,体育赛事,0.8736,0.95,否,,1,1,体育竞赛组织,,体育竞赛,1.0,1.0,0.85,0.1111
四川米瓣健身发展有限公司,8930,健身休闲,0.8736,0.95,否,,1,1,健身服务,,健身服务,1.0,1.0,0.85,0.1111
乐山玖仟亿体育科技有限公司,5242,体育用品,0.8736,0.95,否,,1,1,体育用品零售,,体育用品零售,1.0,1.0,0.85,0.1111
乐山市昊运体育服务有限公司,8930,健身休闲,0.8736,0.95,否,,1,1,室内休闲健身服务,,健身服务,1.0,1.0,0.85,0.1111
乐山雅琳思泓体育用品有限公司,5242,体育用品,0.8736,0.95,否,,1,1,体育用品零售,,体育用品零售,1.0,1.0,0.85,0.1111
乐山澳能晟体育文化传播有限公司,8911,体育赛事,0.8736,0.95,否,,1,1,体育竞赛组织,,体育竞赛,1.0,1.0,0.85,0.1111
乐山兵辉商贸有限公司,8930,健身休闲,0.2125,0.85,否,,1,0,,棋牌服务,,0.0,0.0,0.85,0.0
四川蜀途户外拓展有限公司,8930,健身休闲,0.8736,0.95,否,,1,1,休闲健身服务,,健身服务,1.0,1.0,0.85,0.1111
乐山奥帆体育文化传播有限公司,5242,体育用品,0.8736,0.95,否,,1,1,体育用品零售,,体育用品零售,1.0,1.0,0.85,0.1111
乐山垚豆健身服务有限公司,8930,健身休闲,0.8736,0.95,否,,1,1,健身服务,,健身服务,1.0,1.0,0.85,0.1111
乐山冠威体育发展有限公司,9052,体育赛事,0.6611,0.9,是,纯跨界（行业代码非体育，文本有体育业务）,1,1,体育表演服务,,体育表演,1.0,1.0,0.0,0.1111
乐山青体体育文化传播有限公司,8392,体育培训,0.8736,0.95,否,,1,1,体育培训,,体育培训,1.0,1.0,0.85,0.1111
四川猎手体育发展有限公司,5142,体育用品,0.8736,0.95,否,,1,1,体育器材批发,,体育器材,1.0,1.0,0.85,0.1111
乐山市市中区现秀健身服务有限公司,8930,健身休闲,0.2125,0.85,否,,1,0,,健身休闲活动,,0.0,0.0,0.85,0.0
乐山市瑞斯体育文化发展有限公司,8930,健身休闲,0.2125,0.85,否,,1,0,,休闲健身活动,,0.0,0.0,0.85,0.0
乐山永虹体育场馆管理有限公司,8930,健身休闲,0.8736,0.95,否,,1,1,游泳健身服务,,游泳; 健身服务,1.0,1.0,0.85,0.1111
乐山晟尚踏月健身有限公司,8930,健身休闲,0.2125,0.85,否,,1,0,,健身休闲活动,,0.0,0.0,0.85,0.0
乐山悦享健身服务有限公司,8930,健身休闲,0.2125,0.85,否,,1,0,,健身休闲活动,,0.0,0.0,0.85,0.0
四川聚思凝影文化传播有限公司,5242,体育用品,0.8736,0.95,否,,1,1,体育用品及器材零售,,体育用品,1.0,1.0,0.85,0.1111
乐山尚泰体育文化传播有限公司,8919,体育管理,0.8736,0.95,否,,1,1,其他体育组织,,体育组织,1.0,1.0,0.85,0.1111
乐山航之乐体育发展有限公司,5242,体育用品,0.8736,0.95,否,,1,1,体育用品零售,,体育用品零售,1.0,1.0,0.85,0.1111
乐山市市中区半岛体育培训学校有限公司,8392,体育培训,0.8736,0.95,否,,1,1,体育培训,,体育培训,1.0,1.0,0.85,0.1111
乐山滢鑫体育文化传播有限公司,5242,体育用品,0.8736,0.95,否,,1,1,体育用品及器材零售,,体育用品,1.0,1.0,0.85,0.1111
乐山劲浪体育用品销售有限公司,5242,体育用品,0.8736,0.95,否,,1,1,体育用品及器材零售,,体育用品,1.0,1.0,0.85,0.1111
乐山磅礴体育发展有限责任公司,8930,健身休闲,0.8736,0.95,否,,1,1,健身服务,,健身服务,1.0,1.0,0.85,0.1111
乐山泞舞健身服务有限公司,8930,健身休闲,0.2125,0.85,否,,1,0,,健身休闲服务,,0.0,0.0,0.85,0.0
乐山乐淘淘文化传播有限公司,8930,健身休闲,0.2125,0.85,否,,1,0,,健身休闲活动,,0.0,0.0,0.85,0.0
乐山泳诚体育服务有限公司,8921,体育场馆,0.8736,0.95,否,,1,1,体育场馆服务,,体育场馆,1.0,1.0,0.85,0.1111
乐山知我健身管理有限公司,8930,健身休闲,0.8736,0.95,否,,1,1,健身服务,,健身服务,1.0,1.0,0.85,0.1111
乐山菲特尼斯健身服务有限公司,8930,健身休闲,0.2125,0.85,否,,1,0,,休闲健身活动,,0.0,0.0,0.85,0.0
乐山拼搏体育文化传播有限责任公司,8392,体育培训,0.8736,0.95,否,,1,1,少儿篮球培训,,篮球培训,1.0,1.0,0.85,0.1111
乐山新锐澎湃健身服务有限公司,8930,健身休闲,0.2125,0.85,否,,1,0,,休闲健身活动,,0.0,0.0,0.85,0.0
乐山市泰雷特健身服务有限公司,8930,健身休闲,0.8736,0.95,否,,1,1,健身服务,,健身服务,1.0,1.0,0.85,0.1111
乐山福禄居养老服务有限公司,8930,健身休闲,0.2125,0.85,否,,1,0,,健身休闲活动,,0.0,0.0,0.85,0.0
乐山众恒文化体育发展有限公司,5242,体育用品,0.8736,0.95,否,,1,1,体育用品及器材零售,,体育用品,1.0,1.0,0.85,0.1111
乐山市梵修伽舍健身有限公司,8930,健身休闲,0.2125,0.85,否,,1,0,,健身休闲活动,,0.0,0.0,0.85,0.0
乐山征途户外运动服务有限公司,8930,健身休闲,0.8736,0.95,否,,1,1,户外运动服务,,户外运动,1.0,1.0,0.85,0.1111
乐山乐仔体育发展有限公司,8930,健身休闲,0.8736,0.95,否,,1,1,健身房健身活动,,健身房,1.0,1.0,0.85,0.1111
乐山爆锋健身服务有限公司,8930,健身休闲,0.2125,0.85,否,,1,0,,休闲健身活动,,0.0,0.0,0.85,0.0
乐山市三小江竞技体育文化发展有限公司,5242,体育用品,0.8736,0.95,否,,1,1,体育用品零售,,体育用品零售,1.0,1.0,0.85,0.1111
乐山菲韵健身服务有限公司,8930,健身休闲,0.2125,0.85,否,,1,0,,健身休闲活动,,0.0,0.0,0.85,0.0
乐山市诺玛瑜伽健身有限公司,8930,健身休闲,0.2125,0.85,否,,1,0,,健身休闲活动,,0.0,0.0,0.85,0.0
乐山惊步体育发展有限公司,5242,体育用品,0.8736,0.95,否,,1,1,体育用品零售,,体育用品零售,1.0,1.0,0.85,0.1111
乐山市瑞体体育文化发展有限公司,5242,体育用品,0.8736,0.95,否,,1,1,体育用品零售,,体育用品零售,1.0,1.0,0.85,0.1111
乐山市尤尼奥尔健身服务有限公司,8930,健身休闲,0.2125,0.85,否,,1,0,,健身休闲活动,,0.0,0.0,0.85,0.0
乐山成懿体育发展有限公司,8911,体育赛事,0.8736,0.95,否,,1,1,体育竞赛组织,,体育竞赛,1.0,1.0,0.85,0.1111
乐山市圣珈瑜伽健身服务有限公司,8930,健身休闲,0.2125,0.85,否,,1,0,,休闲健身活动,,0.0,0.0,0.85,0.0
乐山市沐苒健身服务有限责任公司,8992,健身休闲,0.6611,0.9,是,纯跨界（行业代码非体育，文本有体育业务）,1,1,健身服务,,健身服务,1.0,1.0,0.0,0.1111
乐山速比得体育发展有限公司,8392,体育培训,0.8736,0.95,否,,1,1,体育培训,,体育培训,1.0,1.0,0.85,0.1111
乐山麦卡伦健身服务有限公司,8930,健身休闲,0.8736,0.95,否,,1,1,休闲健身服务,,健身服务,1.0,1.0,0.85,0.1111
乐山市乒创体育发展有限公司,8911,体育赛事,0.8736,0.95,否,,1,1,体育竞赛组织,,体育竞赛,1.0,1.0,0.85,0.1111
乐山三分扣体育文化发展有限公司,8911,体育赛事,0.8736,0.95,否,,1,1,体育竞赛组织,,体育竞赛,1.0,1.0,0.85,0.1111
乐山锐乒体育文化传播有限公司,8392,体育培训,0.8736,0.95,否,,1,1,体育培训,,体育培训,1.0,1.0,0.85,0.1111
乐山市精武文化传播有限公司,8911,体育赛事,0.8736,0.95,否,,1,1,体育竞赛,,体育竞赛,1.0,1.0,0.85,0.1111
四川壹嘉体育发展有限公司,8930,健身休闲,0.8736,0.95,否,,1,1,健身服务,,健身服务,1.0,1.0,0.85,0.1111
乐山嗨格林体育发展有限公司,8921,体育场馆,0.8736,0.95,否,,1,1,体育场馆管理,,体育场馆,1.0,1.0,0.85,0.1111
乐山腾志健身服务有限公司,8930,健身休闲,0.8736,0.95,否,,1,1,健身服务,,健身服务,1.0,1.0,0.85,0.1111
四川泳维体育场馆管理有限公司,5142,体育用品,0.8736,0.95,否,,1,1,体育用品批发,,体育用品批发,1.0,1.0,0.85,0.1111
乐山市悦扬游泳池管理有限责任公司,8921,体育场馆,0.8736,0.95,否,,1,1,体育场馆管理,,体育场馆,1.0,1.0,0.85,0.1111
乐山乐恒体育文化发展有限公司,8921,体育场馆,0.8736,0.95,否,,1,1,体育场馆管理服务,,体育场馆,1.0,1.0,0.85,0.1111
乐山市市中区侠客体育培训学校有限公司,8392,体育培训,0.8736,0.95,否,,1,1,体育培训,,体育培训,1.0,1.0,0.85,0.1111
乐山零一健身服务有限公司,8930,健身休闲,0.2125,0.85,否,,1,0,,休闲健身活动,,0.0,0.0,0.85,0.0
乐山优体体育发展有限公司,8930,健身休闲,0.8736,0.95,否,,1,1,健身服务,,健身服务,1.0,1.0,0.85,0.1111
乐山市山水体育运动有限公司,5242,体育用品,0.8736,0.95,否,,1,1,体育用品零售,,体育用品零售,1.0,1.0,0.85,0.1111
乐山乐佛体育文化发展有限公司,8921,体育场馆,0.8736,0.95,否,,1,1,体育场馆服务,,体育场馆,1.0,1.0,0.85,0.1111
乐山青贝体育发展有限公司,8999,体育场馆,0.6611,0.9,是,纯跨界（行业代码非体育，文本有体育业务）,1,1,体育场地实施,,体育场地,1.0,1.0,0.0,0.1111
乐山蜜獾搏击俱乐部有限责任公司,8930,健身休闲,0.2125,0.85,否,,1,0,,健身休闲活动,,0.0,0.0,0.85,0.0
乐山青年越野俱乐部有限责任公司,8930,健身休闲,0.2125,0.85,否,,1,0,,健身休闲活动,,0.0,0.0,0.85,0.0
乐山穆含体育发展有限公司,8392,体育培训,0.8736,0.95,否,,1,1,体育培训,,体育培训,1.0,1.0,0.85,0.1111
乐山威特锐体育文化传播有限公司,5142,体育用品,0.8736,0.95,否,,1,1,体育用品及器材批发,,体育用品,1.0,1.0,0.85,0.1111
四川三隆体育用品有限公司,5242,体育用品,0.8736,0.95,否,,1,1,体育用品零售,,体育用品零售,1.0,1.0,0.85,0.1111
乐山市威腾体育产业发展有限公司,5242,体育用品,0.8736,0.95,否,,1,1,体育用品零售,,体育用品零售,1.0,1.0,0.85,0.1111
四川中百体育有限公司,5242,体育用品,0.8736,0.95,否,,1,1,体育用品零售,,体育用品零售,1.0,1.0,0.85,0.1111
乐山市嘉丁体育文化发展有限公司,8911,体育赛事,0.8736,0.95,否,,1,1,体育竞赛组织,,体育竞赛,1.0,1.0,0.85,0.1111
四川省黄超安顺搏击俱乐部有限责任公司,8392,体育培训,0.8736,0.95,否,,1,1,跆拳道培训,,跆拳道培训,1.0,1.0,0.85,0.1111
四川骥诚户外拓展有限公司,8930,健身休闲,0.2125,0.85,否,,1,0,,健身休闲活动,,0.0,0.0,0.85,0.0
四川鸿搏良景体育设施工程有限公司,5242,体育用品,0.8736,0.95,否,,1,1,体育用品及器材零售,,体育用品,1.0,1.0,0.85,0.1111
乐山笑意暖商贸有限公司,5242,体育用品,0.8736,0.95,否,,1,1,零售体育用品,,体育用品,1.0,1.0,0.85,0.1111
四川企小鹅体育发展有限公司,5242,体育用品,0.8736,0.95,否,,1,1,体育用品零售,,体育用品零售,1.0,1.0,0.85,0.1111
乐山瑞博踏月健身有限公司,8930,健身休闲,0.8736,0.95,否,,1,1,休闲健身服务,,健身服务,1.0,1.0,0.85,0.1111
乐山市魔鬼汤健身有限公司,8930,健身休闲,0.2125,0.85,否,,1,0,,休闲健身活动,,0.0,0.0,0.85,0.0
乐山乐贝体育有限公司,8930,健身休闲,0.2125,0.85,否,,1,0,,休闲健身活动,,0.0,0.0,0.85,0.0
乐山荷方元健康管理有限公司,8930,健身休闲,0.2125,0.85,否,,1,0,,健身休闲服务,,0.0,0.0,0.85,0.0
四川木子体育有限责任公司,7246,体育管理,0.6611,0.9,是,纯跨界（行业代码非体育，文本有体育业务）,1,1,体育咨询,,体育咨询,1.0,1.0,0.0,0.1111
四川海琳贝体育文化传播有限公司,8930,健身休闲,0.8736,0.95,否,,1,1,室内游泳服务,,游泳,1.0,1.0,0.85,0.1111
乐山高升体育文化发展有限公司,9052,体育赛事,0.6611,0.9,是,纯跨界（行业代码非体育，文本有体育业务）,1,1,体育表演服务,,体育表演,1.0,1.0,0.0,0.1111
乐山市攀博体育发展有限公司,8930,健身休闲,0.8736,0.95,否,,1,1,攀岩场馆活动,,攀岩,1.0,1.0,0.85,0.1111
四川燃动体育文化传播有限公司,8392,体育培训,0.8736,0.95,否,,1,1,篮球培训,,篮球培训,1.0,1.0,0.85,0.1111
乐山云鹰体育发展有限公司,8392,健身休闲,0.8736,0.95,否,,1,1,射击培训,,射击,1.0,1.0,0.85,0.1111
乐山波底标顶体育用品服务有限公司,5242,体育用品,0.8736,0.95,否,,1,1,体育器材零售,,体育器材,1.0,1.0,0.85,0.1111
乐山市邓强体育设备有限公司,5242,体育用品,0.8736,0.95,否,,1,1,体育器材零售,,体育器材,1.0,1.0,0.85,0.1111
四川百动体育文化有限公司,8930,健身休闲,0.8736,0.95,否,,1,1,健身服务,,健身服务,1.0,1.0,0.85,0.1111
四川奥威教体设备有限公司,5242,体育用品,0.8736,0.95,否,,1,1,零售体育器材,,体育器材,1.0,1.0,0.85,0.1111
乐山蜀享体育发展有限责任公司,8392,体育培训,0.8736,0.95,否,,1,1,体育培训,,体育培训,1.0,1.0,0.85,0.1111
乐山尚楚体育发展有限公司,5142,体育用品,0.2125,0.85,否,,1,0,,体育器械用品批发,,0.0,0.0,0.85,0.0
四川梵一瑜伽有限公司,8930,健身休闲,0.2125,0.85,否,,1,0,,健身休闲服务,,0.0,0.0,0.85,0.0
乐山市青禅健身服务有限公司,8930,健身休闲,0.2125,0.85,否,,1,0,,健身休息活动,,0.0,0.0,0.85,0.0
乐山市乐动体育有限公司,5142,体育用品,0.8736,0.95,否,,1,1,体育器材批发,,体育器材,1.0,1.0,0.85,0.1111
乐山雄鹰体育发展有限公司,5242,体育用品,0.8736,0.95,否,,1,1,体育用品零售,,体育用品零售,1.0,1.0,0.85,0.1111
乐山又坡商贸有限公司,5242,体育用品,0.2125,0.85,否,,1,0,,日用品销售,,0.0,0.0,0.85,0.0
乐山市健桥体育文化传播有限公司,8930,健身休闲,0.2125,0.85,否,,1,0,,休闲健身活动,,0.0,0.0,0.85,0.0
乐山速熠体育发展有限公司,8930,健身休闲,0.2125,0.85,否,,1,0,,健身休闲服务,,0.0,0.0,0.85,0.0
乐山一贰一体育发展有限公司,5242,体育用品,0.8736,0.95,否,,1,1,体育用品及器材零售,,体育用品,1.0,1.0,0.85,0.1111
乐山泉溪体育用品有限公司,5242,体育用品,0.8736,0.95,否,,1,1,体育用品零售,,体育用品零售,1.0,1.0,0.85,0.1111
乐山市百进电子商务有限公司,5142,体育用品,0.8736,0.95,否,,1,1,体育用品批发,,体育用品批发,1.0,1.0,0.85,0.1111
乐山嘉州印象体育发展有限公司,8911,体育赛事,0.8736,0.95,否,,1,1,体育竞赛组织,,体育竞赛,1.0,1.0,0.85,0.1111
四川火绒草户外拓展有限公司,8930,健身休闲,0.2125,0.85,否,,1,0,,健身休闲服务,,0.0,0.0,0.85,0.0
四川红箭体育发展有限公司,9052,体育赛事,0.6611,0.9,是,纯跨界（行业代码非体育，文本有体育业务）,1,1,体育赛事策划,,赛事策划,1.0,1.0,0.0,0.1111
乐山市市中区奥跃汇体育发展有限公司,8912,体育管理,0.2125,0.85,否,,1,0,,体育保障组织,,0.0,0.0,0.85,0.0
乐山诚尧商贸有限公司,5142,体育用品,0.8736,0.95,否,,1,1,体育用品批发,,体育用品批发,1.0,1.0,0.85,0.1111
四川拓智文化传播有限公司,8930,健身休闲,0.2125,0.85,否,,1,0,,体育拓展运动,,0.0,0.0,0.85,0.0
乐山市琅华健身有限公司,8930,健身休闲,0.8736,0.95,否,,1,1,健身房服务,,健身房,1.0,1.0,0.85,0.1111
乐山止戈体育文化推广有限公司,8911,体育赛事,0.8736,0.95,否,,1,1,体育赛事组织,,体育赛事,1.0,1.0,0.85,0.1111
乐山汇创科技发展有限公司,5142,体育用品,0.2125,0.85,否,,1,0,,体育器具批发,,0.0,0.0,0.85,0.0
乐山酷丘体育文化发展有限公司,9052,体育赛事,0.6611,0.9,是,纯跨界（行业代码非体育，文本有体育业务）,1,1,体育赛事策划,,赛事策划,1.0,1.0,0.0,0.1111
乐山星空体育发展有限公司,8392,体育培训,0.2125,0.85,否,,1,0,,体育健康培训,,0.0,0.0,0.85,0.0
乐山市柠信体育发展有限公司,5142,体育用品,0.8736,0.95,否,,1,1,体育用品批发,,体育用品批发,1.0,1.0,0.85,0.1111
乐山市睿智能量体育健身发展有限公司,8930,健身休闲,0.8736,0.95,否,,1,1,健身服务,,健身服务,1.0,1.0,0.85,0.1111
乐山阵风美泰健身有限责任公司,8930,健身休闲,0.2125,0.85,否,,1,0,,健身休闲活动,,0.0,0.0,0.85,0.0
乐山遇见瑜伽健身有限公司,8930,健身休闲,0.8736,0.95,否,,1,1,瑜伽培训,,瑜伽,1.0,1.0,0.85,0.1111
乐山市飞亮体育发展有限责任公司,8930,健身休闲,0.8736,0.95,否,,1,1,健身服务,,健身服务,1.0,1.0,0.85,0.1111
四川昶畅商贸有限公司,5242,体育用品,0.8736,0.95,否,,1,1,体育用品及器材零售,,体育用品,1.0,1.0,0.85,0.1111
乐山市悟畏体育发展有限公司,8930,健身休闲,0.2125,0.85,否,,1,0,,休闲健身活动,,0.0,0.0,0.85,0.0
四川乐动悦动体育文化发展有限公司,8392,体育培训,0.8736,0.95,否,,1,1,体育培训,,体育培训,1.0,1.0,0.85,0.1111
乐山酷瑞达体育科技有限公司,8392,体育培训,0.8736,0.95,否,,1,1,篮球培训,,篮球培训,1.0,1.0,0.85,0.1111
乐山新清标体育文化传播有限公司,8930,健身休闲,0.8736,0.95,否,,1,1,健身服务,,健身服务,1.0,1.0,0.85,0.1111
乐山市新小蜂体育发展有限公司,8392,体育培训,0.8736,0.95,否,,1,1,篮球培训,,篮球培训,1.0,1.0,0.85,0.1111
乐山乐火户外用品有限公司,5242,体育用品,0.2125,0.85,否,,1,0,,户外用品零售,,0.0,0.0,0.85,0.0
乐山允力体育场地设施工程有限公司,4991,体育场馆,0.6611,0.9,是,纯跨界（行业代码非体育，文本有体育业务）,1,1,体育场地设施安装服务,,体育场地设施,1.0,1.0,0.0,0.1111
乐山和众体育发展有限公司,8919,体育用品,0.8736,0.95,否,,1,1,羽毛球训练,,羽毛球,1.0,1.0,0.85,0.1111
四川泓河体育设施工程有限公司,4991,体育场馆,0.6611,0.9,是,纯跨界（行业代码非体育，文本有体育业务）,1,1,体育设施安装,,体育设施,1.0,1.0,0.0,0.1111
乐山市双全度假村有限公司,8921,健身休闲,0.8736,0.95,否,,1,1,游泳场馆,,游泳,1.0,1.0,0.85,0.1111
乐山市健琦体育用品销售有限责任公司,5142,体育用品,0.8736,0.95,否,,1,1,体育用品及器材批发,,体育用品,1.0,1.0,0.85,0.1111
乐山极速童星体育文化发展有限公司,8392,体育培训,0.2125,0.85,否,,1,0,,儿童摩托车训练,,0.0,0.0,0.85,0.0
四川如风体育用品有限责任公司,5242,体育用品,0.8736,0.95,否,,1,1,体育用品线上批发与零售,,体育用品,1.0,1.0,0.85,0.1111
乐山炫酷户外运动有限公司,8930,健身休闲,0.8736,0.95,否,,1,1,户外运动服务,,户外运动,1.0,1.0,0.85,0.1111
乐山冲锋户外拓展有限公司,8930,健身休闲,0.8736,0.95,否,,1,1,户外拓展活动,,户外拓展,1.0,1.0,0.85,0.1111
乐山壹赛道建设工程有限公司,4892,体育场馆,0.8736,0.95,否,,1,1,体育场地施工,,体育场地,1.0,1.0,0.85,0.1111
四川嘉乐体育发展有限公司,5242,体育用品,0.8736,0.95,否,,1,1,体育用品及器材零售,,体育用品,1.0,1.0,0.85,0.1111
乐山阳哥休闲健身服务有限公司,8930,健身休闲,0.2125,0.85,否,,1,0,,健身休闲活动,,0.0,0.0,0.85,0.0
乐山嘉誉体育发展有限公司,8392,体育培训,0.8736,0.95,否,,1,1,体育培训,,体育培训,1.0,1.0,0.85,0.1111
乐山悦航体育发展有限公司,8911,体育赛事,0.8736,0.95,否,,1,1,体育竞赛组织,,体育竞赛,1.0,1.0,0.85,0.1111
乐山澳依森体育科技有限公司,4991,体育场馆,0.6611,0.9,是,纯跨界（行业代码非体育，文本有体育业务）,1,1,体育场地设施安装,,体育场地设施,1.0,1.0,0.0,0.1111
四川忻能动体育运动服务有限公司,8911,体育管理,0.8736,0.95,否,,1,1,体育组织经纪服务,,体育组织,1.0,1.0,0.85,0.1111
乐山天悦体育文化有限公司,8921,体育场馆,0.8736,0.95,否,,1,1,体育场馆管理服务,,体育场馆,1.0,1.0,0.85,0.1111
四川呈蓝科技有限公司,5242,体育用品,0.2125,0.85,否,,1,0,,鱼具零售,,0.0,0.0,0.85,0.0
乐山爱恩乐拓展训练有限公司,8930,健身休闲,0.2125,0.85,否,,1,0,,健身休闲活动,,0.0,0.0,0.85,0.0
乐山聚缘户外拓展有限公司,8930,健身休闲,0.2125,0.85,否,,1,0,,拓展活动策划服务,,0.0,0.0,0.85,0.0
乐山威瑞达文化传播有限公司,8911,体育管理,0.2125,0.85,否,,1,0,,体育活动策划,,0.0,0.0,0.85,0.0
四川梭海商贸有限公司,5242,体育用品,0.8736,0.95,否,,1,1,体育器材零售,,体育器材,1.0,1.0,0.85,0.1111
四川升功动力文化有限公司,8930,健身休闲,0.2125,0.85,否,,1,0,,户外休闲运动,,0.0,0.0,0.85,0.0
乐山澳佳体育文化发展有限公司,9052,体育赛事,0.6611,0.9,是,纯跨界（行业代码非体育，文本有体育业务）,1,1,体育赛事策划,,赛事策划,1.0,1.0,0.0,0.1111
乐山沙湾星途健身服务有限公司,8930,健身休闲,0.2125,0.85,否,,1,0,,健身休闲活动,,0.0,0.0,0.85,0.0
乐山深行户外运动有限公司,8930,健身休闲,0.8736,0.95,否,,1,1,户外运动,,户外运动,1.0,1.0,0.85,0.1111
乐山市沙湾区翼星峨眉武术培训有限公司,8392,体育培训,0.8736,0.95,否,,1,1,武术培训,,武术培训,1.0,1.0,0.85,0.1111
乐山乐水动户外拓展有限公司,8930,健身休闲,0.2125,0.85,否,,1,0,,劳动教育服务,,0.0,0.0,0.85,0.0
乐山市五通桥区桥溪泳乡体育服务有限公司,8921,体育场馆,0.8736,0.95,否,,1,1,体育场所服务,,体育场,1.0,1.0,0.85,0.1111
乐山市五通桥区通桥力冠体育培训中心有限公司,8392,体育培训,0.8736,0.95,否,,1,1,体育培训,,体育培训,1.0,1.0,0.85,0.1111
乐山市五通桥区弘武跆拳道培训学校有限公司,8392,体育培训,0.2125,0.85,否,,1,0,,体育类培训,,0.0,0.0,0.85,0.0
乐山市卡莎商贸有限公司,5242,体育用品,0.2125,0.85,否,,1,0,,办公用品零售,,0.0,0.0,0.85,0.0
乐山能量之光体育发展有限责任公司,8930,健身休闲,0.2125,0.85,否,,1,0,,健身休闲活动,,0.0,0.0,0.85,0.0
四川润凯信体育用品有限公司,5242,体育用品,0.8736,0.95,否,,1,1,体育用品零售,,体育用品零售,1.0,1.0,0.85,0.1111
乐山叁贰壹文化传媒有限公司,9052,体育赛事,0.6611,0.9,是,纯跨界（行业代码非体育，文本有体育业务）,1,1,体育竞赛组织活动,,体育竞赛,1.0,1.0,0.0,0.1111
乐山宣刘商贸有限公司,5142,体育用品,0.8736,0.95,否,,1,1,体育用品及器材批发,,体育用品,1.0,1.0,0.85,0.1111
乐山华亿天盛商贸有限公司,5242,体育用品,0.8736,0.95,否,,1,1,体育用品及器材零售,,体育用品,1.0,1.0,0.85,0.1111
四川优冠博燃体育发展有限公司,5242,体育用品,0.8736,0.95,否,,1,1,体育用品及器材零售,,体育用品,1.0,1.0,0.85,0.1111
犍为县龙耀体育培训有限公司,8392,体育培训,0.8736,0.95,否,,1,1,体校及体育培训,,体育培训,1.0,1.0,0.85,0.1111
四川省犍汇通贸易有限公司,5242,体育用品,0.8736,0.95,否,,1,1,体育用品及器材零售,,体育用品,1.0,1.0,0.85,0.1111
犍为睿哲体育发展有限公司,8392,体育培训,0.8736,0.95,否,,1,1,乒乓球培训,,乒乓球培训,1.0,1.0,0.85,0.1111
四川文西旅游开发有限公司,8930,健身休闲,0.2125,0.85,否,,1,0,,体能拓展训练,,0.0,0.0,0.85,0.0
犍为弈智围棋培训有限公司,8392,体育培训,0.8736,0.95,否,,1,1,体育培训服务,,体育培训,1.0,1.0,0.85,0.1111
乐山市爱好者体育文化发展有限公司,8911,体育赛事,0.8736,0.95,否,,1,1,体育竞赛组织,,体育竞赛,1.0,1.0,0.85,0.1111
犍为追逐梦体育文化发展有限公司,8911,体育赛事,0.8736,0.95,否,,1,1,体育竞赛组织,,体育竞赛,1.0,1.0,0.85,0.1111
犍为风悦文化娱乐有限公司,8930,健身休闲,0.2125,0.85,否,,1,0,,健身休闲活动,,0.0,0.0,0.85,0.0
犍为县逐鹿体育培训有限公司,8392,体育培训,0.8736,0.95,否,,1,1,体育培训,,体育培训,1.0,1.0,0.85,0.1111
四川省犍为县嘉州武术俱乐部有限公司,8392,体育培训,0.8736,0.95,否,,1,1,武术培训,,武术培训,1.0,1.0,0.85,0.1111
犍为县铁山武术学校有限公司,8392,体育培训,0.8736,0.95,否,,1,1,体育培训教育,,体育培训,1.0,1.0,0.85,0.1111
犍为刘冬渔具店,5242,体育用品,0.8736,0.95,否,,1,1,零售渔具,,渔具,1.0,1.0,0.85,0.1111
乐山研溪青年体育文化发展有限公司,9052,体育赛事,0.6611,0.9,是,纯跨界（行业代码非体育，文本有体育业务）,1,1,体育赛事组织,,体育赛事,1.0,1.0,0.0,0.1111
井研县弈品艺术培训学校有限公司,8392,体育培训,0.2125,0.85,否,,1,0,,体育技能培训,,0.0,0.0,0.85,0.0
乐山锐志体育文化发展有限责任公司,5242,体育用品,0.8736,0.95,否,,1,1,体育用品零售,,体育用品零售,1.0,1.0,0.85,0.1111
井研县东山武术学校有限公司,8392,体育培训,0.8736,0.95,否,,1,1,体育培训运动,,体育培训,1.0,1.0,0.85,0.1111
四川省振晖户外用品有限公司,5242,体育用品,0.8736,0.95,否,,1,1,体育用品零售,,体育用品零售,1.0,1.0,0.85,0.1111
井研县靖龙搏击运动培训学校有限公司,8392,体育培训,0.8736,0.95,否,,1,1,体育培训,,体育培训,1.0,1.0,0.85,0.1111
井研研美体育文化发展有限责任公司,8930,健身休闲,0.2125,0.85,否,,1,0,,健身休闲活动,,0.0,0.0,0.85,0.0
乐山市路路高户外运动有限公司,7246,体育赛事,0.6611,0.9,是,纯跨界（行业代码非体育，文本有体育业务）,1,1,体育赛事策划,,赛事策划,1.0,1.0,0.0,0.1111
乐山翔腾体育有限公司,8392,体育培训,0.2125,0.85,否,,1,0,,体育运动训练指导服务,,0.0,0.0,0.85,0.0
四川胜力体育俱乐部有限公司,8930,健身休闲,0.8736,0.95,否,,1,1,台球运动项目,,台球,1.0,1.0,0.85,0.1111
井研乐剑体育培训学校有限公司,8392,体育培训,0.8736,0.95,否,,1,1,体育培训,,体育培训,1.0,1.0,0.85,0.1111
乐山群英拓展训练有限公司,8930,健身休闲,0.2125,0.85,否,,1,0,,健身休闲活动,,0.0,0.0,0.85,0.0
夹江县优克莱体育发展有限责任公司,8930,健身休闲,0.2125,0.85,否,,1,0,,休闲健身活动,,0.0,0.0,0.85,0.0
乐山市脱兔体育发展有限公司,8392,体育培训,0.8736,0.95,否,,1,1,篮球培训,,篮球培训,1.0,1.0,0.85,0.1111
乐山市东振体育发展有限公司,8392,体育培训,0.2125,0.85,否,,1,0,,体育技能培训,,0.0,0.0,0.85,0.0
夹江县闪耀体能培训有限公司,8392,体育培训,0.2125,0.85,否,,1,0,,儿童体能培训,,0.0,0.0,0.85,0.0
夹江县猴子艺术培训学校有限公司,8392,体育培训,0.8736,0.95,否,,1,1,武术培训服务,,武术培训,1.0,1.0,0.85,0.1111
四川征程户外拓展有限责任公司,8392,体育培训,0.8736,0.95,否,,1,1,体育培训,,体育培训,1.0,1.0,0.85,0.1111
乐山市本色体育发展有限公司,8392,体育培训,0.8736,0.95,否,,1,1,体育培训,,体育培训,1.0,1.0,0.85,0.1111
四川任昊天平商贸有限公司,5142,体育用品,0.8736,0.95,否,,1,1,渔具零售,,渔具,1.0,1.0,0.85,0.1111
乐山市鹿鸣体育发展有限公司,8930,健身休闲,0.2125,0.85,否,,1,0,,健身休闲活动,,0.0,0.0,0.85,0.0
乐山卓跃拓展训练有限公司,8930,健身休闲,0.2125,0.85,否,,1,0,,健身休闲活动服务,,0.0,0.0,0.85,0.0
乐山市星河体育发展有限公司,8392,体育培训,0.8736,0.95,否,,1,1,篮球培训服务,,篮球培训,1.0,1.0,0.85,0.1111
夹江博涛体育场馆服务有限公司,8921,体育场馆,0.8736,0.95,否,,1,1,体育场馆服务,,体育场馆,1.0,1.0,0.85,0.1111
夹江县维特斯体育文化发展有限责任公司,5242,体育用品,0.8736,0.95,否,,1,1,体育用品零售,,体育用品零售,1.0,1.0,0.85,0.1111
四川乐夫文化传播有限公司,8930,健身休闲,0.2125,0.85,否,,1,0,,体验式拓展服务,,0.0,0.0,0.85,0.0
乐山市野狼拓展活动服务有限公司,8930,健身休闲,0.8736,0.95,否,,1,1,山地户外运动,,户外运动,1.0,1.0,0.85,0.1111
夹江县剑英艺术培训有限公司,8392,体育培训,0.8736,0.95,否,,1,1,跆拳道培训,,跆拳道培训,1.0,1.0,0.85,0.1111
四川雅乐体育设施工程有限公司,5142,体育用品,0.8736,0.95,否,,1,1,体育器材批发,,体育器材,1.0,1.0,0.85,0.1111
夹江县山禾水茶楼有限公司,8930,健身休闲,0.2125,0.85,否,,1,0,,棋牌室服务,,0.0,0.0,0.85,0.0
乐山市擎立体育发展有限公司,5242,体育用品,0.8736,0.95,否,,1,1,体育设备零售,,体育设备,1.0,1.0,0.85,0.1111
乐山独牙体育用品销售有限公司,5142,体育用品,0.8736,0.95,否,,1,1,体育用品及器材批发,,体育用品,1.0,1.0,0.85,0.1111
夹江雀实不错科技有限公司,8930,健身休闲,0.2125,0.85,否,,1,0,,棋牌室服务,,0.0,0.0,0.85,0.0
夹江县尚武搏击健身有限公司,8392,体育培训,0.8736,0.95,否,,1,1,体校及体育培训,,体育培训,1.0,1.0,0.85,0.1111
乐山路林拓展训练有限公司,8930,健身休闲,0.2125,0.85,否,,1,0,,体验式拓展训练,,0.0,0.0,0.85,0.0
夹江县渔创科技有限公司,2449,体育用品,0.8736,0.95,否,,1,1,渔具生产,,渔具,1.0,1.0,0.85,0.1111
四川九头渔科技有限公司,2449,体育用品,0.8736,0.95,否,,1,1,渔具组装,,渔具,1.0,1.0,0.85,0.1111
乐山千米特训户外拓展有限公司,9052,体育赛事,0.6611,0.9,是,纯跨界（行业代码非体育，文本有体育业务）,1,1,组织体育表演活动,,体育表演,1.0,1.0,0.0,0.1111
沐川县竞技巴士娱乐有限公司,8930,健身休闲,0.2125,0.85,否,,1,0,,健身休闲活动,,0.0,0.0,0.85,0.0
沐川县龙英体育培训有限公司,8392,体育培训,0.8736,0.95,否,,1,1,体育培训,,体育培训,1.0,1.0,0.85,0.1111
沐川县洪杰武术培训有限公司,8392,体育培训,0.8736,0.95,否,,1,1,武术培训,,武术培训,1.0,1.0,0.85,0.1111
四川省沐川县翔盛旅游开发有限公司,8930,健身休闲,0.8736,0.95,否,,1,1,漂流活动,,漂流,1.0,1.0,0.85,0.1111
峨边福腾体育场馆管理有限公司,8392,体育培训,0.8736,0.95,否,,1,1,游泳培训,,游泳培训,1.0,1.0,0.85,0.1111
峨边海粼体育有限公司,5242,体育用品,0.8736,0.95,否,,1,1,体育用品零售,,体育用品零售,1.0,1.0,0.85,0.1111
峨边力美健身服务有限公司,8930,健身休闲,0.2125,0.85,否,,1,0,,健身休闲活动,,0.0,0.0,0.85,0.0
峨边惹几木加台球馆,8930,健身休闲,0.2125,0.85,否,,1,0,,其他室内娱乐活动,,0.0,0.0,0.85,0.0
马边丽景武术文化传播有限公司,8930,健身休闲,0.2125,0.85,否,,1,0,,健身休闲活动,,0.0,0.0,0.85,0.0
乐山马边彝族自治县永健体育赛事策划有限责任公司,8911,体育赛事,0.8736,0.95,否,,1,1,体育竞赛组织,,体育竞赛,1.0,1.0,0.85,0.1111
马边巅峰体育培训有限公司,8392,体育培训,0.8736,0.95,否,,1,1,体育培训,,体育培训,1.0,1.0,0.85,0.1111
马边大王山文化旅游开发有限公司,8911,体育赛事,0.8736,0.95,否,,1,1,体育竞赛组织,,体育竞赛,1.0,1.0,0.85,0.1111
马边勐获体育有限公司,8911,体育管理,0.2125,0.85,否,,1,0,,体育专业组织活动,,0.0,0.0,0.85,0.0
马边美喜体育有限责任公司,8911,体育赛事,0.8736,0.95,否,,1,1,体育比赛策划,,体育比赛,1.0,1.0,0.85,0.1111
马边波力体育有限责任公司,8911,体育赛事,0.8736,0.95,否,,1,1,体育竞赛组织,,体育竞赛,1.0,1.0,0.85,0.1111
马边华盛旅游开发有限公司,8930,健身休闲,0.8736,0.95,否,,1,1,漂流休闲活动,,漂流,1.0,1.0,0.85,0.1111
四川军格拓展培训有限公司,8930,健身休闲,0.2125,0.85,否,,1,0,,拓展训练,,0.0,0.0,0.85,0.0
峨眉山市运涞健身服务有限公司,8930,健身休闲,0.2125,0.85,否,,1,0,,健身休闲活动,,0.0,0.0,0.85,0.0
乐山市逸易体育文化发展有限责任公司,8930,健身休闲,0.8736,0.95,否,,1,1,体育健身服务,,健身服务,1.0,1.0,0.85,0.1111
峨眉山武术研究中心,8392,体育培训,0.8736,0.95,否,,1,1,武术培训,,武术培训,1.0,1.0,0.85,0.1111
峨眉山市国盛教育科技有限公司,8930,健身休闲,0.2125,0.85,否,,1,0,,体验式拓展活动,,0.0,0.0,0.85,0.0
峨眉山市乒定天下运动发展有限公司,8911,体育赛事,0.8736,0.95,否,,1,1,体育竞赛组织,,体育竞赛,1.0,1.0,0.85,0.1111
峨眉山乐践行体育科技有限公司,8919,健身休闲,0.8736,0.95,否,,1,1,高危险性体育运动（攀岩）,,攀岩,1.0,1.0,0.85,0.1111
峨眉山市雏鹰体育培训有限公司,8392,体育培训,0.8736,0.95,否,,1,1,体育培训,,体育培训,1.0,1.0,0.85,0.1111
南充超冠田径体育发展有限公司,8911,体育赛事,0.8736,0.95,否,,1,1,体育竞赛组织,,体育竞赛,1.0,1.0,0.85,0.1111
南充梦钓社体育用品有限公司,5242,体育用品,0.8736,0.95,否,,1,1,体育用品及器材零售,,体育用品,1.0,1.0,0.85,0.1111
南充市石力健身有限公司,8930,健身休闲,0.8736,0.95,否,,1,1,健身服务,,健身服务,1.0,1.0,0.85,0.1111
南充酷爱体育文化发展有限公司,8930,健身休闲,0.2125,0.85,否,,1,0,,健身休闲活动,,0.0,0.0,0.85,0.0
南充明豪文化娱乐有限公司,8930,健身休闲,0.8736,0.95,否,,1,1,健身服务,,健身服务,1.0,1.0,0.85,0.1111
南充智智高体育文化传播有限公司,5242,体育用品,0.8736,0.95,否,,1,1,文化体育用品,,体育用品,1.0,1.0,0.85,0.1111
南充市顺庆区健行天下跆拳道俱乐部,8392,体育培训,0.8736,0.95,否,,1,1,体育培训,,体育培训,1.0,1.0,0.85,0.1111
南充市远睿星源商务户外拓展培训有限公司,8930,健身休闲,0.8736,0.95,否,,1,1,户外拓展服务,,户外拓展,1.0,1.0,0.85,0.1111
南充博凯优动体育发展有限公司,8930,健身休闲,0.2125,0.85,否,,1,0,,体验式拓展活动及策划,,0.0,0.0,0.85,0.0
南充熠星羽毛球俱乐部有限公司,9052,体育管理,0.6611,0.9,是,纯跨界（行业代码非体育，文本有体育业务）,1,1,体育服务,,体育服务,1.0,1.0,0.0,0.1111
南充奇迹体育场馆管理有限公司,5242,体育用品,0.8736,0.95,否,,1,1,体育用品及器材零售,,体育用品,1.0,1.0,0.85,0.1111
南充新思路贸易有限公司,5242,体育用品,0.8736,0.95,否,,1,1,服装文化体育用品零售,,体育用品零售,1.0,1.0,0.85,0.1111
南充诚康商贸有限公司,5242,体育用品,0.8736,0.95,否,,1,1,体育用品零售,,体育用品零售,1.0,1.0,0.85,0.1111
南充耐仕健身有限公司,8930,健身休闲,0.2125,0.85,否,,1,0,,健身休闲活动,,0.0,0.0,0.85,0.0
四川肆方圣达科技有限公司,8930,健身休闲,0.8736,0.95,否,,1,1,户外拓展运动,,户外拓展,1.0,1.0,0.85,0.1111
南充好伙伴体育用品有限公司,5242,体育用品,0.8736,0.95,否,,1,1,体育用品及器材零售,,体育用品,1.0,1.0,0.85,0.1111
南充名扬悦动乒乓球俱乐部,8921,体育场馆,0.8736,0.95,否,,1,1,体育场地设施经营,,体育场地设施,1.0,1.0,0.85,0.1111
南充双宇游泳池管理有限公司,8921,健身休闲,0.8736,0.95,否,,1,1,游泳池管理,,游泳池,1.0,1.0,0.85,0.1111
南充贝思乐文化传播有限公司,8930,健身休闲,0.8736,0.95,否,,1,1,游泳健身管理,,游泳,1.0,1.0,0.85,0.1111
南充康橙体育发展有限公司,8392,体育培训,0.8736,0.95,否,,1,1,体育培训,,体育培训,1.0,1.0,0.85,0.1111
南充朗越体育文化发展有限公司,8911,体育赛事,0.8736,0.95,否,,1,1,体育赛事策划,,赛事策划,1.0,1.0,0.85,0.1111
南充迪亚体育文化传播有限责任公司,5142,体育用品,0.8736,0.95,否,,1,1,体育器材批发,,体育器材,1.0,1.0,0.85,0.1111
南充源动体育文化有限公司,8911,体育赛事,0.8736,0.95,否,,1,1,体育赛事活动组织,,体育赛事,1.0,1.0,0.85,0.1111
南充塑子夫文化体育有限公司,8930,健身休闲,0.2125,0.85,否,,1,0,,健身体育,,0.0,0.0,0.85,0.0
四川竞速体育文化发展有限公司,5242,体育用品,0.8736,0.95,否,,1,1,体育器材零售,,体育器材,1.0,1.0,0.85,0.1111
四川瑞雪体育用品有限公司,5242,体育用品,0.8736,0.95,否,,1,1,体育用品零售,,体育用品零售,1.0,1.0,0.85,0.1111
南充市飞凡户外运动有限公司,8930,健身休闲,0.8736,0.95,否,,1,1,健身服务,,健身服务,1.0,1.0,0.85,0.1111
南充市顺庆区魏素清体育用品店,5142,体育用品,0.8736,0.95,否,,1,1,批发体育用品,,体育用品,1.0,1.0,0.85,0.1111
南充大悦派休闲娱乐有限公司,8930,健身休闲,0.2125,0.85,否,,1,0,,经营户内外拓展服务,,0.0,0.0,0.85,0.0
四川驭风嘉南体育文化发展有限公司,8930,健身休闲,0.2125,0.85,否,,1,0,,体育健身,,0.0,0.0,0.85,0.0
南充星阳体育文化传播有限公司,8911,体育赛事,0.8736,0.95,否,,1,1,体育竞赛组织,,体育竞赛,1.0,1.0,0.85,0.1111
南充爱酷健身有限公司,8930,健身休闲,0.2125,0.85,否,,1,0,,健身活动,,0.0,0.0,0.85,0.0
南充竞玥体育文化发展有限公司,8930,健身休闲,0.8736,0.95,否,,1,1,游泳健身活动,,游泳,1.0,1.0,0.85,0.1111
四川省茁跃体育文化传播有限公司,9052,体育赛事,0.6611,0.9,是,纯跨界（行业代码非体育，文本有体育业务）,1,1,体育赛事策划,,赛事策划,1.0,1.0,0.0,0.1111
四川有你瑜伽健身有限公司,8930,健身休闲,0.2125,0.85,否,,1,0,,健身休闲活动,,0.0,0.0,0.85,0.0
四川体德体育文化传播有限公司,8911,体育赛事,0.8736,0.95,否,,1,1,体育竞赛组织,,体育竞赛,1.0,1.0,0.85,0.1111
四川传谷文化发展有限责任公司,8930,健身休闲,0.2125,0.85,否,,1,0,,健身休闲活动,,0.0,0.0,0.85,0.0
南充市真男子户外运动有限公司,8392,体育培训,0.2125,0.85,否,,1,0,,户外培训,,0.0,0.0,0.85,0.0
南充创客健身有限公司,8992,健身休闲,0.6611,0.9,是,纯跨界（行业代码非体育，文本有体育业务）,1,1,健身服务,,健身服务,1.0,1.0,0.0,0.1111
四川锦耀健身服务有限公司,8930,健身休闲,0.2125,0.85,否,,1,0,,休闲健身,,0.0,0.0,0.85,0.0
南充雷曼篮球俱乐部有限公司,8911,体育用品,0.8736,0.95,否,,1,1,篮球俱乐部,,篮球,1.0,1.0,0.85,0.1111
四川省智扬鸿体育俱乐部有限公司,5242,体育用品,0.8736,0.95,否,,1,1,体育用品,,体育用品,1.0,1.0,0.85,0.1111
南充市迈动健身服务有限公司,8930,健身休闲,0.2125,0.85,否,,1,0,,健身休闲活动,,0.0,0.0,0.85,0.0
四川锲科正华体育发展有限公司,9052,体育赛事,0.6611,0.9,是,纯跨界（行业代码非体育，文本有体育业务）,1,1,组织体育表演活动,,体育表演,1.0,1.0,0.0,0.1111
四川尚喜锦园娱乐有限公司,8930,健身休闲,0.2125,0.85,否,,1,0,,棋牌室服务,,0.0,0.0,0.85,0.0
南充新动体育文化发展有限责任公司,8392,体育培训,0.8736,0.95,否,,1,1,体育培训,,体育培训,1.0,1.0,0.85,0.1111
南充赛沃体育文化发展有限公司,8919,体育管理,0.2125,0.85,否,,1,0,,高危险性体育运动,,0.0,0.0,0.85,0.0
南充市励炼健身服务有限公司,8930,健身休闲,0.2125,0.85,否,,1,0,,健身休息服务,,0.0,0.0,0.85,0.0
四川来敉闪点体育文化发展有限公司,5142,体育用品,0.8736,0.95,否,,1,1,体育用品教材批发,,体育用品,1.0,1.0,0.85,0.1111
四川昂科拉商贸有限公司,5242,体育用品,0.2125,0.85,否,,1,0,,健身用品零售,,0.0,0.0,0.85,0.0
南充神州商务服务有限公司,8930,健身休闲,0.2125,0.85,否,,1,0,,拓展运动,,0.0,0.0,0.85,0.0
南充明渝体育文化发展有限公司,9052,体育赛事,0.6611,0.9,是,纯跨界（行业代码非体育，文本有体育业务）,1,1,体育赛事活动组织,,体育赛事,1.0,1.0,0.0,0.1111
南充金海豚体育有限责任公司,8921,健身休闲,0.8736,0.95,否,,1,1,游泳池管理,,游泳池,1.0,1.0,0.85,0.1111
南充御健健身俱乐部有限公司,8930,健身休闲,0.8736,0.95,否,,1,1,健身房健身活动,,健身房,1.0,1.0,0.85,0.1111
四川凯翔信鸽俱乐部有限公司,8930,健身休闲,0.2125,0.85,否,,1,0,,健康休闲活动,,0.0,0.0,0.85,0.0
四川优启儿童训练体育文化发展有限公司,8392,体育培训,0.2125,0.85,否,,1,0,,艺体活动,,0.0,0.0,0.85,0.0
南充蓝空利剑拓展训练有限公司,8930,健身休闲,0.2125,0.85,否,,1,0,,健身休闲活动,,0.0,0.0,0.85,0.0
南充青苗文化体育有限责任公司,8921,体育场馆,0.2125,0.85,否,,1,0,,运动场管理,,0.0,0.0,0.85,0.0
四川八戒户外拓展有限公司,8930,健身休闲,0.8736,0.95,否,,1,1,户外运动,,户外运动,1.0,1.0,0.85,0.1111
四川宝卷建筑工程有限公司,5242,体育用品,0.8736,0.95,否,,1,1,健身器材零售,,健身器材,1.0,1.0,0.85,0.1111
南充奇獾体育文化传播有限公司,8392,体育培训,0.8736,0.95,否,,1,1,篮球培训,,篮球培训,1.0,1.0,0.85,0.1111
南充翔宇体育文化有限公司,8930,健身休闲,0.8736,0.95,否,,1,1,健身服务,,健身服务,1.0,1.0,0.85,0.1111
四川州驰体育科技有限公司,8911,体育用品,0.8736,0.95,否,,1,1,网球教学,,网球,1.0,1.0,0.85,0.1111
南充牌先生娱乐有限责任公司,8930,健身休闲,0.2125,0.85,否,,1,0,,棋牌室服务,,0.0,0.0,0.85,0.0
南充市顺健体育发展有限公司,9052,体育管理,0.6611,0.9,是,纯跨界（行业代码非体育，文本有体育业务）,1,1,体育文化活动组织策划,,体育文化,1.0,1.0,0.0,0.1111
南充市顺搏体育发展有限公司,8921,健身休闲,0.8736,0.95,否,,1,1,健身服务,,健身服务,1.0,1.0,0.85,0.1111
四川省南充市顺庆区行者体育俱乐部有限责任公司,8392,体育培训,0.8736,0.95,否,,1,1,篮球培训,,篮球培训,1.0,1.0,0.85,0.1111
南充新川武体育俱乐部有限公司,8392,体育培训,0.2125,0.85,否,,1,0,,教育咨询服务,,0.0,0.0,0.85,0.0
南充跳跳虎体育发展有限公司,8392,体育管理,0.8736,0.95,否,,1,1,体育服务,,体育服务,1.0,1.0,0.85,0.1111
南充市顺庆区疯狂大象健身有限公司,8930,健身休闲,0.2125,0.85,否,,1,0,,健身休闲活动,,0.0,0.0,0.85,0.0
南充市顺庆区桃李芳华舞蹈艺术有限责任公司,8930,健身休闲,0.2125,0.85,否,,1,0,,健身休闲活动,,0.0,0.0,0.85,0.0
四川全城热炼喜能健康管理有限公司,8930,健身休闲,0.2125,0.85,否,,1,0,,健身休闲活动,,0.0,0.0,0.85,0.0
南充至尚健身服务有限公司,8930,健身休闲,0.8736,0.95,否,,1,1,健身服务,,健身服务,1.0,1.0,0.85,0.1111
四川板飞滑板文化发展有限公司,8930,健身休闲,0.2125,0.85,否,,1,0,,建设休闲活动,,0.0,0.0,0.85,0.0
四川桦崎世家商贸有限公司,5242,体育用品,0.8736,0.95,否,,1,1,体育用品及器材零售,,体育用品,1.0,1.0,0.85,0.1111
南充朗动体育文化发展有限公司,8921,体育场馆,0.8736,0.95,否,,1,1,体育场地设施经营,,体育场地设施,1.0,1.0,0.85,0.1111
四川盼泽商贸有限责任公司,5142,体育用品,0.8736,0.95,否,,1,1,体育用品及器材批发,,体育用品,1.0,1.0,0.85,0.1111
南充市顺庆区左邻右里茶坊,8930,健身休闲,0.2125,0.85,否,,1,0,,休闲娱乐场所,,0.0,0.0,0.85,0.0
南充吾空体育俱乐部有限责任公司,8930,健身休闲,0.2125,0.85,否,,1,0,,体育运动,,0.0,0.0,0.85,0.0
四川诗兰铂格商贸有限公司,5242,体育用品,0.8736,0.95,否,,1,1,零售体育器材,,体育器材,1.0,1.0,0.85,0.1111
南充名鼎商贸有限公司,5142,体育用品,0.8736,0.95,否,,1,1,体育用品批发服务,,体育用品批发,1.0,1.0,0.85,0.1111
南充精武体育文化传播有限公司,8392,体育培训,0.8736,0.95,否,,1,1,体育教育服务,,体育教育,1.0,1.0,0.85,0.1111
南充奥航体育场馆管理有限公司,8921,体育场馆,0.8736,0.95,否,,1,1,体育场管理,,体育场,1.0,1.0,0.85,0.1111
南充鸿发体育器材批发部,5142,体育用品,0.8736,0.95,否,,1,1,体育器材批发,,体育器材,1.0,1.0,0.85,0.1111
四川今日开心文化传播有限公司,8930,健身休闲,0.2125,0.85,否,,1,0,,文化艺术健身,,0.0,0.0,0.85,0.0
南充三马体育文化传播有限公司,8392,体育培训,0.8736,0.95,否,,1,1,体育培训服务,,体育培训,1.0,1.0,0.85,0.1111
南充市烁元体育文化传播有限公司,8392,体育培训,0.8736,0.95,否,,1,1,篮球培训,,篮球培训,1.0,1.0,0.85,0.1111
南充思瑞教育咨询有限公司,8930,健身休闲,0.8736,0.95,否,,1,1,户外拓展训练,,户外拓展,1.0,1.0,0.85,0.1111
南充市金苗绿动体育文化发展有限公司,5242,体育赛事,0.8736,0.95,否,,1,1,体育赛事策划及用品零售,,赛事策划,1.0,1.0,0.85,0.1111
南充神鹰户外运动有限公司,8930,健身休闲,0.2125,0.85,否,,1,0,,戶外健身,,0.0,0.0,0.85,0.0
南充风之云搏击俱乐部有限公司,8930,健身休闲,0.8736,0.95,否,,1,1,健身服务,,健身服务,1.0,1.0,0.85,0.1111
南充市沃野千峰户外拓展有限公司,8930,健身休闲,0.2125,0.85,否,,1,0,,健身运动休闲娱乐,,0.0,0.0,0.85,0.0
南充市辉胜生态农业有限公司,8929,体育场馆,0.8736,0.95,否,,1,1,体育场地设施经营,,体育场地设施,1.0,1.0,0.85,0.1111
南充赛赛卡丁车俱乐部有限公司,8930,健身休闲,0.2125,0.85,否,,1,0,,健身休闲活动,,0.0,0.0,0.85,0.0
南充程科商贸有限公司,5242,体育用品,0.8736,0.95,否,,1,1,体育用品及器材零售,,体育用品,1.0,1.0,0.85,0.1111
南充市帕克健身服务有限公司,8930,健身休闲,0.2125,0.85,否,,1,0,,健身休闲服务,,0.0,0.0,0.85,0.0
南充市光语文化传媒有限公司,8912,体育管理,0.2125,0.85,否,,1,0,,游艺娱乐活动,,0.0,0.0,0.85,0.0
南充蜀女健康管理咨询有限公司,8930,健身休闲,0.2125,0.85,否,,1,0,,休闲健身,,0.0,0.0,0.85,0.0
南充星普拉提健身服务有限公司,8930,健身休闲,0.2125,0.85,否,,1,0,,健身休闲活动,,0.0,0.0,0.85,0.0
南充市高坪区华扬商贸有限公司,5242,体育用品,0.8736,0.95,否,,1,1,体育用品及器材零售,,体育用品,1.0,1.0,0.85,0.1111
四川省祺源商贸有限公司,5242,体育用品,0.8736,0.95,否,,1,1,体育用品及器材零售,,体育用品,1.0,1.0,0.85,0.1111
南充市好源商贸有限公司,5242,体育用品,0.8736,0.95,否,,1,1,体育用品零售,,体育用品零售,1.0,1.0,0.85,0.1111
四川省赫升商贸有限公司,5242,体育用品,0.8736,0.95,否,,1,1,体育器材零售,,体育器材,1.0,1.0,0.85,0.1111
南充荣嘉劳务有限公司,4892,体育场馆,0.8736,0.95,否,,1,1,体育场地设施工程施工,,体育场地设施,1.0,1.0,0.85,0.1111
南充市骏达体育商贸有限公司,8921,体育场馆,0.8736,0.95,否,,1,1,体育场管理,,体育场,1.0,1.0,0.85,0.1111
四川靓特健身管理有限公司,8930,健身休闲,0.8736,0.95,否,,1,1,室外休闲健身服务,,健身服务,1.0,1.0,0.85,0.1111
南充众星东方体育有限公司,8921,体育场馆,0.8736,0.95,否,,1,1,体育场馆经营及维护,,体育场馆,1.0,1.0,0.85,0.1111
南充鸿祥智力体育文化发展有限公司,9052,体育管理,0.6611,0.9,是,纯跨界（行业代码非体育，文本有体育业务）,1,1,体育服务,,体育服务,1.0,1.0,0.0,0.1111
四川领柏建筑工程有限公司,4892,体育场馆,0.8736,0.95,否,,1,1,体育场地设施工程施工,,体育场地设施,1.0,1.0,0.85,0.1111
南充凰灵子文化传播有限公司,8930,健身休闲,0.8736,0.95,否,,1,1,健身服务,,健身服务,1.0,1.0,0.85,0.1111
南充风行体育用品有限公司,5142,体育用品,0.8736,0.95,否,,1,1,体育用品及器材批发,,体育用品,1.0,1.0,0.85,0.1111
南充新与健康管理有限公司,5242,体育用品,0.8736,0.95,否,,1,1,文化体育用品零售,,体育用品零售,1.0,1.0,0.85,0.1111
南充市高坪区繁慧体育器材有限公司,5242,体育用品,0.8736,0.95,否,,1,1,体育器材零售,,体育器材,1.0,1.0,0.85,0.1111
四川星狼体育策划有限公司,8919,体育用品,0.8736,0.95,否,,1,1,青少年足球培养,,足球,1.0,1.0,0.85,0.1111
南充市赤鹰户外拓展有限公司,8930,健身休闲,0.8736,0.95,否,,1,1,户外拓展服务,,户外拓展,1.0,1.0,0.85,0.1111
南充松果体育健身运动有限公司,8930,健身休闲,0.2125,0.85,否,,1,0,,健身休闲活动,,0.0,0.0,0.85,0.0
四川军锐拓展训练有限公司,8930,健身休闲,0.2125,0.85,否,,1,0,,健身休闲活动,,0.0,0.0,0.85,0.0
四川晤商创业孵化器有限公司,8930,健身休闲,0.2125,0.85,否,,1,0,,健身休闲活动,,0.0,0.0,0.85,0.0
四川沛辉建筑工程有限公司,4892,体育场馆,0.8736,0.95,否,,1,1,体育场地设施工程施工,,体育场地设施,1.0,1.0,0.85,0.1111
南充子恒教学设备有限公司,5142,体育用品,0.8736,0.95,否,,1,1,体育用品及器材批发,,体育用品,1.0,1.0,0.85,0.1111
四川新川武体育文化传播有限公司,8930,健身休闲,0.2125,0.85,否,,1,0,,健身休闲活动,,0.0,0.0,0.85,0.0
四川骑聚体育文化传播有限公司,5142,体育用品,0.8736,0.95,否,,1,1,体育用品批发,,体育用品批发,1.0,1.0,0.85,0.1111
四川深行策动文化传媒有限公司,8930,健身休闲,0.2125,0.85,否,,1,0,,体验式拓展活动,,0.0,0.0,0.85,0.0
四川汉诺威体育文化传播有限公司,8912,体育管理,0.2125,0.85,否,,1,0,,体育保障组织,,0.0,0.0,0.85,0.0
南充炫地户外运动有限公司,8911,体育赛事,0.8736,0.95,否,,1,1,体育竞赛组织,,体育竞赛,1.0,1.0,0.85,0.1111
南充耀旭新商贸有限公司,5242,体育用品,0.8736,0.95,否,,1,1,体育用品及器材零售,,体育用品,1.0,1.0,0.85,0.1111
四川艺奇游乐有限公司,8912,体育管理,0.2125,0.85,否,,1,0,,游艺娱乐活动,,0.0,0.0,0.85,0.0
四川竞帆体育发展有限公司,8921,体育场馆,0.8736,0.95,否,,1,1,体育场地设施经营,,体育场地设施,1.0,1.0,0.85,0.1111
南充市高坪区卓友黑八体育俱乐部,8930,健身休闲,0.8736,0.95,否,,1,1,台球活动,,台球,1.0,1.0,0.85,0.1111
四川宏电电气有限公司,2442,体育用品,0.8736,0.95,否,,1,1,运动器材及配件制造,,运动器材,1.0,1.0,0.85,0.1111
南充奥体体育场馆管理有限公司,8921,体育场馆,0.8736,0.95,否,,1,1,体育场地设施经营,,体育场地设施,1.0,1.0,0.85,0.1111
南充高坪奥体体育场馆管理有限公司,8921,体育场馆,0.8736,0.95,否,,1,1,体育场地设施经营,,体育场地设施,1.0,1.0,0.85,0.1111
南充奥翔体育文化发展有限公司,8930,健身休闲,0.2125,0.85,否,,1,0,,高危性体育运动,,0.0,0.0,0.85,0.0
南充东新星体育发展有限公司,8392,体育培训,0.8736,0.95,否,,1,1,体校及体育培训,,体育培训,1.0,1.0,0.85,0.1111
南充青松林海战狼户外拓展服务有限公司,8930,体育场馆,0.8736,0.95,否,,1,1,户外体育场地服务,,体育场地,1.0,1.0,0.85,0.1111
南充市凌云武院,8392,健身休闲,0.8736,0.95,否,,1,1,武术传播,,武术,1.0,1.0,0.85,0.1111
南充市创世纪体育俱乐部有限公司,5242,体育用品,0.8736,0.95,否,,1,1,体育用品及器材零售,,体育用品,1.0,1.0,0.85,0.1111
南充圈子户外拓展有限公司,8930,健身休闲,0.2125,0.85,否,,1,0,,健身休闲活动,,0.0,0.0,0.85,0.0
四川壮志凌云户外教育旅行管理有限责任公司,8930,健身休闲,0.2125,0.85,否,,1,0,,中小学生研学实践,,0.0,0.0,0.85,0.0
四川瑞朗服饰有限公司,1821,体育用品,0.2125,0.85,否,,1,0,,运动休闲针织服装制造,,0.0,0.0,0.85,0.0
四川南博商贸有限公司,5142,体育用品,0.8736,0.95,否,,1,1,体育器材批发,,体育器材,1.0,1.0,0.85,0.1111
四川千颜国际贸易有限公司,5142,体育用品,0.8736,0.95,否,,1,1,体育用品及器材批发,,体育用品,1.0,1.0,0.85,0.1111
四川实力健身有限公司,8930,健身休闲,0.2125,0.85,否,,1,0,,文化娱乐,,0.0,0.0,0.85,0.0
南充市嘉陵区三分木台球俱乐部,8930,健身休闲,0.8736,0.95,否,,1,1,台球活动,,台球,1.0,1.0,0.85,0.1111
南充嘉陵区金诚青少年体育俱乐部有限责任公司,8392,体育培训,0.8736,0.95,否,,1,1,足球培训,,足球培训,1.0,1.0,0.85,0.1111
南充铭勒体育有限责任公司,5242,体育用品,0.8736,0.95,否,,1,1,体育用品零售,,体育用品零售,1.0,1.0,0.85,0.1111
南充市一多文体办公用品有限公司,5242,体育用品,0.8736,0.95,否,,1,1,体育用品零售,,体育用品零售,1.0,1.0,0.85,0.1111
南充天狼拓展训练有限公司,8930,健身休闲,0.2125,0.85,否,,1,0,,健身休闲活动,,0.0,0.0,0.85,0.0
南充荣玲商贸有限公司,5242,体育用品,0.8736,0.95,否,,1,1,零售体育用品,,体育用品,1.0,1.0,0.85,0.1111
南充市嘉陵区二姐茶坊,8930,健身休闲,0.2125,0.85,否,,1,0,,棋牌健身休闲活动,,0.0,0.0,0.85,0.0
南充市嘉陵区小会茶园,8930,健身休闲,0.2125,0.85,否,,1,0,,棋牌健身休闲活动,,0.0,0.0,0.85,0.0
四川耀晨鑫膜结构工程有限公司,4892,体育场馆,0.8736,0.95,否,,1,1,体育场地设施工程施工,,体育场地设施,1.0,1.0,0.85,0.1111
四川果动体育发展有限公司,9052,体育赛事,0.6611,0.9,是,纯跨界（行业代码非体育，文本有体育业务）,1,1,体育赛事策划,,赛事策划,1.0,1.0,0.0,0.1111
南充菁华教体器材有限公司,5242,体育用品,0.2125,0.85,否,,1,0,,教育器材零售,,0.0,0.0,0.85,0.0
南充市嘉陵区祥和茶园,8930,健身休闲,0.2125,0.85,否,,1,0,,棋牌健身活动,,0.0,0.0,0.85,0.0
南充丰凯乐体育场馆管理有限公司,8930,健身休闲,0.8736,0.95,否,,1,1,体育健身服务,,健身服务,1.0,1.0,0.85,0.1111
南充市汉鹰娱乐用品有限公司,5242,体育用品,0.8736,0.95,否,,1,1,体育用品零售,,体育用品零售,1.0,1.0,0.85,0.1111
南充市嘉陵区酒精百战文化娱乐有限公司,8930,健身休闲,0.2125,0.85,否,,1,0,,棋牌健身休闲活动,,0.0,0.0,0.85,0.0
四川湖博科技有限公司,5242,体育用品,0.8736,0.95,否,,1,1,体育用品零售,,体育用品零售,1.0,1.0,0.85,0.1111
南充市嘉陵区兰亭会所,8930,健身休闲,0.2125,0.85,否,,1,0,,棋牌健身活动,,0.0,0.0,0.85,0.0
南充市嘉陵区乐朋茶坊,8930,健身休闲,0.2125,0.85,否,,1,0,,棋牌健身活动,,0.0,0.0,0.85,0.0
南充市道鑫体育文化发展有限公司,8930,健身休闲,0.2125,0.85,否,,1,0,,健身体育,,0.0,0.0,0.85,0.0
四川炫潮体育用品有限公司,5142,体育用品,0.8736,0.95,否,,1,1,体育用品批发,,体育用品批发,1.0,1.0,0.85,0.1111
南充市亚鑫体育文化发展有限公司,7246,体育管理,0.6611,0.9,是,纯跨界（行业代码非体育，文本有体育业务）,1,1,体育文化咨询,,体育文化,1.0,1.0,0.0,0.1111
南充旋风体育文化传播有限公司,8392,体育培训,0.8736,0.95,否,,1,1,篮球培训,,篮球培训,1.0,1.0,0.85,0.1111
南充广楠体育文化发展有限公司,5242,体育用品,0.8736,0.95,否,,1,1,体育用品零售,,体育用品零售,1.0,1.0,0.85,0.1111
南充市嘉陵区肖姐休闲娱乐有限公司,8930,健身休闲,0.2125,0.85,否,,1,0,,棋牌室服务,,0.0,0.0,0.85,0.0
南充星时体育文化传播有限公司,8911,体育用品,0.8736,0.95,否,,1,1,经营篮球俱乐部,,篮球,1.0,1.0,0.85,0.1111
四川省南充市中瑞联商贸有限公司,5142,体育用品,0.8736,0.95,否,,1,1,体育用品及器材批发批发,,体育用品,1.0,1.0,0.85,0.1111
嘉陵区安平镇渔友俱乐部,5242,体育用品,0.8736,0.95,否,,1,1,渔具零售,,渔具,1.0,1.0,0.85,0.1111
四川诚稳创展体育设施工程有限公司,4991,体育场馆,0.6611,0.9,是,纯跨界（行业代码非体育，文本有体育业务）,1,1,体育场地设施工程施工,,体育场地设施,1.0,1.0,0.0,0.1111
四川省南部县南美服装有限公司,1821,体育用品,0.2125,0.85,否,,1,0,,运动休闲针织服装制造,,0.0,0.0,0.85,0.0
南充翔腾户外拓展有限公司,8930,健身休闲,0.2125,0.85,否,,1,0,,高危险性体育运动,,0.0,0.0,0.85,0.0
南部县你干得好瑜伽健身有限公司,8930,健身休闲,0.2125,0.85,否,,1,0,,健身休闲,,0.0,0.0,0.85,0.0
南部县乐途户外运动有限公司,8930,健身休闲,0.2125,0.85,否,,1,0,,健身休闲,,0.0,0.0,0.85,0.0
南部县天赋户外拓展有限公司,8930,健身休闲,0.2125,0.85,否,,1,0,,健身运动,,0.0,0.0,0.85,0.0
四川宏伟快乐钓具有限公司,5242,体育用品,0.8736,0.95,否,,1,1,零售钓具,,钓具,1.0,1.0,0.85,0.1111
南部县峻峰体育发展有限公司,5242,体育用品,0.8736,0.95,否,,1,1,体育用品零售,,体育用品零售,1.0,1.0,0.85,0.1111
南充星空体育发展有限公司,8911,体育赛事,0.8736,0.95,否,,1,1,体育竞赛组织,,体育竞赛,1.0,1.0,0.85,0.1111
四川中创万企商贸有限公司,5142,体育用品,0.8736,0.95,否,,1,1,体育器材批发,,体育器材,1.0,1.0,0.85,0.1111
南部县宋清形体礼仪健身俱乐部店,8930,健身休闲,0.2125,0.85,否,,1,0,,健身休闲活动服务,,0.0,0.0,0.85,0.0
南部县曼巴体育俱乐部有限公司,8392,体育培训,0.8736,0.95,否,,1,1,篮球培训,,篮球培训,1.0,1.0,0.85,0.1111
四川川鹭体育用品有限公司,5142,体育用品,0.8736,0.95,否,,1,1,体育用品及器材批发,,体育用品,1.0,1.0,0.85,0.1111
南部县中天奥力健身管理有限公司,8930,健身休闲,0.2125,0.85,否,,1,0,,健身管理服务,,0.0,0.0,0.85,0.0
南部县三好健身俱乐部有限公司,8930,健身休闲,0.2125,0.85,否,,1,0,,健身休闲活动,,0.0,0.0,0.85,0.0
四川博迈特体育文化发展有限公司,8911,健身休闲,0.8736,0.95,否,,1,1,射击竞技体育运动,,射击,1.0,1.0,0.85,0.1111
南部县龙威健身服务有限公司,8930,健身休闲,0.8736,0.95,否,,1,1,健身服务,,健身服务,1.0,1.0,0.85,0.1111
南部县龙武堂健身服务有限公司,8930,健身休闲,0.2125,0.85,否,,1,0,,健身休闲活动,,0.0,0.0,0.85,0.0
南部县博奥体育文化发展有限公司,5242,体育用品,0.8736,0.95,否,,1,1,体育用品零售,,体育用品零售,1.0,1.0,0.85,0.1111
南部县爱之光体育文化发展有限公司,8919,体育管理,0.2125,0.85,否,,1,0,,体育类社会服务,,0.0,0.0,0.85,0.0
四川省众诚星体育俱乐部有限责任公司,8911,体育赛事,0.8736,0.95,否,,1,1,体育竞赛组织,,体育竞赛,1.0,1.0,0.85,0.1111
四川虹凌泳壹体育发展有限公司,8930,健身休闲,0.2125,0.85,否,,1,0,,健身休闲活动,,0.0,0.0,0.85,0.0
四川省星拾光教育管理有限责任公司,8921,体育赛事,0.8736,0.95,否,,1,1,体育竞赛组织,,体育竞赛,1.0,1.0,0.85,0.1111
南部县满福街道望江亭渔具经营部,5242,体育用品,0.8736,0.95,否,,1,1,渔具零售,,渔具,1.0,1.0,0.85,0.1111
南部县益乐渔渔具行,5242,体育用品,0.8736,0.95,否,,1,1,渔具零售,,渔具,1.0,1.0,0.85,0.1111
南充百草园拓展训练有限公司,8930,健身休闲,0.8736,0.95,否,,1,1,室外健身服务,,健身服务,1.0,1.0,0.85,0.1111
营山县超越体育文化传播有限公司,9052,体育管理,0.6611,0.9,是,纯跨界（行业代码非体育，文本有体育业务）,1,1,体育文化活动交流策划,,体育文化,1.0,1.0,0.0,0.1111
营山县钓王渔具店,5242,体育用品,0.8736,0.95,否,,1,1,渔具零售,,渔具,1.0,1.0,0.85,0.1111
营山县源源文化传媒有限公司,9052,体育赛事,0.6611,0.9,是,纯跨界（行业代码非体育，文本有体育业务）,1,1,体育赛事策划,,赛事策划,1.0,1.0,0.0,0.1111
营山县倍力体育用品经营部,5242,体育用品,0.8736,0.95,否,,1,1,体育用品零售,,体育用品零售,1.0,1.0,0.85,0.1111
四川绥山体育俱乐部有限公司,5242,体育用品,0.8736,0.95,否,,1,1,体育用品及器材零售,,体育用品,1.0,1.0,0.85,0.1111
南充凯锐健身服务有限公司,8930,健身休闲,0.2125,0.85,否,,1,0,,健身休闲活动,,0.0,0.0,0.85,0.0
营山文武体育培训学校有限公司,8392,体育培训,0.8736,0.95,否,,1,1,体育培训,,体育培训,1.0,1.0,0.85,0.1111
营山县鼎智武术培训学校有限公司,8392,体育培训,0.8736,0.95,否,,1,1,武术培训,,武术培训,1.0,1.0,0.85,0.1111
营山天狼星体育俱乐部,8911,体育赛事,0.8736,0.95,否,,1,1,体育竞赛组织,,体育竞赛,1.0,1.0,0.85,0.1111
营山慕康体育场馆管理有限公司,8930,健身休闲,0.2125,0.85,否,,1,0,,健身休闲活动,,0.0,0.0,0.85,0.0
营山县秋莲舞蹈培训学校有限公司,8392,体育培训,0.2125,0.85,否,,1,0,,体育运动职业技能培训,,0.0,0.0,0.85,0.0
营山博新职业技能培训学校有限公司,8392,体育培训,0.2125,0.85,否,,1,0,,职业技能培训服务,,0.0,0.0,0.85,0.0
南充泰合奥力健身服务有限公司,8930,健身休闲,0.2125,0.85,否,,1,0,,健身休闲活动,,0.0,0.0,0.85,0.0
营山县依肯户外钓具店,5142,体育用品,0.8736,0.95,否,,1,1,渔具批发,,渔具,1.0,1.0,0.85,0.1111
四川育航体育俱乐部有限公司,8911,体育赛事,0.8736,0.95,否,,1,1,体育竞赛,,体育竞赛,1.0,1.0,0.85,0.1111
四川馨兰健身有限责任公司,8930,健身休闲,0.2125,0.85,否,,1,0,,健身休闲活动,,0.0,0.0,0.85,0.0
蓬安县智扬轩体育俱乐部有限公司,8911,体育赛事,0.8736,0.95,否,,1,1,体育竞赛组织,,体育竞赛,1.0,1.0,0.85,0.1111
南充市渔欢颜渔具有限责任公司,5242,体育用品,0.8736,0.95,否,,1,1,渔具零售,,渔具,1.0,1.0,0.85,0.1111
蓬安新未来文化体育有限公司,8930,健身休闲,0.8736,0.95,否,,1,1,室外休闲健身服务,,健身服务,1.0,1.0,0.85,0.1111
蓬安晨池游泳有限公司,8392,健身休闲,0.8736,0.95,否,,1,1,游泳训练,,游泳,1.0,1.0,0.85,0.1111
蓬安亚体恒力体育文化传播有限公司,8392,体育培训,0.8736,0.95,否,,1,1,游泳培训,,游泳培训,1.0,1.0,0.85,0.1111
蓬安县卡兹宝文化传播有限公司,8912,体育管理,0.2125,0.85,否,,1,0,,游艺娱乐活动,,0.0,0.0,0.85,0.0
蓬安县米高体育文化发展有限公司,8911,体育管理,0.2125,0.85,否,,1,0,,轮滑培训,,0.0,0.0,0.85,0.0
南充市小武将搏击俱乐部有限责任公司,8930,健身休闲,0.2125,0.85,否,,1,0,,健身休闲活动,,0.0,0.0,0.85,0.0
蓬安晓勤国际贸易有限公司,5242,体育用品,0.8736,0.95,否,,1,1,体育用品及器材零售,,体育用品,1.0,1.0,0.85,0.1111
南充耀星户外拓展有限公司,8911,体育赛事,0.8736,0.95,否,,1,1,体育竞赛组织,,体育竞赛,1.0,1.0,0.85,0.1111
仪陇县雏鹰体育培训学校有限公司,8392,体育培训,0.8736,0.95,否,,1,1,体校及体育培训,,体育培训,1.0,1.0,0.85,0.1111
四川仪陇县火篮体育俱乐部有限公司,8392,体育培训,0.8736,0.95,否,,1,1,篮球培训,,篮球培训,1.0,1.0,0.85,0.1111
仪陇县中意渔具零售店,5242,体育用品,0.8736,0.95,否,,1,1,渔具零售,,渔具,1.0,1.0,0.85,0.1111
南充爱动体育文化传播有限责任公司,8392,体育培训,0.8736,0.95,否,,1,1,体校及体育培训,,体育培训,1.0,1.0,0.85,0.1111
仪陇宏武培训学校有限公司,8392,体育培训,0.8736,0.95,否,,1,1,武术培训,,武术培训,1.0,1.0,0.85,0.1111
四川嘉卓成贸易有限公司,5242,体育用品,0.8736,0.95,否,,1,1,体育用品零售,,体育用品零售,1.0,1.0,0.85,0.1111
南充咚咚锵体育文化发展有限公司,8919,体育管理,0.8736,0.95,否,,1,1,其他体育组织,,体育组织,1.0,1.0,0.85,0.1111
仪陇县雏鹰体育文化发展有限公司,9052,体育管理,0.6611,0.9,是,纯跨界（行业代码非体育，文本有体育业务）,1,1,体育服务,,体育服务,1.0,1.0,0.0,0.1111
四川宏智博文商贸有限公司,5242,体育用品,0.8736,0.95,否,,1,1,文化体育用品零售,,体育用品零售,1.0,1.0,0.85,0.1111
仪陇县功夫武术传播中心,8930,健身休闲,0.2125,0.85,否,,1,0,,健身休闲活动,,0.0,0.0,0.85,0.0
南充腾霄商贸有限公司,5242,体育用品,0.8736,0.95,否,,1,1,体育用品零售,,体育用品零售,1.0,1.0,0.85,0.1111
仪陇县崧竹菁商贸有限公司,5242,体育用品,0.8736,0.95,否,,1,1,体育用品及器材零售,,体育用品,1.0,1.0,0.85,0.1111
南充竞浪体育文化发展有限公司,5142,体育用品,0.8736,0.95,否,,1,1,体育用品及器材批发,,体育用品,1.0,1.0,0.85,0.1111
仪陇县锐力体育培训学校有限公司,8392,体育培训,0.8736,0.95,否,,1,1,从事体育培训营利性民办培训机构,,体育培训,1.0,1.0,0.85,0.1111
仪陇锐动体育文化有限公司,8911,体育管理,0.2125,0.85,否,,1,0,,体育竟赛组织,,0.0,0.0,0.85,0.0
仪陇县约麻娱乐店,8930,健身休闲,0.2125,0.85,否,,1,0,,棋牌室服务,,0.0,0.0,0.85,0.0
南充市创邦润商贸有限公司,5242,体育用品,0.8736,0.95,否,,1,1,体育用品零售,,体育用品零售,1.0,1.0,0.85,0.1111
四川逸游江湖户外用品有限责任公司,5242,体育用品,0.8736,0.95,否,,1,1,渔具零售,,渔具,1.0,1.0,0.85,0.1111
四川梦耀昊卓科技文化有限责任公司,5242,体育用品,0.8736,0.95,否,,1,1,体育用品及器材零售,,体育用品,1.0,1.0,0.85,0.1111
仪陇县大仪镇罗春艳渔具店,5242,体育用品,0.8736,0.95,否,,1,1,渔具零售,,渔具,1.0,1.0,0.85,0.1111
四川星火青训体育俱乐部有限公司,8911,体育赛事,0.8736,0.95,否,,1,1,体育赛事组织策划,,体育赛事,1.0,1.0,0.85,0.1111
南充卓启商贸有限责任公司,5242,体育用品,0.8736,0.95,否,,1,1,体育用品及器材零售,,体育用品,1.0,1.0,0.85,0.1111
西充县听渔轩渔具店,5242,体育用品,0.8736,0.95,否,,1,1,渔具零售,,渔具,1.0,1.0,0.85,0.1111
西充县老鬼渔具店,5242,体育用品,0.8736,0.95,否,,1,1,渔具零售,,渔具,1.0,1.0,0.85,0.1111
南充市西充县西奥体育文化发展有限公司,8911,体育赛事,0.8736,0.95,否,,1,1,体育竞赛,,体育竞赛,1.0,1.0,0.85,0.1111
四川未来青训体育俱乐部有限公司,8911,体育管理,0.2125,0.85,否,,1,0,,体育运动组织,,0.0,0.0,0.85,0.0
西充县德恒鱼具店,5242,体育用品,0.8736,0.95,否,,1,1,渔具零售,,渔具,1.0,1.0,0.85,0.1111
西充县廷伟渔具超市,5242,体育用品,0.8736,0.95,否,,1,1,渔具零售,,渔具,1.0,1.0,0.85,0.1111
南充市领航户外拓展有限公司,8930,健身休闲,0.8736,0.95,否,,1,1,山地户外运动,,户外运动,1.0,1.0,0.85,0.1111
西充创艺搏击俱乐部有限责任公司,8930,健身休闲,0.2125,0.85,否,,1,0,,健身休闲活动,,0.0,0.0,0.85,0.0
西充袁品强钓具店,5242,体育用品,0.8736,0.95,否,,1,1,钓具零售,,钓具,1.0,1.0,0.85,0.1111
西充县逸辰体育培训学校有限公司,9052,体育赛事,0.6611,0.9,是,纯跨界（行业代码非体育，文本有体育业务）,1,1,体育赛事策划,,赛事策划,1.0,1.0,0.0,0.1111
南充市西充县乐动文化传播有限公司,9052,体育赛事,0.6611,0.9,是,纯跨界（行业代码非体育，文本有体育业务）,1,1,体育表演活动服务,,体育表演,1.0,1.0,0.0,0.1111
西充县一号玩家文化娱乐有限责任公司,8912,体育管理,0.2125,0.85,否,,1,0,,游艺娱乐活动,,0.0,0.0,0.85,0.0
西充大红果健康管理有限公司,8930,健身休闲,0.2125,0.85,否,,1,0,,健身休闲活动,,0.0,0.0,0.85,0.0
西充县双凤镇欢庆渔具,5242,体育用品,0.8736,0.95,否,,1,1,渔具零售,,渔具,1.0,1.0,0.85,0.1111
吉亿南充体育用品有限公司,2449,体育用品,0.8736,0.95,否,,1,1,体育用品及器材制造,,体育用品,1.0,1.0,0.85,0.1111
四川省南充西充县欣启点羽毛球培训有限责任公司,8392,体育培训,0.8736,0.95,否,,1,1,羽毛球培训,,羽毛球培训,1.0,1.0,0.85,0.1111
西充蜀星体育文化推广有限公司,8911,体育赛事,0.8736,0.95,否,,1,1,体育竞赛组织,,体育竞赛,1.0,1.0,0.85,0.1111
阆中奥创优佳健身服务有限责任公司,8930,健身休闲,0.8736,0.95,否,,1,1,健身服务,,健身服务,1.0,1.0,0.85,0.1111
阆中酷舞文化传播有限公司,8911,体育管理,0.2125,0.85,否,,1,0,,文化体育和娱乐服务,,0.0,0.0,0.85,0.0
四川博瑞达商贸有限公司,5242,体育用品,0.8736,0.95,否,,1,1,健身器材零售,,健身器材,1.0,1.0,0.85,0.1111
阆中市上进跆拳道培训学校有限公司,8392,体育培训,0.8736,0.95,否,,1,1,体校及体育培训,,体育培训,1.0,1.0,0.85,0.1111
阆中市渝都文化传媒有限公司,5142,体育用品,0.8736,0.95,否,,1,1,体育用品及器材批发,,体育用品,1.0,1.0,0.85,0.1111
四川升博体育有限公司,5242,体育用品,0.8736,0.95,否,,1,1,体育用品零售,,体育用品零售,1.0,1.0,0.85,0.1111
阆中市搏浪体育用品有限公司,5242,体育用品,0.8736,0.95,否,,1,1,体育用品,,体育用品,1.0,1.0,0.85,0.1111
阆中市俊城体育发展有限责任公司,8911,体育赛事,0.8736,0.95,否,,1,1,体育竞赛组织,,体育竞赛,1.0,1.0,0.85,0.1111
阆中市泳健体育发展有限公司,8921,体育场馆,0.8736,0.95,否,,1,1,体育场馆管理,,体育场馆,1.0,1.0,0.85,0.1111
阆中市启航拓展训练有限公司,8930,健身休闲,0.2125,0.85,否,,1,0,,拓展训练,,0.0,0.0,0.85,0.0
南充未来时光商贸有限公司,5242,体育用品,0.8736,0.95,否,,1,1,体育用品,,体育用品,1.0,1.0,0.85,0.1111
阆中市云道馆体育文化传播有限公司,8911,体育赛事,0.8736,0.95,否,,1,1,体育竞赛,,体育竞赛,1.0,1.0,0.85,0.1111
阆中凡动体育发展有限公司,5242,体育用品,0.8736,0.95,否,,1,1,体育用品器材零售,,体育用品,1.0,1.0,0.85,0.1111
南充市阆中市启乘托育服务有限责任公司,8912,体育管理,0.2125,0.85,否,,1,0,,游艺娱乐活动,,0.0,0.0,0.85,0.0
阆中林锋体育场馆管理有限公司,8921,体育场馆,0.8736,0.95,否,,1,1,体育场馆经营,,体育场馆,1.0,1.0,0.85,0.1111
阆中市凌雲体育俱乐部有限公司,8392,健身休闲,0.8736,0.95,否,,1,1,跆拳道教学,,跆拳道,1.0,1.0,0.85,0.1111
四川超前新材料有限公司,2449,体育用品,0.8736,0.95,否,,1,1,渔具制造,,渔具,1.0,1.0,0.85,0.1111
阆中市酷放体育文化发展有限公司,8911,体育赛事,0.8736,0.95,否,,1,1,体育赛事策划,,赛事策划,1.0,1.0,0.85,0.1111
四川至登拓展训练有限公司,8930,健身休闲,0.2125,0.85,否,,1,0,,健身休闲活动,,0.0,0.0,0.85,0.0
眉山东坡区弈趣棋类体育文化传播有限公司,8911,体育赛事,0.8736,0.95,否,,1,1,体育竞赛组织,,体育竞赛,1.0,1.0,0.85,0.1111
四川健和邦体育发展有限公司,8392,体育培训,0.8736,0.95,否,,1,1,体育培训,,体育培训,1.0,1.0,0.85,0.1111
四川人好体育文化发展有限公司,7246,体育管理,0.6611,0.9,是,纯跨界（行业代码非体育，文本有体育业务）,1,1,体育咨询,,体育咨询,1.0,1.0,0.0,0.1111
眉山市弘武体育文化传播有限公司,8912,体育管理,0.2125,0.85,否,,1,0,,体育保障组织,,0.0,0.0,0.85,0.0
四川君消消防技术有限责任公司,5242,体育用品,0.2125,0.85,否,,1,0,,消防技术服务,,0.0,0.0,0.85,0.0
四川腾宇户外拓展有限责任公司,8919,体育管理,0.2125,0.85,否,,1,0,,体验式拓展活动及策划,,0.0,0.0,0.85,0.0
眉山交吉星途体育文化发展有限公司,8911,体育赛事,0.8736,0.95,否,,1,1,体育竞赛组织,,体育竞赛,1.0,1.0,0.85,0.1111
四川飞翔雏鹰体育发展有限公司,7283,体育赛事,0.6611,0.9,是,纯跨界（行业代码非体育，文本有体育业务）,1,1,体育竞赛组织,,体育竞赛,1.0,1.0,0.0,0.1111
眉山云顶体育文化传播有限公司,8911,体育赛事,0.8736,0.95,否,,1,1,体育竞赛组织,,体育竞赛,1.0,1.0,0.85,0.1111
四川盛博燃体育文化发展有限公司,8911,体育赛事,0.8736,0.95,否,,1,1,组织体育表演活动,,体育表演,1.0,1.0,0.85,0.1111
眉山恒峰铭扬体育文化传播有限公司,8999,体育赛事,0.6611,0.9,是,纯跨界（行业代码非体育，文本有体育业务）,1,1,体育竞赛组织,,体育竞赛,1.0,1.0,0.0,0.1111
眉山市锐丰体育发展有限公司,8911,体育赛事,0.8736,0.95,否,,1,1,体育竞赛组织,,体育竞赛,1.0,1.0,0.85,0.1111
四川讯豹体育文化传播有限公司,8911,体育赛事,0.8736,0.95,否,,1,1,体育竞赛组织,,体育竞赛,1.0,1.0,0.85,0.1111
四川彩苑麦商贸有限公司,8919,体育管理,0.8736,0.95,否,,1,1,其他体育组织,,体育组织,1.0,1.0,0.85,0.1111
四川少淘豆体育文化发展有限公司,9052,体育赛事,0.6611,0.9,是,纯跨界（行业代码非体育，文本有体育业务）,1,1,体育赛事策划,,赛事策划,1.0,1.0,0.0,0.1111
眉山市天涯户外运动有限公司,8919,健身休闲,0.8736,0.95,否,,1,1,户外运动组织策划,,户外运动,1.0,1.0,0.85,0.1111
眉山盛誉商贸有限公司,5242,体育用品,0.8736,0.95,否,,1,1,体育用品及器材零售,,体育用品,1.0,1.0,0.85,0.1111
四川众享悦动体育文化发展有限公司,8392,体育培训,0.2125,0.85,否,,1,0,,体育训练,,0.0,0.0,0.85,0.0
眉山速创电子商务有限公司,5242,体育用品,0.8736,0.95,否,,1,1,零售渔具,,渔具,1.0,1.0,0.85,0.1111
眉山顶盛健身服务有限公司,8930,健身休闲,0.8736,0.95,否,,1,1,健身服务,,健身服务,1.0,1.0,0.85,0.1111
眉山巅峰体育器械有限公司,8392,体育培训,0.8736,0.95,否,,1,1,篮球培训服务,,篮球培训,1.0,1.0,0.85,0.1111
眉山铸梦体育文化发展有限公司,9052,体育赛事,0.6611,0.9,是,纯跨界（行业代码非体育，文本有体育业务）,1,1,体育赛事策划,,赛事策划,1.0,1.0,0.0,0.1111
眉山远方户外拓展培训有限责任公司,8930,健身休闲,0.2125,0.85,否,,1,0,,拓展活动,,0.0,0.0,0.85,0.0
四川搏燃体育场馆管理有限公司,8921,体育场馆,0.8736,0.95,否,,1,1,体育场地设施经营,,体育场地设施,1.0,1.0,0.85,0.1111
眉山大熊体育俱乐部有限公司,8911,体育赛事,0.8736,0.95,否,,1,1,体育竞赛组织,,体育竞赛,1.0,1.0,0.85,0.1111
四川飓风体育发展有限公司,8912,体育管理,0.2125,0.85,否,,1,0,,体育保障组织,,0.0,0.0,0.85,0.0
眉山飞虎户外拓展训练有限公司,8930,健身休闲,0.8736,0.95,否,,1,1,户外拓展训练,,户外拓展,1.0,1.0,0.85,0.1111
四川自在安然体育文化发展有限公司,8912,体育管理,0.2125,0.85,否,,1,0,,体育保障组织,,0.0,0.0,0.85,0.0
眉山蜀羽星动羽毛球俱乐部有限公司,8911,体育赛事,0.8736,0.95,否,,1,1,体育竞赛组织,,体育竞赛,1.0,1.0,0.85,0.1111
眉山星途体育文化有限公司,8392,体育培训,0.8736,0.95,否,,1,1,篮球培训,,篮球培训,1.0,1.0,0.85,0.1111
眉山轻松乐橙健身管理有限责任公司,8930,健身休闲,0.2125,0.85,否,,1,0,,健身休闲活动,,0.0,0.0,0.85,0.0
眉山市天地浩森武术文化传播有限公司,8392,体育培训,0.8736,0.95,否,,1,1,武术培训,,武术培训,1.0,1.0,0.85,0.1111
眉山市体育产业发展投资有限公司,8911,体育赛事,0.8736,0.95,否,,1,1,体育竞赛组织,,体育竞赛,1.0,1.0,0.85,0.1111
眉山亨搏涛体育文化传播有限公司,8911,体育赛事,0.8736,0.95,否,,1,1,体育竞赛组织服务,,体育竞赛,1.0,1.0,0.85,0.1111
四川省眉山市风语者渔具有限公司,2449,体育用品,0.8736,0.95,否,,1,1,渔具用品,,渔具,1.0,1.0,0.85,0.1111
四川渔鱼乐渔具有限公司,5242,体育用品,0.8736,0.95,否,,1,1,渔具零售,,渔具,1.0,1.0,0.85,0.1111
眉山市三寸渔具有限公司,5242,体育用品,0.8736,0.95,否,,1,1,体育用品零售,,体育用品零售,1.0,1.0,0.85,0.1111
四川海馨体育文化推广有限公司,8919,体育传媒,0.8736,0.95,否,,1,1,体育推广,,体育推广,1.0,1.0,0.85,0.1111
四川六度体育赛事策划有限公司,8919,体育赛事,0.8736,0.95,否,,1,1,体育赛事策划,,赛事策划,1.0,1.0,0.85,0.1111
眉山市领跑体育工程有限公司,5242,体育用品,0.8736,0.95,否,,1,1,零售健身器材,,健身器材,1.0,1.0,0.85,0.1111
四川少年强体育发展有限公司,8919,健身休闲,0.8736,0.95,否,,1,1,户外运动组织策划,,户外运动,1.0,1.0,0.85,0.1111
四川星趣户外运动策划有限公司,8919,健身休闲,0.8736,0.95,否,,1,1,户外运动组织策划,,户外运动,1.0,1.0,0.85,0.1111
四川喜出户外拓展有限责任公司,8392,体育赛事,0.8736,0.95,否,,1,1,体育竞赛组织,,体育竞赛,1.0,1.0,0.85,0.1111
眉山让道健康管理有限公司,8930,健身休闲,0.8736,0.95,否,,1,1,健身服务,,健身服务,1.0,1.0,0.85,0.1111
四川锐捷体育发展有限公司,9052,体育赛事,0.6611,0.9,是,纯跨界（行业代码非体育，文本有体育业务）,1,1,体育赛事策划,,赛事策划,1.0,1.0,0.0,0.1111
四川博捷体育文化传播有限公司,8911,体育赛事,0.8736,0.95,否,,1,1,组织承办体育赛事活动,,体育赛事,1.0,1.0,0.85,0.1111
眉山市无畏健身有限公司,8930,健身休闲,0.8736,0.95,否,,1,1,健身服务,,健身服务,1.0,1.0,0.85,0.1111
眉山酷帆健身俱乐部有限公司,8930,健身休闲,0.2125,0.85,否,,1,0,,健身休闲活动,,0.0,0.0,0.85,0.0
眉山市东坡区放克元素街舞运动俱乐部,8930,健身休闲,0.2125,0.85,否,,1,0,,体育健身,,0.0,0.0,0.85,0.0
眉山美宾体育文化推广有限公司,8991,体育赛事,0.6611,0.9,是,纯跨界（行业代码非体育，文本有体育业务）,1,1,体育竞赛经纪代理服务,,体育竞赛,1.0,1.0,0.0,0.1111
眉山市东坡区眉州俊杰武术培训学校有限公司,8392,体育培训,0.8736,0.95,否,,1,1,武术培训,,武术培训,1.0,1.0,0.85,0.1111
眉山飞扬年少户外拓展有限公司,8930,健身休闲,0.8736,0.95,否,,1,1,户外拓展服务,,户外拓展,1.0,1.0,0.85,0.1111
眉山市寻瑜瑜伽健身有限责任公司,8930,健身休闲,0.8736,0.95,否,,1,1,瑜伽健身活动,,瑜伽,1.0,1.0,0.85,0.1111
眉山市七曜商贸有限公司,5242,体育用品,0.2125,0.85,否,,1,0,,户外物品零售,,0.0,0.0,0.85,0.0
眉山市安途户外拓展有限公司,8930,健身休闲,0.8736,0.95,否,,1,1,户外拓展服务,,户外拓展,1.0,1.0,0.85,0.1111
四川成就未来体育发展有限公司,8911,体育赛事,0.8736,0.95,否,,1,1,体育竞赛组织,,体育竞赛,1.0,1.0,0.85,0.1111
眉山乐成体育文化发展有限公司,9052,体育管理,0.6611,0.9,是,纯跨界（行业代码非体育，文本有体育业务）,1,1,体育服务,,体育服务,1.0,1.0,0.0,0.1111
眉山市伽苑瑜伽健身有限责任公司,8930,健身休闲,0.8736,0.95,否,,1,1,瑜伽健身,,瑜伽,1.0,1.0,0.85,0.1111
眉山极简空间瑜伽健身有限责任公司,8930,健身休闲,0.8736,0.95,否,,1,1,健身服务,,健身服务,1.0,1.0,0.85,0.1111
眉山市洪顶商贸有限责任公司,5242,体育用品,0.2125,0.85,否,,1,0,,户外用品零售,,0.0,0.0,0.85,0.0
眉山市飞渡体育有限责任公司,5242,体育用品,0.8736,0.95,否,,1,1,体育用品零售,,体育用品零售,1.0,1.0,0.85,0.1111
四川栖游记户外用品有限公司,5242,体育用品,0.2125,0.85,否,,1,0,,户外用品零售,,0.0,0.0,0.85,0.0
眉山市徐氏启梦体育服务有限公司,8911,体育赛事,0.8736,0.95,否,,1,1,体育竞赛组织,,体育竞赛,1.0,1.0,0.85,0.1111
眉山市途人户外运动拓展有限公司,8919,体育管理,0.8736,0.95,否,,1,1,体育组织,,体育组织,1.0,1.0,0.85,0.1111
四川平恒健康管理咨询有限公司,8930,健身休闲,0.2125,0.85,否,,1,0,,健身培训,,0.0,0.0,0.85,0.0
四川棣威达体育文化发展有限公司,8911,体育管理,0.8736,0.95,否,,1,1,其他体育组织,,体育组织,1.0,1.0,0.85,0.1111
眉山市状元象棋体育俱乐部有限责任公司,9052,体育赛事,0.6611,0.9,是,纯跨界（行业代码非体育，文本有体育业务）,1,1,体育赛事策划,,赛事策划,1.0,1.0,0.0,0.1111
四川积亮体育文化传媒有限公司,8930,健身休闲,0.2125,0.85,否,,1,0,,健身休闲活动,,0.0,0.0,0.85,0.0
眉山市联动体育文化发展有限公司,8911,体育赛事,0.8736,0.95,否,,1,1,体育竞赛组织,,体育竞赛,1.0,1.0,0.85,0.1111
四川七巧鹿体育文化发展有限公司,8911,体育赛事,0.8736,0.95,否,,1,1,体育竞赛组织,,体育竞赛,1.0,1.0,0.85,0.1111
眉山搏宇企业管理咨询有限公司,8392,体育培训,0.8736,0.95,否,,1,1,篮球培训,,篮球培训,1.0,1.0,0.85,0.1111
眉山悦余普拉提健身有限公司,8930,健身休闲,0.8736,0.95,否,,1,1,瑜伽课程,,瑜伽,1.0,1.0,0.85,0.1111
四川省动力堡商贸有限责任公司,8930,健身休闲,0.2125,0.85,否,,1,0,,健身管理,,0.0,0.0,0.85,0.0
四川蚁动力户外运动拓展有限公司,8930,健身休闲,0.2125,0.85,否,,1,0,,户外活动,,0.0,0.0,0.85,0.0
四川体韵体育文化发展有限公司,8392,体育培训,0.2125,0.85,否,,1,0,,兵兵球培训,,0.0,0.0,0.85,0.0
眉山长藤体育俱乐部有限公司,8911,体育赛事,0.8736,0.95,否,,1,1,体育竞赛组织,,体育竞赛,1.0,1.0,0.85,0.1111
眉山市领跑健身服务有限公司,8930,健身休闲,0.2125,0.85,否,,1,0,,休闲健身,,0.0,0.0,0.85,0.0
眉山市东坡区弘毅体育培训学校有限公司,8392,体育培训,0.8736,0.95,否,,1,1,体育培训,,体育培训,1.0,1.0,0.85,0.1111
眉山一氧文体艺术发展有限公司,8930,健身休闲,0.8736,0.95,否,,1,1,健身服务,,健身服务,1.0,1.0,0.85,0.1111
眉山市迈康体育用品有限公司,5242,体育用品,0.8736,0.95,否,,1,1,体育用品零售,,体育用品零售,1.0,1.0,0.85,0.1111
四川长风体育文化发展有限公司,8921,体育场馆,0.8736,0.95,否,,1,1,体育场所管理,,体育场,1.0,1.0,0.85,0.1111
四川力美健体育用品有限公司,5242,体育用品,0.8736,0.95,否,,1,1,体育用品零售,,体育用品零售,1.0,1.0,0.85,0.1111
四川飞翔鑫瀚体育发展有限公司,8911,体育赛事,0.8736,0.95,否,,1,1,体育赛事策划,,赛事策划,1.0,1.0,0.85,0.1111
眉山市东坡区瑞健体育用品有限公司,5242,体育用品,0.8736,0.95,否,,1,1,体育用品零售,,体育用品零售,1.0,1.0,0.85,0.1111
四川乐动体育用品有限公司,5242,体育场馆,0.8736,0.95,否,,1,1,体育场地设施施工,,体育场地设施,1.0,1.0,0.85,0.1111
眉山真武会体育文化推广有限公司,8392,健身休闲,0.8736,0.95,否,,1,1,跆拳道教育,,跆拳道,1.0,1.0,0.85,0.1111
四川康达体育文化有限公司,8930,健身休闲,0.8736,0.95,否,,1,1,健身服务,,健身服务,1.0,1.0,0.85,0.1111
眉山卓凡户外拓展有限公司,8930,体育培训,0.8736,0.95,否,,1,1,体校及体育培训,,体育培训,1.0,1.0,0.85,0.1111
四川凯信体育文化传播有限公司,8392,体育培训,0.2125,0.85,否,,1,0,,体育拓展培训,,0.0,0.0,0.85,0.0
四川泊蔓健康管理咨询有限公司,8930,健身休闲,0.8736,0.95,否,,1,1,瑜伽教学,,瑜伽,1.0,1.0,0.85,0.1111
眉山艳子每日瑜伽健身有限公司,8930,健身休闲,0.2125,0.85,否,,1,0,,健身休闲,,0.0,0.0,0.85,0.0
眉山市鳌头鱼饵有限责任公司,2449,体育用品,0.2125,0.85,否,,1,0,,生产鱼饵,,0.0,0.0,0.85,0.0
四川雪山豹户外拓展训练有限公司,8930,健身休闲,0.2125,0.85,否,,1,0,,健身休闲活动,,0.0,0.0,0.85,0.0
眉山猎鹰拓展训练有限公司,8930,健身休闲,0.2125,0.85,否,,1,0,,健身休闲活动,,0.0,0.0,0.85,0.0
四川省眉山市一鸣信鸽俱乐部有限公司,9052,体育赛事,0.6611,0.9,是,纯跨界（行业代码非体育，文本有体育业务）,1,1,体育赛事策划,,赛事策划,1.0,1.0,0.0,0.1111
四川省阵仗渔具有限公司,2449,体育用品,0.2125,0.85,否,,1,0,,鱼饵生产,,0.0,0.0,0.85,0.0
四川战狼教育咨询有限公司,8930,健身休闲,0.8736,0.95,否,,1,1,户外拓展训练,,户外拓展,1.0,1.0,0.85,0.1111
四川经典体育组织服务有限公司,8919,体育管理,0.8736,0.95,否,,1,1,体育组织,,体育组织,1.0,1.0,0.85,0.1111
眉山美利康体育发展有限责任公司,8930,健身休闲,0.2125,0.85,否,,1,0,,高危性体育运动,,0.0,0.0,0.85,0.0
眉山市皓语户外拓展有限公司,8930,健身休闲,0.8736,0.95,否,,1,1,户外拓展训练,,户外拓展,1.0,1.0,0.85,0.1111
眉山贵良通汇商贸有限公司,5242,体育用品,0.8736,0.95,否,,1,1,体育用品及器材零售,,体育用品,1.0,1.0,0.85,0.1111
眉山市碳原子篮球俱乐部有限公司,8911,体育管理,0.8736,0.95,否,,1,1,体育组织,,体育组织,1.0,1.0,0.85,0.1111
眉山市彭山区洋洋得懿篮球俱乐部有限公司,8911,体育管理,0.8736,0.95,否,,1,1,体育服务,,体育服务,1.0,1.0,0.85,0.1111
四川高歌体育发展有限公司,8911,体育用品,0.8736,0.95,否,,1,1,体育用品及器材零售,,体育用品,1.0,1.0,0.85,0.1111
眉山市彭山区喜东浩体育发展有限公司,8921,体育场馆,0.8736,0.95,否,,1,1,体育场地设施经营,,体育场地设施,1.0,1.0,0.85,0.1111
眉山市彭山区忆芳华舞蹈健身中心,8930,健身休闲,0.2125,0.85,否,,1,0,,健身休闲活动,,0.0,0.0,0.85,0.0
四川省天予体育文化传播有限公司,8392,体育培训,0.8736,0.95,否,,1,1,体育培训服务,,体育培训,1.0,1.0,0.85,0.1111
眉山市彭山区峰霁体育发展有限责任公司,8911,体育赛事,0.8736,0.95,否,,1,1,体育赛事策划,,赛事策划,1.0,1.0,0.85,0.1111
眉山壹氧健身服务有限公司,8930,健身休闲,0.2125,0.85,否,,1,0,,健身健康服务,,0.0,0.0,0.85,0.0
眉山市彭山区鑫空体育培训学校有限公司,8392,体育培训,0.8736,0.95,否,,1,1,体育培训服务,,体育培训,1.0,1.0,0.85,0.1111
眉山市彭山区明日之星体育培训学校有限公司,8392,体育培训,0.8736,0.95,否,,1,1,儿童篮球培训,,篮球培训,1.0,1.0,0.85,0.1111
眉山市彭山区龙吟体育培训学校有限责任公司,8930,健身休闲,0.8736,0.95,否,,1,1,跆拳道训练,,跆拳道,1.0,1.0,0.85,0.1111
眉山一鹏体育文化发展有限责任公司,9052,体育赛事,0.6611,0.9,是,纯跨界（行业代码非体育，文本有体育业务）,1,1,体育赛事策划,,赛事策划,1.0,1.0,0.0,0.1111
四川达人健身服务有限公司,8930,健身休闲,0.8736,0.95,否,,1,1,健身服务,,健身服务,1.0,1.0,0.85,0.1111
四川武阳乐动体育发展有限公司,8911,体育赛事,0.8736,0.95,否,,1,1,体育竞赛组织,,体育竞赛,1.0,1.0,0.85,0.1111
眉山市原始人健身俱乐部有限公司,8930,健身休闲,0.2125,0.85,否,,1,0,,健身休闲活动,,0.0,0.0,0.85,0.0
眉山市彭山区勃氪电竞俱乐部,8911,体育赛事,0.8736,0.95,否,,1,1,体育竞赛组织,,体育竞赛,1.0,1.0,0.85,0.1111
眉山星飞耀体育文化发展有限责任公司,8919,体育赛事,0.8736,0.95,否,,1,1,体育赛事组织策划,,体育赛事,1.0,1.0,0.85,0.1111
眉山市彭山锐利行健身有限公司,8930,健身休闲,0.8736,0.95,否,,1,1,健身服务,,健身服务,1.0,1.0,0.85,0.1111
四川星禾尚梦文化传媒有限公司,8911,体育管理,0.2125,0.85,否,,1,0,,游戏解说,,0.0,0.0,0.85,0.0
四川省步浪健身有限公司,5142,体育用品,0.8736,0.95,否,,1,1,体育用品及器材批发,,体育用品,1.0,1.0,0.85,0.1111
眉山市武韵文化传播有限公司,8392,体育培训,0.8736,0.95,否,,1,1,武术培训,,武术培训,1.0,1.0,0.85,0.1111
仁寿县百诚文化用品有限公司,5242,体育用品,0.8736,0.95,否,,1,1,体育用品及器材零售,,体育用品,1.0,1.0,0.85,0.1111
仁寿聪茂健康管理有限公司,5242,体育用品,0.8736,0.95,否,,1,1,健身器材零售,,健身器材,1.0,1.0,0.85,0.1111
仁寿县承武思泽体育培训学校有限公司,8912,体育管理,0.2125,0.85,否,,1,0,,文化体育和娱乐培训,,0.0,0.0,0.85,0.0
四川兵新拓展训练有限责任公司,8992,体育管理,0.6611,0.9,是,纯跨界（行业代码非体育，文本有体育业务）,1,1,体育服务,,体育服务,1.0,1.0,0.0,0.1111
四川哈哈中体体育发展有限责任公司,8392,体育培训,0.8736,0.95,否,,1,1,体育培训,,体育培训,1.0,1.0,0.85,0.1111
仁寿哈哈超能星体育发展有限责任公司,5242,体育用品,0.8736,0.95,否,,1,1,体育用品零售,,体育用品零售,1.0,1.0,0.85,0.1111
眉山武阳卓越体育用品有限公司,7122,体育用品,0.6611,0.9,是,纯跨界（行业代码非体育，文本有体育业务）,1,1,体育用品设备出租,,体育用品,1.0,1.0,0.0,0.1111
仁寿天仁森境度假酒店有限责任公司,8930,健身休闲,0.8736,0.95,否,,1,1,游泳服务,,游泳,1.0,1.0,0.85,0.1111
四川木之易瑜伽健身有限公司,8930,健身休闲,0.8736,0.95,否,,1,1,瑜伽健身,,瑜伽,1.0,1.0,0.85,0.1111
仁寿县西蒙体育用品销售有限公司,5242,体育用品,0.8736,0.95,否,,1,1,体育用品零售,,体育用品零售,1.0,1.0,0.85,0.1111
仁寿零二八户外运动有限公司,8930,健身休闲,0.2125,0.85,否,,1,0,,健身休闲活动,,0.0,0.0,0.85,0.0
四川名和康友娱乐有限公司,5142,体育用品,0.8736,0.95,否,,1,1,体育用品及器材批发,,体育用品,1.0,1.0,0.85,0.1111
四川圣菲尚品体育文化发展有限公司,8930,健身休闲,0.8736,0.95,否,,1,1,经营健身服务,,健身服务,1.0,1.0,0.85,0.1111
眉山了凡茶隅文化传媒有限责任公司,8930,健身休闲,0.2125,0.85,否,,1,0,,文化体育,,0.0,0.0,0.85,0.0
仁寿倍力健身服务有限公司,8930,健身休闲,0.8736,0.95,否,,1,1,健身服务,,健身服务,1.0,1.0,0.85,0.1111
仁寿华越体育器材有限公司,5142,体育用品,0.8736,0.95,否,,1,1,体育用品及器材批发,,体育用品,1.0,1.0,0.85,0.1111
仁寿县篮精灵体育发展有限公司,9052,体育管理,0.6611,0.9,是,纯跨界（行业代码非体育，文本有体育业务）,1,1,体育服务,,体育服务,1.0,1.0,0.0,0.1111
仁寿梦之队体育文化传播有限公司,8930,健身休闲,0.2125,0.85,否,,1,0,,健身休闲,,0.0,0.0,0.85,0.0
仁寿县威韬健身管理有限责任公司,8930,健身休闲,0.2125,0.85,否,,1,0,,健身管理,,0.0,0.0,0.85,0.0
四川里德体育服务有限公司,8919,体育管理,0.2125,0.85,否,,1,0,,体育类社会服务,,0.0,0.0,0.85,0.0
四川省威阳体育用品有限公司,5242,体育用品,0.8736,0.95,否,,1,1,体育用品零售,,体育用品零售,1.0,1.0,0.85,0.1111
四川省冠宝体育用品有限公司,5242,体育用品,0.8736,0.95,否,,1,1,体育用品服饰,,体育用品,1.0,1.0,0.85,0.1111
仁寿吾我体育文化发展有限公司,8919,体育管理,0.8736,0.95,否,,1,1,其他体育组织,,体育组织,1.0,1.0,0.85,0.1111
仁寿承武培训学校有限公司,9052,体育赛事,0.6611,0.9,是,纯跨界（行业代码非体育，文本有体育业务）,1,1,体育赛事策划,,赛事策划,1.0,1.0,0.0,0.1111
四川格灿教育科技有限公司,5242,体育用品,0.8736,0.95,否,,1,1,体育用品及器材零售,,体育用品,1.0,1.0,0.85,0.1111
眉山夜行者科技有限公司,5242,体育用品,0.2125,0.85,否,,1,0,,信息技术咨询服务,,0.0,0.0,0.85,0.0
仁寿县篮精灵体育培训学校有限公司,8392,体育培训,0.8736,0.95,否,,1,1,篮球培训,,篮球培训,1.0,1.0,0.85,0.1111
仁寿炜烨智力体育文化推广有限公司,8919,体育管理,0.8736,0.95,否,,1,1,体育组织公司,,体育组织,1.0,1.0,0.85,0.1111
四川私享动能体育文化发展有限公司,8919,体育管理,0.8736,0.95,否,,1,1,其他体育组织,,体育组织,1.0,1.0,0.85,0.1111
仁寿尼莫文化传播有限公司,8930,健身休闲,0.8736,0.95,否,,1,1,室内休闲健身服务,,健身服务,1.0,1.0,0.85,0.1111
眉山市天蚕渔具有限公司,2449,体育用品,0.8736,0.95,否,,1,1,体育用品制造,,体育用品制造,1.0,1.0,0.85,0.1111
仁寿县锐途培训学校有限公司,8392,体育培训,0.2125,0.85,否,,1,0,,体校培训,,0.0,0.0,0.85,0.0
仁寿县嘉泓鱼药经营部,5242,体育用品,0.2125,0.85,否,,1,0,,鱼具零售,,0.0,0.0,0.85,0.0
仁寿县冠生艳明珠艺术培训学校有限公司,8392,体育培训,0.8736,0.95,否,,1,1,体育教育,,体育教育,1.0,1.0,0.85,0.1111
仁寿富加哈哈中体超能星体育发展有限公司,8392,体育培训,0.2125,0.85,否,,1,0,,体育教学,,0.0,0.0,0.85,0.0
眉山战旗拓展训练有限公司,8930,健身休闲,0.2125,0.85,否,,1,0,,健身休闲活动,,0.0,0.0,0.85,0.0
四川蓼叶山户外运动有限公司,8930,健身休闲,0.2125,0.85,否,,1,0,,体育活动,,0.0,0.0,0.85,0.0
四川洪雅观澜城邦水上娱乐有限责任公司,8921,体育场馆,0.2125,0.85,否,,1,0,,体育运动,,0.0,0.0,0.85,0.0
洪雅县斯博特体育场馆管理有限公司,8921,体育场馆,0.8736,0.95,否,,1,1,体育场馆管理与服务,,体育场馆,1.0,1.0,0.85,0.1111
洪雅县正源跆拳道培训中心有限责任公司,8392,体育培训,0.8736,0.95,否,,1,1,少儿跆拳道培训,,跆拳道培训,1.0,1.0,0.85,0.1111
洪雅县龙逸精武武术培训中心有限责任公司,8392,体育培训,0.8736,0.95,否,,1,1,少儿武术培训,,武术培训,1.0,1.0,0.85,0.1111
洪雅县星天地跆拳道培训中心有限公司,8392,体育培训,0.8736,0.95,否,,1,1,跆拳道培训,,跆拳道培训,1.0,1.0,0.85,0.1111
洪雅县皓攀体育策划有限责任公司,8911,体育赛事,0.8736,0.95,否,,1,1,体育竞赛组织,,体育竞赛,1.0,1.0,0.85,0.1111
眉山洪搏户外运动有限责任公司,8930,健身休闲,0.8736,0.95,否,,1,1,组织策划户外运动比赛,,户外运动,1.0,1.0,0.85,0.1111
洪雅鑫锐体育文化传播有限公司,8921,体育场馆,0.8736,0.95,否,,1,1,体育场馆运行,,体育场馆,1.0,1.0,0.85,0.1111
四川育拓文化传播有限公司,8930,健身休闲,0.8736,0.95,否,,1,1,户外拓展活动,,户外拓展,1.0,1.0,0.85,0.1111
洪雅雪狼拓展训练有限责任公司,8919,体育管理,0.2125,0.85,否,,1,0,,体育类社会服务,,0.0,0.0,0.85,0.0
洪雅县时空体育培训中心有限公司,8392,体育培训,0.8736,0.95,否,,1,1,体育培训,,体育培训,1.0,1.0,0.85,0.1111
洪雅县义州体育发展有限公司,8392,体育培训,0.8736,0.95,否,,1,1,少儿武术培训,,武术培训,1.0,1.0,0.85,0.1111
洪雅战骉户外运动有限公司,8919,体育管理,0.2125,0.85,否,,1,0,,野营活动,,0.0,0.0,0.85,0.0
洪雅玉屏山神鹰航空运动有限公司,8930,健身休闲,0.2125,0.85,否,,1,0,,提供户外极限运动,,0.0,0.0,0.85,0.0
洪雅县启点旅游开发有限公司,8930,健身休闲,0.2125,0.85,否,,1,0,,旅游娱乐服务,,0.0,0.0,0.85,0.0
丹棱县依盛体育文化有限公司,8921,体育场馆,0.8736,0.95,否,,1,1,体育场地维护,,体育场地,1.0,1.0,0.85,0.1111
四川丹棱走读文化传播有限责任公司,8930,健身休闲,0.2125,0.85,否,,1,0,,拓展活动,,0.0,0.0,0.85,0.0
四川宇钛体育用品有限公司,2442,体育用品,0.8736,0.95,否,,1,1,运动器材配件制造,,运动器材,1.0,1.0,0.85,0.1111
丹棱县丹湖华庭游泳健身馆,8930,健身休闲,0.2125,0.85,否,,1,0,,健身休闲活动,,0.0,0.0,0.85,0.0
眉山浩雅体育文化发展有限责任公司,8392,体育用品,0.8736,0.95,否,,1,1,提供篮球教育,,篮球,1.0,1.0,0.85,0.1111
丹棱县净瑜伽健身服务有限公司,8930,健身休闲,0.8736,0.95,否,,1,1,健身服务,,健身服务,1.0,1.0,0.85,0.1111
丹棱县开心游泳池,8392,体育培训,0.8736,0.95,否,,1,1,游泳培训,,游泳培训,1.0,1.0,0.85,0.1111
丹棱县学府健身俱乐部有限责任公司,8930,健身休闲,0.2125,0.85,否,,1,0,,健身休闲活动,,0.0,0.0,0.85,0.0
丹棱县启航体育文化发展有限责任公司,8919,体育管理,0.8736,0.95,否,,1,1,体育组织,,体育组织,1.0,1.0,0.85,0.1111
丹棱县睿霆体育培训有限公司,8392,体育培训,0.8736,0.95,否,,1,1,体育培训,,体育培训,1.0,1.0,0.85,0.1111
丹棱县旭美体育文化发展有限责任公司,8919,体育管理,0.8736,0.95,否,,1,1,组织体育服务,,体育服务,1.0,1.0,0.85,0.1111
四川狼牙拓展训练有限公司,8919,健身休闲,0.8736,0.95,否,,1,1,户外运动组织策划,,户外运动,1.0,1.0,0.85,0.1111
丹棱县茅草房游泳池,8921,健身休闲,0.8736,0.95,否,,1,1,游泳池经营,,游泳池,1.0,1.0,0.85,0.1111
眉山市毅博体育赛事策划有限公司,8911,体育赛事,0.8736,0.95,否,,1,1,体育竞赛组织,,体育竞赛,1.0,1.0,0.85,0.1111
青神飞狐户外运动拓展有限责任公司,8919,体育管理,0.2125,0.85,否,,1,0,,组织户外休闲活动,,0.0,0.0,0.85,0.0
四川博鹰体育发展有限公司,8912,体育管理,0.2125,0.85,否,,1,0,,体育保障组织,,0.0,0.0,0.85,0.0
青神县悍武体育培训学校有限公司,8392,体育培训,0.8736,0.95,否,,1,1,武术培训,,武术培训,1.0,1.0,0.85,0.1111
青神县恒力体育文化传播有限公司,8930,健身休闲,0.8736,0.95,否,,1,1,健身服务,,健身服务,1.0,1.0,0.85,0.1111
青神猛虎户外拓展运动有限公司,8930,健身休闲,0.8736,0.95,否,,1,1,室外休闲健身服务,,健身服务,1.0,1.0,0.85,0.1111
眉山篮梦体育俱乐部有限公司,8911,体育赛事,0.8736,0.95,否,,1,1,体育竞赛组织,,体育竞赛,1.0,1.0,0.85,0.1111
青神心晴瑜伽馆,8392,健身休闲,0.8736,0.95,否,,1,1,瑜伽健身服务,,瑜伽; 健身服务,1.0,1.0,0.85,0.1111
眉山上渔户外运动用品工作室,5142,体育用品,0.8736,0.95,否,,1,1,体育用品及器材批发,,体育用品,1.0,1.0,0.85,0.1111
四川漂亮安防科技有限公司,5142,体育用品,0.2125,0.85,否,,1,0,,安防器材批发,,0.0,0.0,0.85,0.0
眉山本色体育俱乐部有限公司,8392,体育培训,0.8736,0.95,否,,1,1,体育培训,,体育培训,1.0,1.0,0.85,0.1111
四川本就出色体育文化发展有限公司,5242,体育用品,0.8736,0.95,否,,1,1,体育用品零售,,体育用品零售,1.0,1.0,0.85,0.1111
四川星道远户外拓展有限公司,8930,健身休闲,0.2125,0.85,否,,1,0,,休闲健身,,0.0,0.0,0.85,0.0
青神县老粗野钓天下饵料有限公司,5242,体育用品,0.2125,0.85,否,,1,0,,零售饵料,,0.0,0.0,0.85,0.0
四川牯牛山文旅有限公司,8930,健身休闲,0.2125,0.85,否,,1,0,,体验式拓展活动,,0.0,0.0,0.85,0.0
四川激进体育有限责任公司,9052,体育赛事,0.6611,0.9,是,纯跨界（行业代码非体育，文本有体育业务）,1,1,赛事服务,,赛事服务,1.0,1.0,0.0,0.1111
四川极限流体育俱乐部有限责任公司,8919,体育管理,0.8736,0.95,否,,1,1,体育俱乐部,,体育俱乐部,1.0,1.0,0.85,0.1111
四川初炼体适能体育发展有限公司,7246,体育管理,0.6611,0.9,是,纯跨界（行业代码非体育，文本有体育业务）,1,1,体育产业,,体育产业,1.0,1.0,0.0,0.1111
眉山球探篮球俱乐部,8911,体育赛事,0.8736,0.95,否,,1,1,体育竞赛组织,,体育竞赛,1.0,1.0,0.85,0.1111
眉山乐尚健身服务有限公司,8930,健身休闲,0.2125,0.85,否,,1,0,,健身休闲活动,,0.0,0.0,0.85,0.0
四川华一瑞武健身服务有限公司,8930,健身休闲,0.2125,0.85,否,,1,0,,健身培训,,0.0,0.0,0.85,0.0
眉山市诚篮体育发展有限公司,8911,体育赛事,0.8736,0.95,否,,1,1,体育赛事筹划,,体育赛事,1.0,1.0,0.85,0.1111
眉山市彭山区武艺堂艺术培训学校有限公司,8392,体育培训,0.2125,0.85,否,,1,0,,体育舞蹈美高,,0.0,0.0,0.85,0.0
眉山广利休闲娱乐有限责任公司,8930,健身休闲,0.2125,0.85,否,,1,0,,棋牌室服务,,0.0,0.0,0.85,0.0
四川洺芮韵诚健康管理有限公司,8930,健身休闲,0.2125,0.85,否,,1,0,,健身休闲活动服务,,0.0,0.0,0.85,0.0
宜宾腾啸体育发展有限公司,9052,体育赛事,0.6611,0.9,是,纯跨界（行业代码非体育，文本有体育业务）,1,1,体育赛事策划,,赛事策划,1.0,1.0,0.0,0.1111
宜宾莫逆之友体育赛事策划有限责任公司,9052,体育赛事,0.6611,0.9,是,纯跨界（行业代码非体育，文本有体育业务）,1,1,体育赛事策划,,赛事策划,1.0,1.0,0.0,0.1111
宜宾腾胜健身管理有限公司,8930,健身休闲,0.8736,0.95,否,,1,1,健身服务,,健身服务,1.0,1.0,0.85,0.1111
宜宾佳健体育文化发展有限责任公司,8392,体育赛事,0.8736,0.95,否,,1,1,体育赛事培训,,体育赛事,1.0,1.0,0.85,0.1111
宜宾市橙果健身俱乐部有限公司,8930,健身休闲,0.8736,0.95,否,,1,1,健身服务,,健身服务,1.0,1.0,0.85,0.1111
宜宾远澜体育文化有限责任公司,8919,体育管理,0.2125,0.85,否,,1,0,,体育活动主持,,0.0,0.0,0.85,0.0
宜宾悦芮健康管理有限公司,8930,健身休闲,0.8736,0.95,否,,1,1,健身服务,,健身服务,1.0,1.0,0.85,0.1111
四川蓝迈环保科技有限公司,4892,体育场馆,0.8736,0.95,否,,1,1,体育场地设施工程施工,,体育场地设施,1.0,1.0,0.85,0.1111
四川绿冠体育设施有限公司,5242,体育用品,0.8736,0.95,否,,1,1,体育用品及器材零售,,体育用品,1.0,1.0,0.85,0.1111
宜宾长爪体育文化有限公司,8930,体育赛事,0.8736,0.95,否,,1,1,体育赛事拓展训练,,体育赛事,1.0,1.0,0.85,0.1111
宜宾市正磊商贸有限公司,5242,体育用品,0.8736,0.95,否,,1,1,体育用品零售,,体育用品零售,1.0,1.0,0.85,0.1111
宜宾友乒体育文化发展有限公司,8930,健身休闲,0.2125,0.85,否,,1,0,,健身休闲活动,,0.0,0.0,0.85,0.0
宜宾超逸体育文化有限公司,8392,体育培训,0.8736,0.95,否,,1,1,成人体育培训,,体育培训,1.0,1.0,0.85,0.1111
四川汗青体育文化发展有限责任公司,8392,体育培训,0.8736,0.95,否,,1,1,篮球培训,,篮球培训,1.0,1.0,0.85,0.1111
宜宾艾动体育文化传播有限公司,8392,体育培训,0.8736,0.95,否,,1,1,网球培训,,网球培训,1.0,1.0,0.85,0.1111
四川地平线户外运动有限公司,8930,健身休闲,0.2125,0.85,否,,1,0,,健身休闲活动,,0.0,0.0,0.85,0.0
三吨片健身服务宜宾有限公司,8930,健身休闲,0.2125,0.85,否,,1,0,,健身休闲活动,,0.0,0.0,0.85,0.0
宜宾星地魔方健身有限责任公司,8930,健身休闲,0.8736,0.95,否,,1,1,休闲健身服务,,健身服务,1.0,1.0,0.85,0.1111
四川爱打体育俱乐部有限公司,5242,体育用品,0.8736,0.95,否,,1,1,体育用品及器材零售,,体育用品,1.0,1.0,0.85,0.1111
宜宾蜂蚁体育有限公司,8930,健身休闲,0.2125,0.85,否,,1,0,,健身活动,,0.0,0.0,0.85,0.0
宜宾霞予商贸有限公司,8930,健身休闲,0.2125,0.85,否,,1,0,,健身休闲活动,,0.0,0.0,0.85,0.0
四川卓星体育文化传播有限公司,8392,体育培训,0.8736,0.95,否,,1,1,乒乓球培训,,乒乓球培训,1.0,1.0,0.85,0.1111
四川高屹首涵科技发展有限公司,9052,体育赛事,0.6611,0.9,是,纯跨界（行业代码非体育，文本有体育业务）,1,1,体育赛事组织服务,,体育赛事,1.0,1.0,0.0,0.1111
宜宾天允体育发展有限公司,8911,体育赛事,0.8736,0.95,否,,1,1,体育竞赛组织,,体育竞赛,1.0,1.0,0.85,0.1111
宜宾腾翼体育有限公司,8930,健身休闲,0.2125,0.85,否,,1,0,,健身休闲活动,,0.0,0.0,0.85,0.0
宜宾奥搏体育文化有限公司,8911,体育赛事,0.8736,0.95,否,,1,1,体育竞赛组织,,体育竞赛,1.0,1.0,0.85,0.1111
宜宾伍陆柒优佳健身有限公司,8930,健身休闲,0.8736,0.95,否,,1,1,休闲健身服务,,健身服务,1.0,1.0,0.85,0.1111
宜宾沧溟体育发展有限公司,8930,健身休闲,0.2125,0.85,否,,1,0,,健身休闲活动,,0.0,0.0,0.85,0.0
宜宾创教体育用品有限公司,5242,体育用品,0.8736,0.95,否,,1,1,体育用品及器材无店铺零售,,体育用品,1.0,1.0,0.85,0.1111
宜宾市宜童体育文化传播有限公司,8392,体育培训,0.8736,0.95,否,,1,1,篮球培训服务,,篮球培训,1.0,1.0,0.85,0.1111
宜宾起梦体育科技有限公司,8392,体育培训,0.8736,0.95,否,,1,1,体育培训,,体育培训,1.0,1.0,0.85,0.1111
宜宾市莱客吧餐饮有限责任公司,8930,健身休闲,0.2125,0.85,否,,1,0,,麻将服务,,0.0,0.0,0.85,0.0
宜宾市黑白曼捌体育俱乐部,8930,健身休闲,0.8736,0.95,否,,1,1,台球娱乐服务,,台球,1.0,1.0,0.85,0.1111
宜宾市毅启体育发展有限责任公司,8911,体育赛事,0.8736,0.95,否,,1,1,体育竞赛组织,,体育竞赛,1.0,1.0,0.85,0.1111
四川宜宾壹品健身有限公司,8930,健身休闲,0.2125,0.85,否,,1,0,,健身休闲服务,,0.0,0.0,0.85,0.0
宜宾零贰零速美健身有限公司,8930,健身休闲,0.2125,0.85,否,,1,0,,健身休闲活动,,0.0,0.0,0.85,0.0
宜宾市天道体育文化发展有限公司,8930,健身休闲,0.2125,0.85,否,,1,0,,健身休闲活动,,0.0,0.0,0.85,0.0
宜宾市清心娱乐有限责任公司,8930,健身休闲,0.2125,0.85,否,,1,0,,休闲健身活动,,0.0,0.0,0.85,0.0
宜宾市星集点体育服务有限公司,5142,体育用品,0.8736,0.95,否,,1,1,体育用品批发,,体育用品批发,1.0,1.0,0.85,0.1111
宜宾市杰斯福体育发展有限责任公司,8911,体育赛事,0.8736,0.95,否,,1,1,体育竞赛组织,,体育竞赛,1.0,1.0,0.85,0.1111
宜宾市国焱商贸有限公司,5242,体育用品,0.8736,0.95,否,,1,1,体育用品及器材零售,,体育用品,1.0,1.0,0.85,0.1111
宜宾历宋网络科技有限公司,8930,健身休闲,0.2125,0.85,否,,1,0,,健身休闲活动,,0.0,0.0,0.85,0.0
宜宾好享健健身有限责任公司,8930,健身休闲,0.2125,0.85,否,,1,0,,健身共享服务,,0.0,0.0,0.85,0.0
四川颖旗隆贸易有限公司,5142,体育用品,0.8736,0.95,否,,1,1,体育用品批发,,体育用品批发,1.0,1.0,0.85,0.1111
四川蜀戎文化体育发展有限责任公司,8991,体育管理,0.6611,0.9,是,纯跨界（行业代码非体育，文本有体育业务）,1,1,体育文化活动代理服务,,体育文化,1.0,1.0,0.0,0.1111
宜宾无名沉浸文化传播有限公司,8912,体育管理,0.2125,0.85,否,,1,0,,游艺娱乐活动,,0.0,0.0,0.85,0.0
宜宾五力健身有限责任公司,8930,健身休闲,0.2125,0.85,否,,1,0,,健身休闲活动,,0.0,0.0,0.85,0.0
四川引跑体育发展有限公司,8911,体育赛事,0.8736,0.95,否,,1,1,竞技体育服务,,竞技体育,1.0,1.0,0.85,0.1111
宜宾雀涛商贸有限公司,5142,体育用品,0.2125,0.85,否,,1,0,,麻将机批发,,0.0,0.0,0.85,0.0
宜宾市灿蜀商贸有限公司,5142,体育用品,0.2125,0.85,否,,1,0,,麻将机批发,,0.0,0.0,0.85,0.0
宜宾市意腾商贸有限公司,5242,体育用品,0.2125,0.85,否,,1,0,,麻将机零售,,0.0,0.0,0.85,0.0
四川泳智健身服务有限公司,8921,健身休闲,0.8736,0.95,否,,1,1,室内体育游泳服务,,游泳,1.0,1.0,0.85,0.1111
宜宾九冠体育俱乐部有限公司,8392,体育培训,0.8736,0.95,否,,1,1,篮球培训服务,,篮球培训,1.0,1.0,0.85,0.1111
宜宾龙武户外拓展有限公司,8930,健身休闲,0.2125,0.85,否,,1,0,,健身休闲活动,,0.0,0.0,0.85,0.0
宜宾市健力体育用品设备有限公司,5242,体育用品,0.8736,0.95,否,,1,1,体育用品零售,,体育用品零售,1.0,1.0,0.85,0.1111
宜宾宜誉体育用品有限公司,8930,健身休闲,0.2125,0.85,否,,1,0,,健身休闲活动,,0.0,0.0,0.85,0.0
宜宾卓越体育发展有限公司,8911,体育赛事,0.8736,0.95,否,,1,1,体育赛事策划,,赛事策划,1.0,1.0,0.85,0.1111
宜宾市万杰文体用品有限公司,5242,体育用品,0.8736,0.95,否,,1,1,体育用品零售,,体育用品零售,1.0,1.0,0.85,0.1111
宜宾市立拓体育文化发展有限公司,5242,体育用品,0.8736,0.95,否,,1,1,体育器材零售,,体育器材,1.0,1.0,0.85,0.1111
宜宾市奇辉商贸有限责任公司,5242,体育用品,0.8736,0.95,否,,1,1,体育用品及器材零售,,体育用品,1.0,1.0,0.85,0.1111
宜宾易道武术文化传播有限公司,8392,体育培训,0.8736,0.95,否,,1,1,体校及体育培训,,体育培训,1.0,1.0,0.85,0.1111
宜宾桓隆贸易有限公司,8930,健身休闲,0.2125,0.85,否,,1,0,,健身休闲活动,,0.0,0.0,0.85,0.0
宜宾亚杰体育科技有限公司,5242,体育用品,0.8736,0.95,否,,1,1,体育器材零售,,体育器材,1.0,1.0,0.85,0.1111
宜宾骏俊体育科技有限公司,5242,体育用品,0.8736,0.95,否,,1,1,体育器材零售,,体育器材,1.0,1.0,0.85,0.1111
宜宾市戎达棋牌销售有限公司,5142,体育用品,0.2125,0.85,否,,1,0,,麻将机批发,,0.0,0.0,0.85,0.0
宜宾继强文化娱乐有限公司,8930,健身休闲,0.2125,0.85,否,,1,0,,山地越野服务,,0.0,0.0,0.85,0.0
宜宾江浪体育场地工程有限公司,4892,体育场馆,0.8736,0.95,否,,1,1,体育场地实施工程施工,,体育场地,1.0,1.0,0.85,0.1111
宜宾一米教育科技有限公司,8930,健身休闲,0.2125,0.85,否,,1,0,,户外培训,,0.0,0.0,0.85,0.0
宜宾市南溪区故事村游乐场,8921,体育场馆,0.2125,0.85,否,,1,0,,旱冰场服务,,0.0,0.0,0.85,0.0
宜宾市元文体育文化有限公司,5242,体育用品,0.8736,0.95,否,,1,1,体育用品,,体育用品,1.0,1.0,0.85,0.1111
宜宾市南溪区刘宇隆体育场地设施工程施工部,4892,体育场馆,0.8736,0.95,否,,1,1,体育场地设施工程施工,,体育场地设施,1.0,1.0,0.85,0.1111
宜宾前瞻文化传播有限责任公司,9052,体育赛事,0.6611,0.9,是,纯跨界（行业代码非体育，文本有体育业务）,1,1,体育表演服务,,体育表演,1.0,1.0,0.0,0.1111
宜宾三江新区张介渔具销售店,5242,体育用品,0.8736,0.95,否,,1,1,渔具零售,,渔具,1.0,1.0,0.85,0.1111
宜宾三江新区小卉体育用品租赁服务部,7122,体育用品,0.6611,0.9,是,纯跨界（行业代码非体育，文本有体育业务）,1,1,体育用品设备出租,,体育用品,1.0,1.0,0.0,0.1111
宜宾喜钓渔具有限公司,5242,体育用品,0.8736,0.95,否,,1,1,渔具零售,,渔具,1.0,1.0,0.85,0.1111
宜宾创浪体育发展有限公司,8911,体育赛事,0.8736,0.95,否,,1,1,赛事组织,,赛事组织,1.0,1.0,0.85,0.1111
宜宾市南溪区鑫梦舞蹈健身俱乐部,8930,健身休闲,0.2125,0.85,否,,1,0,,健身休闲活动,,0.0,0.0,0.85,0.0
宜宾市南溪区沃力健身服务有限公司,8930,健身休闲,0.8736,0.95,否,,1,1,健身服务,,健身服务,1.0,1.0,0.85,0.1111
宜宾松堃商贸有限公司,5142,体育用品,0.2125,0.85,否,,1,0,,建筑材料销售金属材料销售,,0.0,0.0,0.85,0.0
宜宾沃健力健身服务有限公司,8930,健身休闲,0.2125,0.85,否,,1,0,,健身休闲活动,,0.0,0.0,0.85,0.0
宜宾首创文化传媒有限责任公司,8911,体育管理,0.2125,0.85,否,,1,0,,赛事活动,,0.0,0.0,0.85,0.0
宜宾市南溪区马邦体育文化传播有限公司,8930,健身休闲,0.2125,0.85,否,,1,0,,体育运动,,0.0,0.0,0.85,0.0
宜宾市南溪区三缺一娱乐有限公司,8912,体育管理,0.2125,0.85,否,,1,0,,游艺娱乐活动,,0.0,0.0,0.85,0.0
宜宾市南溪区勇子电玩有限公司,8912,体育管理,0.2125,0.85,否,,1,0,,游艺娱乐活动,,0.0,0.0,0.85,0.0
宜宾市南溪区跃达教育咨询有限公司,8392,体育培训,0.8736,0.95,否,,1,1,体育培训,,体育培训,1.0,1.0,0.85,0.1111
宜宾市南溪区张银台球馆,8930,健身休闲,0.2125,0.85,否,,1,0,,健身休闲活动,,0.0,0.0,0.85,0.0
四川太石渔具有限公司,5142,体育用品,0.8736,0.95,否,,1,1,渔具批发,,渔具,1.0,1.0,0.85,0.1111
宜宾市立辰体育发展有限责任公司,8911,健身休闲,0.8736,0.95,否,,1,1,游泳教学服务,,游泳,1.0,1.0,0.85,0.1111
宜宾博道体育发展有限公司,8911,体育管理,0.2125,0.85,否,,1,0,,教育咨询服务,,0.0,0.0,0.85,0.0
四川戎叁江体育发展有限公司,8930,健身休闲,0.8736,0.95,否,,1,1,休闲健身服务,,健身服务,1.0,1.0,0.85,0.1111
宜宾思未体育文化有限公司,8392,体育培训,0.8736,0.95,否,,1,1,体育培训,,体育培训,1.0,1.0,0.85,0.1111
宜宾市翠屏区誉道馆培训学校有限公司,8392,体育培训,0.8736,0.95,否,,1,1,跆拳道培训,,跆拳道培训,1.0,1.0,0.85,0.1111
宜宾众诚拓展训练有限公司,8919,健身休闲,0.8736,0.95,否,,1,1,户外运动组织策划,,户外运动,1.0,1.0,0.85,0.1111
宜宾叙岷商贸有限公司,5242,体育用品,0.8736,0.95,否,,1,1,体育用品零售,,体育用品零售,1.0,1.0,0.85,0.1111
四川戎树建筑工程有限公司,4720,体育场馆,0.6611,0.9,是,纯跨界（行业代码非体育，文本有体育业务）,1,1,体育场馆建筑工程施工,,体育场馆,1.0,1.0,0.0,0.1111
宜宾市追梦时代健身有限公司,8930,健身休闲,0.2125,0.85,否,,1,0,,健身休闲活动,,0.0,0.0,0.85,0.0
宜宾市叙州区时空健身服务有限公司,8930,健身休闲,0.2125,0.85,否,,1,0,,健身休闲活动,,0.0,0.0,0.85,0.0
宜宾超世纪娱乐有限公司,8930,健身休闲,0.8736,0.95,否,,1,1,台球娱乐活动,,台球,1.0,1.0,0.85,0.1111
四川青林体育用品有限公司,5142,体育用品,0.8736,0.95,否,,1,1,体育用品批发,,体育用品批发,1.0,1.0,0.85,0.1111
宜宾辉昱体育用品有限公司,5242,体育用品,0.8736,0.95,否,,1,1,体育用品零售,,体育用品零售,1.0,1.0,0.85,0.1111
宜宾创腾体育有限公司,8930,健身休闲,0.8736,0.95,否,,1,1,健身服务,,健身服务,1.0,1.0,0.85,0.1111
宜宾双睿体育发展有限公司,8930,健身休闲,0.2125,0.85,否,,1,0,,健身休闲活动,,0.0,0.0,0.85,0.0
宜宾市叙州区心随舞动舞蹈健身有限公司,8930,健身休闲,0.2125,0.85,否,,1,0,,健身休闲活动,,0.0,0.0,0.85,0.0
四川立泰辰戎体育发展有限责任公司,9052,体育管理,0.6611,0.9,是,纯跨界（行业代码非体育，文本有体育业务）,1,1,体育服务,,体育服务,1.0,1.0,0.0,0.1111
宜宾市叙州区壹达健身服务有限责任公司,8930,健身休闲,0.2125,0.85,否,,1,0,,健身休闲活动,,0.0,0.0,0.85,0.0
宜宾市同兮商贸有限公司,5242,体育用品,0.8736,0.95,否,,1,1,体育用品及器材零售,,体育用品,1.0,1.0,0.85,0.1111
宜宾煜健体育文化发展有限公司,8911,体育赛事,0.8736,0.95,否,,1,1,赛事组织与策划,,赛事组织,1.0,1.0,0.85,0.1111
宜宾市叙州区奥龙武术培训学校有限公司,8392,体育培训,0.8736,0.95,否,,1,1,体育培训,,体育培训,1.0,1.0,0.85,0.1111
宜宾崇尚企业管理有限公司,8930,健身休闲,0.2125,0.85,否,,1,0,,拓展训练服务,,0.0,0.0,0.85,0.0
宜宾英冠体育用品有限公司,5142,体育用品,0.8736,0.95,否,,1,1,体育用品及器材批,,体育用品,1.0,1.0,0.85,0.1111
宜宾市神箭拓展训练有限公司,8930,健身休闲,0.2125,0.85,否,,1,0,,健身休闲活动,,0.0,0.0,0.85,0.0
宜宾市爱卡蜗牛体育服务有限公司,8930,健身休闲,0.2125,0.85,否,,1,0,,健身休闲活动,,0.0,0.0,0.85,0.0
宜宾星辉体育文化发展有限公司,8392,体育培训,0.8736,0.95,否,,1,1,体育培训,,体育培训,1.0,1.0,0.85,0.1111
宜宾武之梦体育文化传播有限公司,8392,体育培训,0.8736,0.95,否,,1,1,体育培训,,体育培训,1.0,1.0,0.85,0.1111
宜宾星光台球娱乐服务有限公司,8930,健身休闲,0.8736,0.95,否,,1,1,台球娱乐服务,,台球,1.0,1.0,0.85,0.1111
宜宾赛客体育文化传播有限公司,5242,体育用品,0.8736,0.95,否,,1,1,体育用品零售,,体育用品零售,1.0,1.0,0.85,0.1111
宜宾嘉美广告有限公司,5242,体育用品,0.8736,0.95,否,,1,1,体育用品零售,,体育用品零售,1.0,1.0,0.85,0.1111
宜宾卓尔体育文化有限公司,5242,体育用品,0.8736,0.95,否,,1,1,体育用品零售,,体育用品零售,1.0,1.0,0.85,0.1111
宜宾万斯特体育服务有限公司,5242,体育用品,0.8736,0.95,否,,1,1,体育用品零售,,体育用品零售,1.0,1.0,0.85,0.1111
宜宾市叙州区唯我乐游泳场,8930,健身休闲,0.8736,0.95,否,,1,1,游泳服务,,游泳,1.0,1.0,0.85,0.1111
宜宾市瀚动文体用品有限公司,5242,体育用品,0.8736,0.95,否,,1,1,体育用品零售,,体育用品零售,1.0,1.0,0.85,0.1111
宜宾拳盛体育发展有限公司,8392,体育培训,0.2125,0.85,否,,1,0,,体育运动训练,,0.0,0.0,0.85,0.0
四川锐航体育文化传播有限公司,8930,健身休闲,0.8736,0.95,否,,1,1,体育运动游泳,,游泳,1.0,1.0,0.85,0.1111
四川鸿傲体育文化发展有限公司,8911,体育管理,0.2125,0.85,否,,1,0,,体育运动训练指导服务,,0.0,0.0,0.85,0.0
宜宾乐攀体育发展有限公司,8911,体育赛事,0.8736,0.95,否,,1,1,体育竞赛组织,,体育竞赛,1.0,1.0,0.85,0.1111
宜宾焜阳羽毛球俱乐部有限公司,8911,体育赛事,0.8736,0.95,否,,1,1,体育竞赛组织,,体育竞赛,1.0,1.0,0.85,0.1111
四川民民体育文化发展有限公司,5242,体育用品,0.8736,0.95,否,,1,1,体育用品零售,,体育用品零售,1.0,1.0,0.85,0.1111
宜宾市叙州区超级匠体育俱乐部有限责任公司,9052,体育赛事,0.6611,0.9,是,纯跨界（行业代码非体育，文本有体育业务）,1,1,组织体育表演活动,,体育表演,1.0,1.0,0.0,0.1111
宜宾启缘体育发展有限公司,5242,体育用品,0.8736,0.95,否,,1,1,体育用品及器材零售,,体育用品,1.0,1.0,0.85,0.1111
宜宾市叙州区金吉果培训学校有限公司,8392,体育培训,0.8736,0.95,否,,1,1,体育培训,,体育培训,1.0,1.0,0.85,0.1111
宜宾上羽体育文化发展有限责任公司,8921,体育用品,0.8736,0.95,否,,1,1,羽毛球场馆经营,,羽毛球,1.0,1.0,0.85,0.1111
宜宾天顺拓展训练有限公司,8930,健身休闲,0.2125,0.85,否,,1,0,,扩展训练,,0.0,0.0,0.85,0.0
宜宾锦星体育发展有限公司,8392,体育培训,0.8847,0.95,否,,1,1,体育培训游泳馆培训,,体育培训; 游泳馆,1.0,1.0,0.85,0.2222
四川九门阿哩哩文化传播有限公司,5142,体育用品,0.8736,0.95,否,,1,1,体育用品及器材批发,,体育用品,1.0,1.0,0.85,0.1111
宜宾派利商贸有限公司,5142,体育用品,0.8736,0.95,否,,1,1,体育用品批发,,体育用品批发,1.0,1.0,0.85,0.1111
宜宾人和文化传播有限公司,8930,健身休闲,0.2125,0.85,否,,1,0,,拓展训练服务,,0.0,0.0,0.85,0.0
宜宾心悠格健身有限责任公司,8930,健身休闲,0.2125,0.85,否,,1,0,,健身休闲活动,,0.0,0.0,0.85,0.0
宜宾宣火体育运动用品有限公司,5242,体育用品,0.2125,0.85,否,,1,0,,运动用品销售,,0.0,0.0,0.85,0.0
宜宾澎湃健身服务有限责任公司,8930,健身休闲,0.2125,0.85,否,,1,0,,健身活动,,0.0,0.0,0.85,0.0
宜宾泳动游泳俱乐部有限责任公司,8930,健身休闲,0.2125,0.85,否,,1,0,,健身休闲活动,,0.0,0.0,0.85,0.0
四川舒呼体育文化发展有限公司,8930,健身休闲,0.2125,0.85,否,,1,0,,健身休闲活动,,0.0,0.0,0.85,0.0
宜宾尚善体育发展有限公司,8930,健身休闲,0.8736,0.95,否,,1,1,健身服务,,健身服务,1.0,1.0,0.85,0.1111
四川律动健身服务有限责任公司,8930,健身休闲,0.8736,0.95,否,,1,1,健身服务,,健身服务,1.0,1.0,0.85,0.1111
宜宾市叙州区磅礴游泳有限责任公司,8930,健身休闲,0.8736,0.95,否,,1,1,健身服务,,健身服务,1.0,1.0,0.85,0.1111
宜宾市叙州区巧祥茶馆,8930,健身休闲,0.2125,0.85,否,,1,0,,棋牌类健身休闲活动,,0.0,0.0,0.85,0.0
宜宾贝悦文化艺术传播有限公司,5242,体育用品,0.8736,0.95,否,,1,1,体育用品零售,,体育用品零售,1.0,1.0,0.85,0.1111
宜宾善行商贸有限公司,5242,体育用品,0.8736,0.95,否,,1,1,体育用品及器材零售,,体育用品,1.0,1.0,0.85,0.1111
四川宜宾叙州区爱乒体育文化传播有限公司,8921,体育用品,0.8736,0.95,否,,1,1,乒乓球场地出租,,乒乓球,1.0,1.0,0.85,0.1111
四川腾飞体育发展有限公司,8930,健身休闲,0.2125,0.85,否,,1,0,,体育健身,,0.0,0.0,0.85,0.0
宜宾龙源澎湃体育文化有限责任公司,8930,健身休闲,0.8736,0.95,否,,1,1,健身服务,,健身服务,1.0,1.0,0.85,0.1111
宜宾鸿辰体育发展有限公司,8392,体育培训,0.8736,0.95,否,,1,1,体育培训,,体育培训,1.0,1.0,0.85,0.1111
宜宾市魔方健身有限责任公司,8930,健身休闲,0.8736,0.95,否,,1,1,健身服务,,健身服务,1.0,1.0,0.85,0.1111
宜宾鑫友羽毛球俱乐部有限责任公司,8911,体育管理,0.2125,0.85,否,,1,0,,体育竟赛,,0.0,0.0,0.85,0.0
宜宾翼飞篮球俱乐部,8911,体育赛事,0.8736,0.95,否,,1,1,体育竞赛组织,,体育竞赛,1.0,1.0,0.85,0.1111
宜宾市老友唐人体育发展有限公司,8921,体育用品,0.8736,0.95,否,,1,1,足球场馆供应,,足球,1.0,1.0,0.85,0.1111
宜宾茵特体育用品销售有限公司,5242,体育用品,0.8736,0.95,否,,1,1,体育用品销售,,体育用品销售,1.0,1.0,0.85,0.1111
宜宾市叙州区博海健身游泳有限公司,8921,健身休闲,0.8736,0.95,否,,1,1,健身服务,,健身服务,1.0,1.0,0.85,0.1111
宜宾市叙州区御扬体育培训学校有限公司,8991,体育管理,0.6611,0.9,是,纯跨界（行业代码非体育，文本有体育业务）,1,1,体育文化推广,,体育文化,1.0,1.0,0.0,0.1111
四川省品刻体育发展有限公司,7246,健身休闲,0.6611,0.9,是,纯跨界（行业代码非体育，文本有体育业务）,1,1,户外运动策划,,户外运动,1.0,1.0,0.0,0.1111
四川杨阁科技有限公司,8930,健身休闲,0.8736,0.95,否,,1,1,瑜伽服务,,瑜伽,1.0,1.0,0.85,0.1111
宜宾市华善文化办公用品商行,5242,体育用品,0.8736,0.95,否,,1,1,体育用品零售,,体育用品零售,1.0,1.0,0.85,0.1111
四川戎练健身服务有限公司,8930,健身休闲,0.2125,0.85,否,,1,0,,健康休闲活动,,0.0,0.0,0.85,0.0
宜宾酷动体育文化发展有限公司,5242,体育培训,0.8736,0.95,否,,1,1,少儿体育培训,,体育培训,1.0,1.0,0.85,0.1111
宜宾市浪里乔氏娱乐俱乐部,8930,健身休闲,0.2125,0.85,否,,1,0,,健身休闲活动,,0.0,0.0,0.85,0.0
宜宾恒氧健身服务有限公司,8930,健身休闲,0.8736,0.95,否,,1,1,健身服务,,健身服务,1.0,1.0,0.85,0.1111
宜宾伟瀚体育文化传播有限公司,5142,体育用品,0.8736,0.95,否,,1,1,体育用品批发,,体育用品批发,1.0,1.0,0.85,0.1111
宜宾龙璟魔方健身有限公司,8930,健身休闲,0.2125,0.85,否,,1,0,,健身运动,,0.0,0.0,0.85,0.0
宜宾培健体育文化发展有限公司,5242,体育用品,0.8736,0.95,否,,1,1,体育器材零售,,体育器材,1.0,1.0,0.85,0.1111
宜宾攀达健身服务有限公司,8930,健身休闲,0.8736,0.95,否,,1,1,健身服务,,健身服务,1.0,1.0,0.85,0.1111
宜宾市戎冠体育文化发展有限公司,8911,体育赛事,0.8736,0.95,否,,1,1,体育竞赛组织,,体育竞赛,1.0,1.0,0.85,0.1111
宜宾西岸健身服务有限公司,8930,健身休闲,0.8736,0.95,否,,1,1,健身服务,,健身服务,1.0,1.0,0.85,0.1111
宜宾优珈健康管理有限责任公司,8930,健身休闲,0.8736,0.95,否,,1,1,健身服务,,健身服务,1.0,1.0,0.85,0.1111
宜宾一叶瑜伽健身有限公司,8930,健身休闲,0.8736,0.95,否,,1,1,瑜伽健身服务,,瑜伽; 健身服务,1.0,1.0,0.85,0.1111
四川优动体育发展有限责任公司,8930,健身休闲,0.8736,0.95,否,,1,1,健身服务,,健身服务,1.0,1.0,0.85,0.1111
宜宾昕孕健康管理有限责任公司,8930,健身休闲,0.2125,0.85,否,,1,0,,健身教育,,0.0,0.0,0.85,0.0
宜宾市叙州区车美健身有限责任公司,8930,健身休闲,0.8736,0.95,否,,1,1,健身服务,,健身服务,1.0,1.0,0.85,0.1111
宜宾山水体育发展有限公司,8911,体育赛事,0.8736,0.95,否,,1,1,组织体育竞赛,,体育竞赛,1.0,1.0,0.85,0.1111
宜宾市黑焰拓展训练有限公司,8911,体育赛事,0.8736,0.95,否,,1,1,体育竞赛组织,,体育竞赛,1.0,1.0,0.85,0.1111
宜宾柳泉体育文化传播有限公司,8392,体育培训,0.8736,0.95,否,,1,1,游泳培训,,游泳培训,1.0,1.0,0.85,0.1111
宜宾坤烁体育用品有限公司,5242,体育用品,0.8736,0.95,否,,1,1,体育用品零售,,体育用品零售,1.0,1.0,0.85,0.1111
宜宾佳荷网络科技有限公司,2449,体育用品,0.8736,0.95,否,,1,1,渔具加工,,渔具,1.0,1.0,0.85,0.1111
宜宾轻风体育文化传播有限公司,8392,体育用品,0.8736,0.95,否,,1,1,篮球技术培训,,篮球,1.0,1.0,0.85,0.1111
宜宾轻舟体育科技有限公司,8392,体育用品,0.8736,0.95,否,,1,1,篮球技术培训,,篮球,1.0,1.0,0.85,0.1111
宜宾市叙州区好脚步体育文化发展中心,8911,体育赛事,0.8736,0.95,否,,1,1,体育竞赛组织,,体育竞赛,1.0,1.0,0.85,0.1111
宜宾江鑫体育文化发展有限公司,9052,体育赛事,0.6611,0.9,是,纯跨界（行业代码非体育，文本有体育业务）,1,1,体育表演服务,,体育表演,1.0,1.0,0.0,0.1111
宜宾首冠服饰有限责任公司,1821,体育用品,0.2125,0.85,否,,1,0,,运动休闲针织服装制造,,0.0,0.0,0.85,0.0
江安县非凡体育用品有限公司,5242,体育用品,0.8736,0.95,否,,1,1,体育用品及器材零售,,体育用品,1.0,1.0,0.85,0.1111
宜宾健行体育发展有限公司,8392,体育培训,0.8736,0.95,否,,1,1,体校及体育培训,,体育培训,1.0,1.0,0.85,0.1111
江安四季体育发展有限公司,8930,健身休闲,0.2125,0.85,否,,1,0,,健身休闲活动,,0.0,0.0,0.85,0.0
宜宾跃达文化传播有限公司,8911,体育管理,0.2125,0.85,否,,1,0,,体育竞技,,0.0,0.0,0.85,0.0
四川予阳拓展训练有限公司,8930,健身休闲,0.2125,0.85,否,,1,0,,健身休闲活动,,0.0,0.0,0.85,0.0
江安县飞越体育发展有限公司,5142,体育用品,0.8736,0.95,否,,1,1,体育用品批发,,体育用品批发,1.0,1.0,0.85,0.1111
长宁县恒心体育俱乐部有限公司,8392,体育培训,0.8736,0.95,否,,1,1,少儿篮球培训,,篮球培训,1.0,1.0,0.85,0.1111
长宁县立志跆拳道有限公司,8392,体育培训,0.8736,0.95,否,,1,1,体校及体育培训,,体育培训,1.0,1.0,0.85,0.1111
宜宾市卓越星体育发展有限公司,8392,体育培训,0.2125,0.85,否,,1,0,,体育运动训练指导服务,,0.0,0.0,0.85,0.0
宜宾市均益复合材料有限公司,2442,体育用品,0.8736,0.95,否,,1,1,专项运动器材及配件制造,,运动器材,1.0,1.0,0.85,0.1111
四川汇玺渔具有限公司,2449,体育用品,0.2125,0.85,否,,1,0,,鱼竿制造,,0.0,0.0,0.85,0.0
四川德瑞克渔具有限公司,2449,体育用品,0.8736,0.95,否,,1,1,渔具生产,,渔具,1.0,1.0,0.85,0.1111
长宁县超越领跑体育发展有限公司,8392,体育培训,0.8736,0.95,否,,1,1,体校及体育培训,,体育培训,1.0,1.0,0.85,0.1111
四川翰硕体育文化发展有限公司,8911,体育赛事,0.8736,0.95,否,,1,1,体育竞赛组织,,体育竞赛,1.0,1.0,0.85,0.1111
宜宾市绣源商贸有限公司,5242,体育用品,0.8736,0.95,否,,1,1,体育用品零售,,体育用品零售,1.0,1.0,0.85,0.1111
高县益而高商贸有限公司,5242,体育用品,0.8736,0.95,否,,1,1,体育用品零售,,体育用品零售,1.0,1.0,0.85,0.1111
四川极速体联体育俱乐部有限责任公司,8930,健身休闲,0.2125,0.85,否,,1,0,,健身休闲活动,,0.0,0.0,0.85,0.0
宜宾市高县吉鹏体育用品有限责任公司,5142,体育用品,0.8736,0.95,否,,1,1,体育用品批发,,体育用品批发,1.0,1.0,0.85,0.1111
高县天启阳光健身管理有限公司,8930,健身休闲,0.2125,0.85,否,,1,0,,休闲健身管理服务,,0.0,0.0,0.85,0.0
高县阳之光健身服务有限公司,8930,健身休闲,0.8736,0.95,否,,1,1,健身服务,,健身服务,1.0,1.0,0.85,0.1111
高县爱悦动体育文化发展有限公司,8930,体育场馆,0.8736,0.95,否,,1,1,游泳馆服务,,游泳馆,1.0,1.0,0.85,0.1111
宜宾杉腾商贸有限公司,5142,体育用品,0.8736,0.95,否,,1,1,体育用品及器材批发,,体育用品,1.0,1.0,0.85,0.1111
高县翰笙拓展训练服务有限公司,8930,健身休闲,0.2125,0.85,否,,1,0,,健身行业服务,,0.0,0.0,0.85,0.0
珙县锦尚体育文化传播有限公司,9052,体育赛事,0.6611,0.9,是,纯跨界（行业代码非体育，文本有体育业务）,1,1,组织体育表演活动,,体育表演,1.0,1.0,0.0,0.1111
宜宾艾尚体育文化有限公司,8930,体育场馆,0.8847,0.95,否,,1,1,综合性体育场游泳运动,,体育场; 游泳,1.0,1.0,0.85,0.2222
珙县天和健身休闲俱乐部,8930,健身休闲,0.2125,0.85,否,,1,0,,健身娱乐,,0.0,0.0,0.85,0.0
四川宜宾麒任科技有限责任公司,5242,体育用品,0.8736,0.95,否,,1,1,体育用品及器材零售,,体育用品,1.0,1.0,0.85,0.1111
筠连县乐比体育发展有限公司,8911,体育赛事,0.8736,0.95,否,,1,1,体育竞赛组织,,体育竞赛,1.0,1.0,0.85,0.1111
四川东延文化传播有限公司,8911,体育管理,0.2125,0.85,否,,1,0,,体育项目服务,,0.0,0.0,0.85,0.0
筠连县筠武体育培训学校有限公司,8392,体育培训,0.8736,0.95,否,,1,1,体育培训,,体育培训,1.0,1.0,0.85,0.1111
宜宾鑫际建筑劳务有限公司,4892,体育场馆,0.8736,0.95,否,,1,1,体育场地设施施工,,体育场地设施,1.0,1.0,0.85,0.1111
筠连县趣哆文化传媒有限公司,8930,健身休闲,0.8736,0.95,否,,1,1,台球娱乐,,台球,1.0,1.0,0.85,0.1111
宜宾奥格体育有限公司,5242,体育用品,0.8736,0.95,否,,1,1,体育用品零售,,体育用品零售,1.0,1.0,0.85,0.1111
筠连县楠正商贸有限公司,5242,体育用品,0.6736,0.95,是,多元经营（体育+1条非体育业务）,2,1,体育用品及器材专门零售,文化,体育用品,0.5,1.0,0.85,0.1111
筠连县元筠贸易有限公司,5242,体育用品,0.8736,0.95,否,,1,1,体育用品零售,,体育用品零售,1.0,1.0,0.85,0.1111
轻体女性塑形馆（四川）健身有限公司,8930,健身休闲,0.2125,0.85,否,,1,0,,健身休闲活动,,0.0,0.0,0.85,0.0
四川兴文恒温游泳馆管理有限公司,8921,体育场馆,0.8736,0.95,否,,1,1,体育场馆管理,,体育场馆,1.0,1.0,0.85,0.1111
兴文巴斯光年体育培训学校有限责任公司,8392,体育培训,0.8736,0.95,否,,1,1,体育培训,,体育培训,1.0,1.0,0.85,0.1111
兴文县西部民族文化服务有限公司,1821,体育用品,0.2125,0.85,否,,1,0,,针织或钩针编织服装制造,,0.0,0.0,0.85,0.0
宜宾兴文劲龙体育文化用品有限公司,5242,体育用品,0.8736,0.95,否,,1,1,体育用品零售,,体育用品零售,1.0,1.0,0.85,0.1111
兴文县圆梦星耀体育培训学校有限公司,8392,体育培训,0.8736,0.95,否,,1,1,体育培训,,体育培训,1.0,1.0,0.85,0.1111
宜宾动乐体育文化发展有限公司,8930,健身休闲,0.2125,0.85,否,,1,0,,健身休闲服务,,0.0,0.0,0.85,0.0
宜宾人众仁户外运动有限责任公司,8392,体育培训,0.8736,0.95,否,,1,1,运动培训,,运动培训,1.0,1.0,0.85,0.1111
兴文县捷众国际象棋俱乐部有限责任公司,8930,健身休闲,0.2125,0.85,否,,1,0,,棋牌娱乐服务,,0.0,0.0,0.85,0.0
宜宾僰城拓展训练有限公司,8930,健身休闲,0.2125,0.85,否,,1,0,,拓展训练,,0.0,0.0,0.85,0.0
兴文全域旅游综合服务有限责任公司,8911,体育培训,0.8736,0.95,否,,1,1,体育培训活动服务,,体育培训,1.0,1.0,0.85,0.1111
兴文县建缘高星文化传播有限公司,8930,健身休闲,0.2125,0.85,否,,1,0,,茶坊及棋牌娱乐,,0.0,0.0,0.85,0.0
兴文县领峰体育发展有限责任公司,8911,体育赛事,0.8736,0.95,否,,1,1,体育竞赛组织,,体育竞赛,1.0,1.0,0.85,0.1111
宜宾逐梦者童娱科技有限公司,8912,体育管理,0.2125,0.85,否,,1,0,,游艺娱乐活动,,0.0,0.0,0.85,0.0
兴文县蓝鲸体育发展有限公司,8392,体育培训,0.8736,0.95,否,,1,1,游泳培训,,游泳培训,1.0,1.0,0.85,0.1111
宜宾猎人户外拓展有限公司,8930,健身休闲,0.8736,0.95,否,,1,1,户外拓展活动服务,,户外拓展,1.0,1.0,0.85,0.1111
四川僰王古道体育文化传播有限公司,9052,体育赛事,0.6611,0.9,是,纯跨界（行业代码非体育，文本有体育业务）,1,1,体育赛事策划,,赛事策划,1.0,1.0,0.0,0.1111
兴文励奥足球俱乐部,8930,健身休闲,0.2125,0.85,否,,1,0,,健身休闲活动,,0.0,0.0,0.85,0.0
兴文县晏兴休闲健身有限责任公司,8930,健身休闲,0.2125,0.85,否,,1,0,,健身休闲,,0.0,0.0,0.85,0.0
兴文县莲盛制衣有限公司,1821,体育用品,0.2125,0.85,否,,1,0,,机制服装制造,,0.0,0.0,0.85,0.0
四川帝航商贸有限公司,5142,体育用品,0.8736,0.95,否,,1,1,体育用品及器材批发,,体育用品,1.0,1.0,0.85,0.1111
屏山县富龙休闲娱乐有限责任公司,8930,健身休闲,0.2125,0.85,否,,1,0,,健身休闲活动棋牌室服务,,0.0,0.0,0.85,0.0
领航者体育文化传播（宜宾）有限公司,8930,健身休闲,0.2125,0.85,否,,1,0,,健身休闲活动,,0.0,0.0,0.85,0.0
宜宾市引力新材料有限公司,4892,体育场馆,0.8736,0.95,否,,1,1,体育场地设施工程施工,,体育场地设施,1.0,1.0,0.85,0.1111
屏山思迈健身管理有限公司,8930,健身休闲,0.2125,0.85,否,,1,0,,健身休闲活动,,0.0,0.0,0.85,0.0
屏山县德武武术培训有限责任公司,8392,体育培训,0.8736,0.95,否,,1,1,体校及体育培训,,体育培训,1.0,1.0,0.85,0.1111
四川乔氏体育用品有限公司,5242,体育用品,0.8736,0.95,否,,1,1,体育用品及器材零售,,体育用品,1.0,1.0,0.85,0.1111
四川圣骏体育设施有限公司,5142,体育用品,0.8736,0.95,否,,1,1,体育用品批发,,体育用品批发,1.0,1.0,0.85,0.1111
屏山无限体育俱乐部有限公司,8921,体育场馆,0.8736,0.95,否,,1,1,体育场地设施经营,,体育场地设施,1.0,1.0,0.85,0.1111
屏山县白鲨体育文化培训中心,8392,体育培训,0.8736,0.95,否,,1,1,体校及体育培训,,体育培训,1.0,1.0,0.85,0.1111
屏山县宬瀚教育科技有限公司,5242,体育用品,0.8736,0.95,否,,1,1,体育用品及器材零售,,体育用品,1.0,1.0,0.85,0.1111
宜宾屏山县星城物业服务有限公司,8929,体育场馆,0.8736,0.95,否,,1,1,其他体育场地设施管理,,体育场地设施,1.0,1.0,0.85,0.1111
宜宾战魂拓展培训有限公司,8930,健身休闲,0.2125,0.85,否,,1,0,,休闲健身活动,,0.0,0.0,0.85,0.0
广安市山地拓展服务有限公司,8930,健身休闲,0.8736,0.95,否,,1,1,户外拓展服务,,户外拓展,1.0,1.0,0.85,0.1111
广安市鑫海球业有限公司,5242,体育用品,0.8736,0.95,否,,1,1,零售篮球,,篮球,1.0,1.0,0.85,0.1111
广安聚风体育文化发展有限公司,5142,体育用品,0.8736,0.95,否,,1,1,体育器材批发,,体育器材,1.0,1.0,0.85,0.1111
广安晓林体育文化发展有限公司,8911,体育赛事,0.8736,0.95,否,,1,1,组织体育竞赛,,体育竞赛,1.0,1.0,0.85,0.1111
广安星睿体育文化发展有限公司,8911,体育赛事,0.8736,0.95,否,,1,1,体育竞赛组织,,体育竞赛,1.0,1.0,0.85,0.1111
四川酷飞健康科技有限公司,5242,体育用品,0.8736,0.95,否,,1,1,健身器材零售及安装,,健身器材,1.0,1.0,0.85,0.1111
广安市广安区东方星艺术培训学校有限公司,8392,体育培训,0.8736,0.95,否,,1,1,舞蹈体育培训,,体育培训,1.0,1.0,0.85,0.1111
广安友一体育俱乐部有限公司,8911,体育赛事,0.8736,0.95,否,,1,1,体育竞赛,,体育竞赛,1.0,1.0,0.85,0.1111
广安竞辉体育服务有限公司,5242,体育用品,0.8736,0.95,否,,1,1,体育用品及器材零售,,体育用品,1.0,1.0,0.85,0.1111
广安市白伟商贸有限公司,5242,体育用品,0.8736,0.95,否,,1,1,体育用品零售,,体育用品零售,1.0,1.0,0.85,0.1111
四川腾跃亿博商贸有限公司,5242,体育场馆,0.8736,0.95,否,,1,1,体育设施零售,,体育设施,1.0,1.0,0.85,0.1111
广安嘉展文化传媒有限公司,8911,体育管理,0.2125,0.85,否,,1,0,,体育和娱乐业,,0.0,0.0,0.85,0.0
广安爱健之光健身服务有限公司,8930,健身休闲,0.2125,0.85,否,,1,0,,健身休闲服务,,0.0,0.0,0.85,0.0
广安市中天奥力健身管理有限公司,8930,健身休闲,0.2125,0.85,否,,1,0,,保健服务,,0.0,0.0,0.85,0.0
四川众力虹商贸有限公司,5242,体育用品,0.8736,0.95,否,,1,1,体育用品及器材零售,,体育用品,1.0,1.0,0.85,0.1111
四川浩济燊健康产业有限公司,5242,体育用品,0.8736,0.95,否,,1,1,健身器材零售,,健身器材,1.0,1.0,0.85,0.1111
广安市旭日体育场地设施工程有限责任公司,4892,体育场馆,0.8736,0.95,否,,1,1,旭日体育场地设施工程,,体育场地设施,1.0,1.0,0.85,0.1111
广安兰迪歌城,8911,体育管理,0.2125,0.85,否,,1,0,,歌舞厅娱乐活动,,0.0,0.0,0.85,0.0
广安文芝商贸有限责任公司,5242,体育用品,0.8736,0.95,否,,1,1,文化体育用品零售,,体育用品零售,1.0,1.0,0.85,0.1111
四川星动华蒙星体育发展有限公司,8911,体育赛事,0.8736,0.95,否,,1,1,体育赛事策划,,赛事策划,1.0,1.0,0.85,0.1111
广安市众运篮博体育文化发展有限公司,8911,体育赛事,0.8736,0.95,否,,1,1,体育竞赛组织,,体育竞赛,1.0,1.0,0.85,0.1111
广安市博冠体育文化有限责任公司,5242,体育用品,0.8736,0.95,否,,1,1,体育器材零售,,体育器材,1.0,1.0,0.85,0.1111
广安飞扬体育文化传播有限公司,7122,体育用品,0.6611,0.9,是,纯跨界（行业代码非体育，文本有体育业务）,1,1,体育用品出租,,体育用品,1.0,1.0,0.0,0.1111
广安爱健之星健身服务有限公司,8930,健身休闲,0.2125,0.85,否,,1,0,,健身休闲活动,,0.0,0.0,0.85,0.0
广安超越健身管理有限公司,8930,健身休闲,0.2125,0.85,否,,1,0,,健身休闲娱乐,,0.0,0.0,0.85,0.0
四川欧华盛家具有限公司,5142,体育用品,0.8736,0.95,否,,1,1,体育用品及器材批发,,体育用品,1.0,1.0,0.85,0.1111
广安市泳乐体育发展有限公司,8919,健身休闲,0.8736,0.95,否,,1,1,未成年人游泳,,游泳,1.0,1.0,0.85,0.1111
广安顺元诗体育设施有限公司,5242,体育场馆,0.8736,0.95,否,,1,1,体育设施零售,,体育设施,1.0,1.0,0.85,0.1111
广安市广安区鑫龙体育培训学校有限公司,8930,健身休闲,0.8736,0.95,否,,1,1,健身服务,,健身服务,1.0,1.0,0.85,0.1111
广安市奇乐熊娱乐有限公司,8912,体育管理,0.2125,0.85,否,,1,0,,游艺娱乐活动,,0.0,0.0,0.85,0.0
四川魔鞋部落教育咨询有限公司,8392,体育培训,0.2125,0.85,否,,1,0,,户外培训,,0.0,0.0,0.85,0.0
广安鑫柏利商贸有限公司,5242,体育用品,0.8736,0.95,否,,1,1,文化体育用品零售,,体育用品零售,1.0,1.0,0.85,0.1111
广安金泰印象健身有限公司,8930,健身休闲,0.2125,0.85,否,,1,0,,健康服务,,0.0,0.0,0.85,0.0
广安博德商贸有限公司,5242,体育用品,0.8736,0.95,否,,1,1,健身器材零售,,健身器材,1.0,1.0,0.85,0.1111
广安伟华体育用品有限公司,5142,体育用品,0.8736,0.95,否,,1,1,体育用品及器材批发,,体育用品,1.0,1.0,0.85,0.1111
四川臻慧美健身服务有限公司,8992,健身休闲,0.6611,0.9,是,纯跨界（行业代码非体育，文本有体育业务）,1,1,健身服务,,健身服务,1.0,1.0,0.0,0.1111
广安巨浪恒温游泳俱乐部有限公司,8930,健身休闲,0.2125,0.85,否,,1,0,,健身休闲活动,,0.0,0.0,0.85,0.0
广安梓安体育场馆管理有限公司,5242,体育用品,0.8736,0.95,否,,1,1,体育器材零售,,体育器材,1.0,1.0,0.85,0.1111
广安市广安区沁悦美美健身服务有限公司,8930,健身休闲,0.2125,0.85,否,,1,0,,健身休闲活动,,0.0,0.0,0.85,0.0
广安劲道体育用品有限公司,5142,体育用品,0.8736,0.95,否,,1,1,体育用品及器材零售,,体育用品,1.0,1.0,0.85,0.1111
广安市骏捷商贸有限公司,5242,体育用品,0.8736,0.95,否,,1,1,体育器材零售,,体育器材,1.0,1.0,0.85,0.1111
广安市天裕户外用品有限公司,2449,体育用品,0.8736,0.95,否,,1,1,体育用品制造,,体育用品制造,1.0,1.0,0.85,0.1111
四川兄弟体育发展有限公司,5242,体育用品,0.8736,0.95,否,,1,1,体育用品零售,,体育用品零售,1.0,1.0,0.85,0.1111
广安市在路上户外拓展有限公司,5242,体育用品,0.2125,0.85,否,,1,0,,户外用品零售,,0.0,0.0,0.85,0.0
广安市龙猫服饰有限公司,1811,体育用品,0.6611,0.9,是,纯跨界（行业代码非体育，文本有体育业务）,1,1,生产运动服装,,运动服装,1.0,1.0,0.0,0.1111
广安市鸿美嘉服饰有限公司,1821,体育用品,0.2125,0.85,否,,1,0,,生产运动服,,0.0,0.0,0.85,0.0
四川省欣辰服饰有限公司,1821,体育用品,0.2125,0.85,否,,1,0,,服装制造,,0.0,0.0,0.85,0.0
四川鹤盛服饰有限公司,1821,体育用品,0.2125,0.85,否,,1,0,,运动休闲针织服装制造,,0.0,0.0,0.85,0.0
四川俊乔针织服装有限公司,1821,体育用品,0.2125,0.85,否,,1,0,,运动休闲针织服装制造,,0.0,0.0,0.85,0.0
广安市星予体育文化发展有限公司,8921,体育用品,0.8736,0.95,否,,1,1,篮球管运营,,篮球,1.0,1.0,0.85,0.1111
广安市精锐拓展训练有限公司,8930,健身休闲,0.2125,0.85,否,,1,0,,健身休闲活动,,0.0,0.0,0.85,0.0
广安前锋缘奥游泳馆管理有限责任公司,8921,体育场馆,0.8736,0.95,否,,1,1,体育场馆管理,,体育场馆,1.0,1.0,0.85,0.1111
四川锐变拓展训练有限公司,8930,健身休闲,0.2125,0.85,否,,1,0,,健身休闲活动,,0.0,0.0,0.85,0.0
广安九号文化娱乐有限公司,8930,健身休闲,0.2125,0.85,否,,1,0,,健身休闲活动,,0.0,0.0,0.85,0.0
岳池星家游乐有限责任公司,8919,体育管理,0.2125,0.85,否,,1,0,,体育和娱乐业,,0.0,0.0,0.85,0.0
岳池帝恩健身服务有限公司,8930,健身休闲,0.2125,0.85,否,,1,0,,健身休闲活动,,0.0,0.0,0.85,0.0
岳池县沁悦美健身有限公司,8930,健身休闲,0.2125,0.85,否,,1,0,,健身休闲活动,,0.0,0.0,0.85,0.0
岳池精武体育培训学校有限公司,8392,健身休闲,0.8736,0.95,否,,1,1,跆拳道教学,,跆拳道,1.0,1.0,0.85,0.1111
四川省岳池县米娜喵商贸有限责任公司,5142,体育用品,0.8736,0.95,否,,1,1,体育用品及器材批发,,体育用品,1.0,1.0,0.85,0.1111
四川诚优体育文化有限公司,9052,体育赛事,0.6611,0.9,是,纯跨界（行业代码非体育，文本有体育业务）,1,1,体育赛事策划,,赛事策划,1.0,1.0,0.0,0.1111
广安市致远户外拓展有限公司,8930,健身休闲,0.8736,0.95,否,,1,1,室外休闲健身服务,,健身服务,1.0,1.0,0.85,0.1111
广安川山甲户外拓展有限公司,8930,健身休闲,0.2125,0.85,否,,1,0,,拓展训练,,0.0,0.0,0.85,0.0
四川掌控者体育文化发展有限公司,8392,体育培训,0.8736,0.95,否,,1,1,篮球培训,,篮球培训,1.0,1.0,0.85,0.1111
四川省承清拓展训练有限公司,8930,健身休闲,0.2125,0.85,否,,1,0,,健身休闲活动,,0.0,0.0,0.85,0.0
四川蜕变体育文化发展有限公司,8911,体育赛事,0.8736,0.95,否,,1,1,体育竞赛组织,,体育竞赛,1.0,1.0,0.85,0.1111
岳池竞辉体育文化发展有限公司,8930,健身休闲,0.2125,0.85,否,,1,0,,健身休闲活动,,0.0,0.0,0.85,0.0
四川省世奥体育设施有限公司,2449,体育用品,0.8736,0.95,否,,1,1,体育用品制造,,体育用品制造,1.0,1.0,0.85,0.1111
四川漫馨文化传播有限责任公司,9052,健身休闲,0.6611,0.9,是,纯跨界（行业代码非体育，文本有体育业务）,1,1,健身服务,,健身服务,1.0,1.0,0.0,0.1111
广安博达拓展训练有限公司,8930,健身休闲,0.2125,0.85,否,,1,0,,健身休闲活动,,0.0,0.0,0.85,0.0
岳池弘强体育文化发展有限公司,8930,健身休闲,0.2125,0.85,否,,1,0,,健身休闲活动,,0.0,0.0,0.85,0.0
武胜县先均休闲健身有限公司,8930,健身休闲,0.2125,0.85,否,,1,0,,健身休闲活动,,0.0,0.0,0.85,0.0
广安武体体育场馆管理有限公司,8921,体育场馆,0.8736,0.95,否,,1,1,体育场馆管理,,体育场馆,1.0,1.0,0.85,0.1111
武胜曼巴体育文化发展有限公司,9052,体育赛事,0.6611,0.9,是,纯跨界（行业代码非体育，文本有体育业务）,1,1,体育表演,,体育表演,1.0,1.0,0.0,0.1111
四川新鸿图蔚蓝体育文化发展有限公司,8911,体育赛事,0.8736,0.95,否,,1,1,组织体育赛事,,体育赛事,1.0,1.0,0.85,0.1111
广安猎鹰拓展训练有限公司,8911,体育管理,0.2125,0.85,否,,1,0,,体育健身,,0.0,0.0,0.85,0.0
广安秉昊商贸有限公司,5242,体育用品,0.8736,0.95,否,,1,1,零售体育用品,,体育用品,1.0,1.0,0.85,0.1111
武胜县必和必拓贸易有限公司,5142,体育场馆,0.8736,0.95,否,,1,1,体育设施批发,,体育设施,1.0,1.0,0.85,0.1111
武胜小飞人体育文化传播有限公司,8911,体育管理,0.8736,0.95,否,,1,1,体育管理,,体育管理,1.0,1.0,0.85,0.1111
武胜零度健身服务有限公司,8930,健身休闲,0.8736,0.95,否,,1,1,健身房服务,,健身房,1.0,1.0,0.85,0.1111
广安铭阳体育咨询有限公司,7246,体育管理,0.6611,0.9,是,纯跨界（行业代码非体育，文本有体育业务）,1,1,体育咨询,,体育咨询,1.0,1.0,0.0,0.1111
武胜八号篮球俱乐部有限公司,5242,体育用品,0.2125,0.85,否,,1,0,,户外用品零售,,0.0,0.0,0.85,0.0
武胜县芸姐休闲健身有限公司,8930,健身休闲,0.8736,0.95,否,,1,1,健身服务,,健身服务,1.0,1.0,0.85,0.1111
四川雷鹰拓展训练有限公司,8930,健身休闲,0.2125,0.85,否,,1,0,,健身休闲活动,,0.0,0.0,0.85,0.0
武胜县李吉强渔具有限公司,5242,体育用品,0.8736,0.95,否,,1,1,渔具零售,,渔具,1.0,1.0,0.85,0.1111
广安君子好逑娱乐有限公司,8930,健身休闲,0.2125,0.85,否,,1,0,,健身休闲活动,,0.0,0.0,0.85,0.0
武胜超会玩户外拓展有限公司,8930,健身休闲,0.2125,0.85,否,,1,0,,健身休闲活动,,0.0,0.0,0.85,0.0
广安市迈尚健身服务有限公司,8930,健身休闲,0.2125,0.85,否,,1,0,,健身,,0.0,0.0,0.85,0.0
四川省拾叁号体育文化发展有限责任公司,8930,健身休闲,0.2125,0.85,否,,1,0,,健身休闲活动,,0.0,0.0,0.85,0.0
邻水县飞炫跆拳道培训学校有限公司,8392,体育培训,0.8736,0.95,否,,1,1,跆拳道培训,,跆拳道培训,1.0,1.0,0.85,0.1111
邻水县英之杰跆拳道培训学校有限责任公司,8392,体育培训,0.8736,0.95,否,,1,1,跆拳道培训,,跆拳道培训,1.0,1.0,0.85,0.1111
广安启航篮球俱乐部有限公司,8392,体育培训,0.2125,0.85,否,,1,0,,教育咨询服务,,0.0,0.0,0.85,0.0
广安邻水县张教官户外拓展有限责任公司,8930,健身休闲,0.8736,0.95,否,,1,1,户外拓展服务,,户外拓展,1.0,1.0,0.85,0.1111
邻水县星源篮球俱乐部有限责任公司,8930,健身休闲,0.2125,0.85,否,,1,0,,健身娱乐,,0.0,0.0,0.85,0.0
广安市心光体育有限公司,8930,健身休闲,0.2125,0.85,否,,1,0,,休闲健身活动,,0.0,0.0,0.85,0.0
邻水县盛夏商贸有限公司,5242,体育用品,0.2125,0.85,否,,1,0,,体育用具零售,,0.0,0.0,0.85,0.0
邻水县天狼健身服务有限公司,8930,健身休闲,0.8736,0.95,否,,1,1,健身服务,,健身服务,1.0,1.0,0.85,0.1111
四川思达体育发展有限公司,8392,体育培训,0.8736,0.95,否,,1,1,游泳培训,,游泳培训,1.0,1.0,0.85,0.1111
四川瑜徒文化发展有限公司,2449,体育用品,0.8736,0.95,否,,1,1,体育用品制造,,体育用品制造,1.0,1.0,0.85,0.1111
广安蓝鲸体育文化发展有限责任公司,8930,健身休闲,0.8736,0.95,否,,1,1,游泳健身训练,,游泳,1.0,1.0,0.85,0.1111
邻水县飞鲨恒温游泳俱乐部,8930,健身休闲,0.8736,0.95,否,,1,1,游泳服务,,游泳,1.0,1.0,0.85,0.1111
邻水县壹鸣体育文化发展有限公司,8919,体育管理,0.8736,0.95,否,,1,1,其他体育组织,,体育组织,1.0,1.0,0.85,0.1111
邻水县柑子镇巾帼健身队,8930,健身休闲,0.8736,0.95,否,,1,1,健身服务,,健身服务,1.0,1.0,0.85,0.1111
邻水县圆梦文化传播有限公司,8912,体育管理,0.2125,0.85,否,,1,0,,中小学教育培训,,0.0,0.0,0.85,0.0
邻水县起远行艺术培训学校有限公司,8392,体育培训,0.2125,0.85,否,,1,0,,体育类培训,,0.0,0.0,0.85,0.0
邻水县毅力博跆拳道培训学校有限责任公司,8392,健身休闲,0.8736,0.95,否,,1,1,教授跆拳道,,跆拳道,1.0,1.0,0.85,0.1111
邻水县文琼金鑫办公体育用品经营部,5242,体育用品,0.8736,0.95,否,,1,1,办公用品体育用品零售,,体育用品零售,1.0,1.0,0.85,0.1111
四川伊途户外用品有限公司,5242,体育用品,0.2125,0.85,否,,1,0,,户外用品零售,,0.0,0.0,0.85,0.0
广安途悦体育文化发展有限公司,8919,体育管理,0.2125,0.85,否,,1,0,,其他体育运动,,0.0,0.0,0.85,0.0
广安零贰零健身有限公司,8930,健身休闲,0.2125,0.85,否,,1,0,,零贰零健身,,0.0,0.0,0.85,0.0
广安领域探索者户外拓展有限公司,9052,健身休闲,0.6611,0.9,是,纯跨界（行业代码非体育，文本有体育业务）,1,1,户外运动策划服务,,户外运动,1.0,1.0,0.0,0.1111
广安伟林体育文化发展有限公司,8921,体育场馆,0.8736,0.95,否,,1,1,体育场地设施管理服务,,体育场地设施,1.0,1.0,0.85,0.1111
广安市浩宇泰商贸有限公司,5242,体育用品,0.8736,0.95,否,,1,1,体育器材零售,,体育器材,1.0,1.0,0.85,0.1111
广安壮志户外拓展有限公司,8930,健身休闲,0.2125,0.85,否,,1,0,,健身休闲活动,,0.0,0.0,0.85,0.0
华蓥萤火虫拓展训练有限公司,8930,健身休闲,0.2125,0.85,否,,1,0,,拓展训练,,0.0,0.0,0.85,0.0
华蓥市腾晖体育经纪有限公司,5242,体育用品,0.8736,0.95,否,,1,1,体育用品零售,,体育用品零售,1.0,1.0,0.85,0.1111
四川缘勇体育俱乐部有限责任公司,8919,体育管理,0.8736,0.95,否,,1,1,体育组织,,体育组织,1.0,1.0,0.85,0.1111
华蓥市炫武跆拳道培训学校有限公司,8392,体育培训,0.2125,0.85,否,,1,0,,体育类培训,,0.0,0.0,0.85,0.0
华蓥市星悦武术培训学校有限公司,8392,体育培训,0.8736,0.95,否,,1,1,跆拳道培训,,跆拳道培训,1.0,1.0,0.85,0.1111
四川朝辉体育文化有限责任公司,8930,健身休闲,0.2125,0.85,否,,1,0,,健身运动,,0.0,0.0,0.85,0.0
四川彼斐特健身有限公司,8930,健身休闲,0.2125,0.85,否,,1,0,,健身休闲活动组织,,0.0,0.0,0.85,0.0
广安市缘武体育发展有限责任公司,8919,体育管理,0.2125,0.85,否,,1,0,,体育娱乐,,0.0,0.0,0.85,0.0
华蓥市十八湾越野赛车俱乐部有限责任公司,8911,体育管理,0.2125,0.85,否,,1,0,,赛车场服务,,0.0,0.0,0.85,0.0
华蓥市泥山寨拓展培训有限公司,8930,健身休闲,0.2125,0.85,否,,1,0,,拓展训练,,0.0,0.0,0.85,0.0
达州市添晟户外运动有限公司,8930,健身休闲,0.2125,0.85,否,,1,0,,拓展活动,,0.0,0.0,0.85,0.0
达州市新达商体育文化发展有限公司,8911,体育赛事,0.8736,0.95,否,,1,1,体育赛事策划,,赛事策划,1.0,1.0,0.85,0.1111
四川义晨体育文化发展有限公司,7246,体育赛事,0.6611,0.9,是,纯跨界（行业代码非体育，文本有体育业务）,1,1,体育赛事策划,,赛事策划,1.0,1.0,0.0,0.1111
达州铭翔拓展训练有限公司,8930,健身休闲,0.2125,0.85,否,,1,0,,拓展训练,,0.0,0.0,0.85,0.0
达州市一木瑜伽有限公司,9052,体育管理,0.6611,0.9,是,纯跨界（行业代码非体育，文本有体育业务）,1,1,体育服务,,体育服务,1.0,1.0,0.0,0.1111
达州健匠乒乓球俱乐部中心,8392,体育培训,0.8736,0.95,否,,1,1,体育培训,,体育培训,1.0,1.0,0.85,0.1111
达州市杨逍休闲健身服务中心,8930,健身休闲,0.2125,0.85,否,,1,0,,健身休闲活动,,0.0,0.0,0.85,0.0
达州市通川区小果健身服务有限公司,8930,健身休闲,0.8736,0.95,否,,1,1,健身服务,,健身服务,1.0,1.0,0.85,0.1111
达州市小勇士体育俱乐部有限公司,8911,体育赛事,0.8736,0.95,否,,1,1,体育竞赛组织,,体育竞赛,1.0,1.0,0.85,0.1111
四川高远体育发展有限公司,8911,体育赛事,0.8736,0.95,否,,1,1,体育竞赛,,体育竞赛,1.0,1.0,0.85,0.1111
达州市卓达体育文化发展有限责任公司,8919,体育赛事,0.8736,0.95,否,,1,1,体育竞赛组织,,体育竞赛,1.0,1.0,0.85,0.1111
达州市通川区卓跃体育培训学校有限公司,8392,体育培训,0.8736,0.95,否,,1,1,体育培训,,体育培训,1.0,1.0,0.85,0.1111
达州活力羽毛球俱乐部,8911,体育赛事,0.8736,0.95,否,,1,1,体育竞赛组,,体育竞赛,1.0,1.0,0.85,0.1111
达州市炳辉商贸有限公司,5242,体育用品,0.8736,0.95,否,,1,1,体育用品零售,,体育用品零售,1.0,1.0,0.85,0.1111
达州市九州健身有限公司,8930,健身休闲,0.2125,0.85,否,,1,0,,健身休闲活动,,0.0,0.0,0.85,0.0
达州市芒腾体育文化发展有限公司,8911,体育赛事,0.8736,0.95,否,,1,1,体育竞赛组织,,体育竞赛,1.0,1.0,0.85,0.1111
达州市泳乐体育场馆管理有限公司,8921,体育场馆,0.8736,0.95,否,,1,1,体育场馆管理,,体育场馆,1.0,1.0,0.85,0.1111
达州市动武岚健身有限责任公司,8930,健身休闲,0.8736,0.95,否,,1,1,休闲健身服务,,健身服务,1.0,1.0,0.85,0.1111
达州辛巴户外运动有限公司,8930,健身休闲,0.8736,0.95,否,,1,1,户外运动服务,,户外运动,1.0,1.0,0.85,0.1111
四川向锦大拇指文旅有限公司,8930,健身休闲,0.2125,0.85,否,,1,0,,拓展训练,,0.0,0.0,0.85,0.0
达州市恒武教育文化传播有限公司,8392,体育培训,0.8736,0.95,否,,1,1,跆拳道培训,,跆拳道培训,1.0,1.0,0.85,0.1111
达州兰郡健身服务有限公司,8930,健身休闲,0.8736,0.95,否,,1,1,健身服务,,健身服务,1.0,1.0,0.85,0.1111
达州市沛文体育赛事策划工作室,8911,体育赛事,0.8736,0.95,否,,1,1,体育赛事策划,,赛事策划,1.0,1.0,0.85,0.1111
达州市乘风胜贸易有限公司,5242,体育用品,0.8736,0.95,否,,1,1,体育用品服务,,体育用品,1.0,1.0,0.85,0.1111
达州市叁零伍体育文化发展有限公司,8911,体育赛事,0.8736,0.95,否,,1,1,体育赛事策划,,赛事策划,1.0,1.0,0.85,0.1111
达州市探路者体育培训有限公司,8392,体育培训,0.8736,0.95,否,,1,1,体育培训,,体育培训,1.0,1.0,0.85,0.1111
达州市蜀哲户外拓展有限责任公司,8392,体育培训,0.2125,0.85,否,,1,0,,户外用品服务,,0.0,0.0,0.85,0.0
达州市通川区精武跆拳道培训学校有限公司,8930,健身休闲,0.8736,0.95,否,,1,1,休闲健身服务,,健身服务,1.0,1.0,0.85,0.1111
达州市恒丰动岚健身有限责任公司,8930,健身休闲,0.8736,0.95,否,,1,1,室内休闲健身服务,,健身服务,1.0,1.0,0.85,0.1111
达州市行者户外拓展有限公司,5142,体育用品,0.2125,0.85,否,,1,0,,户外用品批发,,0.0,0.0,0.85,0.0
达州元辰商贸有限公司,5242,体育用品,0.8736,0.95,否,,1,1,体育用品零售,,体育用品零售,1.0,1.0,0.85,0.1111
达州市启晨健身服务有限公司,8930,健身休闲,0.2125,0.85,否,,1,0,,健身休闲活动,,0.0,0.0,0.85,0.0
达州恒康体育用品有限公司,5242,体育用品,0.8736,0.95,否,,1,1,健身器材零售,,健身器材,1.0,1.0,0.85,0.1111
达州欣荣志成商贸有限公司,5142,体育用品,0.8736,0.95,否,,1,1,体育用品批发,,体育用品批发,1.0,1.0,0.85,0.1111
达州市蔚来世界健身服务有限公司,8930,健身休闲,0.8736,0.95,否,,1,1,室内健身服务,,健身服务,1.0,1.0,0.85,0.1111
四川省起跑线体育赛事策划有限公司,8911,体育赛事,0.8736,0.95,否,,1,1,体育赛事策划,,赛事策划,1.0,1.0,0.85,0.1111
成都今致体育用品有限公司,5242,体育用品,0.8736,0.95,否,,1,1,体育用品零售,,体育用品零售,1.0,1.0,0.85,0.1111
四川省菲仕特健身服务有限责任公司,8930,健身休闲,0.2125,0.85,否,,1,0,,健身休闲活动,,0.0,0.0,0.85,0.0
达州市暴风体育发展有限公司,8392,体育培训,0.8736,0.95,否,,1,1,篮球培训,,篮球培训,1.0,1.0,0.85,0.1111
达州市伯明顿体育用品有限公司,5242,体育用品,0.8736,0.95,否,,1,1,体育用品及器材零售,,体育用品,1.0,1.0,0.85,0.1111
达州市晨宇欣商贸有限公司,5242,体育用品,0.8736,0.95,否,,1,1,体育器材零售,,体育器材,1.0,1.0,0.85,0.1111
达州市三味体育用品有限公司,5242,体育用品,0.8736,0.95,否,,1,1,文化体育用品,,体育用品,1.0,1.0,0.85,0.1111
达州市锐克斯体育用品有限公司,5142,体育用品,0.8736,0.95,否,,1,1,体育用品及器材批发,,体育用品,1.0,1.0,0.85,0.1111
达州市通川区领航动岚健身有限公司,5242,体育用品,0.8736,0.95,否,,1,1,体育用品及器材零售,,体育用品,1.0,1.0,0.85,0.1111
达州市训金体育用品有限公司,5142,体育用品,0.8736,0.95,否,,1,1,体育用品批发,,体育用品批发,1.0,1.0,0.85,0.1111
达州市幸运星体育用品有限公司,5242,体育用品,0.8736,0.95,否,,1,1,零售体育用品,,体育用品,1.0,1.0,0.85,0.1111
达州市巴山体育发展集团有限公司,8911,体育赛事,0.8736,0.95,否,,1,1,体育赛事组织,,体育赛事,1.0,1.0,0.85,0.1111
达州市巨浪体育场馆管理有限公司,8929,体育场馆,0.8736,0.95,否,,1,1,体育场地实施经营,,体育场地,1.0,1.0,0.85,0.1111
达州市兴辰体育场馆管理有限公司,8921,体育场馆,0.8736,0.95,否,,1,1,体育场馆管理服务,,体育场馆,1.0,1.0,0.85,0.1111
达州市祺允乒乓球俱乐部,8930,体育用品,0.8736,0.95,否,,1,1,乒乓球运动,,乒乓球,1.0,1.0,0.85,0.1111
四川佰雄科技发展有限公司,5142,体育用品,0.8736,0.95,否,,1,1,户外装备,,户外装备,1.0,1.0,0.85,0.1111
达州市盛彩商贸有限公司,5242,体育用品,0.8736,0.95,否,,1,1,体育用品,,体育用品,1.0,1.0,0.85,0.1111
四川华彩人生拓展训练有限公司,8930,健身休闲,0.2125,0.85,否,,1,0,,健身休闲,,0.0,0.0,0.85,0.0
达州市博临贸易有限公司,5242,体育用品,0.8736,0.95,否,,1,1,体育器材零售,,体育器材,1.0,1.0,0.85,0.1111
达州市奥兰文化传播有限公司,8930,健身休闲,0.2125,0.85,否,,1,0,,健身休闲服务,,0.0,0.0,0.85,0.0
四川柒乐健身有限责任公司,8930,健身休闲,0.2125,0.85,否,,1,0,,健身休闲活动,,0.0,0.0,0.85,0.0
达州市双木林文化传媒有限公司,5242,体育用品,0.6736,0.95,是,多元经营（体育+1条非体育业务）,2,1,体育用品,及器材,体育用品,0.5,1.0,0.85,0.1111
达州征途体育用品有限公司,8921,体育场馆,0.8736,0.95,否,,1,1,体育场所,,体育场,1.0,1.0,0.85,0.1111
达州市智祥天贸易有限公司,5142,体育用品,0.8736,0.95,否,,1,1,体育器材,,体育器材,1.0,1.0,0.85,0.1111
达州零度健身有限责任公司,8930,健身休闲,0.2125,0.85,否,,1,0,,健身休闲活动,,0.0,0.0,0.85,0.0
达州市星汉体育发展有限公司,8911,体育赛事,0.8736,0.95,否,,1,1,体育竞赛组织,,体育竞赛,1.0,1.0,0.85,0.1111
四川宏飞体育管理有限公司,8921,体育场馆,0.8736,0.95,否,,1,1,体育场馆管理,,体育场馆,1.0,1.0,0.85,0.1111
达州市镇华鹦鹉养殖有限公司,8930,健身休闲,0.2125,0.85,否,,1,0,,鹦鹉训练,,0.0,0.0,0.85,0.0
达州市星火鲸众体育文化传播有限公司,8392,体育培训,0.8736,0.95,否,,1,1,篮球培训,,篮球培训,1.0,1.0,0.85,0.1111
达州市启航金海豚健身管理有限公司,8930,健身休闲,0.8736,0.95,否,,1,1,游泳健身,,游泳,1.0,1.0,0.85,0.1111
达州市通川区金家大堰家庭农场,8930,健身休闲,0.2125,0.85,否,,1,0,,淡水垂钓,,0.0,0.0,0.85,0.0
达州市通川区九博尺职业培训学校有限公司,8392,体育培训,0.2125,0.85,否,,1,0,,职业技能培训服务,,0.0,0.0,0.85,0.0
达州新格瑞体育产业有限公司,8392,体育培训,0.8736,0.95,否,,1,1,体育教育培训,,体育教育,1.0,1.0,0.85,0.1111
四川羽帆仔体育文化发展有限公司,9052,体育赛事,0.6611,0.9,是,纯跨界（行业代码非体育，文本有体育业务）,1,1,体育赛事策划,,赛事策划,1.0,1.0,0.0,0.1111
达州恩峻研学户外拓展有限公司,8911,体育赛事,0.8736,0.95,否,,1,1,体育竞赛组织,,体育竞赛,1.0,1.0,0.85,0.1111
达州绿色体育有限公司,8930,健身休闲,0.2125,0.85,否,,1,0,,健身休闲,,0.0,0.0,0.85,0.0
四川创新跨文体育发展有限公司,8912,体育管理,0.2125,0.85,否,,1,0,,体育保障组织,,0.0,0.0,0.85,0.0
达州市哇噻健身服务有限责任公司,8930,健身休闲,0.8736,0.95,否,,1,1,健身服务,,健身服务,1.0,1.0,0.85,0.1111
达州市达川区曼氪健身服务有限公司,8930,健身休闲,0.8736,0.95,否,,1,1,室内休闲健身服务,,健身服务,1.0,1.0,0.85,0.1111
达州市达川区弘搏体育发展有限公司,8921,体育场馆,0.2125,0.85,否,,1,0,,文体娱乐,,0.0,0.0,0.85,0.0
达州市飞腾篮球俱乐部有限公司,8392,体育培训,0.8736,0.95,否,,1,1,体育教育,,体育教育,1.0,1.0,0.85,0.1111
达州市养脊堂健康咨询有限责任公司,8930,健身休闲,0.8736,0.95,否,,1,1,健身服务,,健身服务,1.0,1.0,0.85,0.1111
达州野战狼体育俱乐部有限公司,8911,体育赛事,0.8736,0.95,否,,1,1,体育竞赛,,体育竞赛,1.0,1.0,0.85,0.1111
达州市全星体育发展有限公司,8930,健身休闲,0.8736,0.95,否,,1,1,户外运动组织,,户外运动,1.0,1.0,0.85,0.1111
达州晟尚商贸有限公司,5242,体育用品,0.8736,0.95,否,,1,1,体育用品零售,,体育用品零售,1.0,1.0,0.85,0.1111
达州波力体育文化有限公司,8930,体育管理,0.8736,0.95,否,,1,1,体育组织,,体育组织,1.0,1.0,0.85,0.1111
达州市茂森商贸有限公司,5242,体育用品,0.8736,0.95,否,,1,1,体育用品零售,,体育用品零售,1.0,1.0,0.85,0.1111
达州市炫地户外运动有限公司,8930,健身休闲,0.2125,0.85,否,,1,0,,健身休闲活动策划服务,,0.0,0.0,0.85,0.0
四川悦晟玺商贸有限公司,5242,体育用品,0.8736,0.95,否,,1,1,零售体育器材,,体育器材,1.0,1.0,0.85,0.1111
达州淇凯贸易有限公司,5142,体育用品,0.8736,0.95,否,,1,1,体育用品批发,,体育用品批发,1.0,1.0,0.85,0.1111
四川优玺体育设施有限公司,5242,体育用品,0.8736,0.95,否,,1,1,零售乒乓球,,乒乓球,1.0,1.0,0.85,0.1111
达州市本源瑜伽健身有限公司,8930,健身休闲,0.2125,0.85,否,,1,0,,健身休闲活动,,0.0,0.0,0.85,0.0
达州市安鑫天亿体育场馆管理服务有限公司,8930,健身休闲,0.8736,0.95,否,,1,1,室内游泳,,游泳,1.0,1.0,0.85,0.1111
四川战狼拓展训练有限公司,8919,体育管理,0.2125,0.85,否,,1,0,,拓展训练,,0.0,0.0,0.85,0.0
四川小吉龙户外运动策划有限公司,8919,体育管理,0.2125,0.85,否,,1,0,,运动策划,,0.0,0.0,0.85,0.0
达州奇迹体育有限责任公司,8919,体育管理,0.8736,0.95,否,,1,1,体育组织,,体育组织,1.0,1.0,0.85,0.1111
达州市恒韦体育发展有限公司,9052,体育赛事,0.6611,0.9,是,纯跨界（行业代码非体育，文本有体育业务）,1,1,组织体育表演活动,,体育表演,1.0,1.0,0.0,0.1111
达州市登山电子商务有限公司,5242,体育用品,0.8736,0.95,否,,1,1,零售体育用品,,体育用品,1.0,1.0,0.85,0.1111
达州市大堰滩旅游开发有限公司,8930,健身休闲,0.2125,0.85,否,,1,0,,休闲观光活动,,0.0,0.0,0.85,0.0
宣汉腾昇体育发展有限公司,8911,体育赛事,0.8736,0.95,否,,1,1,体育竞赛组织,,体育竞赛,1.0,1.0,0.85,0.1111
宣汉县飞鹰体育文化传播有限公司,8911,体育管理,0.2125,0.85,否,,1,0,,体育运动训练服务,,0.0,0.0,0.85,0.0
宣汉九月健身服务有限公司,8930,健身休闲,0.2125,0.85,否,,1,0,,健身休闲活动,,0.0,0.0,0.85,0.0
宣汉育术商贸有限责任公司,5242,体育用品,0.8736,0.95,否,,1,1,体育用品及器材零售,,体育用品,1.0,1.0,0.85,0.1111
宣汉县健锐体育器材销售有限公司,5242,体育用品,0.8736,0.95,否,,1,1,体育用品及器材零售,,体育用品,1.0,1.0,0.85,0.1111
宣汉县菲碧健身服务有限公司,8930,健身休闲,0.2125,0.85,否,,1,0,,器械健身活动,,0.0,0.0,0.85,0.0
宣汉县铜锣寨拓展训练有限公司,8930,健身休闲,0.2125,0.85,否,,1,0,,健身休闲活动,,0.0,0.0,0.85,0.0
达州市北极兴商贸有限责任公司,5142,体育用品,0.8736,0.95,否,,1,1,体育用品及器材批发,,体育用品,1.0,1.0,0.85,0.1111
四川康迩美健身有限公司,8930,健身休闲,0.8736,0.95,否,,1,1,体育健身服务,,健身服务,1.0,1.0,0.85,0.1111
宣汉舞动武体育俱乐部,8911,体育赛事,0.8736,0.95,否,,1,1,体育竞赛组织,,体育竞赛,1.0,1.0,0.85,0.1111
达州跃腾体育俱乐部有限公司,8911,体育赛事,0.8736,0.95,否,,1,1,体育竞赛组织,,体育竞赛,1.0,1.0,0.85,0.1111
四川省捷驰体育发展有限公司,8911,体育赛事,0.8736,0.95,否,,1,1,体育竞赛组织,,体育竞赛,1.0,1.0,0.85,0.1111
宣汉力博体育文化发展有限公司,8930,健身休闲,0.2125,0.85,否,,1,0,,体育健身,,0.0,0.0,0.85,0.0
宣汉翱翔体育发展有限公司,9052,体育赛事,0.6611,0.9,是,纯跨界（行业代码非体育，文本有体育业务）,1,1,体育赛事策划,,赛事策划,1.0,1.0,0.0,0.1111
宣汉战旗红拓展训练有限公司,8930,健身休闲,0.2125,0.85,否,,1,0,,健身休闲活动,,0.0,0.0,0.85,0.0
宣汉县弘德武术学校,8392,健身休闲,0.8736,0.95,否,,1,1,武术教育,,武术,1.0,1.0,0.85,0.1111
宣汉县普光悦动体育俱乐部有限公司,8930,健身休闲,0.2125,0.85,否,,1,0,,体育服务业,,0.0,0.0,0.85,0.0
宣汉县澳达健身服务有限公司,8930,健身休闲,0.2125,0.85,否,,1,0,,健身休闲活动,,0.0,0.0,0.85,0.0
宣汉慧动体育俱乐部有限责任公司,8921,体育场馆,0.8736,0.95,否,,1,1,体育场地设施经营,,体育场地设施,1.0,1.0,0.85,0.1111
四川巴山大峡谷狩猎场管理有限公司,8930,健身休闲,0.2125,0.85,否,,1,0,,休闲娱乐服务,,0.0,0.0,0.85,0.0
开江县精武武文化传播有限公司,8392,体育培训,0.8736,0.95,否,,1,1,武术培训,,武术培训,1.0,1.0,0.85,0.1111
开江县健强体育文化发展有限公司,8911,体育管理,0.2125,0.85,否,,1,0,,体育竟赛组织,,0.0,0.0,0.85,0.0
达州腾悦拓展训练有限公司,8392,体育培训,0.8736,0.95,否,,1,1,游泳培训,,游泳培训,1.0,1.0,0.85,0.1111
开江县启航金海豚知道健身管理有限责任公司,8930,健身休闲,0.8736,0.95,否,,1,1,健身服务,,健身服务,1.0,1.0,0.85,0.1111
开江海翔体育文化发展有限公司,8929,体育场馆,0.8736,0.95,否,,1,1,其他体育场地设施管理,,体育场地设施,1.0,1.0,0.85,0.1111
四川匹豹体育用品有限公司,5242,体育用品,0.8736,0.95,否,,1,1,体育用品零售,,体育用品零售,1.0,1.0,0.85,0.1111
开江县茁悦体育文化发展有限公司,9052,体育赛事,0.6611,0.9,是,纯跨界（行业代码非体育，文本有体育业务）,1,1,组织体育表演活动,,体育表演,1.0,1.0,0.0,0.1111
开江县启航金海豚未来健身管理有限责任公司,8911,体育赛事,0.8736,0.95,否,,1,1,体育赛事策划,,赛事策划,1.0,1.0,0.85,0.1111
四川博华体育用品有限公司,2442,体育用品,0.8736,0.95,否,,1,1,体育用品及器材制造,,体育用品,1.0,1.0,0.85,0.1111
四川炫克体育用品有限公司,2441,体育用品,0.8736,0.95,否,,1,1,体育用品制造,,体育用品制造,1.0,1.0,0.85,0.1111
四川省斯博特服装有限公司,1821,体育用品,0.2125,0.85,否,,1,0,,运动针织服装生产,,0.0,0.0,0.85,0.0
开江县勇达服装有限公司,1821,体育用品,0.2125,0.85,否,,1,0,,服装生产,,0.0,0.0,0.85,0.0
四川省上禾服饰有限公司,1821,体育用品,0.2125,0.85,否,,1,0,,服装生产,,0.0,0.0,0.85,0.0
四川凡达体育用品厂,2441,体育用品,0.8736,0.95,否,,1,1,足球制造,,足球,1.0,1.0,0.85,0.1111
达州市韦恩健身服务有限公司,8930,健身休闲,0.8736,0.95,否,,1,1,健身服务,,健身服务,1.0,1.0,0.85,0.1111
四川云洋体育发展有限公司,8921,体育场馆,0.8736,0.95,否,,1,1,体育场馆管理,,体育场馆,1.0,1.0,0.85,0.1111
大竹县搏龙跆拳道俱乐部,8992,健身休闲,0.6611,0.9,是,纯跨界（行业代码非体育，文本有体育业务）,1,1,健身服务,,健身服务,1.0,1.0,0.0,0.1111
大竹鑫力鼎体育文化推广有限公司,8930,健身休闲,0.8736,0.95,否,,1,1,健身服务,,健身服务,1.0,1.0,0.85,0.1111
大竹县金海豚游泳健身服务有限公司,8930,健身休闲,0.2125,0.85,否,,1,0,,文化体育和娱乐业,,0.0,0.0,0.85,0.0
达州智衡拓展训练有限公司,8930,健身休闲,0.2125,0.85,否,,1,0,,健身休闲活动,,0.0,0.0,0.85,0.0
大竹县芳婕瑜伽健身有限公司,8930,健身休闲,0.2125,0.85,否,,1,0,,健身休闲活动,,0.0,0.0,0.85,0.0
大竹星客游乐有限公司,8912,体育管理,0.2125,0.85,否,,1,0,,游艺娱乐活动,,0.0,0.0,0.85,0.0
大竹聚星健身服务有限公司,8930,健身休闲,0.8736,0.95,否,,1,1,跆拳道健身服务,,跆拳道; 健身服务,1.0,1.0,0.85,0.1111
达州市青青小草体育发展有限责任公司,8911,体育赛事,0.8736,0.95,否,,1,1,体育竞赛组织,,体育竞赛,1.0,1.0,0.85,0.1111
大竹县博海体育文化传播有限公司,8392,体育培训,0.8736,0.95,否,,1,1,体育培训服务机构,,体育培训,1.0,1.0,0.85,0.1111
达州市万辉体育发展有限公司,5242,体育用品,0.8736,0.95,否,,1,1,体育用品零售,,体育用品零售,1.0,1.0,0.85,0.1111
大竹斐派健身会所,8930,健身休闲,0.2125,0.85,否,,1,0,,休闲健身活动,,0.0,0.0,0.85,0.0
四川莱福健健康管理咨询有限公司,5242,体育用品,0.8736,0.95,否,,1,1,健身器材零售,,健身器材,1.0,1.0,0.85,0.1111
达州市前路体育用品有限公司,2442,体育用品,0.8736,0.95,否,,1,1,体育用品及配件制造,,体育用品,1.0,1.0,0.85,0.1111
大竹县全记罗体育用品销售店,5242,体育用品,0.8736,0.95,否,,1,1,体育用品及器材零售,,体育用品,1.0,1.0,0.85,0.1111
渠县三尺体育俱乐部,9052,体育赛事,0.6611,0.9,是,纯跨界（行业代码非体育，文本有体育业务）,1,1,体育赛事组织,,体育赛事,1.0,1.0,0.0,0.1111
渠县非常体育发展有限责任公司,9052,体育用品,0.6722,0.9,是,纯跨界（行业代码非体育，文本有体育业务）,1,1,体育用品零售和体育竞赛组织,,体育用品零售; 体育竞赛,1.0,1.0,0.0,0.2222
渠县启航足球俱乐部有限公司,8911,体育赛事,0.8736,0.95,否,,1,1,体育竞赛组织,,体育竞赛,1.0,1.0,0.85,0.1111
渠县世纪凯乐健身服务有限责任公司,8930,健身休闲,0.8736,0.95,否,,1,1,健身游泳服务,,游泳,1.0,1.0,0.85,0.1111
渠县通禅瑜伽健身有限公司,8930,健身休闲,0.2125,0.85,否,,1,0,,健身休闲活动,,0.0,0.0,0.85,0.0
渠县雅韵菲林游泳服务有限公司,8930,体育场馆,0.8736,0.95,否,,1,1,游泳馆管理服务,,游泳馆,1.0,1.0,0.85,0.1111
达州科顺文化传播有限公司,8930,健身休闲,0.2125,0.85,否,,1,0,,健身休闲活动,,0.0,0.0,0.85,0.0
渠县礼尚健身服务有限公司,8919,体育管理,0.2125,0.85,否,,1,0,,体育类社会服务,,0.0,0.0,0.85,0.0
达州一梵瑜伽健身有限公司,8930,健身休闲,0.2125,0.85,否,,1,0,,健身休闲活动,,0.0,0.0,0.85,0.0
渠县尚水菲林体育服务有限公司,8930,健身休闲,0.8736,0.95,否,,1,1,健身服务,,健身服务,1.0,1.0,0.85,0.1111
渠县忠成体育发展有限公司,8392,体育培训,0.2125,0.85,否,,1,0,,课外兴趣教育,,0.0,0.0,0.85,0.0
渠县渠江力美健身房,8930,健身休闲,0.2125,0.85,否,,1,0,,健身休闲活动,,0.0,0.0,0.85,0.0
渠县拾光乐动体育发展有限责任公司,9052,体育赛事,0.6611,0.9,是,纯跨界（行业代码非体育，文本有体育业务）,1,1,体育赛事策划,,赛事策划,1.0,1.0,0.0,0.1111
渠县巨人武术文化传播有限公司,8392,体育培训,0.8847,0.95,否,,1,1,体育培训健身服务,,体育培训; 健身服务,1.0,1.0,0.85,0.2222
四川德亮体育文化发展有限公司,8930,健身休闲,0.2125,0.85,否,,1,0,,健身休闲活动,,0.0,0.0,0.85,0.0
四川铁拳健身有限公司,8921,体育场馆,0.8736,0.95,否,,1,1,体育场地设施经营,,体育场地设施,1.0,1.0,0.85,0.1111
渠县东辰菲林体育发展有限公司,8930,健身休闲,0.2125,0.85,否,,1,0,,体育健身休闲活动,,0.0,0.0,0.85,0.0
渠县精诚健身服务有限公司,8930,健身休闲,0.8736,0.95,否,,1,1,健身服务,,健身服务,1.0,1.0,0.85,0.1111
渠县动欣岚健身有限责任公司,8930,健身休闲,0.2125,0.85,否,,1,0,,健身休闲活动,,0.0,0.0,0.85,0.0
渠县崇德超越演艺有限责任公司,9052,体育赛事,0.6611,0.9,是,纯跨界（行业代码非体育，文本有体育业务）,1,1,体育表演服务活动,,体育表演,1.0,1.0,0.0,0.1111
渠县临巴镇石子社区老年人协会第二活动室,8930,健身休闲,0.2125,0.85,否,,1,0,,棋牌服务,,0.0,0.0,0.85,0.0
渠县瑞杰服饰有限公司,1821,体育用品,0.2125,0.85,否,,1,0,,服装制造,,0.0,0.0,0.85,0.0
渠县晨希健身服务俱乐部,8930,健身休闲,0.8736,0.95,否,,1,1,健身服务,,健身服务,1.0,1.0,0.85,0.1111
渠县婷好体艺体育发展中心（个人独资）,8911,体育管理,0.2125,0.85,否,,1,0,,艺体培训,,0.0,0.0,0.85,0.0
渠县立安体育俱乐部有限公司,8921,体育场馆,0.8736,0.95,否,,1,1,体育场地出租,,体育场地,1.0,1.0,0.85,0.1111
达州市童灵体育发展有限公司,5242,体育用品,0.2125,0.85,否,,1,0,,文化体育和娱乐业,,0.0,0.0,0.85,0.0
四川北极雪户外用品有限公司,5242,体育用品,0.8736,0.95,否,,1,1,体育用品及器材零售,,体育用品,1.0,1.0,0.85,0.1111
四川渠赢体育用品有限公司,2441,体育用品,0.2125,0.85,否,,1,0,,球类生产,,0.0,0.0,0.85,0.0
达州猎鹰户外拓展有限公司,8930,健身休闲,0.2125,0.85,否,,1,0,,拓展活动,,0.0,0.0,0.85,0.0
达州市猎毅豹武术培训有限公司,8392,体育培训,0.8736,0.95,否,,1,1,体育培训,,体育培训,1.0,1.0,0.85,0.1111
达州绿舒体育设施有限公司,4991,体育用品,0.6611,0.9,是,纯跨界（行业代码非体育，文本有体育业务）,1,1,安装体育健身器材,,健身器材,1.0,1.0,0.0,0.1111
四川省佬江湖渔具有限公司,2449,体育用品,0.8736,0.95,否,,1,1,生产渔具,,渔具,1.0,1.0,0.85,0.1111
达州市渝灿周氏商贸有限责任公司,5142,体育用品,0.8736,0.95,否,,1,1,体育用品,,体育用品,1.0,1.0,0.85,0.1111
达州市速美零贰零健身俱乐部有限公司,8930,健身休闲,0.2125,0.85,否,,1,0,,健身休闲活动,,0.0,0.0,0.85,0.0
万源市首佳运动文化传播有限公司,5242,体育用品,0.8736,0.95,否,,1,1,体育用品及器材零售,,体育用品,1.0,1.0,0.85,0.1111
万源市众鑫体育文化发展有限公司,5242,体育用品,0.8736,0.95,否,,1,1,体育用品及器材零售,,体育用品,1.0,1.0,0.85,0.1111
万源市拓峰体育发展有限公司,9052,体育赛事,0.6611,0.9,是,纯跨界（行业代码非体育，文本有体育业务）,1,1,体育活动赛事策划,,赛事策划,1.0,1.0,0.0,0.1111
万源市智慧商贸有限公司,5142,体育用品,0.8736,0.95,否,,1,1,体育用品批发,,体育用品批发,1.0,1.0,0.85,0.1111
万源市劲美动岚健身俱乐部有限公司,8930,健身休闲,0.2125,0.85,否,,1,0,,健身休闲运动,,0.0,0.0,0.85,0.0
四川乐培体育文化发展有限公司,8912,体育管理,0.8736,0.95,否,,1,1,体育文化发展,,体育文化,1.0,1.0,0.85,0.1111
万源市巴山舞蹈健身有限公司,8930,健身休闲,0.8736,0.95,否,,1,1,舞蹈健身服务,,健身服务,1.0,1.0,0.85,0.1111
万源市蓉华商贸有限公司,5242,体育用品,0.8736,0.95,否,,1,1,体育用品器材零售,,体育用品,1.0,1.0,0.85,0.1111
万源市飞凡体育用品经营部,5242,体育用品,0.8736,0.95,否,,1,1,体育用品零售,,体育用品零售,1.0,1.0,0.85,0.1111
万源市恰好体育设施有限公司,5242,体育用品,0.8736,0.95,否,,1,1,体育用品零售,,体育用品零售,1.0,1.0,0.85,0.1111
万源市壹号体育发展有限公司,5242,体育用品,0.8736,0.95,否,,1,1,体育用品及器材零售,,体育用品,1.0,1.0,0.85,0.1111
万源市博然体育文化发展有限公司,5142,体育用品,0.8736,0.95,否,,1,1,体育用品及器材批发,,体育用品,1.0,1.0,0.85,0.1111
万源市智杰体育文化传播有限公司,8911,体育赛事,0.8736,0.95,否,,1,1,体育赛事的活动组织,,体育赛事,1.0,1.0,0.85,0.1111
万源市绿香村商贸有限公司,5142,体育用品,0.8736,0.95,否,,1,1,体育用品及器材批发,,体育用品,1.0,1.0,0.85,0.1111
万源市护航之舟研学户外拓展有限公司,8930,健身休闲,0.8736,0.95,否,,1,1,户外拓展运动,,户外拓展,1.0,1.0,0.85,0.1111
万源市胜博体育文化发展有限公司,8911,体育赛事,0.8736,0.95,否,,1,1,体育竞赛组织,,体育竞赛,1.0,1.0,0.85,0.1111
万源市先峰体育产业有限公司,8930,健身休闲,0.2125,0.85,否,,1,0,,体育拓展训练服务,,0.0,0.0,0.85,0.0
万源市众力体育文化发展有限责任公司,7283,体育赛事,0.6611,0.9,是,纯跨界（行业代码非体育，文本有体育业务）,1,1,体育赛事策划育保障组织,,赛事策划,1.0,1.0,0.0,0.1111
万源市武艺体育文化传播有限公司,8392,体育培训,0.8736,0.95,否,,1,1,武术培训,,武术培训,1.0,1.0,0.85,0.1111
雅安俊宏体育发展有限公司,8911,体育赛事,0.8736,0.95,否,,1,1,体育竞赛组织,,体育竞赛,1.0,1.0,0.85,0.1111
乘黄东木绿体育文化发展（雅安）有限公司,8911,体育赛事,0.8736,0.95,否,,1,1,体育赛事策划,,赛事策划,1.0,1.0,0.85,0.1111
雅安俊腾旅游开发有限公司,8911,体育赛事,0.8736,0.95,否,,1,1,体育竞赛组织,,体育竞赛,1.0,1.0,0.85,0.1111
雅安萌新体育文化发展有限公司,8919,体育赛事,0.8736,0.95,否,,1,1,体育竞赛组织,,体育竞赛,1.0,1.0,0.85,0.1111
四川竞界体汇体育发展有限公司,8911,体育赛事,0.8736,0.95,否,,1,1,体育竞赛组织,,体育竞赛,1.0,1.0,0.85,0.1111
四川勇浪体育文化发展有限责任公司,8911,体育赛事,0.8736,0.95,否,,1,1,体育竞赛组织,,体育竞赛,1.0,1.0,0.85,0.1111
四川战狼勇士拓展训练有限公司,8930,体育赛事,0.3505,0.95,是,多元经营（体育+27条非体育业务）,30,3,体育竞赛组织; 组织体育表演活动; 体育用品及器材批发,一般项目：体验式拓展活动及策划; 健身休闲活动; 户外用品销售; 教育咨询服务（不含涉许可审批的教育培训活动）; 组织文化艺术交流活动; 旅游开发项目策划咨询; 企业形象策划; 礼仪服务; 体育健康服务; 体育保障组织; 文化用品设备出租; 中小学生校外托管服务; 露营地服务; 信息咨询服务（不含许可类信息咨询服务）; 业务培训（不含教育培训; 职业技能培训等需取得许可的培训）; 日用百货销售; 文具用品零售; 互联网销售（除销售需要许可的商品）; 护理机构服务（不含医疗服务）; 外卖递送服务; 地震服务; 紧急救援服务; 家宴服务; 居民日常生活服务; 互联网数据服务; （除依法须经批准的项,体育竞赛; 体育表演; 体育用品,0.1,0.303,0.85,0.2222
雅安邦盛健身服务有限公司,8930,健身休闲,0.2125,0.85,否,,1,0,,nan,,0.0,0.0,0.85,0.0
雅安市伟辉体育文化传播有限公司,8911,体育管理,0.2125,0.85,否,,1,0,,nan,,0.0,0.0,0.85,0.0
雅安趣益体育发展有限公司,8911,体育赛事,0.8736,0.95,否,,1,1,体育竞赛组织,,体育竞赛,1.0,1.0,0.85,0.1111
雅安聚合体育发展有限公司,8930,体育赛事,0.8736,0.95,否,,1,1,体育竞赛组织,,体育竞赛,1.0,1.0,0.85,0.1111
雅安吉玛运动健身有限公司,8930,健身休闲,0.8736,0.95,否,,1,1,健身服务,,健身服务,1.0,1.0,0.85,0.1111
雅安市鲁冰花体育文化发展有限公司,9052,体育管理,0.6611,0.9,是,纯跨界（行业代码非体育，文本有体育业务）,1,1,体育服务,,体育服务,1.0,1.0,0.0,0.1111
雅安曲线健身管理服务有限公司,8930,健身休闲,0.2125,0.85,否,,1,0,,健身管理业务,,0.0,0.0,0.85,0.0
四川雅儒文体设备有限公司,5242,体育用品,0.8736,0.95,否,,1,1,零售体育用品,,体育用品,1.0,1.0,0.85,0.1111
四川威罡天下体育文化传播有限公司,8930,健身休闲,0.8736,0.95,否,,1,1,健身服务,,健身服务,1.0,1.0,0.85,0.1111
雅安市康力健身俱乐部有限公司,5242,体育用品,0.8736,0.95,否,,1,1,健身器材销售,,健身器材,1.0,1.0,0.85,0.1111
雅安天强体育发展有限公司,8911,体育赛事,0.8736,0.95,否,,1,1,体育竞赛组织,,体育竞赛,1.0,1.0,0.85,0.1111
四川漾舟体育发展有限公司,7122,体育用品,0.6611,0.9,是,纯跨界（行业代码非体育，文本有体育业务）,1,1,体育用品设备出租,,体育用品,1.0,1.0,0.0,0.1111
四川芸雨健身有限责任公司,8930,健身休闲,0.2125,0.85,否,,1,0,,健身休闲活动,,0.0,0.0,0.85,0.0
雅安桃花源文化传播有限公司,9052,体育赛事,0.6611,0.9,是,纯跨界（行业代码非体育，文本有体育业务）,1,1,组织体育表演活动,,体育表演,1.0,1.0,0.0,0.1111
雅安市世玲商贸有限公司,5242,体育用品,0.8736,0.95,否,,1,1,体育用品零售,,体育用品零售,1.0,1.0,0.85,0.1111
四川省华屹茂晨体育文化发展有限责任公司,8392,体育培训,0.8736,0.95,否,,1,1,体育篮球培训,,篮球培训,1.0,1.0,0.85,0.1111
四川省君泰然体育有限公司,8911,体育赛事,0.6736,0.95,是,多元经营（体育+1条非体育业务）,2,1,体育赛事策划,组织,赛事策划,0.5,1.0,0.85,0.1111
雅安玖陆健身有限公司,8930,健身休闲,0.2125,0.85,否,,1,0,,健身休闲活动,,0.0,0.0,0.85,0.0
雅安邦邦健身服务有限公司,8930,健身休闲,0.2125,0.85,否,,1,0,,健身休闲活动,,0.0,0.0,0.85,0.0
雅安市鲲鹏拓展训练有限公司,8930,健身休闲,0.2125,0.85,否,,1,0,,拓展训练,,0.0,0.0,0.85,0.0
雅安芽粒儿童游乐有限公司,8912,体育管理,0.2125,0.85,否,,1,0,,游艺娱乐活动,,0.0,0.0,0.85,0.0
雅安星动力体育文化发展有限公司,8911,体育赛事,0.8736,0.95,否,,1,1,体育竞赛组织,,体育竞赛,1.0,1.0,0.85,0.1111
雅安无我茶茶社,8930,健身休闲,0.2125,0.85,否,,1,0,,棋牌娱乐,,0.0,0.0,0.85,0.0
雅安邦泰健身服务有限公司,8930,健身休闲,0.8736,0.95,否,,1,1,游泳健身服务,,游泳; 健身服务,1.0,1.0,0.85,0.1111
雅安市陆上体育文化发展有限责任公司,8392,体育培训,0.2125,0.85,否,,1,0,,体育运动培训,,0.0,0.0,0.85,0.0
雅安市弘博跆拳道有限公司,8930,健身休闲,0.2125,0.85,否,,1,0,,健身休闲活动,,0.0,0.0,0.85,0.0
雅安市弘武搏击俱乐部有限公司,8930,健身休闲,0.2125,0.85,否,,1,0,,健身休闲活动,,0.0,0.0,0.85,0.0
雅安弘源体育发展有限公司,9052,体育赛事,0.6611,0.9,是,纯跨界（行业代码非体育，文本有体育业务）,1,1,体育赛事策划,,赛事策划,1.0,1.0,0.0,0.1111
雅安市南征北战体育发展有限公司,8392,体育培训,0.8736,0.95,否,,1,1,体育培训,,体育培训,1.0,1.0,0.85,0.1111
雅安梧嘉体育发展有限公司,8930,健身休闲,0.2125,0.85,否,,1,0,,健身休闲活动,,0.0,0.0,0.85,0.0
雅安市赛辉游乐有限公司,8912,体育管理,0.2125,0.85,否,,1,0,,游艺娱乐活动,,0.0,0.0,0.85,0.0
雅安雅智体育有限公司,8392,体育培训,0.2125,0.85,否,,1,0,,体育训练,,0.0,0.0,0.85,0.0
四川伽人体育文化有限公司,8930,健身休闲,0.2125,0.85,否,,1,0,,健身休闲,,0.0,0.0,0.85,0.0
四川科元体育文化发展有限公司,5242,体育用品,0.8736,0.95,否,,1,1,体育用品及器材零售,,体育用品,1.0,1.0,0.85,0.1111
雅安宇迈体育用品有限公司,8921,体育场馆,0.8736,0.95,否,,1,1,体育场馆服务,,体育场馆,1.0,1.0,0.85,0.1111
四川省卡乐奇体育发展有限公司,5142,体育用品,0.8736,0.95,否,,1,1,体育用品及器材批发,,体育用品,1.0,1.0,0.85,0.1111
雅安市悟空体育发展有限公司,8392,体育培训,0.8736,0.95,否,,1,1,体育培训,,体育培训,1.0,1.0,0.85,0.1111
雅安市艇友趣体育俱乐部有限公司,9052,体育赛事,0.6611,0.9,是,纯跨界（行业代码非体育，文本有体育业务）,1,1,体育赛事策划,,赛事策划,1.0,1.0,0.0,0.1111
雅安双王武术文化传播有限公司,8392,体育培训,0.8736,0.95,否,,1,1,武术培训,,武术培训,1.0,1.0,0.85,0.1111
雅安市毅林商贸有限公司,5142,体育用品,0.8736,0.95,否,,1,1,体育用品及器材批发,,体育用品,1.0,1.0,0.85,0.1111
雅安亮剑拓展训练有限公司,8930,健身休闲,0.2125,0.85,否,,1,0,,拓展训练,,0.0,0.0,0.85,0.0
雅安卓力体育用品有限公司,5242,体育用品,0.8736,0.95,否,,1,1,体育用品零售,,体育用品零售,1.0,1.0,0.85,0.1111
雅安新奥体育发展有限公司,8911,体育赛事,0.8736,0.95,否,,1,1,体育竞赛组织,,体育竞赛,1.0,1.0,0.85,0.1111
四川未来坦途户外运动有限公司,8930,健身休闲,0.2125,0.85,否,,1,0,,健身休闲活动,,0.0,0.0,0.85,0.0
雅安乒搏体育发展有限公司,8911,体育赛事,0.8736,0.95,否,,1,1,体育竞赛组织,,体育竞赛,1.0,1.0,0.85,0.1111
四川广大足球俱乐部有限责任公司,8911,体育赛事,0.8736,0.95,否,,1,1,体育竞赛组织,,体育竞赛,1.0,1.0,0.85,0.1111
雅安市兵锋拓展训练有限公司,8930,健身休闲,0.2125,0.85,否,,1,0,,健身休闲活动,,0.0,0.0,0.85,0.0
雅安热浪体育文化传播有限责任公司,8392,体育赛事,0.8736,0.95,否,,1,1,体育竞赛组织,,体育竞赛,1.0,1.0,0.85,0.1111
雅安篮创体育发展有限公司,8911,体育赛事,0.8736,0.95,否,,1,1,体育竞赛组织,,体育竞赛,1.0,1.0,0.85,0.1111
雅安爱尚运动体育文化传播有限责任公司,8930,健身休闲,0.2125,0.85,否,,1,0,,健身活动,,0.0,0.0,0.85,0.0
四川庆鸿体育发展有限公司,5242,体育用品,0.8736,0.95,否,,1,1,体育器材零售,,体育器材,1.0,1.0,0.85,0.1111
雅安易风诚商贸有限公司,5242,体育用品,0.8736,0.95,否,,1,1,体育用品及器材零售,,体育用品,1.0,1.0,0.85,0.1111
雅安市名山区国锐跆拳道培训学校有限公司,8392,体育培训,0.8736,0.95,否,,1,1,体校及体育培训,,体育培训,1.0,1.0,0.85,0.1111
雅安市名山区康丽健身器材经营部,5242,体育用品,0.8736,0.95,否,,1,1,体育用品及器材零售,,体育用品,1.0,1.0,0.85,0.1111
雅安市光洪武术文化传播有限公司,8930,健身休闲,0.2125,0.85,否,,1,0,,健身休闲活动,,0.0,0.0,0.85,0.0
雅安旋风体育文化传播有限公司,8392,体育培训,0.8736,0.95,否,,1,1,体校及体育培训,,体育培训,1.0,1.0,0.85,0.1111
雅安市天壹武术文化传播有限公司,8930,健身休闲,0.2125,0.85,否,,1,0,,健身休闲活动,,0.0,0.0,0.85,0.0
雅安市猎鹰拓展训练有限公司,8392,体育培训,0.8736,0.95,否,,1,1,体能训练,,体能训练,1.0,1.0,0.85,0.1111
四川圣火户外拓展有限公司,8930,健身休闲,0.2125,0.85,否,,1,0,,健身休闲活动,,0.0,0.0,0.85,0.0
荥经川体联培训学校有限公司,8392,体育培训,0.8736,0.95,否,,1,1,体校及体育培训,,体育培训,1.0,1.0,0.85,0.1111
荥经德武体育培训学校有限公司,8392,体育培训,0.8736,0.95,否,,1,1,体校及体育培训,,体育培训,1.0,1.0,0.85,0.1111
荥经瑞博恩康美健身器材经营部,5242,体育用品,0.8736,0.95,否,,1,1,体育用品及器材零售,,体育用品,1.0,1.0,0.85,0.1111
雅安威仕力游泳馆管理有限公司,8930,健身休闲,0.2125,0.85,否,,1,0,,高危险性体育运动,,0.0,0.0,0.85,0.0
荥经茜宇棋牌馆,8930,健身休闲,0.2125,0.85,否,,1,0,,棋牌活动,,0.0,0.0,0.85,0.0
荥经牛人汽车俱乐部有限公司,8919,体育管理,0.8736,0.95,否,,1,1,体育组织,,体育组织,1.0,1.0,0.85,0.1111
荥经九州电子游戏俱乐部,8912,体育管理,0.2125,0.85,否,,1,0,,游艺娱乐活动,,0.0,0.0,0.85,0.0
荥经晨希武术培训学校有限公司,8392,体育培训,0.8736,0.95,否,,1,1,体育培训,,体育培训,1.0,1.0,0.85,0.1111
四川劲源体育文化推广有限公司,8911,体育赛事,0.8736,0.95,否,,1,1,体育竞赛组织,,体育竞赛,1.0,1.0,0.85,0.1111
汉源县盛祥体育发展有限公司,9052,体育赛事,0.6611,0.9,是,纯跨界（行业代码非体育，文本有体育业务）,1,1,体育表演服务,,体育表演,1.0,1.0,0.0,0.1111
汉源得悦商贸有限公司,5142,体育用品,0.8736,0.95,否,,1,1,体育用品批发,,体育用品批发,1.0,1.0,0.85,0.1111
汉源县君泰然体育有限公司,5242,体育用品,0.8736,0.95,否,,1,1,体育用品零售,,体育用品零售,1.0,1.0,0.85,0.1111
四川季秋体育发展有限公司,8930,健身休闲,0.2125,0.85,否,,1,0,,健身休闲,,0.0,0.0,0.85,0.0
汉源县宏腾体育用品有限责任公司,5242,体育用品,0.8736,0.95,否,,1,1,体育器材零售,,体育器材,1.0,1.0,0.85,0.1111
汉源县羲博体育发展有限公司,8392,体育培训,0.2125,0.85,否,,1,0,,体育训练,,0.0,0.0,0.85,0.0
汉源县炒米岗户外运动有限责任公司,8930,健身休闲,0.2125,0.85,否,,1,0,,其他休闲运动,,0.0,0.0,0.85,0.0
雅安卓悦体育发展有限责任公司,8930,健身休闲,0.2125,0.85,否,,1,0,,nan,,0.0,0.0,0.85,0.0
石棉瑞博恩健身器材经营部,5242,体育用品,0.8736,0.95,否,,1,1,健身器材零售,,健身器材,1.0,1.0,0.85,0.1111
石棉县语墨拓展训练有限公司,8930,体育管理,0.8736,0.95,否,,1,1,幼儿园体育服务,,体育服务,1.0,1.0,0.85,0.1111
石棉县红升商贸有限公司,5142,体育用品,0.8736,0.95,否,,1,1,体育用品及器材批发,,体育用品,1.0,1.0,0.85,0.1111
石棉县荏苒马术俱乐部有限公司,9052,健身休闲,0.6611,0.9,是,纯跨界（行业代码非体育，文本有体育业务）,1,1,马术体育教学服务,,马术,1.0,1.0,0.0,0.1111
四川王岗坪旅游开发有限公司,8921,体育场馆,0.8736,0.95,否,,1,1,滑雪场经营服务,,滑雪场,1.0,1.0,0.85,0.1111
四川来野滑彩乐户外运动有限公司,8930,健身休闲,0.2125,0.85,否,,1,0,,健身活动,,0.0,0.0,0.85,0.0
天全县酷路体育发展有限责任公司,8911,体育赛事,0.8736,0.95,否,,1,1,体育竞赛组织娱乐,,体育竞赛,1.0,1.0,0.85,0.1111
雅安米睿体育文化有限公司,5142,体育用品,0.8736,0.95,否,,1,1,体育用品及器材批发,,体育用品,1.0,1.0,0.85,0.1111
天全县聚雨排球俱乐部,8930,健身休闲,0.2125,0.85,否,,1,0,,健身休闲活动,,0.0,0.0,0.85,0.0
天全县飞牛羽毛球俱乐部,8930,健身休闲,0.2125,0.85,否,,1,0,,健身休闲活动,,0.0,0.0,0.85,0.0
天全县翔宇健身俱乐部,8930,健身休闲,0.2125,0.85,否,,1,0,,健身休闲活动,,0.0,0.0,0.85,0.0
天全县聚溪篮球俱乐部,8930,健身休闲,0.2125,0.85,否,,1,0,,健身休闲活动,,0.0,0.0,0.85,0.0
天全县锐思户外用品经营部,5242,体育用品,0.2125,0.85,否,,1,0,,户外用品零售,,0.0,0.0,0.85,0.0
天全县金辰体育发展有限公司,5242,体育用品,0.8736,0.95,否,,1,1,体育器材零售,,体育器材,1.0,1.0,0.85,0.1111
芦山县晟元体育发展有限公司,8921,体育场馆,0.8736,0.95,否,,1,1,体育场馆管理,,体育场馆,1.0,1.0,0.85,0.1111
芦山县华杨体育培训有限公司,8392,体育培训,0.8736,0.95,否,,1,1,体育培训服务,,体育培训,1.0,1.0,0.85,0.1111
芦山县凯跃体育俱乐部有限公司,8921,体育场馆,0.8736,0.95,否,,1,1,体育场地设施经营,,体育场地设施,1.0,1.0,0.85,0.1111
雅安市宇康报废车辆回收拆解有限公司,5142,体育用品,0.8736,0.95,否,,1,1,体育用品及器材批发,,体育用品,1.0,1.0,0.85,0.1111
芦山县三湾沟游泳池有限公司,8930,健身休闲,0.8736,0.95,否,,1,1,游泳运动,,游泳,1.0,1.0,0.85,0.1111
宝兴听风户外运动有限责任公司,8929,体育场馆,0.8736,0.95,否,,1,1,体育场地设施管理服务,,体育场地设施,1.0,1.0,0.85,0.1111
巴中市猎人拓展训练俱乐部,8392,体育培训,0.8736,0.95,否,,1,1,青少年体育培训,,青少年体育,1.0,1.0,0.85,0.1111
巴中市寻梦体育文化传播有限公司,8912,体育管理,0.2125,0.85,否,,1,0,,体育保障组织,,0.0,0.0,0.85,0.0
巴中猎鹰足球俱乐部（个人独资）,8911,体育管理,0.2125,0.85,否,,1,0,,文化体育和娱乐业,,0.0,0.0,0.85,0.0
巴中市宏鹏体育文化发展有限公司,8921,体育场馆,0.2125,0.85,否,,1,0,,文化体育和娱乐业,,0.0,0.0,0.85,0.0
巴中煜峰昶体育文化发展有限公司,7246,体育管理,0.6611,0.9,是,纯跨界（行业代码非体育，文本有体育业务）,1,1,体育咨询,,体育咨询,1.0,1.0,0.0,0.1111
巴中大溪体育俱乐部有限公司,8911,体育赛事,0.8736,0.95,否,,1,1,体育和娱乐业体育竞赛组织,,体育竞赛,1.0,1.0,0.85,0.1111
巴中童心体育发展有限公司,9052,体育赛事,0.6611,0.9,是,纯跨界（行业代码非体育，文本有体育业务）,1,1,体育表演服务,,体育表演,1.0,1.0,0.0,0.1111
巴中酷锐体育发展有限公司,8392,体育培训,0.8736,0.95,否,,1,1,体育培训,,体育培训,1.0,1.0,0.85,0.1111
四川鱼美汇渔具有限公司,5242,体育用品,0.8736,0.95,否,,1,1,体育用品及器材零售,,体育用品,1.0,1.0,0.85,0.1111
巴中凤子灵舞蹈健身有限公司,9052,体育赛事,0.6611,0.9,是,纯跨界（行业代码非体育，文本有体育业务）,1,1,体育和娱乐业体育表演服务,,体育表演,1.0,1.0,0.0,0.1111
巴中市乐动篮球俱乐部有限公司,8392,体育用品,0.8736,0.95,否,,1,1,篮球培训班,,篮球,1.0,1.0,0.85,0.1111
巴中星锐体育场馆管理有限公司,8921,体育场馆,0.8736,0.95,否,,1,1,体育场馆管理,,体育场馆,1.0,1.0,0.85,0.1111
巴中市巴州区校办工业公司,5242,体育用品,0.8736,0.95,否,,1,1,文化体育用品零售,,体育用品零售,1.0,1.0,0.85,0.1111
巴中市野狼拓展训练中心,8930,健身休闲,0.2125,0.85,否,,1,0,,健身休闲活动,,0.0,0.0,0.85,0.0
巴中市康骋体育场地建设有限公司,5242,体育用品,0.8736,0.95,否,,1,1,体育用品器材零售,,体育用品,1.0,1.0,0.85,0.1111
巴中来茵体育俱乐部有限责任公司,8911,体育管理,0.2125,0.85,否,,1,0,,体育宣传服务,,0.0,0.0,0.85,0.0
巴中多乾商贸有限公司,5242,体育用品,0.8736,0.95,否,,1,1,体育器材零售,,体育器材,1.0,1.0,0.85,0.1111
四川渔乐会钓具有限公司,5242,体育用品,0.8736,0.95,否,,1,1,体育用品及器材零售,,体育用品,1.0,1.0,0.85,0.1111
巴中市战狼户外运动有限公司,8930,健身休闲,0.8736,0.95,否,,1,1,户外运动,,户外运动,1.0,1.0,0.85,0.1111
巴中雷老虎健身管理有限公司,8930,健身休闲,0.2125,0.85,否,,1,0,,体育健身,,0.0,0.0,0.85,0.0
巴中无同文化发展有限责任公司,8930,健身休闲,0.8736,0.95,否,,1,1,室内休闲健身服务,,健身服务,1.0,1.0,0.85,0.1111
巴中幼乐教育信息咨询有限公司,8392,体育培训,0.2125,0.85,否,,1,0,,体育培训班,,0.0,0.0,0.85,0.0
巴中金将健美健身服务有限公司,8930,健身休闲,0.8736,0.95,否,,1,1,健美健身服务,,健身服务,1.0,1.0,0.85,0.1111
巴中凰水灵子舞蹈健身有限责任公司,8930,健身休闲,0.2125,0.85,否,,1,0,,健身休闲活动,,0.0,0.0,0.85,0.0
四川赤腾星体育发展有限公司,8930,健身休闲,0.8736,0.95,否,,1,1,体育锻炼健身服务,,健身服务,1.0,1.0,0.85,0.1111
四川劲跑体育用品有限公司,5242,体育用品,0.8736,0.95,否,,1,1,体育用品,,体育用品,1.0,1.0,0.85,0.1111
巴中金悦商贸有限公司,5142,体育用品,0.8736,0.95,否,,1,1,体育用品批发,,体育用品批发,1.0,1.0,0.85,0.1111
巴中培晟商贸有限公司,5242,体育用品,0.8736,0.95,否,,1,1,体育用品零售,,体育用品零售,1.0,1.0,0.85,0.1111
巴中市萌动星瀚篮球俱乐部,8911,体育赛事,0.8736,0.95,否,,1,1,体育竞赛组织,,体育竞赛,1.0,1.0,0.85,0.1111
四川创懿科技有限公司,5142,体育用品,0.2125,0.85,否,,1,0,,体育运动器材,,0.0,0.0,0.85,0.0
四川常胜体育发展有限公司,9052,体育赛事,0.6611,0.9,是,纯跨界（行业代码非体育，文本有体育业务）,1,1,体育赛事策划,,赛事策划,1.0,1.0,0.0,0.1111
巴中市天狼户外运动拓展有限公司,8930,健身休闲,0.8736,0.95,否,,1,1,户外运动服务,,户外运动,1.0,1.0,0.85,0.1111
四川弘羿钓具有限公司,5142,体育用品,0.8736,0.95,否,,1,1,渔具批发,,渔具,1.0,1.0,0.85,0.1111
四川省荣昌益兴商贸有限公司,5142,体育用品,0.8736,0.95,否,,1,1,体育用品及器材批发,,体育用品,1.0,1.0,0.85,0.1111
巴中市诚达教学仪器设备有限公司,5242,体育用品,0.8736,0.95,否,,1,1,体育用品及器材零售,,体育用品,1.0,1.0,0.85,0.1111
巴中市正飞商贸有限公司,5242,体育用品,0.8736,0.95,否,,1,1,办公体育用品零售,,体育用品零售,1.0,1.0,0.85,0.1111
巴中精英体育有限公司,5242,体育用品,0.8736,0.95,否,,1,1,体育用品零售,,体育用品零售,1.0,1.0,0.85,0.1111
巴中康源装饰工程有限公司,5242,体育用品,0.8736,0.95,否,,1,1,体育器材零售,,体育器材,1.0,1.0,0.85,0.1111
巴中嘉鸿体育文化有限公司,5242,体育用品,0.8736,0.95,否,,1,1,零售体育用品,,体育用品,1.0,1.0,0.85,0.1111
巴中市中泰商贸有限责任公司,5242,体育用品,0.8736,0.95,否,,1,1,文化体育用品零售,,体育用品零售,1.0,1.0,0.85,0.1111
巴中市三喜体育用品有限公司,5242,体育用品,0.8736,0.95,否,,1,1,体育用品零售,,体育用品零售,1.0,1.0,0.85,0.1111
四川尚康体育文化发展有限责任公司,8930,健身休闲,0.2125,0.85,否,,1,0,,休闲健身活动,,0.0,0.0,0.85,0.0
巴中市飞鹰体育文化有限公司,8919,健身休闲,0.8736,0.95,否,,1,1,户外运动组织服务,,户外运动,1.0,1.0,0.85,0.1111
巴中战神拓展培训有限公司,8930,健身休闲,0.2125,0.85,否,,1,0,,体能拓展训练,,0.0,0.0,0.85,0.0
巴中鑫盛体育设施有限公司,4892,体育场馆,0.8736,0.95,否,,1,1,室外体育设施施工,,体育设施,1.0,1.0,0.85,0.1111
四川省超神战狼拓展训练有限公司,8930,健身休闲,0.8736,0.95,否,,1,1,户外拓展训练服务,,户外拓展,1.0,1.0,0.85,0.1111
巴中市怡其乐运动文化发展有限公司,5242,体育用品,0.8736,0.95,否,,1,1,体育用品户外用品零售,,体育用品,1.0,1.0,0.85,0.1111
四川超越田径体育俱乐部有限公司,8392,体育培训,0.8736,0.95,否,,1,1,体育培训,,体育培训,1.0,1.0,0.85,0.1111
巴中市陆特拓展训练中心,8919,体育管理,0.8736,0.95,否,,1,1,其他体育组织,,体育组织,1.0,1.0,0.85,0.1111
巴中市拉克利体育俱乐部有限公司,8911,体育赛事,0.8736,0.95,否,,1,1,体育竞赛组织,,体育竞赛,1.0,1.0,0.85,0.1111
四川狂飙越野户外拓展有限公司,5242,体育用品,0.2125,0.85,否,,1,0,,户外用品零售,,0.0,0.0,0.85,0.0
巴中市康健体育文化传播有限责任公司,5242,体育用品,0.8736,0.95,否,,1,1,体育用品零售,,体育用品零售,1.0,1.0,0.85,0.1111
巴中市巴州区新川武体育培训学校有限公司,8392,体育培训,0.8736,0.95,否,,1,1,武术培训,,武术培训,1.0,1.0,0.85,0.1111
巴中恒康体育产业有限公司,9054,体育管理,0.6611,0.9,是,纯跨界（行业代码非体育，文本有体育业务）,1,1,体育组织服务,,体育组织,1.0,1.0,0.0,0.1111
巴中市奥鹏体育用品有限公司,5142,体育用品,0.8736,0.95,否,,1,1,体育器材批发,,体育器材,1.0,1.0,0.85,0.1111
巴中战旗文旅有限公司,8930,健身休闲,0.2125,0.85,否,,1,0,,拓展训练,,0.0,0.0,0.85,0.0
四川山与海体育设施有限公司,5142,体育用品,0.8736,0.95,否,,1,1,体育用品及器材批发,,体育用品,1.0,1.0,0.85,0.1111
四川添意筑梦户外拓展有限公司,8930,健身休闲,0.2125,0.85,否,,1,0,,成人户外体育运动,,0.0,0.0,0.85,0.0
四川省钧顺户外拓展有限公司,8392,体育培训,0.8736,0.95,否,,1,1,体校及体育培训,,体育培训,1.0,1.0,0.85,0.1111
巴中市恩阳区四力商贸有限责任公司,5242,体育用品,0.8736,0.95,否,,1,1,体育用品工艺品零售,,体育用品,1.0,1.0,0.85,0.1111
巴中市金兔兔商贸有限公司,5142,体育用品,0.8736,0.95,否,,1,1,体育用品及器材批发,,体育用品,1.0,1.0,0.85,0.1111
巴中市恩阳区艺鹏培训学校有限公司,8392,体育培训,0.2125,0.85,否,,1,0,,体育美术培训服务,,0.0,0.0,0.85,0.0
巴中市合一瑜伽有限公司,8930,健身休闲,0.8736,0.95,否,,1,1,瑜伽教学培训服务,,瑜伽,1.0,1.0,0.85,0.1111
通江县璧洲体育文化发展有限公司,8919,体育管理,0.2125,0.85,否,,1,0,,体育健康服务,,0.0,0.0,0.85,0.0
四川非凡体育用品有限公司,5242,体育用品,0.8736,0.95,否,,1,1,体育用品零售,,体育用品零售,1.0,1.0,0.85,0.1111
四川省虎竞体育文化发展有限公司,9052,体育赛事,0.6611,0.9,是,纯跨界（行业代码非体育，文本有体育业务）,1,1,组织体育表演活动,,体育表演,1.0,1.0,0.0,0.1111
通江县发明体育场工程服务部,4892,体育场馆,0.8736,0.95,否,,1,1,体育场工程施工,,体育场,1.0,1.0,0.85,0.1111
四川好幸孕健身健美有限公司,8930,健身休闲,0.8736,0.95,否,,1,1,健身服务,,健身服务,1.0,1.0,0.85,0.1111
通江一号室内恒温游泳馆,8921,健身休闲,0.8736,0.95,否,,1,1,游泳室内场所服务,,游泳,1.0,1.0,0.85,0.1111
四川永国体育发展有限公司,7246,体育赛事,0.6611,0.9,是,纯跨界（行业代码非体育，文本有体育业务）,1,1,提供体育赛事策划服务,,赛事策划,1.0,1.0,0.0,0.1111
四川启美体育发展有限公司,8921,体育场馆,0.2125,0.85,否,,1,0,,游泳场管理,,0.0,0.0,0.85,0.0
南江县迈动体育有限责任公司,8930,健身休闲,0.2125,0.85,否,,1,0,,健身休闲活动,,0.0,0.0,0.85,0.0
南江县徜徉文化娱乐有限责任公司,8930,健身休闲,0.2125,0.85,否,,1,0,,健身休闲活动,,0.0,0.0,0.85,0.0
南江弘祥体育运动服务有限公司,8930,健身休闲,0.2125,0.85,否,,1,0,,体育运动服务,,0.0,0.0,0.85,0.0
四川犇逸体育设施工程有限公司,5242,体育用品,0.8736,0.95,否,,1,1,体育用品及器材零售,,体育用品,1.0,1.0,0.85,0.1111
南江竞技体育用品有限公司,5242,体育用品,0.8736,0.95,否,,1,1,体育用品及器材零售,,体育用品,1.0,1.0,0.85,0.1111
南江毅武体育培训学校有限责任公司,8392,体育培训,0.8736,0.95,否,,1,1,武术培训,,武术培训,1.0,1.0,0.85,0.1111
南江篮途体育科技有限公司,8919,体育管理,0.8736,0.95,否,,1,1,体育组织,,体育组织,1.0,1.0,0.85,0.1111
南江启跃体育科技有限公司,5242,体育用品,0.8736,0.95,否,,1,1,体育器材零售,,体育器材,1.0,1.0,0.85,0.1111
南江县俊峰体育有限公司,5242,体育用品,0.8736,0.95,否,,1,1,体育用品零售,,体育用品零售,1.0,1.0,0.85,0.1111
四川巴仁志尚宏塔茗都大酒店有限公司,8930,健身休闲,0.2125,0.85,否,,1,0,,棋牌服务,,0.0,0.0,0.85,0.0
南江博元商贸有限公司,5242,体育用品,0.8736,0.95,否,,1,1,体育用品及器材零售,,体育用品,1.0,1.0,0.85,0.1111
南江飞豹蓝途篮球俱乐部,5242,体育用品,0.8736,0.95,否,,1,1,体育用品及器材零售,,体育用品,1.0,1.0,0.85,0.1111
四川艾尚多户外用品有限公司,5242,体育用品,0.2125,0.85,否,,1,0,,户外用品零售,,0.0,0.0,0.85,0.0
巴中市体育旅游产业投资有限公司,8911,体育赛事,0.8736,0.95,否,,1,1,体育竞赛组织,,体育竞赛,1.0,1.0,0.85,0.1111
巴中市龙滕拾光旅游服务有限公司,8930,健身休闲,0.2125,0.85,否,,1,0,,户外游乐,,0.0,0.0,0.85,0.0
平昌县中试中天台球俱乐部个人独资,8930,健身休闲,0.2125,0.85,否,,1,0,,健身休闲活动,,0.0,0.0,0.85,0.0
平昌县蓓蕾文化用品经营部个人独资,5242,体育用品,0.8736,0.95,否,,1,1,文化体育用品及器材专门零售,,体育用品,1.0,1.0,0.85,0.1111
平昌县运鑫体育俱乐部有限责任公司,9052,体育赛事,0.6611,0.9,是,纯跨界（行业代码非体育，文本有体育业务）,1,1,体育赛事策划,,赛事策划,1.0,1.0,0.0,0.1111
平昌明奥医疗器械有限公司,5242,体育用品,0.8736,0.95,否,,1,1,健身器材零售,,健身器材,1.0,1.0,0.85,0.1111
平昌县金奥体育文化发展有限公司,8911,体育赛事,0.8736,0.95,否,,1,1,体育竞赛组织,,体育竞赛,1.0,1.0,0.85,0.1111
平昌超越体育文化传播有限公司,8911,体育赛事,0.8736,0.95,否,,1,1,体育竞赛组织,,体育竞赛,1.0,1.0,0.85,0.1111
平昌力奥竞技体育俱乐部有限公司,8911,体育赛事,0.8736,0.95,否,,1,1,体育竞赛组织,,体育竞赛,1.0,1.0,0.85,0.1111
巴中劲力达体育用品有限公司,5242,体育用品,0.8736,0.95,否,,1,1,体育用品及器材零售,,体育用品,1.0,1.0,0.85,0.1111
平昌昇昌体育俱乐部有限责任公司,8919,体育管理,0.8736,0.95,否,,1,1,体育组织,,体育组织,1.0,1.0,0.85,0.1111
四川杰冠强民体育设施工程有限公司,4892,体育场馆,0.8736,0.95,否,,1,1,体育设施工程施工,,体育设施,1.0,1.0,0.85,0.1111
巴中市逐梦飞扬体育俱乐部中心,8392,体育培训,0.8736,0.95,否,,1,1,体育教育,,体育教育,1.0,1.0,0.85,0.1111
平昌乐羽体育用品有限责任公司,5142,体育用品,0.8736,0.95,否,,1,1,体育用品批发,,体育用品批发,1.0,1.0,0.85,0.1111
平昌县飞鱼游泳俱乐部有限责任公司,8919,体育赛事,0.8736,0.95,否,,1,1,体育竞赛组织,,体育竞赛,1.0,1.0,0.85,0.1111
巴中市渔马户外用品销售有限责任公司,5142,体育用品,0.8736,0.95,否,,1,1,体育用品批发零售,,体育用品批发,1.0,1.0,0.85,0.1111
平昌县群英体育俱乐部有限公司,8392,体育培训,0.8736,0.95,否,,1,1,体育培训服务,,体育培训,1.0,1.0,0.85,0.1111
四川傲尔未来娱乐有限公司,8912,体育管理,0.2125,0.85,否,,1,0,,游艺娱乐活动,,0.0,0.0,0.85,0.0
巴中市圣博格斗体育俱乐部有限公司,8392,体育培训,0.8736,0.95,否,,1,1,跆拳道培训,,跆拳道培训,1.0,1.0,0.85,0.1111
巴中市俊韬商贸有限公司,5242,体育用品,0.2125,0.85,否,,1,0,,休育用品及器材零售,,0.0,0.0,0.85,0.0
巴中亿齐健体育发展有限公司,8911,体育赛事,0.8736,0.95,否,,1,1,体育赛事承办,,体育赛事,1.0,1.0,0.85,0.1111
巴中紫丁香体育文化发展有限公司,8921,体育场馆,0.8736,0.95,否,,1,1,体育馆管理,,体育馆,1.0,1.0,0.85,0.1111
中电建路桥集团巴中体育发展有限公司,8921,体育场馆,0.8736,0.95,否,,1,1,体育场馆管理,,体育场馆,1.0,1.0,0.85,0.1111
巴中岩柱体育文化发展有限公司,5242,体育用品,0.8736,0.95,否,,1,1,体育用品零售,,体育用品零售,1.0,1.0,0.85,0.1111
简阳鸿鹄奕博体育文化传播有限公司,8911,体育赛事,0.8736,0.95,否,,1,1,体育竞赛组织,,体育竞赛,1.0,1.0,0.85,0.1111
四川国宇体育文化传播有限公司,8911,体育管理,0.2125,0.85,否,,1,0,,nan,,0.0,0.0,0.85,0.0
资阳市火星搏击俱乐部有限公司,8911,体育管理,0.2125,0.85,否,,1,0,,nan,,0.0,0.0,0.85,0.0
资阳市育动体育组织服务有限公司,5242,体育用品,0.8736,0.95,否,,1,1,体育器材零售,,体育器材,1.0,1.0,0.85,0.1111
资阳游学拓展活动有限公司,9052,体育管理,0.6611,0.9,是,纯跨界（行业代码非体育，文本有体育业务）,1,1,体育服务,,体育服务,1.0,1.0,0.0,0.1111
资阳市雁江区东武培训学校有限公司,8392,体育培训,0.8736,0.95,否,,1,1,跆拳道培训,,跆拳道培训,1.0,1.0,0.85,0.1111
四川球侠体育文化传播有限公司,8912,体育管理,0.2125,0.85,否,,1,0,,体育保障组织,,0.0,0.0,0.85,0.0
资阳小虎体育咨询有限公司,7246,体育传媒,0.6611,0.9,是,纯跨界（行业代码非体育，文本有体育业务）,1,1,体育经纪服务,,体育经纪,1.0,1.0,0.0,0.1111
四川资阳市世纪体育文化传播有限公司,8911,体育管理,0.2125,0.85,否,,1,0,,体育保障竞赛组织,,0.0,0.0,0.85,0.0
四川驰骋绿茵体育文化发展有限公司,5242,体育用品,0.8736,0.95,否,,1,1,体育用品零售,,体育用品零售,1.0,1.0,0.85,0.1111
资阳市飞越健身服务有限公司,8930,健身休闲,0.2125,0.85,否,,1,0,,健身休闲活动,,0.0,0.0,0.85,0.0
资阳市锦亿体育赛事策划有限公司,9052,体育赛事,0.6611,0.9,是,纯跨界（行业代码非体育，文本有体育业务）,1,1,体育赛事策划,,赛事策划,1.0,1.0,0.0,0.1111
资阳市康汇美健身服务有限公司,8930,健身休闲,0.2125,0.85,否,,1,0,,健身休闲活动,,0.0,0.0,0.85,0.0
资阳市凌杨健身服务有限公司,8930,健身休闲,0.2125,0.85,否,,1,0,,健身休闲活动,,0.0,0.0,0.85,0.0
四川小男孩体育文化发展有限公司,8911,体育赛事,0.8736,0.95,否,,1,1,体育竞赛组织,,体育竞赛,1.0,1.0,0.85,0.1111
资阳渝胜体育赛事策划有限公司,8911,体育赛事,0.8736,0.95,否,,1,1,体育赛事策划,,赛事策划,1.0,1.0,0.85,0.1111
资阳沱江领航户外运动有限公司,8930,健身休闲,0.2125,0.85,否,,1,0,,健身休闲活动,,0.0,0.0,0.85,0.0
资阳市雁江区精武武术培训学校有限责任公司,8392,体育培训,0.8736,0.95,否,,1,1,体育培训,,体育培训,1.0,1.0,0.85,0.1111
资阳市涌鑫拓展训练有限公司,8930,健身休闲,0.2125,0.85,否,,1,0,,体能拓展训练服务,,0.0,0.0,0.85,0.0
四川蜀雁体育文化发展有限公司,8911,体育赛事,0.8736,0.95,否,,1,1,体育竞赛组织,,体育竞赛,1.0,1.0,0.85,0.1111
资阳鹏翔体育文化发展有限公司,5242,体育用品,0.8736,0.95,否,,1,1,体育用品零售,,体育用品零售,1.0,1.0,0.85,0.1111
资阳市红宜优品户外用品有限公司,5242,体育用品,0.8736,0.95,否,,1,1,零售体育用品,,体育用品,1.0,1.0,0.85,0.1111
四川博旅体育文化发展有限公司,5242,体育用品,0.8736,0.95,否,,1,1,体育用品零售,,体育用品零售,1.0,1.0,0.85,0.1111
四川省资阳市浮世健身服务有限责任公司,8930,健身休闲,0.2125,0.85,否,,1,0,,健身休闲活动,,0.0,0.0,0.85,0.0
资阳斯博体育文化传播有限公司,8392,体育培训,0.8736,0.95,否,,1,1,体育培训,,体育培训,1.0,1.0,0.85,0.1111
资阳锐锋钓鱼运动用品有限公司,5242,体育用品,0.8736,0.95,否,,1,1,渔具零售,,渔具,1.0,1.0,0.85,0.1111
资阳拳道健身服务有限公司,8930,健身休闲,0.2125,0.85,否,,1,0,,文化体育活动,,0.0,0.0,0.85,0.0
资阳爱尚健身有限公司,8930,健身休闲,0.2125,0.85,否,,1,0,,健身休闲服务,,0.0,0.0,0.85,0.0
资阳市恩多加健身服务有限公司,8930,健身休闲,0.2125,0.85,否,,1,0,,健身休闲活动,,0.0,0.0,0.85,0.0
资阳探索体育场馆管理有限公司,8921,体育场馆,0.8736,0.95,否,,1,1,体育场地设施经营,,体育场地设施,1.0,1.0,0.85,0.1111
资阳玖零探索健身服务有限公司,8930,健身休闲,0.8736,0.95,否,,1,1,健身服务,,健身服务,1.0,1.0,0.85,0.1111
资阳市壹柒体育赛事策划有限责任公司,8911,体育赛事,0.8736,0.95,否,,1,1,体育赛事策划,,赛事策划,1.0,1.0,0.85,0.1111
资阳市垚尘瑜伽健身有限公司,8930,健身休闲,0.2125,0.85,否,,1,0,,健身休闲活动,,0.0,0.0,0.85,0.0
资阳翼飞体育俱乐部有限公司,8919,体育管理,0.2125,0.85,否,,1,0,,组织体育活动,,0.0,0.0,0.85,0.0
四川鑫阳机械设备租赁有限公司,8930,健身休闲,0.2125,0.85,否,,1,0,,健身休闲活动,,0.0,0.0,0.85,0.0
资阳市时代劲享体育文化发展有限公司,8911,体育赛事,0.8736,0.95,否,,1,1,体育竞赛组织,,体育竞赛,1.0,1.0,0.85,0.1111
四川顺汇商贸有限公司,5242,体育用品,0.8736,0.95,否,,1,1,体育器材零售,,体育器材,1.0,1.0,0.85,0.1111
四川金钻钓具有限责任公司,5142,体育用品,0.8736,0.95,否,,1,1,体育用品及器材批发,,体育用品,1.0,1.0,0.85,0.1111
四川新胜渔具有限公司,2449,体育用品,0.8736,0.95,否,,1,1,渔具加工,,渔具,1.0,1.0,0.85,0.1111
安岳安硕体育用品有限责任公司,2449,体育用品,0.8736,0.95,否,,1,1,其他体育用品制造,,体育用品制造,1.0,1.0,0.85,0.1111
安岳慕依洋服饰有限公司,1821,体育用品,0.2125,0.85,否,,1,0,,运动休闲针织服装制造,,0.0,0.0,0.85,0.0
四川比优特服装有限公司,1821,体育用品,0.2125,0.85,否,,1,0,,服装制造,,0.0,0.0,0.85,0.0
四川安好体育用品有限公司,5142,体育用品,0.8736,0.95,否,,1,1,体育用品及器材批发,,体育用品,1.0,1.0,0.85,0.1111
四川骄乐知服饰有限公司,1821,体育用品,0.2125,0.85,否,,1,0,,运动休闲针织服装制造,,0.0,0.0,0.85,0.0
四川星航体育发展有限公司,8911,体育赛事,0.8736,0.95,否,,1,1,体育竞赛组织,,体育竞赛,1.0,1.0,0.85,0.1111
资阳东晟商贸有限公司,5142,体育用品,0.8736,0.95,否,,1,1,文化体育用品及器材批发,,体育用品,1.0,1.0,0.85,0.1111
安岳县翔龙武术培训学校有限公司,8392,体育培训,0.8736,0.95,否,,1,1,武术培训,,武术培训,1.0,1.0,0.85,0.1111
安岳县安博体育运动有限公司,5242,体育用品,0.8736,0.95,否,,1,1,体育用品器材零售,,体育用品,1.0,1.0,0.85,0.1111
四川佳雅体育设施工程有限公司,5242,体育用品,0.8736,0.95,否,,1,1,体育用品及器材零售,,体育用品,1.0,1.0,0.85,0.1111
四川捷泰户外运动有限公司,8930,健身休闲,0.2125,0.85,否,,1,0,,健身休闲活动,,0.0,0.0,0.85,0.0
安岳县北之斗跆拳道培训学校有限公司,8392,体育培训,0.8736,0.95,否,,1,1,跆拳道培训,,跆拳道培训,1.0,1.0,0.85,0.1111
四川蔚蓝体育文化传播有限公司,8930,健身休闲,0.8847,0.95,否,,1,1,游泳健身体育服务,,游泳; 体育服务,1.0,1.0,0.85,0.2222
四川中兴富强科技有限公司,5242,体育用品,0.8736,0.95,否,,1,1,零售体育用品,,体育用品,1.0,1.0,0.85,0.1111
安岳逸梵文化传播有限公司,8930,健身休闲,0.2125,0.85,否,,1,0,,瑜珈运动全民健身活动,,0.0,0.0,0.85,0.0
安岳南桥农牧科技有限公司,8930,健身休闲,0.2125,0.85,否,,1,0,,体育健身,,0.0,0.0,0.85,0.0
四川风行户外拓展有限公司,8930,健身休闲,0.2125,0.85,否,,1,0,,体验式拓展活动服务,,0.0,0.0,0.85,0.0
资阳自由军羽毛球俱乐部有限公司,8930,健身休闲,0.2125,0.85,否,,1,0,,健身休闲活动,,0.0,0.0,0.85,0.0
四川超能星体育发展有限公司,8911,体育赛事,0.8736,0.95,否,,1,1,体育竞赛组织,,体育竞赛,1.0,1.0,0.85,0.1111
安岳县致城体育发展有限公司,8930,健身休闲,0.8736,0.95,否,,1,1,健身服务,,健身服务,1.0,1.0,0.85,0.1111
安岳县未来精英文化艺术培训学校有限公司,8392,体育培训,0.8736,0.95,否,,1,1,体育培训,,体育培训,1.0,1.0,0.85,0.1111
安岳红杉体育运动有限公司,8919,体育管理,0.8736,0.95,否,,1,1,体育组织,,体育组织,1.0,1.0,0.85,0.1111
四川凯铃体育有限公司,8911,体育管理,0.8736,0.95,否,,1,1,体育组织,,体育组织,1.0,1.0,0.85,0.1111
四川嘉南丽商贸有限公司,5242,体育用品,0.8736,0.95,否,,1,1,体育用品零售,,体育用品零售,1.0,1.0,0.85,0.1111
安岳星动健身有限公司,8930,健身休闲,0.2125,0.85,否,,1,0,,健身锻炼服务,,0.0,0.0,0.85,0.0
四川战地狼拓展运动有限公司,8930,健身休闲,0.2125,0.85,否,,1,0,,体验式拓展活动及策划,,0.0,0.0,0.85,0.0
安岳悦好企业管理咨询有限公司,5142,体育用品,0.8736,0.95,否,,1,1,体育用品及器材批发,,体育用品,1.0,1.0,0.85,0.1111
四川省方顺教学设备有限公司,2916,体育用品,0.6611,0.9,是,纯跨界（行业代码非体育，文本有体育业务）,1,1,塑胶跑道生产,,塑胶跑道,1.0,1.0,0.0,0.1111
四川宝森体育文化有限公司,8930,健身休闲,0.2125,0.85,否,,1,0,,健身咨询,,0.0,0.0,0.85,0.0
安岳县李哥渔具超市,5242,体育用品,0.8736,0.95,否,,1,1,渔具零售,,渔具,1.0,1.0,0.85,0.1111
安岳九度体育用品有限公司,5142,体育用品,0.8736,0.95,否,,1,1,体育用品批发,,体育用品批发,1.0,1.0,0.85,0.1111
四川鑫尚路鞋业有限公司,2442,体育用品,0.8736,0.95,否,,1,1,运动器材生产制造,,运动器材,1.0,1.0,0.85,0.1111
四川省洪嘉体育发展有限责任公司,8911,体育管理,0.2125,0.85,否,,1,0,,nan,,0.0,0.0,0.85,0.0
四川佰佳体育文化发展有限责任公司,8911,体育管理,0.2125,0.85,否,,1,0,,nan,,0.0,0.0,0.85,0.0
四川省壹杆娱乐有限责任公司,8930,健身休闲,0.2125,0.85,否,,1,0,,nan,,0.0,0.0,0.85,0.0
乐至县潮玩健身俱乐部,8930,健身休闲,0.2125,0.85,否,,1,0,,nan,,0.0,0.0,0.85,0.0
乐至县天池镇承嗣培训学校有限公司,8392,体育培训,0.2125,0.85,否,,1,0,,非学历体育类培训,,0.0,0.0,0.85,0.0
乐至县天池许武武道培训学校有限公司,8392,体育培训,0.2125,0.85,否,,1,0,,非学历体育类培训,,0.0,0.0,0.85,0.0
乐至县绿知岛体育文化传播有限责任公司,8930,健身休闲,0.2125,0.85,否,,1,0,,体育健身活动,,0.0,0.0,0.85,0.0
乐至县天池镇恒心武术培训学校有限公司,8392,体育培训,0.2125,0.85,否,,1,0,,非学历体育类培训,,0.0,0.0,0.85,0.0
乐至县晗翰体育有限责任公司,8921,体育场馆,0.8736,0.95,否,,1,1,体育场馆管理服务,,体育场馆,1.0,1.0,0.85,0.1111
乐至县帅城信鸽俱乐部,8911,体育管理,0.2125,0.85,否,,1,0,,信鸽信翔竞赛活动,,0.0,0.0,0.85,0.0
乐至县天池镇奥沙培训学校有限公司,8392,体育培训,0.8736,0.95,否,,1,1,少儿体育培训,,体育培训,1.0,1.0,0.85,0.1111
乐至县博美健身俱乐部有限公司,8930,健身休闲,0.8736,0.95,否,,1,1,游泳运动,,游泳,1.0,1.0,0.85,0.1111
乐至县石湍镇景秀茶楼,8930,健身休闲,0.2125,0.85,否,,1,0,,棋牌室服务,,0.0,0.0,0.85,0.0
乐至县良安镇蓉华渔具经营店,5242,体育用品,0.8736,0.95,否,,1,1,渔具零售,,渔具,1.0,1.0,0.85,0.1111
四川帅府航空体育运动有限责任公司,9052,体育赛事,0.6611,0.9,是,纯跨界（行业代码非体育，文本有体育业务）,1,1,组织体育表演活动,,体育表演,1.0,1.0,0.0,0.1111
四川宏旺拓展训练有限公司,8392,体育培训,0.2125,0.85,否,,1,0,,运动体能培训,,0.0,0.0,0.85,0.0
乐至县拓康体育用品有限公司,5242,体育用品,0.8736,0.95,否,,1,1,体育用品及器材零售,,体育用品,1.0,1.0,0.85,0.1111
资阳院子里体育文化发展有限公司,8930,健身休闲,0.8736,0.95,否,,1,1,台球为主室内娱乐活动,,台球,1.0,1.0,0.85,0.1111
资阳益兴教育体育发展有限公司,8921,体育场馆,0.8736,0.95,否,,1,1,体育场馆管理,,体育场馆,1.0,1.0,0.85,0.1111
资阳益兴体育培训学校有限公司,8392,体育培训,0.8736,0.95,否,,1,1,体育教育培训,,体育教育,1.0,1.0,0.85,0.1111
资阳市雁江区弘武堂培训学校有限公司,8392,体育培训,0.8736,0.95,否,,1,1,体育培训,,体育培训,1.0,1.0,0.85,0.1111
四川柏灵健身服务有限公司,8930,健身休闲,0.2125,0.85,否,,1,0,,健身休闲,,0.0,0.0,0.85,0.0
资阳市宏科休闲健身活动有限公司,8921,体育场馆,0.8736,0.95,否,,1,1,体育场馆服务,,体育场馆,1.0,1.0,0.85,0.1111
四川晋洋体育文化发展有限公司,8911,体育赛事,0.8736,0.95,否,,1,1,体育竞赛组织,,体育竞赛,1.0,1.0,0.85,0.1111
资阳市奥腾体育文化发展有限公司,8930,健身休闲,0.2125,0.85,否,,1,0,,以健身为主的企业,,0.0,0.0,0.85,0.0
四川腾熙商贸有限公司,5142,体育用品,0.8736,0.95,否,,1,1,体育用品批发,,体育用品批发,1.0,1.0,0.85,0.1111
资阳市律燃健身服务有限责任公司,8930,健身休闲,0.8736,0.95,否,,1,1,健身服务,,健身服务,1.0,1.0,0.85,0.1111
四川风义足球俱乐部服务有限公司,8911,体育赛事,0.8736,0.95,否,,1,1,体育竞赛组织,,体育竞赛,1.0,1.0,0.85,0.1111
资阳市型领行体育文化传播有限责任公司,8930,健身休闲,0.2125,0.85,否,,1,0,,健身休闲活动,,0.0,0.0,0.85,0.0
资阳市炙坤足球俱乐部有限公司,8911,体育用品,0.8736,0.95,否,,1,1,足球俱乐部组织的活动,,足球,1.0,1.0,0.85,0.1111
资阳市一路阳光体育用品有限公司,5242,体育用品,0.8736,0.95,否,,1,1,体育用品零售,,体育用品零售,1.0,1.0,0.85,0.1111
资阳市旭星东体育文化发展有限责任公司,9052,体育管理,0.6611,0.9,是,纯跨界（行业代码非体育，文本有体育业务）,1,1,体育服务,,体育服务,1.0,1.0,0.0,0.1111
四川馨方向乡村旅游有限公司,8930,健身休闲,0.2125,0.85,否,,1,0,,休闲观光活动,,0.0,0.0,0.85,0.0
资阳市旭诚体育文化发展有限责任公司,8911,体育赛事,0.8736,0.95,否,,1,1,体育竞赛组织,,体育竞赛,1.0,1.0,0.85,0.1111
阿坝州恩波体育文化传播有限公司,8912,体育管理,0.2125,0.85,否,,1,0,,体育保障组织,,0.0,0.0,0.85,0.0
四川森格体育俱乐部有限公司,8930,健身休闲,0.2125,0.85,否,,1,0,,健身休闲服务,,0.0,0.0,0.85,0.0
汶川县汶山文化旅游发展有限公司,8930,健身休闲,0.8736,0.95,否,,1,1,滑雪类运动全面健身活动,,滑雪,1.0,1.0,0.85,0.1111
汶川博远体能拓展训练服务有限公司,8392,体育培训,0.8736,0.95,否,,1,1,体能训练服务,,体能训练,1.0,1.0,0.85,0.1111
汶川县藏寨三江漂流有限公司,8930,健身休闲,0.8736,0.95,否,,1,1,漂流服务,,漂流,1.0,1.0,0.85,0.1111
理县孟屯河谷滑雪场有限公司,8930,健身休闲,0.2125,0.85,否,,1,0,,休闲滑雪运动,,0.0,0.0,0.85,0.0
理县鹧鸪山自然公园开发有限责任公司,8930,体育场馆,0.8736,0.95,否,,1,1,为游客滑雪场所服务,,滑雪场,1.0,1.0,0.85,0.1111
四川孟屯河谷旅游开发有限公司,8930,健身休闲,0.2125,0.85,否,,1,0,,旅游服务,,0.0,0.0,0.85,0.0
阿坝州聚友商贸有限公司,5242,体育用品,0.2125,0.85,否,,1,0,,批发和零售业文化,,0.0,0.0,0.85,0.0
理县登脊户外登山运动服务有限责任公司,5142,体育用品,0.8736,0.95,否,,1,1,体育用品批发,,体育用品批发,1.0,1.0,0.85,0.1111
理县毕棚沟半脊峰户外运动服务有限公司,8930,健身休闲,0.8736,0.95,否,,1,1,户外运动服务,,户外运动,1.0,1.0,0.85,0.1111
阿坝太子岭投资有限公司,8930,体育场馆,0.8736,0.95,否,,1,1,经营滑雪场,,滑雪场,1.0,1.0,0.85,0.1111
阿坝州卓劲体育俱乐部有限公司,8930,健身休闲,0.2125,0.85,否,,1,0,,俱乐部服务,,0.0,0.0,0.85,0.0
阿坝州深旅户外运动有限公司,8911,体育赛事,0.8736,0.95,否,,1,1,文化体育和娱乐业体育竞赛组织,,体育竞赛,1.0,1.0,0.85,0.1111
松潘迷藏户外旅游运动有限责任公司,8930,健身休闲,0.2125,0.85,否,,1,0,,休闲健身活动,,0.0,0.0,0.85,0.0
九寨沟县旭露悦跑体育赛事策划有限责任公司,8911,体育赛事,0.8736,0.95,否,,1,1,体育竞赛组织,,体育竞赛,1.0,1.0,0.85,0.1111
九寨沟县沐道体育培训有限公司,8392,体育培训,0.2125,0.85,否,,1,0,,文化教育培训,,0.0,0.0,0.85,0.0
九寨沟县野谷户外运动有限公司,8930,健身休闲,0.2125,0.85,否,,1,0,,健身休闲活动,,0.0,0.0,0.85,0.0
九寨沟县弘智体育发展有限公司,5242,体育用品,0.8736,0.95,否,,1,1,体育用品及器材零售,,体育用品,1.0,1.0,0.85,0.1111
九寨沟县恒俊广场管理有限公司,8921,体育场馆,0.8736,0.95,否,,1,1,体育场地设施管理,,体育场地设施,1.0,1.0,0.85,0.1111
小金县横断秘境探索户外运动有限公司,8930,健身休闲,0.2125,0.85,否,,1,0,,户外活动服务,,0.0,0.0,0.85,0.0
小金县克古户外运动有限责任公司,8930,健身休闲,0.2125,0.85,否,,1,0,,户外活动,,0.0,0.0,0.85,0.0
四川金点健康管理有限公司,8930,健身休闲,0.2125,0.85,否,,1,0,,建身活动,,0.0,0.0,0.85,0.0
小金县寻岩户外运动有限责任公司,8912,体育管理,0.2125,0.85,否,,1,0,,体育保障组织,,0.0,0.0,0.85,0.0
小金凯途户外运动有限责任公司,8930,健身休闲,0.8736,0.95,否,,1,1,户外运动管理服务,,户外运动,1.0,1.0,0.85,0.1111
小金县遇见户外运动有限公司,8911,健身休闲,0.8736,0.95,否,,1,1,登山攀岩俱乐部服务,,登山; 攀岩,1.0,1.0,0.85,0.1111
小金县青创户外运动有限公司,8911,健身休闲,0.8736,0.95,否,,1,1,登山攀岩俱乐部服务,,登山; 攀岩,1.0,1.0,0.85,0.1111
小金县觅迹户外运动有限责任公司,8919,体育管理,0.8736,0.95,否,,1,1,体育组织,,体育组织,1.0,1.0,0.85,0.1111
小金路遥遥户外运动有限公司,8919,体育管理,0.8736,0.95,否,,1,1,基层体育组织服务,,体育组织,1.0,1.0,0.85,0.1111
四川足源探索营地户外运动有限责任公司,8911,健身休闲,0.8736,0.95,否,,1,1,登山攀岩俱乐部服务,,登山; 攀岩,1.0,1.0,0.85,0.1111
小金县流浪迹户外运动有限责任公司,8919,健身休闲,0.8736,0.95,否,,1,1,户外运动的组织与服务,,户外运动,1.0,1.0,0.85,0.1111
小金县长坪村马匹服务有限公司,8930,健身休闲,0.2125,0.85,否,,1,0,,马匹服务,,0.0,0.0,0.85,0.0
小金县漫步云端户外运动有限公司,8930,健身休闲,0.8736,0.95,否,,1,1,攀岩服务,,攀岩,1.0,1.0,0.85,0.1111
四川省雪山之巅户外运动有限责任公司,8930,健身休闲,0.2125,0.85,否,,1,0,,户外体育运动,,0.0,0.0,0.85,0.0
小金县山野登山户外运动有限责任公司,8930,健身休闲,0.2125,0.85,否,,1,0,,健身休闲活动,,0.0,0.0,0.85,0.0
小金县嘛呢寨户外运动有限责任公司,8911,健身休闲,0.8736,0.95,否,,1,1,登山攀岩俱乐部服务,,登山; 攀岩,1.0,1.0,0.85,0.1111
四川省小金县田四哥户外运动有限责任公司,8919,健身休闲,0.8736,0.95,否,,1,1,户外运动组织,,户外运动,1.0,1.0,0.85,0.1111
阿坝州木耳在户外运动有限责任公司,8930,健身休闲,0.2125,0.85,否,,1,0,,体育健身,,0.0,0.0,0.85,0.0
阿坝州川藏旅游服务有限责任公司,8911,体育管理,0.2125,0.85,否,,1,0,,旅行社及相关服务,,0.0,0.0,0.85,0.0
阿坝州阿坝县卡雅拿达体育发展有限公司,8930,健身休闲,0.2125,0.85,否,,1,0,,健身休闲活动,,0.0,0.0,0.85,0.0
阿坝空中客体育发展有限责任公司,8930,健身休闲,0.2125,0.85,否,,1,0,,健身休闲活动,,0.0,0.0,0.85,0.0
阿坝县恩诚办公体育设备有限公司,5142,体育用品,0.8736,0.95,否,,1,1,体育用品及器材批发,,体育用品,1.0,1.0,0.85,0.1111
阿坝县舞儿巴桑体育俱乐部有限公司,8911,体育赛事,0.8736,0.95,否,,1,1,体育竞赛组织,,体育竞赛,1.0,1.0,0.85,0.1111
阿坝县玛卿民俗体育娱乐项目有限责任公司,8911,体育赛事,0.8736,0.95,否,,1,1,体育竞赛组织,,体育竞赛,1.0,1.0,0.85,0.1111
若尔盖阿诺体育发展有限公司,9052,体育赛事,0.6611,0.9,是,纯跨界（行业代码非体育，文本有体育业务）,1,1,体育表演服务,,体育表演,1.0,1.0,0.0,0.1111
阿坝州朗界体育发展有限公司,8911,体育赛事,0.8736,0.95,否,,1,1,体育竞赛组织,,体育竞赛,1.0,1.0,0.85,0.1111
红原县马场马术俱乐部坊（个人独资）,8911,体育管理,0.2125,0.85,否,,1,0,,游艺娱乐活动,,0.0,0.0,0.85,0.0
红原县虎头山体育航空运动有限责任公司,5623,体育场馆,0.6611,0.9,是,纯跨界（行业代码非体育，文本有体育业务）,1,1,体育场地设施经营,,体育场地设施,1.0,1.0,0.0,0.1111
康定市迪乐尼电玩有限公司,8912,体育管理,0.2125,0.85,否,,1,0,,游艺娱乐活动,,0.0,0.0,0.85,0.0
甘孜州鄂康商贸有限公司,5242,体育用品,0.8736,0.95,否,,1,1,体育用品零售,,体育用品零售,1.0,1.0,0.85,0.1111
甘孜州劲驰体育发展有限公司,8911,体育赛事,0.8736,0.95,否,,1,1,体育赛事的活动组织,,体育赛事,1.0,1.0,0.85,0.1111
甘孜州大蓉和职业技能培训学校有限公司,8392,体育培训,0.2125,0.85,否,,1,0,,职业技能培训服务,,0.0,0.0,0.85,0.0
康定市源魔电玩有限公司,8912,体育管理,0.2125,0.85,否,,1,0,,游艺娱乐活动,,0.0,0.0,0.85,0.0
甘孜州先行者户外运动服务有限责任公司,8930,健身休闲,0.8736,0.95,否,,1,1,户外运动服务,,户外运动,1.0,1.0,0.85,0.1111
甘孜州墨山体育文化有限责任公司,5242,体育用品,0.8736,0.95,否,,1,1,体育用品零售,,体育用品零售,1.0,1.0,0.85,0.1111
甘孜州绿道体育文化传播有限责任公司,8930,健身休闲,0.2125,0.85,否,,1,0,,打拳健身训练,,0.0,0.0,0.85,0.0
道孚康巴体育产业发展有限公司,8911,体育赛事,0.8736,0.95,否,,1,1,体育竞赛组织,,体育竞赛,1.0,1.0,0.85,0.1111
新龙县瞻碓体育发展有限责任公司,8930,健身休闲,0.2125,0.85,否,,1,0,,娱乐服务,,0.0,0.0,0.85,0.0
石渠县万马飞驰马术体育赛事策划有限公司,9052,健身休闲,0.6611,0.9,是,纯跨界（行业代码非体育，文本有体育业务）,1,1,马术策划,,马术,1.0,1.0,0.0,0.1111
色达县岗亚体育俱乐部有限责任公司,8911,体育赛事,0.8736,0.95,否,,1,1,体育竞赛组织,,体育竞赛,1.0,1.0,0.85,0.1111
理塘县最野赛道体育俱乐部有限公司,8911,体育管理,0.2125,0.85,否,,1,0,,体育和娱乐业,,0.0,0.0,0.85,0.0
西昌市爱酷拓展训练有限公司,8930,健身休闲,0.2125,0.85,否,,1,0,,健身休闲活动,,0.0,0.0,0.85,0.0
凉山州武力拳开体育文化发展有限公司,8911,体育管理,0.2125,0.85,否,,1,0,,体育和娱乐业,,0.0,0.0,0.85,0.0
凉山州达卫泰拳健身有限责任公司,8930,健身休闲,0.2125,0.85,否,,1,0,,健身休闲活动,,0.0,0.0,0.85,0.0
西昌市乔氏体育文化发展有限公司,8919,体育用品,0.8736,0.95,否,,1,1,运动服装零售,,运动服装,1.0,1.0,0.85,0.1111
凉山文源耀武体育发展有限公司,8911,体育赛事,0.8736,0.95,否,,1,1,体育竞赛组织,,体育竞赛,1.0,1.0,0.85,0.1111
西昌云虎体育文化传播有限公司,8911,体育赛事,0.8736,0.95,否,,1,1,体育竞赛组织,,体育竞赛,1.0,1.0,0.85,0.1111
凉山州兴羽韵动体育发展有限公司,8911,体育赛事,0.8736,0.95,否,,1,1,体育竞赛组织,,体育竞赛,1.0,1.0,0.85,0.1111
四川搏动之火体育发展有限责任公司,8911,体育赛事,0.8736,0.95,否,,1,1,体育赛事策划,,赛事策划,1.0,1.0,0.85,0.1111
凉山州辉耀特训营拓展训练有限责任公司,8930,健身休闲,0.2125,0.85,否,,1,0,,健身休闲活动,,0.0,0.0,0.85,0.0
凉山捷冠体育发展有限公司,8911,体育赛事,0.8736,0.95,否,,1,1,体育竞赛组织,,体育竞赛,1.0,1.0,0.85,0.1111
凉山州锐翔足球俱乐部有限公司,8911,体育赛事,0.8736,0.95,否,,1,1,体育健康服务体育赛事策划,,赛事策划,1.0,1.0,0.85,0.1111
凉山晨明体育文化传播有限公司,8911,体育赛事,0.8736,0.95,否,,1,1,体育竞赛组织,,体育竞赛,1.0,1.0,0.85,0.1111
西昌市乒柏体育有限公司,8911,体育赛事,0.8736,0.95,否,,1,1,体育竞赛组织,,体育竞赛,1.0,1.0,0.85,0.1111
凉山众鼎欣体育发展有限公司,8929,体育场馆,0.8736,0.95,否,,1,1,体育场地设施经营,,体育场地设施,1.0,1.0,0.85,0.1111
凉山精鹰体育俱乐部有限公司,8911,体育赛事,0.8736,0.95,否,,1,1,体育竞赛组织,,体育竞赛,1.0,1.0,0.85,0.1111
凉山州达健体育文化发展有限公司,8919,体育管理,0.2125,0.85,否,,1,0,,体育保障组织,,0.0,0.0,0.85,0.0
凉山晨曦体育俱乐部有限公司,8911,体育赛事,0.8736,0.95,否,,1,1,体育竞赛组织,,体育竞赛,1.0,1.0,0.85,0.1111
西昌市旋风小子体育俱乐部个人独资,8911,体育赛事,0.8736,0.95,否,,1,1,体育竞赛组织,,体育竞赛,1.0,1.0,0.85,0.1111
凉山州征途户外拓展有限责任公司,8919,体育培训,0.8736,0.95,否,,1,1,体育培训,,体育培训,1.0,1.0,0.85,0.1111
凉山紫荆体育发展有限责任公司,8911,体育赛事,0.8736,0.95,否,,1,1,体育竞赛组织,,体育竞赛,1.0,1.0,0.85,0.1111
西昌速风体育俱乐部有限公司,8911,体育赛事,0.8736,0.95,否,,1,1,体育竞赛组织,,体育竞赛,1.0,1.0,0.85,0.1111
凉山州鸠惹体育文化发展有限责任公司,8919,体育管理,0.2125,0.85,否,,1,0,,体育和娱乐业,,0.0,0.0,0.85,0.0
凉山鹰足连体育文化发展有限公司,8919,体育赛事,0.8736,0.95,否,,1,1,体育竞赛组织,,体育竞赛,1.0,1.0,0.85,0.1111
凉山州益本体育文化发展有限责任公司,8919,体育管理,0.2125,0.85,否,,1,0,,组织文化艺术交流活动,,0.0,0.0,0.85,0.0
西昌大通体育文化发展有限公司,8919,体育管理,0.2125,0.85,否,,1,0,,体育健康服务,,0.0,0.0,0.85,0.0
西昌市依然瑜伽健身有限责任公司,8930,健身休闲,0.2125,0.85,否,,1,0,,健身休闲活动,,0.0,0.0,0.85,0.0
西昌市莘蒙体育俱乐部有限责任公司,8911,体育赛事,0.8736,0.95,否,,1,1,体育竞赛组织,,体育竞赛,1.0,1.0,0.85,0.1111
西昌市绿荫篮球俱乐部有限公司,8911,体育赛事,0.8736,0.95,否,,1,1,体育竞赛组织,,体育竞赛,1.0,1.0,0.85,0.1111
西昌市衡达体育发展合伙企业有限合伙,8911,体育赛事,0.8736,0.95,否,,1,1,体育竞赛组织,,体育竞赛,1.0,1.0,0.85,0.1111
凉山州明诚体育文化发展有限公司,8911,体育赛事,0.8736,0.95,否,,1,1,体育竞赛组织,,体育竞赛,1.0,1.0,0.85,0.1111
凉山州山径行体育赛事策划有限公司,7246,体育管理,0.6611,0.9,是,纯跨界（行业代码非体育，文本有体育业务）,1,1,体育咨询,,体育咨询,1.0,1.0,0.0,0.1111
凉山州阳一夫文化创意有限责任公司,8919,健身休闲,0.8736,0.95,否,,1,1,户外运动的组织,,户外运动,1.0,1.0,0.85,0.1111
凉山州搏冠体育俱乐部有限责任公司,5242,体育用品,0.8736,0.95,否,,1,1,体育用品零售,,体育用品零售,1.0,1.0,0.85,0.1111
凉山州卓识体育文化推广有限公司,5142,体育用品,0.8736,0.95,否,,1,1,体育用品及器材批发,,体育用品,1.0,1.0,0.85,0.1111
西昌英思达物贸有限责任公司,5142,体育用品,0.8736,0.95,否,,1,1,体育用品批发,,体育用品批发,1.0,1.0,0.85,0.1111
凉山州火焰蓝消防安全技术服务有限公司,8392,体育培训,0.8736,0.95,否,,1,1,体育培训,,体育培训,1.0,1.0,0.85,0.1111
四川一叶堑坤人力资源有限公司,8392,体育培训,0.2125,0.85,否,,1,0,,其他人力资源服务,,0.0,0.0,0.85,0.0
西昌市融创体育文化发展有限公司,8921,体育场馆,0.8736,0.95,否,,1,1,室内游泳馆,,游泳馆,1.0,1.0,0.85,0.1111
凉山州捷翔拓展训练有限公司,8930,健身休闲,0.2125,0.85,否,,1,0,,健身休闲,,0.0,0.0,0.85,0.0
西昌市昆虹商贸有限公司,5142,体育用品,0.2125,0.85,否,,1,0,,医用品及器材批发,,0.0,0.0,0.85,0.0
西昌市畅飞渔用品经营部,5242,体育用品,0.8736,0.95,否,,1,1,体育用品及器材零售,,体育用品,1.0,1.0,0.85,0.1111
凉山吉时商贸有限公司,5242,体育用品,0.8736,0.95,否,,1,1,体育用品零售,,体育用品零售,1.0,1.0,0.85,0.1111
西昌市星炫电竞俱乐部,8911,体育赛事,0.8736,0.95,否,,1,1,体育竞赛组织,,体育竞赛,1.0,1.0,0.85,0.1111
西昌雄冠体育发展有限公司,8930,健身休闲,0.2125,0.85,否,,1,0,,体育项目,,0.0,0.0,0.85,0.0
凉山州夏琰舞蹈健身有限公司,8930,健身休闲,0.2125,0.85,否,,1,0,,体育活动,,0.0,0.0,0.85,0.0
凉山州鑫诺体育用品有限公司,5242,体育用品,0.8736,0.95,否,,1,1,体育用品,,体育用品,1.0,1.0,0.85,0.1111
西昌新澳森时尚健身有限公司,5242,体育用品,0.8736,0.95,否,,1,1,体育用品及器材零售,,体育用品,1.0,1.0,0.85,0.1111
凉山州薪煜体育文化有限公司,8991,体育管理,0.6611,0.9,是,纯跨界（行业代码非体育，文本有体育业务）,1,1,体育文化活动推广服务,,体育文化,1.0,1.0,0.0,0.1111
凉山州咏威体育发展有限责任公司,9052,体育管理,0.6611,0.9,是,纯跨界（行业代码非体育，文本有体育业务）,1,1,体育服务,,体育服务,1.0,1.0,0.0,0.1111
西昌金亚体育文化发展有限责任公司,8912,体育管理,0.8736,0.95,否,,1,1,金亚体育文化发展,,体育文化,1.0,1.0,0.85,0.1111
西昌市畅游体育文化推广有限公司,5242,体育用品,0.8736,0.95,否,,1,1,体育器材零售,,体育器材,1.0,1.0,0.85,0.1111
四川大魔方体育文化传播有限公司,8930,健身休闲,0.2125,0.85,否,,1,0,,健身休闲活动,,0.0,0.0,0.85,0.0
凉山州波动体育文化发展有限公司,8392,体育培训,0.8736,0.95,否,,1,1,体育培训,,体育培训,1.0,1.0,0.85,0.1111
凉山州金蟾体育文化传播有限责任公司,8991,健身休闲,0.6611,0.9,是,纯跨界（行业代码非体育，文本有体育业务）,1,1,台球活动,,台球,1.0,1.0,0.0,0.1111
凉山州风向标体育文化有限公司,5242,体育用品,0.8736,0.95,否,,1,1,文化体育用品零售,,体育用品零售,1.0,1.0,0.85,0.1111
西昌圣丰商贸有限公司,5142,体育用品,0.2125,0.85,否,,1,0,,麻将机批发,,0.0,0.0,0.85,0.0
西昌泊言体育培训学校有限公司,8392,体育培训,0.8736,0.95,否,,1,1,体校及体育培训,,体育培训,1.0,1.0,0.85,0.1111
凉山州新然瑜伽健身服务有限公司,8930,健身休闲,0.2125,0.85,否,,1,0,,健身休闲活动,,0.0,0.0,0.85,0.0
西昌市左昂体育赛事策划有限责任公司,8911,体育赛事,0.8736,0.95,否,,1,1,体育竞赛组织,,体育竞赛,1.0,1.0,0.85,0.1111
西昌钟华体育培训学校有限责任公司,8392,体育培训,0.8736,0.95,否,,1,1,体育培训服务,,体育培训,1.0,1.0,0.85,0.1111
凉山彝藏风情商贸有限公司,5242,体育用品,0.8736,0.95,否,,1,1,文化体育用品零售,,体育用品零售,1.0,1.0,0.85,0.1111
西昌市力搏体育文化传播有限公司,8930,健身休闲,0.2125,0.85,否,,1,0,,健身休闲服务,,0.0,0.0,0.85,0.0
西昌市昌平网球健身有限公司,8930,健身休闲,0.8736,0.95,否,,1,1,健身服务,,健身服务,1.0,1.0,0.85,0.1111
西昌飞人体育服务有限责任公司,8911,体育管理,0.2125,0.85,否,,1,0,,体育活动训练指导服务,,0.0,0.0,0.85,0.0
西昌市行动派体育科技有限公司,5142,体育用品,0.8736,0.95,否,,1,1,体育用品批发,,体育用品批发,1.0,1.0,0.85,0.1111
四川风象体育文化发展有限公司,5242,体育用品,0.8736,0.95,否,,1,1,体育用品零售,,体育用品零售,1.0,1.0,0.85,0.1111
凉山州宜添健身服务有限公司,8930,健身休闲,0.2125,0.85,否,,1,0,,健身休闲活动,,0.0,0.0,0.85,0.0
凉山州轩锐商贸有限公司,5142,体育用品,0.8736,0.95,否,,1,1,体育用品批发,,体育用品批发,1.0,1.0,0.85,0.1111
凉山中汇商贸有限责任公司,5142,体育用品,0.8736,0.95,否,,1,1,体育用品及器材批发,,体育用品,1.0,1.0,0.85,0.1111
西昌市艾普体育用品有限公司,5142,体育用品,0.8736,0.95,否,,1,1,体育用品批发,,体育用品批发,1.0,1.0,0.85,0.1111
西昌鑫浩康商贸有限公司,5242,体育用品,0.8736,0.95,否,,1,1,体育用品及器材零售,,体育用品,1.0,1.0,0.85,0.1111
四川峰竖商贸有限公司,5242,体育用品,0.8736,0.95,否,,1,1,体育用品及器材零售,,体育用品,1.0,1.0,0.85,0.1111
凉山俪馨体育文化有限公司,8392,体育培训,0.8736,0.95,否,,1,1,跆拳道培训服务,,跆拳道培训,1.0,1.0,0.85,0.1111
四川逸峰户外运动有限责任公司,8930,健身休闲,0.2125,0.85,否,,1,0,,高危性体育运动,,0.0,0.0,0.85,0.0
凉山华体体育发展有限公司,9052,体育赛事,0.6611,0.9,是,纯跨界（行业代码非体育，文本有体育业务）,1,1,体育赛事策划,,赛事策划,1.0,1.0,0.0,0.1111
西昌市汇聚众鑫体育文化发展有限责任公司,8911,体育赛事,0.8736,0.95,否,,1,1,体育竞赛组织,,体育竞赛,1.0,1.0,0.85,0.1111
凉山州东黑虎健身有限公司,8930,健身休闲,0.8736,0.95,否,,1,1,健身服务,,健身服务,1.0,1.0,0.85,0.1111
西昌市雄图体育设备有限公司,5242,体育用品,0.8736,0.95,否,,1,1,体育设备零售,,体育设备,1.0,1.0,0.85,0.1111
凉山州舒健健身俱乐部有限责任公司,8930,健身休闲,0.2125,0.85,否,,1,0,,健身活动,,0.0,0.0,0.85,0.0
西昌市博之星足球俱乐部有限公司,9052,体育管理,0.6611,0.9,是,纯跨界（行业代码非体育，文本有体育业务）,1,1,体育服务,,体育服务,1.0,1.0,0.0,0.1111
四川省卓迈领航拓展训练有限公司,8919,体育管理,0.8736,0.95,否,,1,1,其他体育组织,,体育组织,1.0,1.0,0.85,0.1111
凉山藏羚羊户外运动有限公司,8930,健身休闲,0.8736,0.95,否,,1,1,户外运动,,户外运动,1.0,1.0,0.85,0.1111
四川邛海路亚体育文化发展有限责任公司,9052,体育赛事,0.6611,0.9,是,纯跨界（行业代码非体育，文本有体育业务）,1,1,国内国际体育赛事策划,,赛事策划,1.0,1.0,0.0,0.1111
凉山行果体育文化发展有限公司,8911,体育赛事,0.8736,0.95,否,,1,1,体育竞赛,,体育竞赛,1.0,1.0,0.85,0.1111
凉山卓健体育文化传播有限责任公司,9052,体育管理,0.6611,0.9,是,纯跨界（行业代码非体育，文本有体育业务）,1,1,体育服务,,体育服务,1.0,1.0,0.0,0.1111
四川卡末健康管理有限公司,8930,健身休闲,0.2125,0.85,否,,1,0,,健身休闲活动,,0.0,0.0,0.85,0.0
四川省燚神体育俱乐部有限责任公司,8930,健身休闲,0.2125,0.85,否,,1,0,,健身休闲活动,,0.0,0.0,0.85,0.0
西昌市遇曼陀罗健身服务有限责任公司,8930,健身休闲,0.2125,0.85,否,,1,0,,健身休闲活动,,0.0,0.0,0.85,0.0
凉山泰龙教育集团有限公司,8392,体育培训,0.8736,0.95,否,,1,1,武术培训,,武术培训,1.0,1.0,0.85,0.1111
西昌市星伟健身俱乐部有限责任公司,8930,健身休闲,0.2125,0.85,否,,1,0,,健身活动,,0.0,0.0,0.85,0.0
凉山水泺体育文化发展有限公司,8930,健身休闲,0.2125,0.85,否,,1,0,,健身休闲活动,,0.0,0.0,0.85,0.0
西昌予杨户外运动用品有限责任公司,5242,体育用品,0.8736,0.95,否,,1,1,体育用品及器材零售,,体育用品,1.0,1.0,0.85,0.1111
凉山州霆迅体育用品有限公司,5242,体育用品,0.8736,0.95,否,,1,1,体育用品零售,,体育用品零售,1.0,1.0,0.85,0.1111
凉山州栖奥体育文化传播有限公司,8911,体育管理,0.2125,0.85,否,,1,0,,体育项目组织服务,,0.0,0.0,0.85,0.0
凉山州鸿鑫拓展训练有限公司,8930,健身休闲,0.2125,0.85,否,,1,0,,健身休闲活动,,0.0,0.0,0.85,0.0
凉山州雄腾商贸有限公司,5242,体育用品,0.8736,0.95,否,,1,1,体育用品及器材零售,,体育用品,1.0,1.0,0.85,0.1111
西昌足迹体育服务有限公司,9052,体育管理,0.6611,0.9,是,纯跨界（行业代码非体育，文本有体育业务）,1,1,体育服务,,体育服务,1.0,1.0,0.0,0.1111
凉山力俊体育俱乐部有限公司,8911,体育赛事,0.8736,0.95,否,,1,1,体育竞赛组织,,体育竞赛,1.0,1.0,0.85,0.1111
凉山格式摔跤俱乐部有限责任公司,8911,体育赛事,0.8736,0.95,否,,1,1,体育竞赛组织,,体育竞赛,1.0,1.0,0.85,0.1111
凉山州乐居智惠科技有限公司,5142,体育用品,0.8736,0.95,否,,1,1,文化和体育用品及器材批发,,体育用品,1.0,1.0,0.85,0.1111
凉山力维健身有限公司,8930,健身休闲,0.8736,0.95,否,,1,1,健身服务,,健身服务,1.0,1.0,0.85,0.1111
凉山素心瑜伽健身有限公司,8930,健身休闲,0.8736,0.95,否,,1,1,室内健身服务,,健身服务,1.0,1.0,0.85,0.1111
四川省柏云体育文化传播有限公司,7122,体育场馆,0.6611,0.9,是,纯跨界（行业代码非体育，文本有体育业务）,1,1,体育设施租赁,,体育设施,1.0,1.0,0.0,0.1111
西昌西马体育产业有限公司,9052,体育赛事,0.6611,0.9,是,纯跨界（行业代码非体育，文本有体育业务）,1,1,体育赛事组织,,体育赛事,1.0,1.0,0.0,0.1111
西昌星驰体育俱乐部有限责任公司,8392,体育培训,0.8736,0.95,否,,1,1,体育培训,,体育培训,1.0,1.0,0.85,0.1111
西昌市安然休闲健身有限公司,8930,健身休闲,0.2125,0.85,否,,1,0,,健身休闲活动,,0.0,0.0,0.85,0.0
凉山州吉玛瑜伽健身有限公司,8930,健身休闲,0.8736,0.95,否,,1,1,瑜伽健身服务,,瑜伽; 健身服务,1.0,1.0,0.85,0.1111
凉山州海星游泳俱乐部有限公司,8930,体育赛事,0.8736,0.95,否,,1,1,体育竞赛组织,,体育竞赛,1.0,1.0,0.85,0.1111
凉山州娅拓体育文化发展有限公司,8921,体育场馆,0.2125,0.85,否,,1,0,,体育发展,,0.0,0.0,0.85,0.0
西昌蓝谷体育文化传播有限公司,5242,体育用品,0.8736,0.95,否,,1,1,体育器材零售,,体育器材,1.0,1.0,0.85,0.1111
凉山州敬国拓展训练有限公司,8930,健身休闲,0.2125,0.85,否,,1,0,,健身休闲活动,,0.0,0.0,0.85,0.0
四川众一拓展训练有限公司,8930,健身休闲,0.8736,0.95,否,,1,1,室外休闲健身服务,,健身服务,1.0,1.0,0.85,0.1111
西昌星美维克拓展训练有限公司,8930,健身休闲,0.2125,0.85,否,,1,0,,拓展策划,,0.0,0.0,0.85,0.0
凉山俄吉体育文化发展有限公司,8392,体育培训,0.8736,0.95,否,,1,1,足球培训服务,,足球培训,1.0,1.0,0.85,0.1111
西昌市金翅膀教育咨询有限公司,8911,体育管理,0.2125,0.85,否,,1,0,,体育项目组织服务,,0.0,0.0,0.85,0.0
凉山州智成商贸有限公司,5242,体育用品,0.8736,0.95,否,,1,1,体育用品零售,,体育用品零售,1.0,1.0,0.85,0.1111
凉山州能星商贸有限公司,5242,体育场馆,0.8736,0.95,否,,1,1,体育场地设施零售,,体育场地设施,1.0,1.0,0.85,0.1111
凉山州昆冈户外运动有限责任公司,8930,健身休闲,0.8736,0.95,否,,1,1,室外休闲健身服务,,健身服务,1.0,1.0,0.85,0.1111
凉山州逐麓拓展训练有限公司,8930,健身休闲,0.2125,0.85,否,,1,0,,健身休闲活动,,0.0,0.0,0.85,0.0
四川俊马体育文化发展有限公司,8919,体育管理,0.2125,0.85,否,,1,0,,体育经纪人服务,,0.0,0.0,0.85,0.0
西昌市星火体育服务有限公司,8930,健身休闲,0.2125,0.85,否,,1,0,,健身休闲活动,,0.0,0.0,0.85,0.0
凉山州大兵小将体育发展有限公司,8919,体育管理,0.8736,0.95,否,,1,1,体育组织,,体育组织,1.0,1.0,0.85,0.1111
四川鲸森建设工程有限公司,4892,体育场馆,0.8736,0.95,否,,1,1,体育场地施工,,体育场地,1.0,1.0,0.85,0.1111
凉山州裕顺机动车驾驶培训有限公司,8392,体育培训,0.2125,0.85,否,,1,0,,职业技能培训服务,,0.0,0.0,0.85,0.0
西昌市绿谷有限责任公司,5242,体育用品,0.8736,0.95,否,,1,1,体育用品零售,,体育用品零售,1.0,1.0,0.85,0.1111
西昌凯歌体育文化活动策划有限公司,9052,体育赛事,0.6611,0.9,是,纯跨界（行业代码非体育，文本有体育业务）,1,1,体育赛事策划服务,,赛事策划,1.0,1.0,0.0,0.1111
西昌圣地滑水水上运动演艺有限公司,9052,体育赛事,0.6611,0.9,是,纯跨界（行业代码非体育，文本有体育业务）,1,1,体育表演服务,,体育表演,1.0,1.0,0.0,0.1111
四川起航研学旅行服务有限公司,8921,体育场馆,0.8736,0.95,否,,1,1,体育场管理,,体育场,1.0,1.0,0.85,0.1111
凉山州建宏商贸有限公司,5242,体育用品,0.8736,0.95,否,,1,1,文化体育用品及器材专门零售,,体育用品,1.0,1.0,0.85,0.1111
西昌铭仁游泳俱乐部有限公司,8921,体育场馆,0.8736,0.95,否,,1,1,室内专项体育场所管理,,体育场,1.0,1.0,0.85,0.1111
凉山州鑫衡商贸有限公司,5242,体育用品,0.8736,0.95,否,,1,1,体育用品及器材零售,,体育用品,1.0,1.0,0.85,0.1111
凉山州飞豹户外拓展训练有限公司,8911,体育管理,0.2125,0.85,否,,1,0,,体育项目组织服务,,0.0,0.0,0.85,0.0
凉山州枭龙户外拓展有限责任公司,8930,健身休闲,0.2125,0.85,否,,1,0,,体验式拓展活动,,0.0,0.0,0.85,0.0
凉山生存者体育服务有限公司,9052,体育管理,0.6611,0.9,是,纯跨界（行业代码非体育，文本有体育业务）,1,1,体育服务,,体育服务,1.0,1.0,0.0,0.1111
凉山神鹰足球俱乐部有限公司,8392,体育培训,0.8736,0.95,否,,1,1,足球培训,,足球培训,1.0,1.0,0.85,0.1111
四川新国民消防科技有限公司,8930,健身休闲,0.2125,0.85,否,,1,0,,拓展训练,,0.0,0.0,0.85,0.0
凉山金尚拓展训练有限公司,9052,体育赛事,0.6611,0.9,是,纯跨界（行业代码非体育，文本有体育业务）,1,1,赛事策划,,赛事策划,1.0,1.0,0.0,0.1111
四川省力承拓展训练有限公司,8930,健身休闲,0.2125,0.85,否,,1,0,,拓展训练服务,,0.0,0.0,0.85,0.0
西昌市圣德体育俱乐部有限公司,8911,体育赛事,0.8736,0.95,否,,1,1,体育竞赛组织,,体育竞赛,1.0,1.0,0.85,0.1111
凉山州鑫荣文体器材有限公司,5142,体育用品,0.8736,0.95,否,,1,1,文化体育器材批发,,体育器材,1.0,1.0,0.85,0.1111
四川宗衡拓展训练有限公司,9052,体育赛事,0.6611,0.9,是,纯跨界（行业代码非体育，文本有体育业务）,1,1,组织体育表演活动,,体育表演,1.0,1.0,0.0,0.1111
凉山州聚武拓展训练有限公司,8392,体育培训,0.8736,0.95,否,,1,1,体育培训,,体育培训,1.0,1.0,0.85,0.1111
四川省烈火拓展活动服务有限公司,8930,健身休闲,0.2125,0.85,否,,1,0,,健身休闲活动,,0.0,0.0,0.85,0.0
四川拖琅河旅游开发有限公司,8930,健身休闲,0.8736,0.95,否,,1,1,水上漂流服务,,漂流,1.0,1.0,0.85,0.1111
西昌峰上体育文化休闲有限责任公司,8911,体育培训,0.8736,0.95,否,,1,1,体育培训,,体育培训,1.0,1.0,0.85,0.1111
凉山州童乐商贸有限公司,5142,体育用品,0.8736,0.95,否,,1,1,体育用品批发,,体育用品批发,1.0,1.0,0.85,0.1111
西昌市昊昇体育文化推广有限责任公司,8392,体育培训,0.8736,0.95,否,,1,1,跆拳道培训,,跆拳道培训,1.0,1.0,0.85,0.1111
四川怡宸体育发展有限公司,5142,体育用品,0.8736,0.95,否,,1,1,体育用品及器材批发,,体育用品,1.0,1.0,0.85,0.1111
四川菁苗体育文化发展有限公司,8911,体育赛事,0.8736,0.95,否,,1,1,体育竞赛组织,,体育竞赛,1.0,1.0,0.85,0.1111
四川阳光鼎力文化体育有限公司,8930,健身休闲,0.2125,0.85,否,,1,0,,体育运动训练指导服务,,0.0,0.0,0.85,0.0
会理购购健身俱乐部有限公司,8930,健身休闲,0.2125,0.85,否,,1,0,,健身休闲活动服务,,0.0,0.0,0.85,0.0
会理红武培训学校有限公司,8392,体育培训,0.8736,0.95,否,,1,1,武术培训,,武术培训,1.0,1.0,0.85,0.1111
会理水世界游泳俱乐部有限责任公司,8911,健身休闲,0.8736,0.95,否,,1,1,游泳竞赛,,游泳,1.0,1.0,0.85,0.1111
木里县鼎盛武术文化传播有限责任公司,8930,健身休闲,0.8736,0.95,否,,1,1,健身服务,,健身服务,1.0,1.0,0.85,0.1111
四川鼎博嘉客飞行户外运动有限公司,8911,体育赛事,0.8736,0.95,否,,1,1,体育竞赛组织,,体育竞赛,1.0,1.0,0.85,0.1111
盐源县漫步体育俱乐部有限公司,8930,健身休闲,0.2125,0.85,否,,1,0,,健身休闲活动,,0.0,0.0,0.85,0.0
盐源县鸿鹄体育场馆管理有限责任公司,8921,体育场馆,0.8736,0.95,否,,1,1,体育场馆管理,,体育场馆,1.0,1.0,0.85,0.1111
盐源中盛商贸有限责任公司,5242,体育用品,0.8736,0.95,否,,1,1,体育用品及器材零售,,体育用品,1.0,1.0,0.85,0.1111
盐源县人才书城商贸有限责任公司,5242,体育用品,0.8736,0.95,否,,1,1,图书及体育用品零售,,体育用品零售,1.0,1.0,0.85,0.1111
凉山州耀杨体育文化发展有限公司,8919,体育管理,0.8736,0.95,否,,1,1,其他体育组织,,体育组织,1.0,1.0,0.85,0.1111
盐源县文武培训学校有限责任公司,8392,体育培训,0.8736,0.95,否,,1,1,体校及体育培训,,体育培训,1.0,1.0,0.85,0.1111
四川星创建设有限责任公司,4892,体育场馆,0.8736,0.95,否,,1,1,体育场地设施工程施工,,体育场地设施,1.0,1.0,0.85,0.1111
德昌县精英体育文化传播有限公司,8911,体育赛事,0.8736,0.95,否,,1,1,体育竞赛组织,,体育竞赛,1.0,1.0,0.85,0.1111
德昌悦动体育文化推广有限责任公司,8991,体育管理,0.6611,0.9,是,纯跨界（行业代码非体育，文本有体育业务）,1,1,体育文化推广服务,,体育文化,1.0,1.0,0.0,0.1111
德昌亚双体育文化推广有限责任公司,5242,体育用品,0.2125,0.85,否,,1,0,,器材零售,,0.0,0.0,0.85,0.0
德昌县靖风艺体教育培训学校有限公司,8919,体育管理,0.2125,0.85,否,,1,0,,散打搏击,,0.0,0.0,0.85,0.0
德昌县绅心商贸有限责任公司,5242,体育用品,0.8736,0.95,否,,1,1,体育用品及器材零售,,体育用品,1.0,1.0,0.85,0.1111
德昌县优博体育文化发展有限责任公司,7122,体育用品,0.6611,0.9,是,纯跨界（行业代码非体育，文本有体育业务）,1,1,体育用品设备出租,,体育用品,1.0,1.0,0.0,0.1111
德昌阿红体育培训学校有限公司,8392,体育培训,0.8736,0.95,否,,1,1,体育培训,,体育培训,1.0,1.0,0.85,0.1111
会东鸿尚体育发展有限责任公司,8912,体育管理,0.8736,0.95,否,,1,1,体育管理服务,,体育管理,1.0,1.0,0.85,0.1111
会东尚谋文化体育发展有限责任公司,5242,体育用品,0.8736,0.95,否,,1,1,体育器材零售,,体育器材,1.0,1.0,0.85,0.1111
会东川滇明珠武术文化传播有限公司,8392,健身休闲,0.8736,0.95,否,,1,1,武术教育培训,,武术,1.0,1.0,0.85,0.1111
会东侗哒艺术培训有限公司,8392,体育培训,0.8736,0.95,否,,1,1,体育培训服务,,体育培训,1.0,1.0,0.85,0.1111
宁南县灵云体育培训有限责任公司,8392,体育培训,0.8736,0.95,否,,1,1,体育培训,,体育培训,1.0,1.0,0.85,0.1111
凉山州博燃体育文化传播有限公司,8912,体育管理,0.2125,0.85,否,,1,0,,体育保障组织,,0.0,0.0,0.85,0.0
布拖县阿都篮球俱乐部有限公司,8911,体育赛事,0.8736,0.95,否,,1,1,体育竞赛组织,,体育竞赛,1.0,1.0,0.85,0.1111
布拖县中宏娱乐有限公司,8930,健身休闲,0.2125,0.85,否,,1,0,,娱乐业服务,,0.0,0.0,0.85,0.0
布拖鑫晖商贸有限责任公司,5142,体育用品,0.8736,0.95,否,,1,1,销售体育用品,,体育用品,1.0,1.0,0.85,0.1111
布拖县鑫金商贸有限责任公司,5242,体育用品,0.8736,0.95,否,,1,1,文化体育用品及器材批发,,体育用品,1.0,1.0,0.85,0.1111
金阳芝芝茶楼有限公司,8930,健身休闲,0.2125,0.85,否,,1,0,,健身休闲活动,,0.0,0.0,0.85,0.0
昭觉谷克德文化旅游有限责任公司,8930,健身休闲,0.2125,0.85,否,,1,0,,健身休闲活动,,0.0,0.0,0.85,0.0
昭觉县全民健身中心,8930,健身休闲,0.8736,0.95,否,,1,1,健身中心,,健身中心,1.0,1.0,0.85,0.1111
喜德县天鹰格斗健身有限公司,8930,健身休闲,0.2125,0.85,否,,1,0,,健身休闲活动,,0.0,0.0,0.85,0.0
冕宁县山权体育俱乐部有限责任公司,9052,体育赛事,0.6611,0.9,是,纯跨界（行业代码非体育，文本有体育业务）,1,1,体育表演服务,,体育表演,1.0,1.0,0.0,0.1111
冕宁县灵火体育经纪有限公司,5142,体育用品,0.8736,0.95,否,,1,1,体育用品及器材批发,,体育用品,1.0,1.0,0.85,0.1111
凉山好汉足球俱乐部有限责任公司,8911,体育赛事,0.8736,0.95,否,,1,1,体育竞赛组织,,体育竞赛,1.0,1.0,0.85,0.1111
冕宁易达商贸有限责任公司,8930,健身休闲,0.2125,0.85,否,,1,0,,健身休闲活动,,0.0,0.0,0.85,0.0
冕宁县海川博赛体育俱乐部有限公司,8930,健身休闲,0.2125,0.85,否,,1,0,,健身训练,,0.0,0.0,0.85,0.0
冕宁县半岛游泳俱乐部有限公司,8930,健身休闲,0.8736,0.95,否,,1,1,游泳服务,,游泳,1.0,1.0,0.85,0.1111
冕宁县玉华文化用品部,5242,体育用品,0.8736,0.95,否,,1,1,文化体育用品零售,,体育用品零售,1.0,1.0,0.85,0.1111
冕宁县俊顺商贸有限公司,5242,体育用品,0.8736,0.95,否,,1,1,体育用品零售,,体育用品零售,1.0,1.0,0.85,0.1111
冕宁县新一商贸有限公司,5142,体育用品,0.8736,0.95,否,,1,1,体育用品批发,,体育用品批发,1.0,1.0,0.85,0.1111
凉山骇浪体育用品有限公司,5242,体育用品,0.8736,0.95,否,,1,1,体育用品及器材零售,,体育用品,1.0,1.0,0.85,0.1111
凉山州途步者体育用品有限公司,5242,体育用品,0.8736,0.95,否,,1,1,体育用品及器材零售,,体育用品,1.0,1.0,0.85,0.1111
越西县登峰体育俱乐部有限公司,8992,健身休闲,0.6611,0.9,是,纯跨界（行业代码非体育，文本有体育业务）,1,1,健身服务,,健身服务,1.0,1.0,0.0,0.1111
越西县弘传教育培训学校有限公司,8392,体育培训,0.8736,0.95,否,,1,1,武术培训,,武术培训,1.0,1.0,0.85,0.1111
越西县楚翔商贸有限责任公司,5242,体育用品,0.8736,0.95,否,,1,1,体育用品零售,,体育用品零售,1.0,1.0,0.85,0.1111
越西县梦之翔搏击培训有限责任公司,8930,健身休闲,0.2125,0.85,否,,1,0,,健身休闲活动,,0.0,0.0,0.85,0.0
四川跆源体育文化发展有限责任公司,8392,健身休闲,0.8736,0.95,否,,1,1,教学跆拳道,,跆拳道,1.0,1.0,0.85,0.1111
越西恒跃商贸有限公司,5242,体育用品,0.8736,0.95,否,,1,1,体育用品零售,,体育用品零售,1.0,1.0,0.85,0.1111
凉山州搏威体育文化有限公司,8930,健身休闲,0.8736,0.95,否,,1,1,跆拳道服务,,跆拳道,1.0,1.0,0.85,0.1111
甘洛县达康娱乐有限责任公司,8911,体育管理,0.2125,0.85,否,,1,0,,赛马活动,,0.0,0.0,0.85,0.0
美姑县阿依达史体育有限公司,5142,体育用品,0.8736,0.95,否,,1,1,体育用品及器材批发,,体育用品,1.0,1.0,0.85,0.1111
凉山柒玖体育发展有限公司,5242,体育用品,0.8736,0.95,否,,1,1,体育用品及器材零售,,体育用品,1.0,1.0,0.85,0.1111
四川启航潜水体育俱乐部有限责任公司,8911,健身休闲,0.8736,0.95,否,,1,1,潜水体育运动组织,,潜水,1.0,1.0,0.85,0.1111
四川伍玖玖体育发展有限责任公司,8392,体育培训,0.8736,0.95,否,,1,1,足球培训,,足球培训,1.0,1.0,0.85,0.1111
四川零点体育发展有限责任公司,8911,体育管理,0.2125,0.85,否,,1,0,,其他未列明体育,,0.0,0.0,0.85,0.0
凉山传武体育场馆管理有限公司,8921,体育场馆,0.8736,0.95,否,,1,1,体育场馆管理,,体育场馆,1.0,1.0,0.85,0.1111
雷波爱悦动游泳馆管理有限公司,8930,健身休闲,0.8736,0.95,否,,1,1,高危险性体育运动游泳,,游泳,1.0,1.0,0.85,0.1111
