统一社会信用代码,详细名称,行业代码,主要业务活动,分词结果,关键词,体育关键词,是否体育业务,体育业态分类,识别置信度,行业代码类型,文本长度,体育词命中数
91510104MA69QU7W6U,成都骏倾达商贸有限公司,5211,销售体育用品及器材,销售 体育用品 器材,体育用品;器材;销售,体育用品,是,体育用品,0.6,none,9,1
91510104790013761Q,成都市锦江区奇幻旅程网吧,9013,网吧电子竞技娱乐服务,网吧 电子竞技 娱乐 服务,电子竞技;网吧;娱乐;服务,电子竞技,是,电子竞技,0.6,none,10,1
91510104MA6393825J,成都星辰王者互娱网络科技有限公司,6422,电子竞技体育娱乐活动,电子竞技 体育 娱乐活动,电子竞技;娱乐活动;体育,电子竞技,是,电子竞技,0.6,none,10,1
91510104MA65WEFW2K,成都名晟武道体育文化传播有限公司,8391,体育培训,体育培训,体育培训,体育培训,是,体育培训,0.7,indirect,4,1
91510105587557931T,成都基准方中建筑设计有限公司,7484,体育场工程设计服务,体育场 工程设计 服务,工程设计;体育场;服务,体育场,是,体育场馆,0.6,none,9,1
91510105321529175W,成都进文服饰有限公司,5232,运动服装零售,运动服装 零售,运动服装;零售,运动服装,是,体育用品,0.6,none,6,1
91510105331994222J,成都利嘉鑫体育用品有限公司,5232,运动服装零售,运动服装 零售,运动服装;零售,运动服装,是,体育用品,0.6,none,6,1
91510105MA6BJH1H32,四川蜀产汇食品有限公司,5132,运动服装批发,运动服装 批发,运动服装;批发,运动服装,是,体育用品,0.6,none,6,1
9151010539557186X2,四川荣盛汇金贸易有限公司,5149,文化体育用品,文化 体育用品,体育用品;文化,体育用品,是,体育用品,0.6,none,6,1
91510105MABTWH6Y0M,四川圆融上善文化发展有限公司,5243,文化体育服务,文化 体育服务,体育服务;文化,体育服务,是,体育管理,0.6,none,6,1
91510105746448215J,成都市青羊区思必好我爱网吧,9013,网吧台球服务,网吧 台球 服务,台球;网吧;服务,台球,是,健身休闲,0.6,none,6,1
91510105MA68EB9254,成都慧心道体育文化传播有限公司,8399,空手道培训服务,空手道 培训 服务,空手道;培训;服务,空手道,是,健身休闲,0.7,indirect,7,1
91510105MA61WY0G79,成都富明源体育用品销售有限公司青羊分公司,5211,体育用品,体育用品,体育用品,体育用品,是,体育用品,0.6,none,4,1
915101053579787578,四川邻家壹玖电子商务有限公司,5132,运动服装批发,运动服装 批发,运动服装;批发,运动服装,是,体育用品,0.6,none,6,1
91510105072415192W,成都市思必好暴雪网吧,9013,网吧电子竞技娱乐服务,网吧 电子竞技 娱乐 服务,电子竞技;网吧;娱乐;服务,电子竞技,是,电子竞技,0.6,none,10,1
915101053942881144,成都佰思特贸易有限公司,5233,服装服饰和化妆品和体育用品零售,服装服饰 化妆品 体育用品零售,体育用品零售;服装服饰;化妆品,体育用品零售,是,体育用品,0.6,none,15,1
91510106MA6CE14U9E,成都木马吉文化传播有限公司,8391,组织策划文化交流活动；教育咨询（不含教学及培训）；企业营销策划；企业形象设计；广告设计、制作、代理发布；体育场馆管理服务；商务信息咨询；会议及展览服务；软件开发；信息系统集成服务；信息技术咨询服务,组织 策划 文化 交流活动 教育 咨询 教学 培训 企业 营销策划 企业 形象设计 广告设计 制作 代理 发布 体育场馆 管理 服务 商务信息 咨询 会议 展览 服务 软件开发 信息系统 集成 服务 信息技术 咨询服务,服务;广告设计;咨询;商务信息;营销策划;形象设计;体育场馆;交流活动;软件开发;咨询服务,体育场馆,是,体育场馆,0.7,indirect,98,1
91510106077671574U,成都三分球电子商务有限公司,5132,批发运动服装,批发 运动服装,运动服装;批发,运动服装,是,体育用品,0.6,none,6,1
91510106MA670ET15Q,成都破零科技有限公司,6429,软件开发；互联网信息服务；信息系统集成服务；数据处理及存储服务；网上贸易代理；社会经济咨询（不含投资理财类）；企业管理咨询；会议及展览服务；商务信息咨询；技术推广服务；摄影服务；货运代理；销售：服装、鞋帽、针纺织品、文化用品、体育用品、家用电器、电子产品、五金产品、家具、建材,软件开发 互联网 信息 服务 信息系统 集成 服务 数据处理 存储 服务 网上贸易 代理 社会 经济 咨询 投资 理财 企业 管理 咨询 会议 展览 服务 商务信息 咨询 技术推广 服务 摄影 服务 货运 代理 销售 服装 鞋帽 针纺织品 文化用品 体育用品 家用电器 电子产品 五金产品 家具 建材,服务;咨询;代理;五金产品;针纺织品;商务信息;网上贸易;技术推广;文化用品;鞋帽,体育用品,是,体育用品,0.6,none,138,1
91510106MABRXG0J0K,成都归隐环境绿化工程有限责任公司,7484,一般项目：园林绿化工程施工；建筑废弃物再生技术研发；城市绿化管理；城市公园管理；城乡市容管理；水污染治理；水环境污染防治服务；生态恢复及生态保护服务；体育场地设施工程施工；市政设施管理；技术服务、技术开发、技术咨询、技术交流、技术转让、技术推广；林草种子质量检验；园艺产品销售；花卉绿植租借与代管理；土石方工程施工；安全系统监控服务；森林经营和管护；土壤污染治理与修复服务。（除依法须经批准的项目外，凭营业执照依法自主开展经营活动）许可项目：建设工程施工；建筑劳务分包；施工专业作业；建设工程设计,一般 项目 园林绿化 工程施工 建筑 废弃物 再生 技术 研发 城市绿化 管理 城市公园 管理 城乡 市容管理 水污染 治理 环境污染 防治 服务 生态 恢复 生态 保护 服务 体育场地设施 工程施工 市政 设施 管理 技术 服务 技术开发 技术咨询 技术 交流 技术转让 技术推广 林草 种子 质量检验 园艺产品 销售 花卉 绿植 租借 与代 管理 土石方 工程施工 安全 系统监控 服务 森林 经营 管护 土壤污染 治理 修复 服务 依法 批准 项目 营业执照 依法 自主 开展 经营 活动 许可 项目 建设 工程施工 建筑 劳务 分包 施工 专业 作业 建设工程 设计,工程施工;服务;管理;生态;项目;依法;技术;市容管理;园艺产品;治理,体育场地设施,是,体育场馆,0.6,none,248,1
91510106MACP14LX15,成都艾妮莎贸易有限公司,5133,运动鞋批发,运动鞋 批发,运动鞋;批发,运动鞋,是,体育用品,0.6,none,5,1
91510106MA62NLBP79,成都美田电子商务有限公司,5292,网上销售：预包装食品兼散装食品、农副产品、服装、水产品、、建材、机械设备及配件、塑料制品、文具用品、办公设备、金属制品、电气设备、办公用品、体育用品、日用品、玻璃及玻璃制品、金属材料、橡胶制品、五金产品、家具、计算机软硬件；软件开发；信息技术咨询服务（不含信息技术培训服务）,网上 销售 包装 食品 散装 食品 农副产品 服装 水产品 建材 机械设备 配件 塑料制品 文具用品 办公设备 金属制品 电气设备 办公用品 体育用品 日用品 玻璃 玻璃制品 金属材料 橡胶制品 五金产品 家具 计算机 软硬件 软件开发 信息技术 咨询服务 信息技术 培训 服务,信息技术;文具用品;五金产品;食品;玻璃制品;办公用品;办公设备;体育用品;塑料制品;橡胶制品,体育用品,是,体育用品,0.6,none,137,1
91510106MA697M4R03,往后余生娱乐传媒有限公司,6429,影视制作；互联网信息服务；企业形象策划；服装租赁；会议及展览服务；摄影服务；软件开发；数据处理与存储服务；组织文化艺术交流活动；体育场馆管理；演出服务；文化娱乐经纪人；企业管理咨询；商务信息咨询；美术图案设计；礼仪服务；设计、制作、代理、发布广告；室内外装饰装修工程；舞台设计；信息系统集成；销售：电子产品、文化用品、体育用品、家用电器、计算机软件、日用百货,影视制作 互联网 信息 服务 企业形象 策划 服装 租赁 会议 展览 服务 摄影 服务 软件开发 数据处理 存储 服务 组织 文化 艺术交流 活动 体育场馆 管理 演出 服务 文化娱乐 经纪人 企业 管理 咨询 商务信息 咨询 美术 图案 设计 礼仪 服务 设计 制作 代理 发布 广告 室内外 装饰 装修 工程 舞台 设计 信息系统 集成 销售 电子产品 文化用品 体育用品 家用电器 计算机软件 日用百货,服务;设计;咨询;商务信息;文化用品;艺术交流;体育场馆;日用百货;室内外;影视制作,体育场馆;体育用品,是,体育场馆,0.6,none,179,2
91510106749724270M,成都市金牛区星空希莉网居网吧,9013,网吧电子竞技体育娱乐服务,网吧 电子竞技 体育 娱乐 服务,电子竞技;网吧;体育;娱乐;服务,电子竞技,是,电子竞技,0.6,none,12,1
91510106069751865C,成都金色童年玩具有限公司,5149,批发玩具、体育用品、日用品,批发 玩具 体育用品 日用品,体育用品;日用品;玩具;批发,体育用品,是,体育用品,0.6,none,13,1
91510106MACKXHK00T,四川清泉石文化传播有限公司,7259,一般项目组织文化艺术交流活动体育赛事策划体育竞赛组织广告制作组织体育表演活动,一般 项目 组织 文化 艺术交流 活动 体育 赛事策划 体育竞赛 组织 广告 制作 组织 体育表演 活动,组织;赛事策划;体育表演;艺术交流;体育竞赛;活动;体育;广告;制作;文化,赛事策划;体育竞赛;体育表演,是,体育赛事,0.7,indirect,38,3
91510106MA6885T58M,四川冠赋牛商贸有限公司,5232,运动服装零售,运动服装 零售,运动服装;零售,运动服装,是,体育用品,0.6,none,6,1
91510106MA65RUF90D,四川家艳堂珠宝有限公司,5193,文化体育用品及器材批发,文化 体育用品 器材 批发,体育用品;器材;批发;文化,体育用品,是,体育用品,0.6,none,11,1
915101063505189695,成都百美纳商贸有限公司,5225,许可项目：保健食品销售；第三类医疗器械经营；生活美容服务；电子出版物制作（依法须经批准的项目，经相关部门批准后方可开展经营活动，具体经营项目以相关部门批准文件或许可证件为准）一般项目：日用品销售；日用品批发；化妆品批发；化妆品零售；电子产品销售；服装服饰批发；服装服饰零售；鞋帽批发；鞋帽零售；体育用品及器材零售；体育用品及器材批发；五金产品批发；五金产品零售；仪器仪表销售；软件销售；第二类医疗器械销售；健康咨询服务（不含诊疗服务）；企业管理咨询；信息咨询服务（不含许可类信息咨询服务）,许可 项目 保健食品 销售 第三类 医疗器械 经营 生活 美容 服务 电子 出版物 制作 依法 批准 项目 相关 部门 批准 后方 开展 经营 活动 具体 经营项目 相关 部门 批准 文件 许可证 为准 一般 项目 日用品 销售 日用品 批发 化妆品 批发 化妆品 零售 电子产品 销售 服装服饰 批发 服装服饰 零售 鞋帽 批发 鞋帽 零售 体育用品 器材 零售 体育用品 器材 批发 五金产品 批发 五金产品 零售 仪器仪表 销售 软件 销售 第二类 医疗器械 销售 健康 咨询服务 诊疗 服务 企业 管理 咨询 信息 咨询服务 许可 信息 咨询服务,批发;零售;销售;咨询服务;五金产品;服装服饰;鞋帽;体育用品;批准;日用品,体育用品,是,体育用品,0.6,none,244,1
915101063319840169,成都枫林体育文化传播有限公司,7484,体育场工程服务,体育场 工程 服务,体育场;工程;服务,体育场,是,体育场馆,0.6,none,7,1
91510100MA66YEX74U,成都市翰搏特商贸有限公司,5232,运动服装零售,运动服装 零售,运动服装;零售,运动服装,是,体育用品,0.6,none,6,1
91510107MA68HXM24B,成都市铨朗商贸有限公司,5232,运动服饰零售,运动服饰 零售,运动服饰;零售,运动服饰,是,体育用品,0.6,none,6,1
91510107MA6CAN9386,成都青涛体育文化传播有限公司,8399,跆拳道培训教育,跆拳道培训 教育,跆拳道培训;教育,跆拳道培训,是,体育培训,0.7,indirect,7,1
91510107MA6BLUX8XW,四川名雅祺商贸有限公司,5133,批发运动鞋,批发 运动鞋,运动鞋;批发,运动鞋,是,体育用品,0.6,none,5,1
91510107MAC89FBE0L,四川宜庭建筑装饰工程有限公司,7481,许可项目：建设工程施工；建筑劳务分包；住宅室内装饰装修；建设工程设计；建设工程监理；测绘服务；电气安装服务；输电、供电、受电电力设施的安装、维修和试验。（依法须经批准的项目，经相关部门批准后方可开展经营活动，具体经营项目以相关部门批准文件或许可证件为准）一般项目：工程管理服务；密封用填料销售；金属结构销售；城市绿化管理；土地整治服务；土石方工程施工；工业工程设计服务；防洪除涝设施管理；水环境污染防治服务；体育场地设施工程施工；园林绿化工程施工；高品质特种钢铁材料销售；防腐材料销售；保温材料销售；表面功能材料销售。（除依法须经批准的项目外，凭营业执照依法自主开展经营活动）,许可 项目 建设 工程施工 建筑 劳务 分包 住宅 室内装饰 装修 建设工程 设计 建设工程 监理 测绘 服务 电气 安装 服务 输电 供电 受电 电力设施 安装 维修 试验 依法 批准 项目 相关 部门 批准 后方 开展 经营 活动 具体 经营项目 相关 部门 批准 文件 许可证 为准 一般 项目 工程 管理 服务 密封 填料 销售 金属结构 销售 城市绿化 管理 土地 整治 服务 土石方 工程施工 工业 工程设计 服务 防洪 除涝 设施 管理 环境污染 防治 服务 体育场地设施 工程施工 园林绿化 工程施工 高品质 特种 钢铁 材料 销售 防腐材料 销售 保温材料 销售 表面 功能 材料 销售 依法 批准 项目 营业执照 依法 自主 开展 经营 活动,工程施工;服务;销售;批准;依法;项目;建设工程;管理;安装;受电,体育场地设施,是,体育场馆,0.6,none,288,1
91510107MACCGHER39,成都辛珊妮电子商务有限公司,5193,一般项目：互联网销售（除销售需要许可的商品）；农作物种子经营（仅限不再分装的包装种子）；五金产品零售；铁路运输基础设备销售；环境保护专用设备销售；体育用品及器材零售；家居用品销售；光伏设备及元器件销售；农、林、牧、副、渔业专业机械的销售；信息安全设备销售；渔需物资销售；广播影视设备销售；太阳能热利用装备销售。（除依法须经批准的项目外，凭营业执照依法自主开展经营活动）,一般 项目 互联网 销售 销售 需要 许可 商品 农作物 种子 经营 仅限 不再 分装 包装 种子 五金产品 零售 铁路运输 基础 设备 销售 环境保护 专用设备 销售 体育用品 器材 零售 家居用品 销售 光伏 设备 元器件 销售 渔业 专业 机械 销售 信息安全 设备 销售 渔需 物资 销售 广播 影视 设备 销售 太阳能 利用 装备 销售 依法 批准 项目 营业执照 依法 自主 开展 经营 活动,销售;设备;依法;五金产品;零售;种子;家居用品;渔需;体育用品;经营,体育用品,是,体育用品,0.6,none,184,1
91510107MA62X9GC46,成都嘉奇天商贸有限公司,7492,一般项目：办公用品销售；软件开发；信息技术咨询服务；计算机软硬件及辅助设备批发；计算机软硬件及辅助设备零售；厨具卫具及日用杂品批发；卫生洁具销售；灯具销售；建筑材料销售；机械设备销售；制冷、空调设备销售；电子产品销售；仪器仪表销售；体育用品及器材零售；体育用品及器材批发；化工产品销售（不含许可类化工产品）；针纺织品销售；化妆品零售；化妆品批发；家用电器销售；服装服饰零售；服装服饰批发；鞋帽零售；鞋帽批发；日用品销售；工艺美术品及礼仪用品销售（象牙及其制品除外）；汽车零配件零售；汽车零配件批发；汽车新车销售；安防设备销售；消防器材销售；劳动保护用品销售；皮革制品销售；日用玻璃制品销售；教学专用仪,一般 项目 办公用品 销售 软件开发 信息技术 咨询服务 计算机 软硬件 辅助 设备 批发 计算机 软硬件 辅助 设备 零售 厨具 卫具 日用 杂品 批发 卫生洁具 销售 灯具 销售 建筑材料 销售 机械设备 销售 制冷 空调设备 销售 电子产品 销售 仪器仪表 销售 体育用品 器材 零售 体育用品 器材 批发 化工 产品销售 许可 化工产品 针纺织品 销售 化妆品 零售 化妆品 批发 家用电器 销售 服装服饰 零售 服装服饰 批发 鞋帽 零售 鞋帽 批发 日用品 销售 工艺美术品 礼仪 用品 销售 象牙 及其 制品 除外 汽车 零配件 零售 汽车 零配件 批发 汽车 新车 销售 安防 设备 销售 消防器材 销售 劳动保护 用品 销售 皮革制品 销售 日用玻璃 制品 销售 教学 专用,销售;批发;零售;服装服饰;鞋帽;体育用品;软硬件;零配件;设备;化妆品,体育用品,是,体育用品,0.6,none,300,1
91510107MA7HXJUX8G,四川信益天下工程管理有限公司,7481,一般项目：工程管理服务；广告设计、代理；文具用品批发；企业形象策划；广告制作；家具安装和维修服务；家具销售；办公用品销售；安防设备销售；照相器材及望远镜零售；显示器件销售；消防器材销售；劳务服务（不含劳务派遣）；机械设备销售；劳动保护用品销售；体育用品及器材零售；电力电子元器件销售；五金产品零售；新能源汽车整车销售；环境保护专用设备销售；塑料制品销售；金属丝绳及其制品销售；教学专用仪器销售。（除依法须经批准的项目外，凭营业执照依法自主开展经营活动）许可项目：住宅室内装饰装修；建设工程施工。（依法须经批准的项目，经相关部门批准后方可开展经营活动，具体经营项目以相关部门批准文件或许可证件为准）,一般 项目 工程 管理 服务 广告设计 代理 文具用品 批发 企业形象 策划 广告 制作 家具 安装 维修服务 家具 销售 办公用品 销售 安防 设备 销售 照相 器材 望远镜 零售 显示器 销售 消防器材 销售 劳务 服务 劳务 派遣 机械设备 销售 劳动保护 用品 销售 体育用品 器材 零售 电力 电子 元器件 销售 五金产品 零售 新能源 汽车 整车 销售 环境保护 专用设备 销售 塑料制品 销售 金属 丝绳 及其 制品 销售 教学 专用 仪器 销售 依法 批准 项目 营业执照 依法 自主 开展 经营 活动 许可 项目 住宅 室内装饰 装修 建设 工程施工 依法 批准 项目 相关 部门 批准 后方 开展 经营 活动 具体 经营项目 相关 部门 批准 文件 许可证 为准,销售;批准;依法;零售;项目;劳务;器材;家具;广告设计;文具用品,体育用品,是,体育用品,0.6,none,298,1
91510107MABT97L132,成都联瑞通达建设工程有限公司,7481,许可项目：建设工程施工；建设工程勘察；建设工程设计；建设工程监理；施工专业作业；住宅室内装饰装修；建筑劳务分包。（依法须经批准的项目，经相关部门批准后方可开展经营活动，具体经营项目以相关部门批准文件或许可证件为准）一般项目：工程管理服务；金属门窗工程施工；园林绿化工程施工；体育场地设施工程施工；机械设备租赁；建筑材料销售；轻质建筑材料销售；建筑防水卷材产品销售；建筑工程用机械销售；建筑陶瓷制品销售；建筑装饰材料销售；五金产品零售；灯具销售；技术服务、技术开发、技术咨询、技术交流、技术转让、技术推广；社会经济咨询服务。（除依法须经批准的项目外，凭营业执照依法自主开展经营活动）,许可 项目 建设 工程施工 建设工程 勘察 建设工程 设计 建设工程 监理 施工 专业 作业 住宅 室内装饰 装修 建筑 劳务 分包 依法 批准 项目 相关 部门 批准 后方 开展 经营 活动 具体 经营项目 相关 部门 批准 文件 许可证 为准 一般 项目 工程 管理 服务 金属 门窗 工程施工 园林绿化 工程施工 体育场地设施 工程施工 机械设备 租赁 建筑材料 销售 轻质 建筑材料 销售 建筑 防水 卷材 产品销售 建筑工程 机械 销售 建筑 陶瓷制品 销售 建筑 装饰 材料 销售 五金产品 零售 灯具 销售 技术 服务 技术开发 技术咨询 技术 交流 技术转让 技术推广 社会 经济 咨询服务 依法 批准 项目 营业执照 依法 自主 开展 经营 活动,工程施工;销售;建设工程;批准;建筑;依法;项目;建筑材料;五金产品;卷材,体育场地设施,是,体育场馆,0.6,none,290,1
91510107MA7EETT290,成都鑫赛众新材料有限公司,7320,许可项目：电气安装服务；建设工程施工；建设工程设计。（依法须经批准的项目，经相关部门批准后方可开展经营活动，具体经营项目以相关部门批准文件或许可证件为准）一般项目：新材料技术研发；塑料制品销售；体育用品及器材零售；橡胶制品销售；电力设施器材销售；涂料销售（不含危险化学品）；仪器仪表销售；实验分析仪器销售；智能仪器仪表销售；网络设备销售；计算机软硬件及辅助设备零售；软件开发；普通露天游乐场所游乐设备销售；电气设备销售；配电开关控制设备研发；体育赛事策划；体育场地设施工程施工；园林绿化工程施工；土石方工程施工；金属结构销售；建筑用钢筋产品销售；建筑材料销售；化工产品销售（不含许可类化工产品）；进出,许可 项目 电气 安装 服务 建设 工程施工 建设工程 设计 依法 批准 项目 相关 部门 批准 后方 开展 经营 活动 具体 经营项目 相关 部门 批准 文件 许可证 为准 一般 项目 材料 技术 研发 塑料制品 销售 体育用品 器材 零售 橡胶制品 销售 电力设施 器材 销售 涂料 销售 危险 化学品 仪器仪表 销售 实验 分析仪器 销售 智能 仪器仪表 销售 网络设备 销售 计算机 软硬件 辅助 设备 零售 软件开发 普通 露天 游乐场 游乐 设备 销售 电气设备 销售 配电 开关 控制 设备 研发 体育 赛事策划 体育场地设施 工程施工 园林绿化 工程施工 土石方 工程施工 金属结构 销售 建筑用 钢筋 产品销售 建筑材料 销售 化工 产品销售 许可 化工产品 进出,销售;工程施工;仪器仪表;批准;产品销售;设备;器材;许可;项目;零售,体育用品;赛事策划;体育场地设施,是,体育用品,0.6,none,300,3
91510107MA6CWH2Y0Q,成都执标广告有限公司,7259,设计、制作、代理、发布各类广告；图文设计制作；动漫设计；壁画设计；包装设计；平面设计；标识标牌设计；企业形象策划；市场营销策划；网络营销策划；文化艺术交流活动策划；体育赛事活动策划；公关活动组织策划；舞台设计；会务服务；企业营销策划；企业管理咨询；商务信息咨询；展览展示服务；摄影服务；礼仪服务；翻译服务；乐器的销售；广告器材租赁；广告器材的销售；计算机的软硬件的技术开发、技术咨询、技术服务；服装设计、服装销售。（依法须经批准的项目，经相关部门批准后方可展开经营活动）。,设计 制作 代理 发布 各类 广告 图文 设计 制作 动漫 设计 壁画 设计 包装 设计 平面设计 标识 标牌 设计 企业形象 策划 市场 营销策划 网络 营销策划 文化 艺术交流 活动 策划 体育赛事 活动 策划 公关活动 组织 策划 舞台 设计 会务 服务 企业 营销策划 企业 管理 咨询 商务信息 咨询 展览 展示 服务 摄影 服务 礼仪 服务 翻译 服务 乐器 销售 广告 器材 租赁 广告 器材 销售 计算机 软硬件 技术开发 技术咨询 技术 服务 服装设计 服装 销售 依法 批准 项目 相关 部门 批准 后方 展开 经营 活动,设计;营销策划;服务;策划;广告;器材;销售;活动;平面设计;咨询,体育赛事,是,体育赛事,0.7,indirect,236,1
91510107MACBTC8A2B,成都景博辰工程管理咨询有限公司,7481,一般项目：工程管理服务；工程造价咨询业务；招投标代理服务；采购代理服务；土石方工程施工；市政设施管理；机械设备租赁；机械设备销售；土地整治服务；园林绿化工程施工；水污染治理；固体废物治理；室内空气污染治理；土壤污染治理与修复服务；消防器材销售；建筑材料销售；财务咨询；企业管理咨询；技术服务、技术开发、技术咨询、技术交流、技术转让、技术推广；工程和技术研究和试验发展；软件开发；软件销售；信息技术咨询服务；信息系统集成服务；数据处理和存储支持服务；环境保护专用设备销售；贸易经纪；日用品销售；广告制作；广告设计、代理；打字复印；体育用品及器材制造；文具用品零售；体育用品及器材零售；办公用品销售；五金,一般 项目 工程 管理 服务 工程造价 咨询 业务 招投标 代理服务 采购 代理服务 土石方 工程施工 市政 设施 管理 机械设备 租赁 机械设备 销售 土地 整治 服务 园林绿化 工程施工 水污染 治理 固体废物 治理 室内 空气污染 治理 土壤污染 治理 修复 服务 消防器材 销售 建筑材料 销售 财务咨询 企业 管理 咨询 技术 服务 技术开发 技术咨询 技术 交流 技术转让 技术推广 工程 技术 研究 试验 发展 软件开发 软件 销售 信息技术 咨询服务 信息系统 集成 服务 数据处理 存储 支持 服务 环境保护 专用设备 销售 贸易 经纪 日用品 销售 广告 制作 广告设计 代理 打字 复印 体育用品 器材 制造 文具用品 零售 体育用品 器材 零售 办公用品 销售 五金,销售;服务;治理;代理服务;体育用品;工程施工;器材;机械设备;技术;管理,体育用品,是,体育用品,0.6,none,300,1
91510107MA68JEK39U,成都梵高空间装饰工程设计有限公司,7492,许可项目：建设工程设计；住宅室内装饰装修；各类工程建设活动。（依法须经批准的项目，经相关部门批准后方可开展经营活动，具体经营项目以相关部门批准文件或许可证件为准）一般项目：园林绿化工程施工；广告设计、代理；平面设计；工程管理服务；专业设计服务；家具安装和维修服务；建筑陶瓷制品销售；轻质建筑材料销售；建筑装饰材料销售；建筑材料销售；家具销售；灯具销售；针纺织品销售；户外用品销售；电气设备销售；体育用品及器材零售；塑料制品销售；办公用品销售；工艺美术品及收藏品零售（象牙及其制品除外）。（除依法须经批准的项目外，凭营业执照依法自主开展经营活动）,许可 项目 建设工程 设计 住宅 室内装饰 装修 各类 工程建设 活动 依法 批准 项目 相关 部门 批准 后方 开展 经营 活动 具体 经营项目 相关 部门 批准 文件 许可证 为准 一般 项目 园林绿化 工程施工 广告设计 代理 平面设计 工程 管理 服务 专业 设计 服务 家具 安装 维修服务 建筑 陶瓷制品 销售 轻质 建筑材料 销售 建筑 装饰 材料 销售 建筑材料 销售 家具 销售 灯具 销售 针纺织品 销售 户外用品 销售 电气设备 销售 体育用品 器材 零售 塑料制品 销售 办公用品 销售 工艺美术品 收藏品 零售 象牙 及其 制品 除外 依法 批准 项目 营业执照 依法 自主 开展 经营 活动,销售;批准;依法;项目;建筑材料;家具;活动;广告设计;平面设计;零售,体育用品,是,体育用品,0.6,none,272,1
91510107MACDMPP24C,成都度溪贞电子商务有限公司,5193,一般项目：互联网销售（除销售需要许可的商品）；农作物种子经营（仅限不再分装的包装种子）；五金产品零售；铁路运输基础设备销售；环境保护专用设备销售；体育用品及器材零售；家居用品销售；光伏设备及元器件销售；农、林、牧、副、渔业专业机械的销售；信息安全设备销售；渔需物资销售；广播影视设备销售；太阳能热利用装备销售。（除依法须经批准的项目外，凭营业执照依法自主开展经营活动）,一般 项目 互联网 销售 销售 需要 许可 商品 农作物 种子 经营 仅限 不再 分装 包装 种子 五金产品 零售 铁路运输 基础 设备 销售 环境保护 专用设备 销售 体育用品 器材 零售 家居用品 销售 光伏 设备 元器件 销售 渔业 专业 机械 销售 信息安全 设备 销售 渔需 物资 销售 广播 影视 设备 销售 太阳能 利用 装备 销售 依法 批准 项目 营业执照 依法 自主 开展 经营 活动,销售;设备;依法;五金产品;零售;种子;家居用品;渔需;体育用品;经营,体育用品,是,体育用品,0.6,none,184,1
91510107MA62LDYM6C,途晟物业服务四川有限公司,8211,健身房清洁服务,健身房 清洁 服务,健身房;清洁;服务,健身房,是,健身休闲,0.6,none,7,1
91510100MACDRRLF8D,成都耀竞网络科技有限公司,6422,网络电子竞技服务,网络 电子竞技 服务,电子竞技;网络;服务,电子竞技,是,电子竞技,0.6,none,8,1
91510000LS0017766U,宝渝（成都）商贸有限公司第二分店,5232,运动用品，运动器械，运动服装及配件的批发,运动用品 运动 器械 运动服装 配件 批发,运动服装;运动用品;配件;批发;器械;运动,运动服装,是,体育用品,0.6,none,20,1
91510108331934158F,成都久汇文化传播有限公司,7492,策划文化交流活动（不含）；企业营销策划；企业形象策划；企业品牌设计；舞台设计；会务及展览展示服务；酒店管理；设计、制作、代理及发布广告（不含气球及固定形式的印刷品广告）；户外用品、舞台设备、灯具、音响设备、机械设备租赁；销售：体育用品、灯具、音响设备、舞台设备、机械设备、建材。（依法须经批准的项目，经相关部门批准后方可开展经营活动）,策划 文化 交流活动 企业 营销策划 企业形象 策划 企业 品牌设计 舞台 设计 会务 展览 展示 服务 酒店 管理 设计 制作 代理 发布 广告 气球 固定 形式 印刷品 广告 户外用品 舞台 设备 灯具 音响设备 机械设备 租赁 销售 体育用品 灯具 音响设备 舞台 设备 机械设备 建材 依法 批准 项目 相关 部门 批准 后方 开展 经营 活动,音响设备;舞台;灯具;机械设备;策划;广告;品牌设计;营销策划;批准;户外用品,体育用品,是,体育用品,0.6,none,167,1
91510108MAC5NR7R8M,成都摸鱼团传媒有限公司,7259,一般项目：广告发布；广告设计、代理；广告制作；技术服务、技术开发、技术咨询、技术交流、技术转让、技术推广；信息系统集成服务；针纺织品销售；服装服饰零售；鞋帽零售；日用品销售；玩具销售；家居用品销售；文具用品零售；办公用品销售；体育用品及器材零售；化妆品零售；家用电器销售；厨具卫具及日用杂品零售；工艺美术品及礼仪用品销售（象牙及其制品除外）；电子产品销售；通讯设备销售；食用农产品零售；物业管理；货物进出口；业务培训（不含教育培训、职业技能培训等需取得许可的培训）；个人互联网直播服务；企业管理咨询；企业管理；信息咨询服务（不含许可类信息咨询服务）。（除依法须经批准的项目外，凭营业执照依法自主开展经,一般 项目 广告 发布 广告设计 代理 广告 制作 技术 服务 技术开发 技术咨询 技术 交流 技术转让 技术推广 信息系统 集成 服务 针纺织品 销售 服装服饰 零售 鞋帽 零售 日用品 销售 玩具 销售 家居用品 销售 文具用品 零售 办公用品 销售 体育用品 器材 零售 化妆品 零售 家用电器 销售 厨具 卫具 日用 杂品 零售 工艺美术品 礼仪 用品 销售 象牙 及其 制品 除外 电子产品 销售 通讯设备 销售 食用 农产品 零售 物业管理 货物 进出口 业务培训 教育 培训 职业技能 培训 取得 许可 培训 个人 互联网 直播 服务 企业 管理 咨询 企业 管理 信息 咨询服务 许可 信息 咨询服务 依法 批准 项目 营业执照 依法 自主 开展,零售;销售;培训;咨询服务;服务;许可;广告;依法;广告设计;文具用品,体育用品,是,体育用品,0.7,indirect,300,1
91510108327430694W,成都予予商贸有限公司,5132,销售：服装鞋帽、箱包、皮革制品、针纺织品、家具、饰品、体育用品。（以上经营项目不含法律法规和国务院决定需要前置审批或许可的项目）。,销售 服装鞋帽 箱包 皮革制品 针纺织品 家具 饰品 体育用品 以上 经营项目 法律法规 国务院 决定 需要 前置 审批 或许 项目,针纺织品;经营项目;服装鞋帽;箱包;体育用品;皮革制品;饰品;前置;法律法规;家具,体育用品,是,体育用品,0.6,none,65,1
91510108MA6BCPDK80,成都啊波册得电子商务有限公司,5189,网上贸易代理；销售日用杂品；销售化妆品；销售珠宝首饰；销售卫生用品；销售体育用品；销售文具用品；销售办公用品；销售五金产品；销售厨房用具、设备；销售服装；销售工艺品（象牙及其制品除外）；鞋帽批发；箱包零售；会议、展览及相关服务；社会经济咨询（不含投、融资信息咨询服务）；企业管理咨询服务；企业形象策划服务；广告设计服务；广告制作服务；广告代理服务；广告发布服务；市场调查（不含许可项目）。（依法须经批准的项目，经相关部门批准后方可开展经营活动）,网上贸易 代理 销售 日用 杂品 销售 化妆品 销售 珠宝首饰 销售 卫生用品 销售 体育用品 销售 文具用品 销售 办公用品 销售 五金产品 销售 厨房用具 设备 销售 服装 销售 工艺品 象牙 及其 制品 除外 鞋帽 批发 箱包 零售 会议 展览 相关 服务 社会 经济 咨询 不含 融资 信息 咨询服务 企业 管理 咨询服务 企业形象 策划 服务 广告设计 服务 广告 制作 服务 广告代理 服务 广告 发布 服务 市场 调查 许可 项目 依法 批准 项目 相关 部门 批准 后方 开展 经营 活动,销售;服务;咨询服务;广告;文具用品;五金产品;厨房用具;广告设计;广告代理;杂品,体育用品,是,体育用品,0.6,none,222,1
91510108MA687Y4CXT,成都市成华区璐菲纳商贸部,5232,批发零售：日用百货、服装、鞋帽、箱包、皮具、化妆品、饰品、家居用品、办公用品、体育用品、户外用品、汽车用品、家具、建材、电子产品、玩具。（依法须经批准的项目，经相关部门批准后方可开展经营活动）,批发 零售 日用百货 服装 鞋帽 箱包 皮具 化妆品 饰品 家居用品 办公用品 体育用品 户外用品 汽车用品 家具 建材 电子产品 玩具 依法 批准 项目 相关 部门 批准 后方 开展 经营 活动,批准;家居用品;户外用品;皮具;汽车用品;日用百货;办公用品;鞋帽;箱包;体育用品,体育用品,是,体育用品,0.6,none,96,1
91510108MA6BT7AJ4A,成都时代理想教育咨询有限公司,8399,教育信息咨询（不含教学及培训、不含出国留学及中介）；销售：文具、体育用品、软件。（依法须经批准的项目，经相关部门批准后方可展开经营活动）。,教育 信息 咨询 教学 培训 出国 留学 中介 销售 文具 体育用品 软件 依法 批准 项目 相关 部门 批准 后方 展开 经营 活动,批准;体育用品;文具;出国;中介;后方;留学;教学;软件;培训,体育用品,是,体育用品,0.7,indirect,69,1
91510108MA6BGFTE5G,四川硕太亿达建筑工程有限公司,7481,许可项目：建设工程施工；建筑劳务分包；建设工程设计；施工专业作业；住宅室内装饰装修。（依法须经批准的项目，经相关部门批准后方可开展经营活动，具体经营项目以相关部门批准文件或许可证件为准）一般项目：工程管理服务；体育场地设施工程施工；园林绿化工程施工；土石方工程施工；市政设施管理；城市绿化管理；普通机械设备安装服务；专业设计服务；金属门窗工程施工；建筑材料销售；建筑装饰材料销售；五金产品零售；建筑工程机械与设备租赁。（除依法须经批准的项目外，凭营业执照依法自主开展经营活动）,许可 项目 建设 工程施工 建筑 劳务 分包 建设工程 设计 施工 专业 作业 住宅 室内装饰 装修 依法 批准 项目 相关 部门 批准 后方 开展 经营 活动 具体 经营项目 相关 部门 批准 文件 许可证 为准 一般 项目 工程 管理 服务 体育场地设施 工程施工 园林绿化 工程施工 土石方 工程施工 市政 设施 管理 城市绿化 管理 普通 机械设备 安装 服务 专业 设计 服务 金属 门窗 工程施工 建筑材料 销售 建筑 装饰 材料 销售 五金产品 零售 建筑工程 机械 设备 租赁 依法 批准 项目 营业执照 依法 自主 开展 经营 活动,工程施工;批准;依法;项目;服务;管理;五金产品;专业;经营项目;开展,体育场地设施,是,体育场馆,0.6,none,238,1
91510108327439875A,成都合通惠实业有限公司,7492,平面设计；网页设计；计算机系统集成；计算机技术服务与技术咨询；计算机网络工程；安防设备的安装与维护；农业技术研究和技术转让；农业信息咨询；销售：日用百货、服装鞋帽、针纺织品、皮革制品、化妆品、体育用品、金属制品（不含稀贵金属）、水泥制品、办公设备、工艺美术品、化工产品（不含危险品）、摄影器材、音响设备、电子产品、五金交电、灯具、家用电器、通讯设备（不含无线电发射设备）、仪器仪表、电线电缆、机电设备、制冷设备、汽车零配件、包装材料、家具、玩具、农副产品（不含粮油、棉麻、生丝、蚕茧）、花卉苗木、摩托车、电动自行车；企业管理咨询；国内商务信息咨询；酒店管理；教育信息咨询；房地产信息咨询；旅游咨询（凭,平面设计 网页 设计 计算机系统 集成 计算机技术 服务 技术咨询 计算机网络 工程 安防 设备 安装 维护 农业 技术 研究 技术转让 农业 信息 咨询 销售 日用百货 服装鞋帽 针纺织品 皮革制品 化妆品 体育用品 金属制品 不含 贵金属 水泥制品 办公设备 工艺美术品 化工产品 危险品 摄影 器材 音响设备 电子产品 五金交电 灯具 家用电器 通讯设备 无线电 发射 设备 仪器仪表 电线电缆 机电设备 制冷 设备 汽车 零配件 包装材料 家具 玩具 农副产品 粮油 棉麻 生丝 蚕茧 花卉苗木 摩托车 电动 自行车 企业 管理 咨询 国内 商务信息 咨询 酒店 管理 教育 信息 咨询 房地产 信息 咨询 旅游 咨询,咨询;设备;信息;平面设计;针纺织品;花卉苗木;商务信息;五金交电;音响设备;电线电缆,体育用品,是,体育用品,0.6,none,300,1
91510108MA6CWUMX5R,成都南德教育咨询有限公司,8399,教育信息咨询（不含教学及培训）；组织文化交流活动；会议及展览服务；礼仪服务；翻译服务；软件开发；企业管理咨询；企业形象策划；销售：文具、体育用品及器材。（依法须经批准的项目，经相关部门批准后方可展开经营活动）。,教育 信息 咨询 教学 培训 组织 文化 交流活动 会议 展览 服务 礼仪 服务 翻译 服务 软件开发 企业 管理 咨询 企业形象 策划 销售 文具 体育用品 器材 依法 批准 项目 相关 部门 批准 后方 展开 经营 活动,服务;咨询;批准;体育用品;企业形象;交流活动;软件开发;文具;展览;器材,体育用品,是,体育用品,0.7,indirect,105,1
91510100MA6CL02Q9G,成都锦隆建设有限公司,5011,体育馆建筑装饰装修,体育馆 建筑 装饰 装修,体育馆;装修;装饰;建筑,体育馆,是,体育场馆,0.6,none,9,1
91510108MAACGN3R6A,成都澄鑫欣电子商务有限公司,5292,互联网体育用品零售,互联网 体育用品零售,体育用品零售;互联网,体育用品零售,是,体育用品,0.6,none,9,1
91510108MA6C9HC35G,四川智兴荣光建筑工程有限公司,5011,体育馆建筑装饰装修,体育馆 建筑 装饰 装修,体育馆;装修;装饰;建筑,体育馆,是,体育场馆,0.6,none,9,1
91510108MA6389P40P,四川金思为开建筑工程有限公司,5011,体育馆建筑装饰装修,体育馆 建筑 装饰 装修,体育馆;装修;装饰;建筑,体育馆,是,体育场馆,0.6,none,9,1
91510108MA61U2JB9R,成都首艺仁装饰工程有限公司,5011,体育馆建筑装饰装修,体育馆 建筑 装饰 装修,体育馆;装修;装饰;建筑,体育馆,是,体育场馆,0.6,none,9,1
92510108MA6B45D81U,成都业思峰商贸有限公司,5211,一般项目：日用百货销售；服装服饰零售；厨具卫具及日用杂品零售；体育用品及器材零售；建筑材料销售；五金产品零售。（除依法须经批准的项目外，凭营业执照依法自主开展经营活动）,一般 项目 日用百货 销售 服装服饰 零售 厨具 卫具 日用 杂品 零售 体育用品 器材 零售 建筑材料 销售 五金产品 零售 依法 批准 项目 营业执照 依法 自主 开展 经营 活动,零售;依法;五金产品;杂品;厨具;卫具;服装服饰;日用百货;体育用品;销售,体育用品,是,体育用品,0.6,none,84,1
91510108MA64G6H11G,四川约书亚教育科技有限公司,5211,教学设备研发及销售；教育信息咨询（不含教学及培训）；组织策划文化艺术交流活动；文艺创作；商务信息咨询；企业管理咨询；广告设计、制作、代理、发布；计算机软硬件的技术开发、销售、技术咨询、技术服务；基础软件服务；机器人、电子产品研发；货物及技术进出口；销售（含网上销售）：预包装食品兼散装食品（取得相关行政许可后方可开展经营活动）、通讯设备（不含无线电发射设备）、厨房用品、卫生用品、日用品、化妆品、医疗器械（取得相关行政许可后方可开展经营活动）、计生用品、玩具、体育用品、文具用品、服装鞋帽、钟表眼镜、针纺织品、家用电器、家具、花卉苗木、不再分装的包装种子、摄影器材、工艺品（不含象牙及其制品）、计算机,教学设备 研发 销售 教育 信息 咨询 教学 培训 组织 策划 文化 艺术交流 活动 文艺创作 商务信息 咨询 企业 管理 咨询 广告设计 制作 代理 发布 计算机 软硬件 技术开发 销售 技术咨询 技术 服务 基础 软件 服务 机器人 电子产品 研发 货物 技术 进出口 销售 网上 销售 包装 食品 散装 食品 取得 相关 行政许可 后方 开展 经营 活动 通讯设备 无线电 发射 设备 厨房用品 卫生用品 日用品 化妆品 医疗器械 取得 相关 行政许可 后方 开展 经营 活动 计生 用品 玩具 体育用品 文具用品 服装鞋帽 钟表 眼镜 针纺织品 家用电器 家具 花卉苗木 不再 分装 包装 种子 摄影 器材 工艺品 象牙 及其 制品 计算机,销售;行政许可;咨询;后方;包装;活动;广告设计;文具用品;计算机;研发,体育用品,是,体育用品,0.6,none,300,1
91510108MA63DRWJ49,四川琰葑服饰有限公司,5232,销售（含网上销售）：服装服饰、针纺织品、皮革制品、办公用品、电子产品、家用电器、摄影器材、体育用品、日用品、计算机及配件、家具、木制品、文具用品、五金交电、工艺美术品（象牙及其制品）、农副产品、医疗器械(取得相关许可证后方可开展经营活动)；企业管理；市场调研；设计、制作、代理、发布广告；货物及技术进出口。（依法须经批准的项目，经相关部门批准后方可展开经营活动）。,销售 网上 销售 服装服饰 针纺织品 皮革制品 办公用品 电子产品 家用电器 摄影 器材 体育用品 日用品 计算机 配件 家具 木制品 文具用品 五金交电 工艺美术品 象牙 及其 制品 农副产品 医疗器械 取得 相关 许可证 后方 开展 经营 活动 企业 管理 市场调研 设计 制作 代理 发布 广告 货物 技术 进出口 依法 批准 项目 相关 部门 批准 后方 展开 经营 活动,后方;文具用品;针纺织品;五金交电;批准;服装服饰;木制品;市场调研;办公用品;体育用品,体育用品,是,体育用品,0.6,none,182,1
91510108077697037C,四川君昊商贸有限公司,5132,批发兼零售：服装鞋帽、针纺织品、皮革制品、化妆品、体育用品、办公用品、日用百货、工艺美术品、橡胶制品、塑料制品、门窗、化工原料及产品（不含危险品）、摄影器材、音响设备、计算机及配件、五金产品、灯具、家用电器、电线电缆、机电设备及配件、汽车配件、家具、农副产品（需要审批或许可的除外）；企业管理咨询,批发 零售 服装鞋帽 针纺织品 皮革制品 化妆品 体育用品 办公用品 日用百货 工艺美术品 橡胶制品 塑料制品 门窗 化工原料 产品 危险品 摄影 器材 音响设备 计算机 配件 五金产品 灯具 家用电器 电线电缆 机电设备 配件 汽车配件 家具 农副产品 需要 审批 或许 除外 企业 管理 咨询,配件;五金产品;针纺织品;音响设备;电线电缆;服装鞋帽;日用百货;办公用品;汽车配件;体育用品,体育用品,是,体育用品,0.6,none,148,1
915101000997190734,四川金耀达商贸有限公司,5132,销售：服装、化妆品、汽车零配件、家具、家居装饰品、家用电器、五金交电、珠宝首饰、纺织品、灯具、空调、机械设备、电子产品、通讯器材(不含无线电发射设备）、文化用品、体育用品及器材、矿产品、消防设备、苗木种植、设计、制作、代理、发布国内各类广告业务（不含气球广告及固定形式印刷品广告）；会议及展览展示服务；计算机软件开发和信息技术服务。（以上项目国家法律、行政法规、国务院决定禁止或限制的除外，涉及资质证的凭资质证经营）,销售 服装 化妆品 汽车 零配件 家具 家居 装饰品 家用电器 五金交电 珠宝首饰 纺织品 灯具 空调 机械设备 电子产品 通讯器材 无线电 发射 设备 文化用品 体育用品 器材 矿产品 消防设备 苗木 种植 设计 制作 代理 发布 国内 各类 广告业务 气球 广告 固定 形式 印刷品 广告 会议 展览 展示 服务 计算机软件 开发 信息技术 服务 以上 项目 国家 法律 行政 法规 国务院 决定 禁止 限制 除外 涉及 资质 资质 经营,资质;广告;五金交电;消防设备;广告业务;文化用品;通讯器材;服务;体育用品;印刷品,体育用品,是,体育用品,0.6,none,208,1
91510100MA6CNYXC59,成都微辉广告有限公司,7492,设计、制作、发布、代理国内各类广告；园艺作物销售；组织策划文化交流活动；企业管理咨询服务；企业形象策划服务；市场营销策划；会议及展览服务；摄影服务；专业化设计服务；销售：文具用品、日用百货、木制品、塑料制品、家具、建材、五金交电、家用电器、电子产品、农副产品、工艺品（象牙及其制品除外）、化妆品、门窗、建筑材料、装饰材料、通讯器材（不含无线电发射装置）、玩具、计算机及配件、服装鞋帽、皮革制品、健身器材、暖通设备、制冷设备、仪器仪表、陶瓷制品、医疗器械（一、二类不含许可项目）。销售：预包装食品（取得相关行政许可后方开展经营活动）。（依法须经批准的项目，经相关部门批准后方可展开经营活动）。,设计 制作 发布 代理 国内 各类 广告 园艺作物 销售 组织 策划 文化 交流活动 企业 管理 咨询服务 企业形象 策划 服务 市场 营销策划 会议 展览 服务 摄影 服务 专业化 设计 服务 销售 文具用品 日用百货 木制品 塑料制品 家具 建材 五金交电 家用电器 电子产品 农副产品 工艺品 象牙 及其 制品 除外 化妆品 门窗 建筑材料 装饰 材料 通讯器材 无线电 发射装置 玩具 计算机 配件 服装鞋帽 皮革制品 健身器材 暖通 设备 制冷 设备 仪器仪表 陶瓷制品 医疗器械 二类 许可 项目 销售 包装 食品 取得 相关 行政许可 后方 开展 经营 活动 依法 批准 项目 相关 部门 批准 后方 展开 经营 活动,服务;销售;策划;后方;文具用品;健身器材;营销策划;五金交电;批准;陶瓷制品,健身器材,是,体育用品,0.6,none,295,1
91510108327470071E,成都睿喆兴实业有限公司,5132,平面设计；网页设计；计算机系统集成；计算机技术服务与技术咨询、维修；建筑智能化工程；计算机网络工程；安防设备的安装；农业技术研究和技术转让；销售：日用百货、服装鞋帽、针纺织品、皮革制品、化妆品、体育用品、金属制品（不含稀贵金属）、水泥制品、办公设备、工艺美术品、摄影器材、音响设备、电子产品、五金交电、灯具、家用电器、通讯设备（不含无线电发射装置）、仪器仪表、电线电缆、农副产品（不含国家限制品种）、花卉苗木；会务服务；企业管理；商务信息咨询（依法须经批准的项目，经相关部门批准后方可开展经营活动）,平面设计 网页 设计 计算机系统 集成 计算机技术 服务 技术咨询 维修 建筑 智能化 工程 计算机网络 工程 安防 设备 安装 农业 技术 研究 技术转让 销售 日用百货 服装鞋帽 针纺织品 皮革制品 化妆品 体育用品 金属制品 不含 贵金属 水泥制品 办公设备 工艺美术品 摄影 器材 音响设备 电子产品 五金交电 灯具 家用电器 通讯设备 无线电 发射装置 仪器仪表 电线电缆 农副产品 国家 限制 品种 花卉苗木 会务 服务 企业 管理 商务信息 咨询 依法 批准 项目 相关 部门 批准 后方 开展 经营 活动,平面设计;针纺织品;花卉苗木;商务信息;五金交电;批准;音响设备;电线电缆;服装鞋帽;工程,体育用品,是,体育用品,0.6,none,249,1
91510108MAC962D32N,四川昌柏嘉远盛服装有限公司,5132,一般项目：服装服饰批发；服装服饰零售；服装辅料销售；服装、服饰检验、整理服务；服装服饰出租；鞋帽零售；鞋帽批发；特种劳动防护用品销售；劳动保护用品销售；互联网销售（除销售需要许可的商品）；日用品销售；会议及展览服务；组织文化艺术交流活动；针纺织品及原料销售；塑料制品销售；礼仪服务；针纺织品销售；体育用品及器材零售；办公用品销售；文具用品零售；广告设计、代理；平面设计；广告发布；日用百货销售；制鞋原辅材料销售；图文设计制作；企业形象策划；家居用品销售；文具用品批发；皮革制品销售；技术服务、技术开发、技术咨询、技术交流、技术转让、技术推广。（除依法须经批准的项目外，凭营业执照依法自主开展经营活动）,一般 项目 服装服饰 批发 服装服饰 零售 服装辅料 销售 服装 服饰 检验 整理 服务 服装服饰 出租 鞋帽 零售 鞋帽 批发 特种 劳动 防护用品 销售 劳动保护 用品 销售 互联网 销售 销售 需要 许可 商品 日用品 销售 会议 展览 服务 组织 文化 艺术交流 活动 针纺织品 原料 销售 塑料制品 销售 礼仪 服务 针纺织品 销售 体育用品 器材 零售 办公用品 销售 文具用品 零售 广告设计 代理 平面设计 广告 发布 日用百货 销售 制鞋 原辅材料 销售 图文 设计 制作 企业形象 策划 家居用品 销售 文具用品 批发 皮革制品 销售 技术 服务 技术开发 技术咨询 技术 交流 技术转让 技术推广 依法 批准 项目 营业执照 依法 自主 开展 经营 活动,销售;服装服饰;文具用品;零售;针纺织品;批发;鞋帽;服务;依法;广告设计,体育用品,是,体育用品,0.6,none,300,1
91510108MA63EGQT3E,四川空谷优品电子商务有限公司,5292,一般项目：互联网销售（除销售需要许可的商品）；个人互联网直播服务（需备案）；信息咨询服务（不含许可类信息咨询服务）；市场营销策划；物联网技术服务；物联网技术研发；技术服务、技术开发、技术咨询、技术交流、技术转让、技术推广；数据处理和存储支持服务；日用百货销售；包装材料及制品销售；电子产品销售；工艺美术品及礼仪用品销售（象牙及其制品除外）；皮革制品销售；服装服饰批发；服装服饰零售；鞋帽零售；鞋帽批发；玩具销售；钟表销售；眼镜销售（不含隐形眼镜）；教学用模型及教具销售；照相器材及望远镜零售；照相器材及望远镜批发；计算机软硬件及辅助设备零售；计算机软硬件及辅助设备批发；体育用品及器材零售；体育用品及,一般 项目 互联网 销售 销售 需要 许可 商品 个人 互联网 直播 服务 备案 信息 咨询服务 许可 信息 咨询服务 市场 营销策划 联网 技术 服务 联网 技术 研发 技术 服务 技术开发 技术咨询 技术 交流 技术转让 技术推广 数据处理 存储 支持 服务 日用百货 销售 包装材料 制品 销售 电子产品 销售 工艺美术品 礼仪 用品 销售 象牙 及其 制品 除外 皮革制品 销售 服装服饰 批发 服装服饰 零售 鞋帽 零售 鞋帽 批发 玩具 销售 钟表 销售 眼镜 销售 隐形眼镜 教学 模型 教具 销售 照相 器材 望远镜 零售 照相 器材 望远镜 批发 计算机 软硬件 辅助 设备 零售 计算机 软硬件 辅助 设备 批发 体育用品 器材 零售 体育用品,销售;零售;批发;器材;服装服饰;鞋帽;服务;体育用品;软硬件;咨询服务,体育用品,是,体育用品,0.6,none,300,1
91510000785400038E,四川鼎天体育产业发展有限公司,7492,体育场馆设计服务,体育场馆 设计 服务,体育场馆;设计;服务,体育场馆,是,体育场馆,0.6,none,8,1
91510108MABQLWDG69,四川名成网易国际贸易有限公司,5181,一般项目：汽车零配件批发；汽车零配件零售；汽车装饰用品销售；五金产品批发；五金产品零售；电线、电缆经营；服装服饰批发；服装服饰零售；鞋帽批发；鞋帽零售；皮革制品销售；文具用品批发；办公用品销售；文具用品零售；体育用品及器材批发；户外用品销售；工艺美术品及礼仪用品销售（象牙及其制品除外）；玩具、动漫及游艺用品销售；家用电器销售；家用视听设备销售；厨具卫具及日用杂品批发；日用陶瓷制品销售。（除依法须经批准的项目外，凭营业执照依法自主开展经营活动）,一般 项目 汽车 零配件 批发 汽车 零配件 零售 汽车装饰 用品 销售 五金产品 批发 五金产品 零售 电线 电缆 经营 服装服饰 批发 服装服饰 零售 鞋帽 批发 鞋帽 零售 皮革制品 销售 文具用品 批发 办公用品 销售 文具用品 零售 体育用品 器材 批发 户外用品 销售 工艺美术品 礼仪 用品 销售 象牙 及其 制品 除外 玩具 动漫 游艺 用品 销售 家用电器 销售 家用 视听 设备 销售 厨具 卫具 日用 杂品 批发 日用陶瓷 制品 销售 依法 批准 项目 营业执照 依法 自主 开展 经营 活动,批发;销售;零售;五金产品;文具用品;用品;服装服饰;鞋帽;零配件;制品,体育用品,是,体育用品,0.6,none,223,1
91510108MA65XDR85B,成都海拓鹏信体育设施工程有限公司,5011,体育馆建筑装饰装修,体育馆 建筑 装饰 装修,体育馆;装修;装饰;建筑,体育馆,是,体育场馆,0.6,none,9,1
91510108321546792W,成都市迪凯体育运动有限公司,7298,体育赛事服务,体育赛事 服务,体育赛事;服务,体育赛事,是,体育赛事,0.6,none,6,1
91510108332024076W,成都蓉康堂体育场馆管理有限公司,5132,体育场馆管理,体育场馆 管理,体育场馆;管理,体育场馆,是,体育场馆,0.6,none,6,1
91510108MACHQMJ66U,四川一桶金工程管理有限公司,7481,一般项目：工程管理服务；住宅水电安装维护服务；家具安装和维修服务；家用电器安装服务；建筑装饰材料销售；体育场地设施工程施工；金属门窗工程施工；城市绿化管理；园林绿化工程施工；家具销售；金属结构销售；涂料销售（不含危险化学品）；劳动保护用品销售；耐火材料销售；环境保护专用设备销售；物业管理；专业保洁、清洗、消毒服务；信息技术咨询服务；信息咨询服务（不含许可类信息咨询服务）。（除依法须经批准的项目外，凭营业执照依法自主开展经营活动）许可项目：住宅室内装饰装修；建筑劳务分包；建设工程设计；食品销售；城市生活垃圾经营性服务。（依法须经批准的项目，经相关部门批准后方可开展经营活动，具体经营项目以相关部门,一般 项目 工程 管理 服务 住宅 水电 安装 维护 服务 家具 安装 维修服务 家用电器 安装 服务 建筑 装饰 材料 销售 体育场地设施 工程施工 金属 门窗 工程施工 城市绿化 管理 园林绿化 工程施工 家具 销售 金属结构 销售 涂料 销售 危险 化学品 劳动保护 用品 销售 耐火材料 销售 环境保护 专用设备 销售 物业管理 专业 保洁 清洗 消毒 服务 信息技术 咨询服务 信息 咨询服务 许可 信息 咨询服务 依法 批准 项目 营业执照 依法 自主 开展 经营 活动 许可 项目 住宅 室内装饰 装修 建筑 劳务 分包 建设工程 设计 食品 销售 城市 生活 垃圾 经营性 服务 依法 批准 项目 相关 部门 批准 后方 开展 经营 活动 具体 经营项目 相关 部门,销售;工程施工;咨询服务;服务;依法;安装;项目;批准;许可;家具,体育场地设施,是,体育场馆,0.6,none,300,1
91510108MA6A9UGW1P,成都韵舱咛商贸有限公司,5232,销售：服装服饰、化妆品、针纺织品、鞋帽、箱包、卫生洁具、文具用品、厨具卫具、钟表、日用百货、眼镜（不含隐形眼镜)、体育用品及器材、工艺美术品（象牙及其制品除外）、涂料（不含危险化学品）、电子产品、汽车零配件、摩托车及零配件、家用电器、家具、五金产品、建筑装饰材料、陶瓷制品、乐器、灯具、珠宝首饰、计算机软硬件及辅助设备（依法须经批准的项目，经相关部门批准后方可开展经营活动）。,销售 服装服饰 化妆品 针纺织品 鞋帽 箱包 卫生洁具 文具用品 厨具 卫具 钟表 日用百货 眼镜 隐形眼镜 体育用品 器材 工艺美术品 象牙 及其 制品 除外 涂料 危险 化学品 电子产品 汽车 零配件 摩托车 零配件 家用电器 家具 五金产品 建筑 装饰 材料 陶瓷制品 乐器 灯具 珠宝首饰 计算机 软硬件 辅助 设备 依法 批准 项目 相关 部门 批准 后方 开展 经营 活动,零配件;文具用品;五金产品;针纺织品;卫生洁具;批准;厨具;陶瓷制品;卫具;服装服饰,体育用品,是,体育用品,0.6,none,188,1
91510108MA6A9UGF2D,成都志沃尘商贸有限公司,5232,销售：服装服饰、化妆品、针纺织品、鞋帽、箱包、卫生洁具、文具用品、厨具卫具、钟表、日用百货、眼镜（不含隐形眼镜）、体育用品及器材、工艺美术品（象牙及其制品除外）、涂料（不含危险化学品）、电子产品、汽车零配件、摩托车及零配件、家用电器、家具、五金产品、建筑装饰材料、陶瓷制品、乐器、灯具、珠宝首饰、计算机软硬件及辅助设备。（依法须经批准的项目，经相关部门批准后方可开展经营活动）,销售 服装服饰 化妆品 针纺织品 鞋帽 箱包 卫生洁具 文具用品 厨具 卫具 钟表 日用百货 眼镜 隐形眼镜 体育用品 器材 工艺美术品 象牙 及其 制品 除外 涂料 危险 化学品 电子产品 汽车 零配件 摩托车 零配件 家用电器 家具 五金产品 建筑 装饰 材料 陶瓷制品 乐器 灯具 珠宝首饰 计算机 软硬件 辅助 设备 依法 批准 项目 相关 部门 批准 后方 开展 经营 活动,零配件;文具用品;五金产品;针纺织品;卫生洁具;批准;厨具;陶瓷制品;卫具;服装服饰,体育用品,是,体育用品,0.6,none,188,1
91510107MA6C6KCQ5Y,成都尚贤栩然教育科技有限公司,8399,舞蹈培训,舞蹈培训,舞蹈培训,舞蹈培训,是,体育培训,0.7,indirect,4,1
91510108MABTEGH528,四川佛泰工程项目管理有限公司,7481,一般项目：工程管理服务；工程造价咨询业务；招投标代理服务；政府采购代理服务；企业总部管理；企业管理；采购代理服务；企业管理咨询；信息咨询服务（不含许可类信息咨询服务）；园林绿化工程施工；土石方工程施工；体育场地设施工程施工；社会稳定风险评估；建筑材料销售；土地调查评估服务；安全咨询服务；咨询策划服务；项目策划与公关服务；对外承包工程；房地产咨询；环境保护监测。（除依法须经批准的项目外，凭营业执照依法自主开展经营活动）许可项目：建设工程施工；住宅室内装饰装修；建设工程监理。（依法须经批准的项目，经相关部门批准后方可开展经营活动，具体经营项目以相关部门批准文件或许可证件为准）,一般 项目 工程 管理 服务 工程造价 咨询 业务 招投标 代理服务 政府 采购 代理服务 企业 总部 管理 企业 管理 采购 代理服务 企业 管理 咨询 信息 咨询服务 许可 信息 咨询服务 园林绿化 工程施工 土石方 工程施工 体育场地设施 工程施工 社会 稳定 风险 评估 建筑材料 销售 土地 调查 评估 服务 安全 咨询服务 咨询 策划 服务 项目 策划 公关 服务 对外 承包工程 房地产 咨询 环境保护 监测 依法 批准 项目 营业执照 依法 自主 开展 经营 活动 许可 项目 建设 工程施工 住宅 室内装饰 装修 建设工程 监理 依法 批准 项目 相关 部门 批准 后方 开展 经营 活动 具体 经营项目 相关 部门 批准 文件 许可证 为准,工程施工;代理服务;咨询服务;咨询;批准;项目;服务;依法;管理;许可,体育场地设施,是,体育场馆,0.6,none,289,1
91510108MA61XYDP9K,成都恒通琦梦商贸有限公司,5211,销售：日用品、服装鞋帽、家具、汽车配件、针纺织品、办公用品、计算机软硬件、五金交电、建材、工艺美术品、通讯设备、仪器仪表、电子产品、数码产品、家用电器、家居用品、化妆品、文具用品、体育用品、玩具、珠宝首饰、床上用品；货物及技术进出口。(依法须经批准的项目，经相关部门批准后方可开展经营活动),销售 日用品 服装鞋帽 家具 汽车配件 针纺织品 办公用品 计算机 软硬件 五金交电 建材 工艺美术品 通讯设备 仪器仪表 电子产品 数码产品 家用电器 家居用品 化妆品 文具用品 体育用品 玩具 珠宝首饰 床上用品 货物 技术 进出口 依法 批准 项目 相关 部门 批准 后方 开展 经营 活动,文具用品;针纺织品;五金交电;批准;床上用品;家居用品;服装鞋帽;数码产品;办公用品;汽车配件,体育用品,是,体育用品,0.6,none,145,1
91510108MA6BEQ8N41,成都市成华区呼魁答商贸部,5132,一般项目：建筑材料销售；五金产品零售；五金产品批发；服装服饰批发；服装服饰零售；体育用品及器材批发；体育用品及器材零售；玩具销售；家具销售；化妆品批发；化妆品零售；箱包销售；鞋帽批发；鞋帽零售；母婴用品销售；汽车零配件零售；汽车零配件批发；软件开发（除依法须经批准的项目外，凭营业执照依法自主开展经营活动）。,一般 项目 建筑材料 销售 五金产品 零售 五金产品 批发 服装服饰 批发 服装服饰 零售 体育用品 器材 批发 体育用品 器材 零售 玩具 销售 家具 销售 化妆品 批发 化妆品 零售 箱包 销售 鞋帽 批发 鞋帽 零售 母婴 用品 销售 汽车 零配件 零售 汽车 零配件 批发 软件开发 依法 批准 项目 营业执照 依法 自主 开展 经营 活动,批发;零售;五金产品;销售;服装服饰;鞋帽;体育用品;零配件;化妆品;器材,体育用品,是,体育用品,0.6,none,154,1
91510108MA6A9UGC8W,成都恒丹百商贸有限公司,5232,销售：服装服饰、化妆品、针纺织品、鞋帽、箱包、卫生洁具、文具用品、厨具卫具、钟表、日用百货、眼镜（不含隐形眼镜)、体育用品及器材、工艺美术品（象牙及其制品除外）、涂料（不含危险化学品）、电子产品、汽车零配件、摩托车及零配件、家用电器、家具、五金产品、建筑装饰材料、陶瓷制品、乐器、灯具、珠宝首饰、计算机软硬件及辅助设备（依法须经批准的项目，经相关部门批准后方可开展经营活动）。,销售 服装服饰 化妆品 针纺织品 鞋帽 箱包 卫生洁具 文具用品 厨具 卫具 钟表 日用百货 眼镜 隐形眼镜 体育用品 器材 工艺美术品 象牙 及其 制品 除外 涂料 危险 化学品 电子产品 汽车 零配件 摩托车 零配件 家用电器 家具 五金产品 建筑 装饰 材料 陶瓷制品 乐器 灯具 珠宝首饰 计算机 软硬件 辅助 设备 依法 批准 项目 相关 部门 批准 后方 开展 经营 活动,零配件;文具用品;五金产品;针纺织品;卫生洁具;批准;厨具;陶瓷制品;卫具;服装服饰,体育用品,是,体育用品,0.6,none,188,1
91510108MACA4RJW6J,四川金捷海通体育设施工程有限公司,7484,体育场地工程服务,体育场地 工程 服务,体育场地;工程;服务,体育场地,是,体育场馆,0.6,none,8,1
91510108MA62TCHL0L,成都青蜂网吧有限责任公司,6422,互联网电子竞技服务,互联网 电子竞技 服务,电子竞技;互联网;服务,电子竞技,是,电子竞技,0.6,none,9,1
91510108MACPE3GY69,四川谦逊合建设工程管理有限公司,7481,一般项目：工程管理服务；工程造价咨询业务；信息咨询服务（不含许可类信息咨询服务）；工业工程设计服务；规划设计管理；公路水运工程试验检测服务；水利相关咨询服务；信息技术咨询服务；消防技术服务；水环境污染防治服务；社会稳定风险评估；环保咨询服务；金属门窗工程施工；土石方工程施工；园林绿化工程施工；体育场地设施工程施工；水污染治理；物业管理；单建式人防工程监理；地质灾害治理服务；技术服务、技术开发、技术咨询、技术交流、技术转让、技术推广；市场营销策划；项目策划与公关服务；咨询策划服务；旅游开发项目策划咨询；休闲观光活动；劳务服务（不含劳务派遣）；广告设计、代理；平面设计；广告制作；广告发布；对外承包,一般 项目 工程 管理 服务 工程造价 咨询 业务 信息 咨询服务 许可 信息 咨询服务 工业 工程设计 服务 规划设计 管理 公路 水运 工程 试验 检测 服务 水利 相关 咨询服务 信息技术 咨询服务 消防 技术 服务 环境污染 防治 服务 社会 稳定 风险 评估 环保 咨询服务 金属 门窗 工程施工 土石方 工程施工 园林绿化 工程施工 体育场地设施 工程施工 水污染 治理 物业管理 单建式 人防 工程 监理 地质灾害 治理 服务 技术 服务 技术开发 技术咨询 技术 交流 技术转让 技术推广 市场 营销策划 项目 策划 公关 服务 咨询 策划 服务 旅游 开发 项目 策划 咨询 休闲 观光 活动 劳务 服务 劳务 派遣 广告设计 代理 平面设计 广告 制作 广告 发布 对外 承包,服务;咨询服务;工程施工;策划;咨询;劳务;工程;广告;项目;技术,体育场地设施,是,体育场馆,0.6,none,300,1
91510108MACGPLCY1H,四川蓉景国际旅行社有限公司,7291,一般项目：票务代理服务；旅客票务代理；商务代理代办服务；会议及展览服务；组织文化艺术交流活动；体育竞赛组织；健身休闲活动；体验式拓展活动及策划；信息咨询服务（不含许可类信息咨询服务）；餐饮管理；酒店管理；旅游开发项目策划咨询；园林绿化工程施工；城市公园管理；互联网销售（除销售需要许可的商品）；小微型客车租赁经营服务；游览景区管理；养老服务；职工疗休养策划服务。（除依法须经批准的项目外，凭营业执照依法自主开展经营活动）许可项目：旅游业务；房地产开发经营。（依法须经批准的项目，经相关部门批准后方可开展经营活动，具体经营项目以相关部门批准文件或许可证件为准）,一般 项目 票务 代理服务 旅客 票务 代理 商务 代理 代办 服务 会议 展览 服务 组织 文化 艺术交流 活动 体育竞赛 组织 健身 休闲活动 体验式 拓展 活动 策划 信息 咨询服务 许可 信息 咨询服务 餐饮 管理 酒店 管理 旅游 开发 项目 策划 咨询 园林绿化 工程施工 城市公园 管理 互联网 销售 销售 需要 许可 商品 微型 客车 租赁经营 服务 游览 景区 管理 养老 服务 职工 休养 策划 服务 依法 批准 项目 营业执照 依法 自主 开展 经营 活动 许可 项目 旅游 业务 房地产 开发 经营 依法 批准 项目 相关 部门 批准 后方 开展 经营 活动 具体 经营项目 相关 部门 批准 文件 许可证 为准,服务;批准;项目;许可;策划;票务;依法;咨询服务;活动;管理,体育竞赛,是,体育赛事,0.7,indirect,279,1
91510108MA6BJTPE4B,成都战篮体育文化传播有限公司,7221,篮球场馆管理服务,篮球场 管理 服务,篮球场;服务;管理,篮球场,是,体育场馆,0.6,none,8,1
915101083965963803,成都缘爱文化传播有限公司,7492,一般项目：组织文化艺术交流活动；企业形象策划；广告设计、代理；广告制作；广告发布；会议及展览服务；平面设计；技术服务、技术开发、技术咨询、技术交流、技术转让、技术推广；专业设计服务；服装服饰零售；服装服饰批发；婚庆礼仪服务；企业管理；人力资源服务（不含职业中介活动、劳务派遣服务）；护理机构服务（不含医疗服务）；家政服务；健康咨询服务（不含诊疗服务）；软件开发；体育用品及器材零售；第一类医疗器械销售；光通信设备销售；网络设备销售；通信设备销售；移动终端设备销售；移动通信设备销售；卫星移动通信终端销售；计算机及通讯设备租赁；5G通信技术服务；幼儿园外托管服务。（除依法须经批准的项目外，凭营业执照依,一般 项目 组织 文化 艺术交流 活动 企业形象 策划 广告设计 代理 广告 制作 广告 发布 会议 展览 服务 平面设计 技术 服务 技术开发 技术咨询 技术 交流 技术转让 技术推广 专业 设计 服务 服装服饰 零售 服装服饰 批发 婚庆 礼仪 服务 企业 管理 人力资源 服务 职业 中介 活动 劳务 派遣 服务 护理 机构 服务 医疗 服务 家政 服务 健康 咨询服务 诊疗 服务 软件开发 体育用品 器材 零售 第一类 医疗器械 销售 光通信 设备 销售 网络设备 销售 通信 设备 销售 移动 终端设备 销售 移动 通信 设备 销售 卫星 移动 通信 终端 销售 计算机 通讯设备 租赁 5G 通信 技术 服务 幼儿园 托管 服务 依法 批准 项目 营业执照,服务;销售;通信;服装服饰;移动;设备;广告;技术;广告设计;平面设计,体育用品,是,体育用品,0.6,none,300,1
91510108MAAGW6B00Y,成都尼禾冬商贸部,5132,一般项目：服装服饰批发；化妆品零售；日用品销售；体育用品及器材批发（除依法须经批准的项目外，凭营业执照依法自主开展经营活动）。,一般 项目 服装服饰 批发 化妆品 零售 日用品 销售 体育用品 器材 批发 依法 批准 项目 营业执照 依法 自主 开展 经营 活动,批发;依法;服装服饰;体育用品;项目;营业执照;日用品;化妆品;器材;零售,体育用品,是,体育用品,0.6,none,63,1
91510108321607161F,成都微云商贸有限公司,5132,销售：办公用品、办公设备及耗材、计算机软硬件及耗材、通讯设备（不含无线电发射设备）、电子产品、日用品、家具、家用电器、建材、文具用品、体育用品、金属制品、数码产品、服装鞋帽、箱包、灯具、针纺织品、珠宝首饰、化妆品、皮革制品；基础软件服务；网页设计；平面设计（依法须经批准的项目，经相关部门批准后方可开展经营活动）,销售 办公用品 办公设备 耗材 计算机 软硬件 耗材 通讯设备 无线电 发射 设备 电子产品 日用品 家具 家用电器 建材 文具用品 体育用品 金属制品 数码产品 服装鞋帽 箱包 灯具 针纺织品 珠宝首饰 化妆品 皮革制品 基础 软件 服务 网页 设计 平面设计 依法 批准 项目 相关 部门 批准 后方 开展 经营 活动,耗材;文具用品;平面设计;针纺织品;批准;服装鞋帽;数码产品;办公用品;办公设备;箱包,体育用品,是,体育用品,0.6,none,156,1
91510108MA6ABU893C,四川东沐建筑工程有限公司,5011,体育馆建筑装饰装修,体育馆 建筑 装饰 装修,体育馆;装修;装饰;建筑,体育馆,是,体育场馆,0.6,none,9,1
91510108MA6ATPJH3L,成华区震邳忠商贸部,5232,运动服装专门零售服务,运动服装 专门 零售 服务,运动服装;零售;专门;服务,运动服装,是,体育用品,0.6,none,10,1
91510108MACNCLAN4H,成都程洛草电子商务中心,5292,许可项目：出版物互联网销售；出版物零售。（依法须经批准的项目，经相关部门批准后方可开展经营活动，具体经营项目以相关部门批准文件或许可证件为准）一般项目：日用百货销售；鞋帽零售；礼品花卉销售；钟表销售；针纺织品及原料销售；美发饰品销售；皮革制品销售；户外用品销售；文具用品零售；电子产品销售；母婴用品销售；宠物食品及用品零售；家具销售；箱包销售；厨具卫具及日用杂品零售；体育用品及器材零售；照相器材及望远镜零售；工艺美术品及礼仪用品销售（象牙及其制品除外）；互联网销售（除销售需要许可的商品）。（除依法须经批准的项目外，凭营业执照依法自主开展经营活动）,许可 项目 出版物 互联网 销售 出版物 零售 依法 批准 项目 相关 部门 批准 后方 开展 经营 活动 具体 经营项目 相关 部门 批准 文件 许可证 为准 一般 项目 日用百货 销售 鞋帽 零售 礼品 花卉 销售 钟表 销售 针纺织品 原料 销售 美发 饰品 销售 皮革制品 销售 户外用品 销售 文具用品 零售 电子产品 销售 母婴 用品 销售 宠物食品 用品 零售 家具 销售 箱包 销售 厨具 卫具 日用 杂品 零售 体育用品 器材 零售 照相 器材 望远镜 零售 工艺美术品 礼仪 用品 销售 象牙 及其 制品 除外 互联网 销售 销售 需要 许可 商品 依法 批准 项目 营业执照 依法 自主 开展 经营 活动,销售;零售;批准;用品;依法;项目;出版物;器材;许可;互联网,体育用品,是,体育用品,0.6,none,275,1
91510108MACN3M7N9H,成都探护禾电子商务中心,5292,许可项目：出版物互联网销售；出版物零售。（依法须经批准的项目，经相关部门批准后方可开展经营活动，具体经营项目以相关部门批准文件或许可证件为准）一般项目：日用百货销售；鞋帽零售；礼品花卉销售；钟表销售；针纺织品及原料销售；美发饰品销售；皮革制品销售；户外用品销售；文具用品零售；电子产品销售；母婴用品销售；宠物食品及用品零售；家具销售；箱包销售；厨具卫具及日用杂品零售；体育用品及器材零售；照相器材及望远镜零售；工艺美术品及礼仪用品销售（象牙及其制品除外）；互联网销售（除销售需要许可的商品）。（除依法须经批准的项目外，凭营业执照依法自主开展经营活动）,许可 项目 出版物 互联网 销售 出版物 零售 依法 批准 项目 相关 部门 批准 后方 开展 经营 活动 具体 经营项目 相关 部门 批准 文件 许可证 为准 一般 项目 日用百货 销售 鞋帽 零售 礼品 花卉 销售 钟表 销售 针纺织品 原料 销售 美发 饰品 销售 皮革制品 销售 户外用品 销售 文具用品 零售 电子产品 销售 母婴 用品 销售 宠物食品 用品 零售 家具 销售 箱包 销售 厨具 卫具 日用 杂品 零售 体育用品 器材 零售 照相 器材 望远镜 零售 工艺美术品 礼仪 用品 销售 象牙 及其 制品 除外 互联网 销售 销售 需要 许可 商品 依法 批准 项目 营业执照 依法 自主 开展 经营 活动,销售;零售;批准;用品;依法;项目;出版物;器材;许可;互联网,体育用品,是,体育用品,0.6,none,275,1
91510108MACJ904HXM,成都枝梨沽百货店,5211,一般项目：日用百货销售；服装服饰零售；鞋帽零售；化妆品零售；自行车及零配件零售；厨具卫具及日用杂品零售；文具用品零售；体育用品及器材零售；工艺美术品及收藏品零售（象牙及其制品除外）；照相器材及望远镜零售；乐器零售；珠宝首饰零售；互联网销售（除销售需要许可的商品）；软件开发。（除依法须经批准的项目外，凭营业执照依法自主开展经营活动）,一般 项目 日用百货 销售 服装服饰 零售 鞋帽 零售 化妆品 零售 自行车 零配件 零售 厨具 卫具 日用 杂品 零售 文具用品 零售 体育用品 器材 零售 工艺美术品 收藏品 零售 象牙 及其 制品 除外 照相 器材 望远镜 零售 乐器 零售 珠宝首饰 零售 互联网 销售 销售 需要 许可 商品 软件开发 依法 批准 项目 营业执照 依法 自主 开展 经营 活动,零售;器材;销售;依法;文具用品;杂品;厨具;卫具;服装服饰;日用百货,体育用品,是,体育用品,0.6,none,166,1
91510108MACLN9286L,成都结虹论百货店,5211,一般项目：日用百货销售；服装服饰零售；鞋帽零售；化妆品零售；自行车及零配件零售；厨具卫具及日用杂品零售；文具用品零售；体育用品及器材零售；工艺美术品及收藏品零售（象牙及其制品除外）；照相器材及望远镜零售；乐器零售；珠宝首饰零售；互联网销售（除销售需要许可的商品）；软件开发。（除依法须经批准的项目外，凭营业执照依法自主开展经营活动）,一般 项目 日用百货 销售 服装服饰 零售 鞋帽 零售 化妆品 零售 自行车 零配件 零售 厨具 卫具 日用 杂品 零售 文具用品 零售 体育用品 器材 零售 工艺美术品 收藏品 零售 象牙 及其 制品 除外 照相 器材 望远镜 零售 乐器 零售 珠宝首饰 零售 互联网 销售 销售 需要 许可 商品 软件开发 依法 批准 项目 营业执照 依法 自主 开展 经营 活动,零售;器材;销售;依法;文具用品;杂品;厨具;卫具;服装服饰;日用百货,体育用品,是,体育用品,0.6,none,166,1
91510108MACKPJRP1D,成都淳纺礼百货店,5211,一般项目：日用百货销售；服装服饰零售；鞋帽零售；化妆品零售；自行车及零配件零售；厨具卫具及日用杂品零售；文具用品零售；体育用品及器材零售；工艺美术品及收藏品零售（象牙及其制品除外）；照相器材及望远镜零售；乐器零售；珠宝首饰零售；互联网销售（除销售需要许可的商品）；软件开发。（除依法须经批准的项目外，凭营业执照依法自主开展经营活动）,一般 项目 日用百货 销售 服装服饰 零售 鞋帽 零售 化妆品 零售 自行车 零配件 零售 厨具 卫具 日用 杂品 零售 文具用品 零售 体育用品 器材 零售 工艺美术品 收藏品 零售 象牙 及其 制品 除外 照相 器材 望远镜 零售 乐器 零售 珠宝首饰 零售 互联网 销售 销售 需要 许可 商品 软件开发 依法 批准 项目 营业执照 依法 自主 开展 经营 活动,零售;器材;销售;依法;文具用品;杂品;厨具;卫具;服装服饰;日用百货,体育用品,是,体育用品,0.6,none,166,1
91510108MACNBJA64T,成都璐昱芬电子商务中心,5292,许可项目：出版物互联网销售；出版物零售。（依法须经批准的项目，经相关部门批准后方可开展经营活动，具体经营项目以相关部门批准文件或许可证件为准）一般项目：日用百货销售；鞋帽零售；礼品花卉销售；钟表销售；针纺织品及原料销售；美发饰品销售；皮革制品销售；户外用品销售；文具用品零售；电子产品销售；母婴用品销售；宠物食品及用品零售；家具销售；箱包销售；厨具卫具及日用杂品零售；体育用品及器材零售；照相器材及望远镜零售；工艺美术品及礼仪用品销售（象牙及其制品除外）；互联网销售（除销售需要许可的商品）。（除依法须经批准的项目外，凭营业执照依法自主开展经营活动）,许可 项目 出版物 互联网 销售 出版物 零售 依法 批准 项目 相关 部门 批准 后方 开展 经营 活动 具体 经营项目 相关 部门 批准 文件 许可证 为准 一般 项目 日用百货 销售 鞋帽 零售 礼品 花卉 销售 钟表 销售 针纺织品 原料 销售 美发 饰品 销售 皮革制品 销售 户外用品 销售 文具用品 零售 电子产品 销售 母婴 用品 销售 宠物食品 用品 零售 家具 销售 箱包 销售 厨具 卫具 日用 杂品 零售 体育用品 器材 零售 照相 器材 望远镜 零售 工艺美术品 礼仪 用品 销售 象牙 及其 制品 除外 互联网 销售 销售 需要 许可 商品 依法 批准 项目 营业执照 依法 自主 开展 经营 活动,销售;零售;批准;用品;依法;项目;出版物;器材;许可;互联网,体育用品,是,体育用品,0.6,none,275,1
91510108MACNCLPM11,成都炽舜昂电子商务中心,5292,许可项目：出版物互联网销售；出版物零售。（依法须经批准的项目，经相关部门批准后方可开展经营活动，具体经营项目以相关部门批准文件或许可证件为准）一般项目：日用百货销售；鞋帽零售；礼品花卉销售；钟表销售；针纺织品及原料销售；美发饰品销售；皮革制品销售；户外用品销售；文具用品零售；电子产品销售；母婴用品销售；宠物食品及用品零售；家具销售；箱包销售；厨具卫具及日用杂品零售；体育用品及器材零售；照相器材及望远镜零售；工艺美术品及礼仪用品销售（象牙及其制品除外）；互联网销售（除销售需要许可的商品）。（除依法须经批准的项目外，凭营业执照依法自主开展经营活动）,许可 项目 出版物 互联网 销售 出版物 零售 依法 批准 项目 相关 部门 批准 后方 开展 经营 活动 具体 经营项目 相关 部门 批准 文件 许可证 为准 一般 项目 日用百货 销售 鞋帽 零售 礼品 花卉 销售 钟表 销售 针纺织品 原料 销售 美发 饰品 销售 皮革制品 销售 户外用品 销售 文具用品 零售 电子产品 销售 母婴 用品 销售 宠物食品 用品 零售 家具 销售 箱包 销售 厨具 卫具 日用 杂品 零售 体育用品 器材 零售 照相 器材 望远镜 零售 工艺美术品 礼仪 用品 销售 象牙 及其 制品 除外 互联网 销售 销售 需要 许可 商品 依法 批准 项目 营业执照 依法 自主 开展 经营 活动,销售;零售;批准;用品;依法;项目;出版物;器材;许可;互联网,体育用品,是,体育用品,0.6,none,275,1
91510108MACG44UC5R,四川漫汐广告有限公司,7259,一般项目：广告制作；广告发布；广告设计、代理；平面设计；图文设计制作；办公服务；打字复印；市场营销策划；企业管理咨询；市场调查（不含涉外调查）；会议及展览服务；礼仪服务；婚庆礼仪服务；摄像及视频制作服务；城市公园管理；办公设备租赁服务；信息咨询服务（不含许可类信息咨询服务）；咨询策划服务；信息技术咨询服务；信息系统集成服务；办公用品销售；办公设备销售；建筑材料销售；音响设备销售；计算机软硬件及辅助设备零售；通讯设备销售；电子产品销售；体育用品及器材零售；办公设备耗材销售；园林绿化工程施工。（除依法须经批准的项目外，凭营业执照依法自主开展经营活动）许可项目：互联网直播技术服务。（依法须经批准的项,一般 项目 广告 制作 广告 发布 广告设计 代理 平面设计 图文 设计 制作 办公 服务 打字 复印 市场 营销策划 企业 管理 咨询 市场 调查 涉外 调查 会议 展览 服务 礼仪 服务 婚庆 礼仪 服务 摄像 视频 制作 服务 城市公园 管理 办公设备 租赁 服务 信息 咨询服务 许可 信息 咨询服务 咨询 策划 服务 信息技术 咨询服务 信息系统 集成 服务 办公用品 销售 办公设备 销售 建筑材料 销售 音响设备 销售 计算机 软硬件 辅助 设备 零售 通讯设备 销售 电子产品 销售 体育用品 器材 零售 办公设备 耗材 销售 园林绿化 工程施工 依法 批准 项目 营业执照 依法 自主 开展 经营 活动 许可 项目 互联网 直播 技术 服务 依法 批准,服务;销售;办公设备;咨询服务;依法;制作;许可;礼仪;广告;项目,体育用品,是,体育用品,0.7,indirect,300,1
91510108MACFWA4K3T,成都椒甥狱电子商务中心,5292,许可项目：出版物互联网销售；出版物零售。（依法须经批准的项目，经相关部门批准后方可开展经营活动，具体经营项目以相关部门批准文件或许可证件为准）一般项目：日用百货销售；鞋帽零售；礼品花卉销售；钟表销售；针纺织品及原料销售；文具用品零售；电子产品销售；母婴用品销售；宠物食品及用品零售；家具销售；厨具卫具及日用杂品零售；体育用品及器材零售；照相器材及望远镜零售；工艺美术品及礼仪用品销售（象牙及其制品除外）；互联网销售（除销售需要许可的商品）。（除依法须经批准的项目外，凭营业执照依法自主开展经营活动）,许可 项目 出版物 互联网 销售 出版物 零售 依法 批准 项目 相关 部门 批准 后方 开展 经营 活动 具体 经营项目 相关 部门 批准 文件 许可证 为准 一般 项目 日用百货 销售 鞋帽 零售 礼品 花卉 销售 钟表 销售 针纺织品 原料 销售 文具用品 零售 电子产品 销售 母婴 用品 销售 宠物食品 用品 零售 家具 销售 厨具 卫具 日用 杂品 零售 体育用品 器材 零售 照相 器材 望远镜 零售 工艺美术品 礼仪 用品 销售 象牙 及其 制品 除外 互联网 销售 销售 需要 许可 商品 依法 批准 项目 营业执照 依法 自主 开展 经营 活动,销售;零售;批准;用品;依法;项目;出版物;器材;许可;互联网,体育用品,是,体育用品,0.6,none,249,1
91510108MACNRL3U93,成都资板许电子商务中心,5292,一般项目：日用百货销售；日用品销售；鞋帽零售；化妆品零售；日用化学产品销售；五金产品零售；个人卫生用品销售；服装服饰零售；文具用品零售；户外用品销售；日用家电零售；体育用品及器材零售；针纺织品销售；母婴用品销售；汽车零配件零售；工艺美术品及收藏品零售（象牙及其制品除外）；眼镜销售（不含隐形眼镜）；宠物食品及用品零售；油墨销售（不含危险化学品）；摩托车及零配件零售；汽车装饰用品销售；电池销售；食用农产品零售；羽毛(绒)及制品销售；日用杂品销售；礼品花卉销售；金属工具销售；钟表销售；珠宝首饰零售；照相器材及望远镜零售；家用电器销售；乐器零售；互联网销售（除销售需要许可的商品）。（除依法须经批准的项,一般 项目 日用百货 销售 日用品 销售 鞋帽 零售 化妆品 零售 日用 化学 产品销售 五金产品 零售 个人 卫生用品 销售 服装服饰 零售 文具用品 零售 户外用品 销售 日用 家电 零售 体育用品 器材 零售 针纺织品 销售 母婴 用品 销售 汽车 零配件 零售 工艺美术品 收藏品 零售 象牙 及其 制品 除外 眼镜 销售 隐形眼镜 宠物食品 用品 零售 油墨 销售 危险 化学品 摩托车 零配件 零售 汽车装饰 用品 销售 电池 销售 食用 农产品 零售 羽毛 制品 销售 日用 杂品 销售 礼品 花卉 销售 金属 工具 销售 钟表 销售 珠宝首饰 零售 照相 器材 望远镜 零售 家用电器 销售 乐器 零售 互联网 销售 销售 需要 许可 商品 依法 批准,零售;销售;日用;用品;零配件;器材;制品;五金产品;文具用品;针纺织品,体育用品,是,体育用品,0.6,none,300,1
91510108MACLP7UG51,成都联锦化电子商务中心,5292,一般项目：日用百货销售；日用品销售；鞋帽零售；化妆品零售；日用化学产品销售；五金产品零售；个人卫生用品销售；服装服饰零售；文具用品零售；户外用品销售；日用家电零售；体育用品及器材零售；针纺织品销售；母婴用品销售；汽车零配件零售；工艺美术品及收藏品零售（象牙及其制品除外）；眼镜销售（不含隐形眼镜）；宠物食品及用品零售；油墨销售（不含危险化学品）；摩托车及零配件零售；汽车装饰用品销售；电池销售；食用农产品零售；羽毛(绒)及制品销售；日用杂品销售；礼品花卉销售；金属工具销售；钟表销售；珠宝首饰零售；照相器材及望远镜零售；家用电器销售；乐器零售；互联网销售（除销售需要许可的商品）。（除依法须经批准的项,一般 项目 日用百货 销售 日用品 销售 鞋帽 零售 化妆品 零售 日用 化学 产品销售 五金产品 零售 个人 卫生用品 销售 服装服饰 零售 文具用品 零售 户外用品 销售 日用 家电 零售 体育用品 器材 零售 针纺织品 销售 母婴 用品 销售 汽车 零配件 零售 工艺美术品 收藏品 零售 象牙 及其 制品 除外 眼镜 销售 隐形眼镜 宠物食品 用品 零售 油墨 销售 危险 化学品 摩托车 零配件 零售 汽车装饰 用品 销售 电池 销售 食用 农产品 零售 羽毛 制品 销售 日用 杂品 销售 礼品 花卉 销售 金属 工具 销售 钟表 销售 珠宝首饰 零售 照相 器材 望远镜 零售 家用电器 销售 乐器 零售 互联网 销售 销售 需要 许可 商品 依法 批准,零售;销售;日用;用品;零配件;器材;制品;五金产品;文具用品;针纺织品,体育用品,是,体育用品,0.6,none,300,1
91510108MACFR5U47Y,成都少拼雨电子商务中心,5292,许可项目：出版物互联网销售；出版物零售。（依法须经批准的项目，经相关部门批准后方可开展经营活动，具体经营项目以相关部门批准文件或许可证件为准）一般项目：日用百货销售；鞋帽零售；礼品花卉销售；钟表销售；针纺织品及原料销售；文具用品零售；电子产品销售；母婴用品销售；宠物食品及用品零售；家具销售；厨具卫具及日用杂品零售；体育用品及器材零售；照相器材及望远镜零售；工艺美术品及礼仪用品销售（象牙及其制品除外）；互联网销售（除销售需要许可的商品）。（除依法须经批准的项目外，凭营业执照依法自主开展经营活动）,许可 项目 出版物 互联网 销售 出版物 零售 依法 批准 项目 相关 部门 批准 后方 开展 经营 活动 具体 经营项目 相关 部门 批准 文件 许可证 为准 一般 项目 日用百货 销售 鞋帽 零售 礼品 花卉 销售 钟表 销售 针纺织品 原料 销售 文具用品 零售 电子产品 销售 母婴 用品 销售 宠物食品 用品 零售 家具 销售 厨具 卫具 日用 杂品 零售 体育用品 器材 零售 照相 器材 望远镜 零售 工艺美术品 礼仪 用品 销售 象牙 及其 制品 除外 互联网 销售 销售 需要 许可 商品 依法 批准 项目 营业执照 依法 自主 开展 经营 活动,销售;零售;批准;用品;依法;项目;出版物;器材;许可;互联网,体育用品,是,体育用品,0.6,none,249,1
91510108MACGAUF3XB,成都乐培母婴用品有限责任公司,5211,一般项目：母婴用品销售；日用百货销售；服装服饰零售；鞋帽零售；玩具销售；日用品销售；木制玩具销售；工艺美术品及收藏品零售（象牙及其制品除外）；办公用品销售；针纺织品销售；箱包销售；皮革制品销售；家居用品销售；体育用品及器材零售；户外用品销售。（除依法须经批准的项目外，凭营业执照依法自主开展经营活动）,一般 项目 母婴 用品 销售 日用百货 销售 服装服饰 零售 鞋帽 零售 玩具 销售 日用品 销售 木制 玩具 销售 工艺美术品 收藏品 零售 象牙 及其 制品 除外 办公用品 销售 针纺织品 销售 箱包 销售 皮革制品 销售 家居用品 销售 体育用品 器材 零售 户外用品 销售 依法 批准 项目 营业执照 依法 自主 开展 经营 活动,销售;零售;玩具;依法;针纺织品;家居用品;户外用品;服装服饰;日用百货;办公用品,体育用品,是,体育用品,0.6,none,150,1
91510108MACKP56801,成都视绥利百货店,5211,一般项目：日用百货销售；服装服饰零售；鞋帽零售；化妆品零售；自行车及零配件零售；厨具卫具及日用杂品零售；文具用品零售；体育用品及器材零售；工艺美术品及收藏品零售（象牙及其制品除外）；照相器材及望远镜零售；乐器零售；珠宝首饰零售；互联网销售（除销售需要许可的商品）；软件开发。（除依法须经批准的项目外，凭营业执照依法自主开展经营活动）,一般 项目 日用百货 销售 服装服饰 零售 鞋帽 零售 化妆品 零售 自行车 零配件 零售 厨具 卫具 日用 杂品 零售 文具用品 零售 体育用品 器材 零售 工艺美术品 收藏品 零售 象牙 及其 制品 除外 照相 器材 望远镜 零售 乐器 零售 珠宝首饰 零售 互联网 销售 销售 需要 许可 商品 软件开发 依法 批准 项目 营业执照 依法 自主 开展 经营 活动,零售;器材;销售;依法;文具用品;杂品;厨具;卫具;服装服饰;日用百货,体育用品,是,体育用品,0.6,none,166,1
91510108MACLA2H81T,成都咚妮丹百货店,5211,一般项目：日用百货销售；服装服饰零售；鞋帽零售；化妆品零售；自行车及零配件零售；厨具卫具及日用杂品零售；文具用品零售；体育用品及器材零售；工艺美术品及收藏品零售（象牙及其制品除外）；照相器材及望远镜零售；乐器零售；珠宝首饰零售；互联网销售（除销售需要许可的商品）；软件开发。（除依法须经批准的项目外，凭营业执照依法自主开展经营活动）,一般 项目 日用百货 销售 服装服饰 零售 鞋帽 零售 化妆品 零售 自行车 零配件 零售 厨具 卫具 日用 杂品 零售 文具用品 零售 体育用品 器材 零售 工艺美术品 收藏品 零售 象牙 及其 制品 除外 照相 器材 望远镜 零售 乐器 零售 珠宝首饰 零售 互联网 销售 销售 需要 许可 商品 软件开发 依法 批准 项目 营业执照 依法 自主 开展 经营 活动,零售;器材;销售;依法;文具用品;杂品;厨具;卫具;服装服饰;日用百货,体育用品,是,体育用品,0.6,none,166,1
91510108MACLRA7E16,成都箭文图书有限公司,5243,许可项目：出版物零售；出版物互联网销售。（依法须经批准的项目，经相关部门批准后方可开展经营活动，具体经营项目以相关部门批准文件或许可证件为准）一般项目：日用百货销售；日用品销售；鞋帽零售；化妆品零售；日用化学产品销售；五金产品零售；个人卫生用品销售；服装服饰零售；文具用品零售；户外用品销售；日用家电零售；体育用品及器材零售；针纺织品销售；母婴用品销售；汽车零配件零售；工艺美术品及收藏品零售（象牙及其制品除外）；眼镜销售（不含隐形眼镜）；宠物食品及用品零售；油墨销售（不含危险化学品）；摩托车及零配件零售；汽车装饰用品销售；电池销售；食用农产品零售；羽毛(绒)及制品销售；日用杂品销售；礼品花卉销售,许可 项目 出版物 零售 出版物 互联网 销售 依法 批准 项目 相关 部门 批准 后方 开展 经营 活动 具体 经营项目 相关 部门 批准 文件 许可证 为准 一般 项目 日用百货 销售 日用品 销售 鞋帽 零售 化妆品 零售 日用 化学 产品销售 五金产品 零售 个人 卫生用品 销售 服装服饰 零售 文具用品 零售 户外用品 销售 日用 家电 零售 体育用品 器材 零售 针纺织品 销售 母婴 用品 销售 汽车 零配件 零售 工艺美术品 收藏品 零售 象牙 及其 制品 除外 眼镜 销售 隐形眼镜 宠物食品 用品 零售 油墨 销售 危险 化学品 摩托车 零配件 零售 汽车装饰 用品 销售 电池 销售 食用 农产品 零售 羽毛 制品 销售 日用 杂品 销售 礼品 花卉 销售,零售;销售;日用;用品;零配件;批准;出版物;制品;项目;五金产品,体育用品,是,体育用品,0.6,none,300,1
91510108MACHDJDQ2T,成都明婳田电子商务有限公司,5292,许可项目：出版物互联网销售；出版物零售。（依法须经批准的项目，经相关部门批准后方可开展经营活动，具体经营项目以相关部门批准文件或许可证件为准）一般项目：日用百货销售；鞋帽零售；礼品花卉销售；钟表销售；针纺织品及原料销售；文具用品零售；电子产品销售；母婴用品销售；宠物食品及用品零售；家具销售；厨具卫具及日用杂品零售；体育用品及器材零售；照相器材及望远镜零售；工艺美术品及礼仪用品销售（象牙及其制品除外）；互联网销售（除销售需要许可的商品）。（除依法须经批准的项目外，凭营业执照依法自主开展经营活动）,许可 项目 出版物 互联网 销售 出版物 零售 依法 批准 项目 相关 部门 批准 后方 开展 经营 活动 具体 经营项目 相关 部门 批准 文件 许可证 为准 一般 项目 日用百货 销售 鞋帽 零售 礼品 花卉 销售 钟表 销售 针纺织品 原料 销售 文具用品 零售 电子产品 销售 母婴 用品 销售 宠物食品 用品 零售 家具 销售 厨具 卫具 日用 杂品 零售 体育用品 器材 零售 照相 器材 望远镜 零售 工艺美术品 礼仪 用品 销售 象牙 及其 制品 除外 互联网 销售 销售 需要 许可 商品 依法 批准 项目 营业执照 依法 自主 开展 经营 活动,销售;零售;批准;用品;依法;项目;出版物;器材;许可;互联网,体育用品,是,体育用品,0.6,none,249,1
91510108MACLL10N35,成都凤孝咚百货店,5211,一般项目：日用百货销售；服装服饰零售；鞋帽零售；化妆品零售；自行车及零配件零售；厨具卫具及日用杂品零售；文具用品零售；体育用品及器材零售；工艺美术品及收藏品零售（象牙及其制品除外）；照相器材及望远镜零售；乐器零售；珠宝首饰零售；互联网销售（除销售需要许可的商品）；软件开发。（除依法须经批准的项目外，凭营业执照依法自主开展经营活动）,一般 项目 日用百货 销售 服装服饰 零售 鞋帽 零售 化妆品 零售 自行车 零配件 零售 厨具 卫具 日用 杂品 零售 文具用品 零售 体育用品 器材 零售 工艺美术品 收藏品 零售 象牙 及其 制品 除外 照相 器材 望远镜 零售 乐器 零售 珠宝首饰 零售 互联网 销售 销售 需要 许可 商品 软件开发 依法 批准 项目 营业执照 依法 自主 开展 经营 活动,零售;器材;销售;依法;文具用品;杂品;厨具;卫具;服装服饰;日用百货,体育用品,是,体育用品,0.6,none,166,1
91510108MACL721F0W,成都者嘉松电子商务中心,5292,许可项目：出版物互联网销售；出版物零售。（依法须经批准的项目，经相关部门批准后方可开展经营活动，具体经营项目以相关部门批准文件或许可证件为准）一般项目：日用百货销售；鞋帽零售；礼品花卉销售；钟表销售；针纺织品及原料销售；美发饰品销售；皮革制品销售；户外用品销售；文具用品零售；电子产品销售；母婴用品销售；宠物食品及用品零售；家具销售；箱包销售；厨具卫具及日用杂品零售；体育用品及器材零售；照相器材及望远镜零售；工艺美术品及礼仪用品销售（象牙及其制品除外）；互联网销售（除销售需要许可的商品）。（除依法须经批准的项目外，凭营业执照依法自主开展经营活动）,许可 项目 出版物 互联网 销售 出版物 零售 依法 批准 项目 相关 部门 批准 后方 开展 经营 活动 具体 经营项目 相关 部门 批准 文件 许可证 为准 一般 项目 日用百货 销售 鞋帽 零售 礼品 花卉 销售 钟表 销售 针纺织品 原料 销售 美发 饰品 销售 皮革制品 销售 户外用品 销售 文具用品 零售 电子产品 销售 母婴 用品 销售 宠物食品 用品 零售 家具 销售 箱包 销售 厨具 卫具 日用 杂品 零售 体育用品 器材 零售 照相 器材 望远镜 零售 工艺美术品 礼仪 用品 销售 象牙 及其 制品 除外 互联网 销售 销售 需要 许可 商品 依法 批准 项目 营业执照 依法 自主 开展 经营 活动,销售;零售;批准;用品;依法;项目;出版物;器材;许可;互联网,体育用品,是,体育用品,0.6,none,275,1
91510108MACNHF3B2T,成都安高良电子商务中心,5292,许可项目：出版物互联网销售；出版物零售。（依法须经批准的项目，经相关部门批准后方可开展经营活动，具体经营项目以相关部门批准文件或许可证件为准）一般项目：日用百货销售；鞋帽零售；礼品花卉销售；钟表销售；针纺织品及原料销售；美发饰品销售；皮革制品销售；户外用品销售；文具用品零售；电子产品销售；母婴用品销售；宠物食品及用品零售；家具销售；箱包销售；厨具卫具及日用杂品零售；体育用品及器材零售；照相器材及望远镜零售；工艺美术品及礼仪用品销售（象牙及其制品除外）；互联网销售（除销售需要许可的商品）。（除依法须经批准的项目外，凭营业执照依法自主开展经营活动）,许可 项目 出版物 互联网 销售 出版物 零售 依法 批准 项目 相关 部门 批准 后方 开展 经营 活动 具体 经营项目 相关 部门 批准 文件 许可证 为准 一般 项目 日用百货 销售 鞋帽 零售 礼品 花卉 销售 钟表 销售 针纺织品 原料 销售 美发 饰品 销售 皮革制品 销售 户外用品 销售 文具用品 零售 电子产品 销售 母婴 用品 销售 宠物食品 用品 零售 家具 销售 箱包 销售 厨具 卫具 日用 杂品 零售 体育用品 器材 零售 照相 器材 望远镜 零售 工艺美术品 礼仪 用品 销售 象牙 及其 制品 除外 互联网 销售 销售 需要 许可 商品 依法 批准 项目 营业执照 依法 自主 开展 经营 活动,销售;零售;批准;用品;依法;项目;出版物;器材;许可;互联网,体育用品,是,体育用品,0.6,none,275,1
91510108MACJBC3P2Q,成都析归庆百货店,5211,一般项目：日用百货销售；服装服饰零售；鞋帽零售；化妆品零售；自行车及零配件零售；厨具卫具及日用杂品零售；文具用品零售；体育用品及器材零售；工艺美术品及收藏品零售（象牙及其制品除外）；照相器材及望远镜零售；乐器零售；珠宝首饰零售；互联网销售（除销售需要许可的商品）；软件开发。（除依法须经批准的项目外，凭营业执照依法自主开展经营活动）,一般 项目 日用百货 销售 服装服饰 零售 鞋帽 零售 化妆品 零售 自行车 零配件 零售 厨具 卫具 日用 杂品 零售 文具用品 零售 体育用品 器材 零售 工艺美术品 收藏品 零售 象牙 及其 制品 除外 照相 器材 望远镜 零售 乐器 零售 珠宝首饰 零售 互联网 销售 销售 需要 许可 商品 软件开发 依法 批准 项目 营业执照 依法 自主 开展 经营 活动,零售;器材;销售;依法;文具用品;杂品;厨具;卫具;服装服饰;日用百货,体育用品,是,体育用品,0.6,none,166,1
91510108MACF9GJA8Q,成都迁晃就电子商务中心,5292,许可项目：出版物互联网销售；出版物零售。（依法须经批准的项目，经相关部门批准后方可开展经营活动，具体经营项目以相关部门批准文件或许可证件为准）一般项目：日用百货销售；鞋帽零售；礼品花卉销售；钟表销售；针纺织品及原料销售；美发饰品销售；皮革制品销售；户外用品销售；文具用品零售；电子产品销售；母婴用品销售；宠物食品及用品零售；家具销售；箱包销售；厨具卫具及日用杂品零售；体育用品及器材零售；照相器材及望远镜零售；工艺美术品及礼仪用品销售（象牙及其制品除外）；互联网销售（除销售需要许可的商品）。（除依法须经批准的项目外，凭营业执照依法自主开展经营活动）,许可 项目 出版物 互联网 销售 出版物 零售 依法 批准 项目 相关 部门 批准 后方 开展 经营 活动 具体 经营项目 相关 部门 批准 文件 许可证 为准 一般 项目 日用百货 销售 鞋帽 零售 礼品 花卉 销售 钟表 销售 针纺织品 原料 销售 美发 饰品 销售 皮革制品 销售 户外用品 销售 文具用品 零售 电子产品 销售 母婴 用品 销售 宠物食品 用品 零售 家具 销售 箱包 销售 厨具 卫具 日用 杂品 零售 体育用品 器材 零售 照相 器材 望远镜 零售 工艺美术品 礼仪 用品 销售 象牙 及其 制品 除外 互联网 销售 销售 需要 许可 商品 依法 批准 项目 营业执照 依法 自主 开展 经营 活动,销售;零售;批准;用品;依法;项目;出版物;器材;许可;互联网,体育用品,是,体育用品,0.6,none,275,1
91510108MACL3TYJ5J,成都近宁留电子商务中心,5292,许可项目：出版物互联网销售；出版物零售。（依法须经批准的项目，经相关部门批准后方可开展经营活动，具体经营项目以相关部门批准文件或许可证件为准）一般项目：日用百货销售；鞋帽零售；礼品花卉销售；钟表销售；针纺织品及原料销售；美发饰品销售；皮革制品销售；户外用品销售；文具用品零售；电子产品销售；母婴用品销售；宠物食品及用品零售；家具销售；箱包销售；厨具卫具及日用杂品零售；体育用品及器材零售；照相器材及望远镜零售；工艺美术品及礼仪用品销售（象牙及其制品除外）；互联网销售（除销售需要许可的商品）。（除依法须经批准的项目外，凭营业执照依法自主开展经营活动）,许可 项目 出版物 互联网 销售 出版物 零售 依法 批准 项目 相关 部门 批准 后方 开展 经营 活动 具体 经营项目 相关 部门 批准 文件 许可证 为准 一般 项目 日用百货 销售 鞋帽 零售 礼品 花卉 销售 钟表 销售 针纺织品 原料 销售 美发 饰品 销售 皮革制品 销售 户外用品 销售 文具用品 零售 电子产品 销售 母婴 用品 销售 宠物食品 用品 零售 家具 销售 箱包 销售 厨具 卫具 日用 杂品 零售 体育用品 器材 零售 照相 器材 望远镜 零售 工艺美术品 礼仪 用品 销售 象牙 及其 制品 除外 互联网 销售 销售 需要 许可 商品 依法 批准 项目 营业执照 依法 自主 开展 经营 活动,销售;零售;批准;用品;依法;项目;出版物;器材;许可;互联网,体育用品,是,体育用品,0.6,none,275,1
91510108MACE3E0Q9L,成都囡海彬电子商务中心,5292,许可项目：出版物互联网销售；出版物零售。（依法须经批准的项目，经相关部门批准后方可开展经营活动，具体经营项目以相关部门批准文件或许可证件为准）一般项目：日用百货销售；鞋帽零售；礼品花卉销售；钟表销售；针纺织品及原料销售；美发饰品销售；皮革制品销售；户外用品销售；文具用品零售；电子产品销售；母婴用品销售；宠物食品及用品零售；家具销售；箱包销售；厨具卫具及日用杂品零售；体育用品及器材零售；照相器材及望远镜零售；工艺美术品及礼仪用品销售（象牙及其制品除外）；互联网销售（除销售需要许可的商品）。（除依法须经批准的项目外，凭营业执照依法自主开展经营活动）,许可 项目 出版物 互联网 销售 出版物 零售 依法 批准 项目 相关 部门 批准 后方 开展 经营 活动 具体 经营项目 相关 部门 批准 文件 许可证 为准 一般 项目 日用百货 销售 鞋帽 零售 礼品 花卉 销售 钟表 销售 针纺织品 原料 销售 美发 饰品 销售 皮革制品 销售 户外用品 销售 文具用品 零售 电子产品 销售 母婴 用品 销售 宠物食品 用品 零售 家具 销售 箱包 销售 厨具 卫具 日用 杂品 零售 体育用品 器材 零售 照相 器材 望远镜 零售 工艺美术品 礼仪 用品 销售 象牙 及其 制品 除外 互联网 销售 销售 需要 许可 商品 依法 批准 项目 营业执照 依法 自主 开展 经营 活动,销售;零售;批准;用品;依法;项目;出版物;器材;许可;互联网,体育用品,是,体育用品,0.6,none,275,1
91510108MACKLWRW2N,成都映若冉百货店,5211,一般项目：日用百货销售；服装服饰零售；鞋帽零售；化妆品零售；自行车及零配件零售；厨具卫具及日用杂品零售；文具用品零售；体育用品及器材零售；工艺美术品及收藏品零售（象牙及其制品除外）；照相器材及望远镜零售；乐器零售；珠宝首饰零售；互联网销售（除销售需要许可的商品）；软件开发。（除依法须经批准的项目外，凭营业执照依法自主开展经营活动）,一般 项目 日用百货 销售 服装服饰 零售 鞋帽 零售 化妆品 零售 自行车 零配件 零售 厨具 卫具 日用 杂品 零售 文具用品 零售 体育用品 器材 零售 工艺美术品 收藏品 零售 象牙 及其 制品 除外 照相 器材 望远镜 零售 乐器 零售 珠宝首饰 零售 互联网 销售 销售 需要 许可 商品 软件开发 依法 批准 项目 营业执照 依法 自主 开展 经营 活动,零售;器材;销售;依法;文具用品;杂品;厨具;卫具;服装服饰;日用百货,体育用品,是,体育用品,0.6,none,166,1
91510108MACHU55629,四川友邻友客国际旅行社有限公司,7291,一般项目：办公用品销售；体育用品及器材零售；文具用品零售；体验式拓展活动及策划；教育咨询服务（不含涉许可审批的教育培训活动）；组织文化艺术交流活动；组织体育表演活动；旅客票务代理；票务代理服务；航空国际货物运输代理；会议及展览服务；信息咨询服务（不含许可类信息咨询服务）。（除依法须经批准的项目外，凭营业执照依法自主开展经营活动）许可项目：旅游业务；游艺娱乐活动。（依法须经批准的项目，经相关部门批准后方可开展经营活动，具体经营项目以相关部门批准文件或许可证件为准）,一般 项目 办公用品 销售 体育用品 器材 零售 文具用品 零售 体验式 拓展 活动 策划 教育 咨询服务 含涉 许可 审批 教育 培训 活动 组织 文化 艺术交流 活动 组织 体育表演 活动 旅客 票务 代理 票务 代理服务 航空 国际 货物运输 代理 会议 展览 服务 信息 咨询服务 许可 信息 咨询服务 依法 批准 项目 营业执照 依法 自主 开展 经营 活动 许可 项目 旅游 业务 游艺 娱乐活动 依法 批准 项目 相关 部门 批准 后方 开展 经营 活动 具体 经营项目 相关 部门 批准 文件 许可证 为准,咨询服务;活动;批准;许可;票务;依法;项目;代理;文具用品;零售,体育用品;体育表演,是,体育用品,0.7,indirect,233,2
91510108MA68NDKG40,成都新莱诺体育用品有限公司,5292,网上体育用品零售,网上 体育用品零售,体育用品零售;网上,体育用品零售,是,体育用品,0.6,none,8,1
91510108MAC9Y2ET44,成都力禾互娱传媒有限公司,6429,体育直播,体育直播,体育直播,体育直播,是,体育传媒,0.6,none,4,1
91510112MA6DF6PP1H,四川众威能科技有限公司,5292,互联网零售体育用品,互联网 零售 体育用品,体育用品;互联网;零售,体育用品,是,体育用品,0.6,none,9,1
91510112MABNR2LN29,成都不童凡响体育发展有限公司,9020,儿童攀岩服务,儿童 攀岩 服务,攀岩;儿童;服务,攀岩,是,健身休闲,0.6,none,6,1
91510112MA6BX3XJ10,成都最佳元素商贸有限公司,5232,运动服装零售,运动服装 零售,运动服装;零售,运动服装,是,体育用品,0.6,none,6,1
91510112MAC03HYF04,成都市金色京沐雅舞蹈有限公司,8399,舞蹈培训,舞蹈培训,舞蹈培训,舞蹈培训,是,体育培训,0.7,indirect,4,1
91510112MA62P1NA7E,四川川艺联盟教育咨询有限公司,8399,舞蹈培训,舞蹈培训,舞蹈培训,舞蹈培训,是,体育培训,0.7,indirect,4,1
91510112780117364B,成都市鼎立鑫网吧,9013,网吧电子竞技娱乐服务,网吧 电子竞技 娱乐 服务,电子竞技;网吧;娱乐;服务,电子竞技,是,电子竞技,0.6,none,10,1
91510112MA61ULC14Q,成都市诺姆网吧,9013,网吧电子竞技娱乐服务,网吧 电子竞技 娱乐 服务,电子竞技;网吧;娱乐;服务,电子竞技,是,电子竞技,0.6,none,10,1
91510112MACKP4645X,成都展姿星冉文化艺术传播有限公司,8399,舞蹈培训服务,舞蹈培训 服务,舞蹈培训;服务,舞蹈培训,是,体育培训,0.7,indirect,6,1
91510112768611415X,成都市龙泉驿区时空引擎玩家网吧,9013,网吧电子竞技服务,网吧 电子竞技 服务,电子竞技;网吧;服务,电子竞技,是,电子竞技,0.6,none,8,1
91510112MAACNXTD2X,四川舞甲天下文化传播有限公司,8399,舞蹈培训服务,舞蹈培训 服务,舞蹈培训;服务,舞蹈培训,是,体育培训,0.7,indirect,6,1
91510112MA69FK74XD,成都市玛哈念健身休闲俱乐部,8399,舞蹈培训,舞蹈培训,舞蹈培训,舞蹈培训,是,体育培训,0.7,indirect,4,1
91510112MA68H1GL4E,成都市龙泉驿区迪艺明文化艺术培训学校有限公司,8399,舞蹈培训,舞蹈培训,舞蹈培训,舞蹈培训,是,体育培训,0.7,indirect,4,1
91510112MACRNAUD3B,成都市迪艺明教育咨询有限公司,8399,舞蹈培训,舞蹈培训,舞蹈培训,舞蹈培训,是,体育培训,0.7,indirect,4,1
91510112MA61X0PLX7,成都市恩宏教育咨询有限公司,8399,青少年舞蹈培训,青少年 舞蹈培训,舞蹈培训;青少年,舞蹈培训,是,体育培训,0.7,indirect,7,1
91510112MA6BW1LY7M,成都隆武凯酷健康管理有限公司,8399,少儿舞蹈培训,少儿 舞蹈培训,舞蹈培训;少儿,舞蹈培训,是,体育培训,0.7,indirect,6,1
91510681MA64CBXM7H,四川领业户外装备有限公司,1784,制造帐篷,制造 帐篷,帐篷;制造,帐篷,是,体育用品,0.6,none,4,1
91510113MA6A3P271E,四川鑫蓉欧应急装备有限责任公司,1784,帐篷制造,帐篷 制造,帐篷;制造,帐篷,是,体育用品,0.6,none,4,1
91510113MA6AYGP727,成都创美家户外用品有限公司,1784,帐篷制造,帐篷 制造,帐篷;制造,帐篷,是,体育用品,0.6,none,4,1
91510114MADNYH3R3B,成都市飞秒网吧有限责任公司,9013,电竞酒店,电竞酒店,电竞酒店,电竞酒店,是,电子竞技,0.6,none,4,1
91510114MA63CUPY5Q,四川省文渊阁文化传播有限公司,5149,文化体育用品批发,文化 体育用品批发,体育用品批发;文化,体育用品批发,是,体育用品,0.6,none,8,1
91510114MACK66E80P,成都乐川佳阳科技有限公司,1784,帐篷布制造,帐篷 制造,帐篷;制造,帐篷,是,体育用品,0.6,none,5,1
91510114MAC9DJRYXR,四川牧迪客家户外用品有限公司,1784,户外帐篷布制造,户外 帐篷 制造,户外;帐篷;制造,帐篷,是,体育用品,0.6,none,7,1
91510107MACH9A4Y4W,成都肆玖兄弟科技有限公司,5233,运动鞋零售,运动鞋 零售,运动鞋;零售,运动鞋,是,体育用品,0.6,none,5,1
91510114681834464L,成都市新都区时空引擎梦幻网上行网吧,9013,网上冲浪,网上 冲浪,冲浪;网上,冲浪,是,健身休闲,0.6,none,4,1
91510114MACT9X805C,四川九锐达体育用品有限公司,5193,网络批发体育用品,网络 批发 体育用品,体育用品;批发;网络,体育用品,是,体育用品,0.6,none,8,1
91510123MA69XNGG16,成都天恒中盛贸易有限公司,5233,运动鞋零售,运动鞋 零售,运动鞋;零售,运动鞋,是,体育用品,0.6,none,5,1
91510115MAC5DPC09B,成都见塑空间健身服务有限公司,8053,养生保健瑜伽服务,养生 保健 瑜伽 服务,瑜伽;养生;保健;服务,瑜伽,是,健身休闲,0.6,none,8,1
91510115MA64QWTL7T,成都环泰体育场地设施工程有限公司,7484,体育场设施工程设计,体育场 设施 工程设计,工程设计;体育场;设施,体育场,是,体育场馆,0.6,none,9,1
91510105350517683X,四川非腾电子商务有限公司,5292,运动鞋电销平台零售,运动鞋 电销 平台 零售,电销;运动鞋;零售;平台,运动鞋,是,体育用品,0.6,none,9,1
91510115MACGDQFC9C,成都羽萌体育文化推广有限公司,5193,互联网羽毛球用品批发,互联网 羽毛球 用品 批发,羽毛球;用品;批发;互联网,羽毛球,是,体育用品,0.6,none,10,1
915101156653466046,成都蓝兔鞋业有限公司,1951,纺织面运动鞋制造,纺织 运动鞋 制造,运动鞋;纺织;制造,运动鞋,是,体育用品,0.6,none,8,1
91510115MA61UF5W7D,成都市温江区时空引擎科岚网吧,6422,网络电子竞技服务,网络 电子竞技 服务,电子竞技;网络;服务,电子竞技,是,电子竞技,0.6,none,8,1
91510115MA7J7RF205,成都温江智康康复医疗中心有限公司,8522,康复训练,康复训练,康复训练,康复训练,是,健身休闲,0.6,none,4,1
91510115MA7N4ET05L,成都市解星儿童健康管理有限公司,8522,康复训练,康复训练,康复训练,康复训练,是,健身休闲,0.6,none,4,1
91510115MAC4QBN6X4,成都星光启健康咨询有限责任公司,8522,儿童康复训练,儿童 康复训练,康复训练;儿童,康复训练,是,健身休闲,0.6,none,6,1
91510100MAACN1EM3E,成都悠康健康科技有限公司,8522,康复训练,康复训练,康复训练,康复训练,是,健身休闲,0.6,none,4,1
915101227528275532,成都时空引擎斑马网吧,6422,电子竞技服务,电子竞技 服务,电子竞技;服务,电子竞技,是,电子竞技,0.6,none,6,1
915101226743159652,成都龙桥新网缘网吧,6422,电子竞技服务,电子竞技 服务,电子竞技;服务,电子竞技,是,电子竞技,0.6,none,6,1
91510122357996584B,成都双流区三国网吧,9013,网吧电子竞技娱乐服务,网吧 电子竞技 娱乐 服务,电子竞技;网吧;娱乐;服务,电子竞技,是,电子竞技,0.6,none,10,1
9151010455109551XJ,成都奥德斯帐篷有限公司,1784,帐篷生产,帐篷 生产,帐篷;生产,帐篷,是,体育用品,0.6,none,4,1
91510122MA6CGK49XG,成都市旋风时代体育文化传播有限公司,8399,跆拳道教育服务,跆拳道 教育 服务,跆拳道;教育;服务,跆拳道,是,健身休闲,0.7,indirect,7,1
9151010759024707XN,成都优博锐体育设施有限公司,7492,体育设施设计,体育设施 设计,体育设施;设计,体育设施,是,体育场馆,0.6,none,6,1
91510122395454751U,成都时空引擎天下网吧,9013,网吧电子竞技体育娱乐服务,网吧 电子竞技 体育 娱乐 服务,电子竞技;网吧;体育;娱乐;服务,电子竞技,是,电子竞技,0.6,none,12,1
91510122758795329G,成都时空引擎台风网吧,9013,网吧电子竞技娱乐服务,网吧 电子竞技 娱乐 服务,电子竞技;网吧;娱乐;服务,电子竞技,是,电子竞技,0.6,none,10,1
91510122060083426M,成都市双流区星空名欣网吧,9013,网吧电子竞技娱乐服务,网吧 电子竞技 娱乐 服务,电子竞技;网吧;娱乐;服务,电子竞技,是,电子竞技,0.6,none,10,1
91510122774535631H,成都时空引擎快车道网吧,9013,网吧电子竞技娱乐服务,网吧 电子竞技 娱乐 服务,电子竞技;网吧;娱乐;服务,电子竞技,是,电子竞技,0.6,none,10,1
91510122MA61UFRR6W,成都市双流区星空魔盒网吧,9013,网吧电子竞技体育服务,网吧 电子竞技 体育服务,电子竞技;体育服务;网吧,电子竞技;体育服务,是,电子竞技,0.6,none,10,2
91510122342971907E,双流星空电竞网吧,9013,电子竞技体育娱乐服务,电子竞技 体育 娱乐 服务,电子竞技;体育;娱乐;服务,电子竞技,是,电子竞技,0.6,none,10,1
91510122MA6BWHW61T,成都龙渡网吧,9013,网吧电子竞技服务,网吧 电子竞技 服务,电子竞技;网吧;服务,电子竞技,是,电子竞技,0.6,none,8,1
91510122MA639M1578,四川创均娱乐有限公司,9013,网吧电子竞技娱乐服务,网吧 电子竞技 娱乐 服务,电子竞技;网吧;娱乐;服务,电子竞技,是,电子竞技,0.6,none,10,1
91510116MABQHK788F,成都双流区光子电竞网吧店,9013,电子竞技网吧,电子竞技 网吧,电子竞技;网吧,电子竞技,是,电子竞技,0.6,none,6,1
91510121MAC4N3DJ4C,成都珊锦翔电子商务有限公司,5292,一般项目：互联网销售（除销售需要许可的商品）；针纺织品及原料销售；家居用品销售；竹制品销售；日用百货销售；服装服饰批发；服装服饰出租；服装服饰零售；鞋帽批发；鞋帽零售；箱包销售；皮革制品销售；日用化学产品销售；家用电器销售；办公用品销售；体育用品及器材零售；体育用品及器材批发；五金产品零售；五金产品批发；户外用品销售；厨具卫具及日用杂品批发；厨具卫具及日用杂品研发；电子产品销售；汽车装饰用品销售；家具销售；玩具销售；工艺美术品及礼仪用品销售（象牙及其制品除外）。（除依法须经批准的项目外，凭营业执照依法自主开展经营活动）,一般 项目 互联网 销售 销售 需要 许可 商品 针纺织品 原料 销售 家居用品 销售 竹制品 销售 日用百货 销售 服装服饰 批发 服装服饰 出租 服装服饰 零售 鞋帽 批发 鞋帽 零售 箱包 销售 皮革制品 销售 日用 化学 产品销售 家用电器 销售 办公用品 销售 体育用品 器材 零售 体育用品 器材 批发 五金产品 零售 五金产品 批发 户外用品 销售 厨具 卫具 日用 杂品 批发 厨具 卫具 日用 杂品 研发 电子产品 销售 汽车装饰 用品 销售 家具 销售 玩具 销售 工艺美术品 礼仪 用品 销售 象牙 及其 制品 除外 依法 批准 项目 营业执照 依法 自主 开展 经营 活动,销售;批发;服装服饰;五金产品;零售;日用;杂品;厨具;卫具;鞋帽,体育用品,是,体育用品,0.6,none,262,1
91510121MA64FMY69N,四川锦文昊天科技有限公司,7320,节能工程技术研发服务；新型材料技术开发、转让、咨询、服务及相关产品研发、制造；新材料技术开发、咨询、交流、转让、推广服务；涂料制造（不含危险化学品）；节能环保工程施工；城市健身步道、跑步道工程建筑； 涂料销售（不含危险化学品）；科技交流和推广服务；节能工程设计；合成材料制造；塑料板、片制造。（依法须经批准的项目，经相关部门批准后方可开展经营活动）,节能 工程技术 研发 服务 新型材料 技术开发 转让 咨询 服务 相关 产品 研发 制造 材料 技术开发 咨询 交流 转让 推广 服务 涂料 制造 危险 化学品 节能 环保 工程施工 城市 健身步道 跑步 工程 建筑 涂料 销售 危险 化学品 科技交流 推广 服务 节能 工程设计 合成 材料 制造 塑料板 制造 依法 批准 项目 相关 部门 批准 后方 开展 经营 活动,制造;服务;节能;技术开发;化学品;涂料;推广;研发;咨询;转让,健身步道;跑步,是,体育场馆,0.6,none,174,2
91510121MACLDQLM3F,成都松平博源电子商务有限责任公司,5292,一般项目：互联网销售（除销售需要许可的商品）；汽车零配件零售；日用品销售；家具零配件销售；礼品花卉销售；工艺美术品及礼仪用品销售（象牙及其制品除外）；日用百货销售；网络设备销售；木制玩具销售；轮胎销售；电池零配件销售；金属结构销售；通信设备销售；计算器设备销售；服装服饰零售；服装服饰批发；珠宝首饰零售；体育用品及器材零售；成人情趣用品销售（不含药品、医疗器械）；宠物食品及用品批发；进出口代理；食品进出口。（除依法须经批准的项目外，凭营业执照依法自主开展经营活动）,一般 项目 互联网 销售 销售 需要 许可 商品 汽车 零配件 零售 日用品 销售 家具 零配件 销售 礼品 花卉 销售 工艺美术品 礼仪 用品 销售 象牙 及其 制品 除外 日用百货 销售 网络设备 销售 木制 玩具 销售 轮胎 销售 电池 零配件 销售 金属结构 销售 通信 设备 销售 计算器 设备 销售 服装服饰 零售 服装服饰 批发 珠宝首饰 零售 体育用品 器材 零售 成人 情趣用品 销售 药品 医疗器械 宠物食品 用品 批发 进出口 代理 食品 进出口 依法 批准 项目 营业执照 依法 自主 开展 经营 活动,销售;零配件;零售;服装服饰;用品;批发;进出口;依法;情趣用品;宠物食品,体育用品,是,体育用品,0.6,none,233,1
91510121689034082T,成都雨辰鞋业有限责任公司,1954,橡胶靴鞋、运动鞋、皮鞋的制造销售；从事货物与技术的进出口业务（法律、行政法规禁止的项目除外；法律、行政法规限制的项目取得许可后方可经营）。,橡胶 靴鞋 运动鞋 皮鞋 制造 销售 从事 货物 技术 进出口 业务 法律 行政 法规 禁止 项目 除外 法律 行政 法规 限制 项目 取得 许可 后方 经营,法规;行政;靴鞋;法律;运动鞋;项目;皮鞋;除外;许可;后方,运动鞋,是,体育用品,0.7,indirect,69,1
91510121MA67BMTU4Y,成都舞佳舞文化传播有限公司,8399,舞蹈培训,舞蹈培训,舞蹈培训,舞蹈培训,是,体育培训,0.7,indirect,4,1
91510129MACEXYY27C,成都诺慧科技有限责任公司,6429,一般项目：技术服务、技术开发、技术咨询、技术交流、技术转让、技术推广；信息系统集成服务；货物进出口；软件开发；互联网销售（除销售需要许可的商品）；针纺织品及原料销售；日用百货销售；家用电器销售；体育用品及器材批发；珠宝首饰批发；工艺美术品及收藏品批发（象牙及其制品除外）；乐器批发；通讯设备销售；金属制品销售；个人卫生用品销售；母婴用品销售；钟表销售；箱包销售；户外用品销售；玩具、动漫及游艺用品销售；建筑装饰材料销售；汽车装饰用品销售；皮革制品销售；家居用品销售；办公用品销售；第二类医疗器械销售；第一类医疗器械销售；电子产品销售；服装服饰零售；家具销售；厨具卫具及日用杂品零售；食品销售（仅销售预,一般 项目 技术 服务 技术开发 技术咨询 技术 交流 技术转让 技术推广 信息系统 集成 服务 货物 进出口 软件开发 互联网 销售 销售 需要 许可 商品 针纺织品 原料 销售 日用百货 销售 家用电器 销售 体育用品 器材 批发 珠宝首饰 批发 工艺美术品 收藏品 批发 象牙 及其 制品 除外 乐器 批发 通讯设备 销售 金属制品 销售 个人 卫生用品 销售 母婴 用品 销售 钟表 销售 箱包 销售 户外用品 销售 玩具 动漫 游艺 用品 销售 建筑 装饰 材料 销售 汽车装饰 用品 销售 皮革制品 销售 家居用品 销售 办公用品 销售 第二类 医疗器械 销售 第一类 医疗器械 销售 电子产品 销售 服装服饰 零售 家具 销售 厨具 卫具 日用 杂品 零售 食品 销售 销售,销售;批发;用品;医疗器械;零售;针纺织品;杂品;汽车装饰;厨具;技术推广,体育用品,是,体育用品,0.6,none,300,1
91510100MA6CHJWN5G,成都星艺鑫文化传播有限公司,8399,舞蹈培训,舞蹈培训,舞蹈培训,舞蹈培训,是,体育培训,0.7,indirect,4,1
91510100MA6C99EF4P,成都奥晖体育设备有限公司,5292,互联网体育器材零售,互联网 体育器材 零售,体育器材;互联网;零售,体育器材,是,体育用品,0.6,none,9,1
91510100MACJM05N6J,成都可斑纳珠宝设计有限公司,7492,一般项目：专业设计服务；珠宝首饰零售；珠宝首饰回收修理服务；互联网销售（除销售需要许可的商品）；服装服饰零售；鞋帽零售；箱包销售；产业用纺织制成品销售；工艺美术品及礼仪用品销售（象牙及其制品除外）；体育用品及器材零售；日用品销售；金属制品销售；钟表与计时仪器销售；美发饰品销售；化妆品零售；技术服务、技术开发、技术咨询、技术交流、技术转让、技术推广。（除依法须经批准的项目外，凭营业执照依法自主开展经营活动）,一般 项目 专业 设计 服务 珠宝首饰 零售 珠宝首饰 回收 修理 服务 互联网 销售 销售 需要 许可 商品 服装服饰 零售 鞋帽 零售 箱包 销售 产业 纺织 制成品 销售 工艺美术品 礼仪 用品 销售 象牙 及其 制品 除外 体育用品 器材 零售 日用品 销售 金属制品 销售 钟表 计时 仪器 销售 美发 饰品 销售 化妆品 零售 技术 服务 技术开发 技术咨询 技术 交流 技术转让 技术推广 依法 批准 项目 营业执照 依法 自主 开展 经营 活动,销售;零售;珠宝首饰;服务;依法;技术推广;服装服饰;美发;技术咨询;鞋帽,体育用品,是,体育用品,0.6,none,204,1
91510100MA61WHAH2D,成都曼成悦泳企业管理有限公司,8621,综合性体育场、体育馆、游泳馆,综合性 体育场 体育馆 游泳馆,游泳馆;体育场;体育馆;综合性,体育场;体育馆;游泳馆,是,体育场馆,0.6,none,14,3
91510100MA69LFD39X,四川盛泰创科技有限公司,8522,康复训练服务,康复训练 服务,康复训练;服务,康复训练,是,健身休闲,0.6,none,6,1
91510100MA6A3CKW5N,成都牛势文化传播有限公司,6422,电子竞技运营,电子竞技 运营,电子竞技;运营,电子竞技,是,电子竞技,0.6,none,6,1
91510100MA6C6J3108,成都点滴未来教育科技有限公司,8399,文化体育教育机构,文化 体育教育 机构,体育教育;文化;机构,体育教育,是,体育培训,0.7,indirect,8,1
91510100MA6CUD6Y42,四川体产置业有限公司,7484,体育场地设施工程设计,体育场地设施 工程设计,体育场地设施;工程设计,体育场地设施,是,体育场馆,0.6,none,10,1
91510100MAC6YWCK7B,成都宗义鸿体育文化传播有限公司,8399,跆拳道培训,跆拳道培训,跆拳道培训,跆拳道培训,是,体育培训,0.7,indirect,5,1
91510108MA61RYY80R,四川汇客隆电子商务有限公司,5292,运动鞋网上零售,运动鞋 网上 零售,运动鞋;零售;网上,运动鞋,是,体育用品,0.6,none,7,1
91510182MA6C77JR80,彭州市蜂友之家帐篷有限公司,1784,帐篷制作,帐篷 制作,帐篷;制作,帐篷,是,体育用品,0.6,none,4,1
91510185MA6CLJBX5J,简阳雄州健身体育发展有限公司,8391,游泳培训服务,游泳培训 服务,游泳培训;服务,游泳培训,是,体育培训,0.7,indirect,6,1
91510185MAC9MHUR57,简阳欣阳儿童健康管理中心,8522,儿童康复训练,儿童 康复训练,康复训练;儿童,康复训练,是,健身休闲,0.6,none,6,1
91510185MACQMFYT7P,成都星途启航体育文化发展有限公司,8399,篮球教育服务,篮球 教育 服务,篮球;教育;服务,篮球,是,体育用品,0.7,indirect,6,1
91510322353638683P,四川捷隆制鞋有限公司,1951,运动鞋制造,运动鞋 制造,运动鞋;制造,运动鞋,是,体育用品,0.6,none,5,1
91510300MA64JN3H6T,四川金峰源体育产业发展有限公司,7298,体育赛事服务,体育赛事 服务,体育赛事;服务,体育赛事,是,体育赛事,0.6,none,6,1
91510300MAC1N71273,自贡石榴籽体育发展有限责任公司,5132,体育服装批发,体育服装 批发,体育服装;批发,体育服装,是,体育用品,0.6,none,6,1
91510411MA68B91T3Q,攀枝花一林武武术培训学校有限公司,8399,非学历体育培训,非学历 体育培训,非学历;体育培训,体育培训,是,体育培训,0.7,indirect,7,1
91510600345734851D,四川动力克斯体育文化传播有限公司,7259,体育广告策划,体育广告 策划,体育广告;策划,体育广告,是,体育传媒,0.7,indirect,6,1
91510600MAD8P3950G,四川立邵明贸易有限公司,5189,体育用品批发,体育用品批发,体育用品批发,体育用品批发,是,体育用品,0.6,none,6,1
91510681066794747A,四川威琦尔智能科技有限公司,1784,帐篷制作,帐篷 制作,帐篷;制作,帐篷,是,体育用品,0.6,none,4,1
91510683MAD1221C2U,绵竹市渔夫电竞网吧网咖个人独资,9013,电竞网吧,电竞网吧,电竞网吧,电竞网吧,是,电子竞技,0.6,none,4,1
91510703MA64RC6P4R,四川龙之影文化传媒有限公司,7259,体育广告服务,体育广告 服务,体育广告;服务,体育广告,是,体育传媒,0.7,indirect,6,1
915107030858162866,绵阳市思必好金玖网吧,9013,网络竞技,网络竞技,网络竞技,网络竞技,是,电子竞技,0.6,none,4,1
91510705MA6AUCG80J,四川在川之鱼电子商务有限公司,5292,互联网渔具零售,互联网 渔具 零售,渔具;互联网;零售,渔具,是,体育用品,0.6,none,7,1
91510700MA64TT3H7D,绵阳富厚昌具网络科技有限公司,6422,网络电子竞技服务,网络 电子竞技 服务,电子竞技;网络;服务,电子竞技,是,电子竞技,0.6,none,8,1
91510700791827986A,绵阳闽港服饰有限公司,5132,服装服饰、鞋帽生产及销售，玩具、日化及床上用品、劳保用品、针纺织品、布料、户外用品、日用百货、皮革制品、电子产品、文化体育用品、工艺品的销售，自营货物的进出口业务（国家限制或禁止的项目或技术除外）。（依法须经批准的项目，经相关部门批准后方可开展经营活动）,服装服饰 鞋帽 生产 销售 玩具 日化 床上用品 劳保用品 针纺织品 布料 户外用品 日用百货 皮革制品 电子产品 文化 体育用品 工艺品 销售 自营 货物 进出口 业务 国家 限制 禁止 项目 技术 除外 依法 批准 项目 相关 部门 批准 后方 开展 经营 活动,劳保用品;针纺织品;批准;床上用品;户外用品;服装服饰;日用百货;鞋帽;体育用品;销售,体育用品,是,体育用品,0.6,none,127,1
91510700MACANL4496,四川天泽云服网络科技有限公司,6429,一般项目：软件开发；计算机软硬件及辅助设备零售；广告制作；广告发布；广告设计、代理；城乡市容管理；平面设计；文具用品零售；文具用品批发；体育用品及器材批发；体育用品及器材零售；办公用品销售；日用百货销售；办公设备销售；物业管理；皮革制品销售；生态环境材料销售；互联网销售（除销售需要许可的商品）；塑料制品销售；日用杂品销售；农副产品销售；金银制品销售；饲料原料销售；初级农产品收购；保健食品（预包装）销售；日用家电零售；工艺美术品及收藏品批发（象牙及其制品除外）；工艺美术品及礼仪用品销售（象牙及其制品除外）；化妆品零售；化妆品批发；珠宝首饰零售；珠宝首饰批发；针纺织品销售；家用纺织制成品制造；竹制,一般 项目 软件开发 计算机 软硬件 辅助 设备 零售 广告 制作 广告 发布 广告设计 代理 城乡 市容管理 平面设计 文具用品 零售 文具用品 批发 体育用品 器材 批发 体育用品 器材 零售 办公用品 销售 日用百货 销售 办公设备 销售 物业管理 皮革制品 销售 生态环境 材料 销售 互联网 销售 销售 需要 许可 商品 塑料制品 销售 日用 杂品 销售 农副产品 销售 金银 制品 销售 饲料原料 销售 初级 农产品 收购 保健食品 包装 销售 日用 家电 零售 工艺美术品 收藏品 批发 象牙 及其 制品 除外 工艺美术品 礼仪 用品 销售 象牙 及其 制品 除外 化妆品 零售 化妆品 批发 珠宝首饰 零售 珠宝首饰 批发 针纺织品 销售 家用 纺织 制成品 制造 竹制,销售;零售;批发;文具用品;制品;体育用品;珠宝首饰;工艺美术品;日用;象牙,体育用品,是,体育用品,0.6,none,300,1
91510700777924093W,绵阳农科区智能网吧,9013,网吧电子竞技娱乐服务,网吧 电子竞技 娱乐 服务,电子竞技;网吧;娱乐;服务,电子竞技,是,电子竞技,0.6,none,10,1
91510781MA66RM5293,四川省思博越科教设备有限公司,5193,文化体育用品器材批发,文化 体育用品 器材 批发,体育用品;器材;批发;文化,体育用品,是,体育用品,0.6,none,10,1
91510823MAD459UX7F,剑阁县话点康复服务中心个人独资,8522,残疾康复训练服务,残疾 康复训练 服务,康复训练;残疾;服务,康复训练,是,健身休闲,0.6,none,8,1
91510923MA66DQ0136,大英熊田心文化艺术培训学校有限公司,8399,舞蹈培训,舞蹈培训,舞蹈培训,舞蹈培训,是,体育培训,0.7,indirect,4,1
91510923MA69AJ061A,遂宁天姿翼体育用品有限公司,5292,体育用品互联网零售,体育用品 互联网 零售,体育用品;互联网;零售,体育用品,是,体育用品,0.6,none,9,1
91511000746911724Y,内江市拓创体育用品有限公司,5232,零售服装、体育用品、鞋等,零售 服装 体育用品,体育用品;服装;零售,体育用品,是,体育用品,0.6,none,12,1
91511025MA69UC8W5X,内江资中乔兴体育用品有限公司,1954,橡胶运动鞋制造,橡胶 运动鞋 制造,运动鞋;橡胶;制造,运动鞋,是,体育用品,0.7,indirect,7,1
91511000MA68YRGN4D,内江江河康复医院有限公司,8415,运动康复,运动康复,运动康复,运动康复,是,健身休闲,0.6,none,4,1
91511100MA6284CX05,乐山非凡体育用品有限公司,5132,运动服装批发,运动服装 批发,运动服装;批发,运动服装,是,体育用品,0.6,none,6,1
91511102MABTY2TX96,乐山市星义网吧,9013,网吧电子竞技服务,网吧 电子竞技 服务,电子竞技;网吧;服务,电子竞技,是,电子竞技,0.6,none,8,1
9151111131443424XD,乐山市沙湾区奎尔萨拉斯网吧,9013,电子竞技体育娱乐服务,电子竞技 体育 娱乐 服务,电子竞技;体育;娱乐;服务,电子竞技,是,电子竞技,0.6,none,10,1
91511111MA66LPHX4C,乐山沙湾欣星艺术培训学校有限公司,8399,舞蹈培训,舞蹈培训,舞蹈培训,舞蹈培训,是,体育培训,0.7,indirect,4,1
91511112MAC9PAHRXA,四川省通盾交通设施工程有限公司,7481,一般项目：体育场地设施工程施工；交通设施维修；园林绿化工程施工；建筑工程机械与设备租赁；市政设施管理；工程管理服务；建筑材料销售；电气信号设备装置销售。（除依法须经批准的项目外，凭营业执照依法自主开展经营活动）,一般 项目 体育场地设施 工程施工 交通设施 维修 园林绿化 工程施工 建筑工程 机械 设备 租赁 市政 设施 管理 工程 管理 服务 建筑材料 销售 电气 信号 设备 装置 销售 依法 批准 项目 营业执照 依法 自主 开展 经营 活动,工程施工;依法;体育场地设施;设备;园林绿化;销售;交通设施;项目;营业执照;管理,体育场地设施,是,体育场馆,0.6,none,105,1
91511302667419213N,南充领跑体育用品有限公司,5233,零售运动服装,零售 运动服装,运动服装;零售,运动服装,是,体育用品,0.6,none,6,1
91511303MA63J2LJ9A,南充市东虹广告有限公司,7259,体育广告服务,体育广告 服务,体育广告;服务,体育广告,是,体育传媒,0.7,indirect,6,1
91511303MA672J2G08,南充柏娅创美广告传媒有限公司,7259,体育广告服务,体育广告 服务,体育广告;服务,体育广告,是,体育传媒,0.7,indirect,6,1
91511322MA668NMR0N,营山熊咖电竞馆,9013,互联网电子竞技,互联网 电子竞技,电子竞技;互联网,电子竞技,是,电子竞技,0.6,none,7,1
91511402MA67HW59XY,眉山市佳倍广告工程有限公司,7259,体育广告服务,体育广告 服务,体育广告;服务,体育广告,是,体育传媒,0.7,indirect,6,1
91511402MAD5DB4E6K,眉山卓扬建筑工程有限公司,7484,体育场地设施工程施工,体育场地设施 工程施工,体育场地设施;工程施工,体育场地设施,是,体育场馆,0.6,none,10,1
91511500MA6B9YBY8Q,宜宾树招广告有限公司,7259,体育广告服务,体育广告 服务,体育广告;服务,体育广告,是,体育传媒,0.7,indirect,6,1
915115026783567217,宜宾市翠屏区星美数码含洋连锁网吧,9013,网吧电子竞技娱乐服务,网吧 电子竞技 娱乐 服务,电子竞技;网吧;娱乐;服务,电子竞技,是,电子竞技,0.6,none,10,1
91511502MA6AFWB49B,宜宾邦蕴商贸有限公司,5232,运动服装零售,运动服装 零售,运动服装;零售,运动服装,是,体育用品,0.6,none,6,1
91511503MAD0A3441F,宜宾市南溪区弋博体育培训学校有限公司,8391,体育培训的营利性民办培训机构,体育培训 营利性 民办 培训 机构,营利性;体育培训;民办;培训;机构,体育培训,是,体育培训,0.7,indirect,14,1
91511503MA65WQWW3B,宜宾市南溪区小飞人体育培训学校有限责任公司,8391,体育培训,体育培训,体育培训,体育培训,是,体育培训,0.7,indirect,4,1
91511503MAC4B3T13B,宜宾市南溪区超能体育培训学校有限公司,8391,体育培训,体育培训,体育培训,体育培训,是,体育培训,0.7,indirect,4,1
91511502567645723J,宜宾市卡伦特体育用品有限公司,5232,运动服装零售,运动服装 零售,运动服装;零售,运动服装,是,体育用品,0.6,none,6,1
91511523MA7M9LYY0X,四川江安云淞体育用品有限责任公司,5232,体育用品零售,体育用品零售,体育用品零售,体育用品零售,是,体育用品,0.6,none,6,1
91511525MA6808GQ14,高县舞精灵艺术培训学校有限公司,8399,舞蹈培训,舞蹈培训,舞蹈培训,舞蹈培训,是,体育培训,0.7,indirect,4,1
91511603558217399A,广安市福辉鞋业有限公司,1951,运动鞋生产,运动鞋 生产,运动鞋;生产,运动鞋,是,体育用品,0.6,none,5,1
91511621MA65NEHJXK,四川省岳池县森林鞋业有限公司,1952,休闲运动鞋制造,休闲 运动鞋 制造,运动鞋;休闲;制造,运动鞋,是,体育用品,0.7,indirect,7,1
91511622MA65TLK72Q,武胜县星未来培训学校有限公司,8399,音乐舞蹈美术体育培训,音乐舞蹈 美术 体育培训,体育培训;音乐舞蹈;美术,体育培训,是,体育培训,0.7,indirect,10,1
91511622MA67M3PR2M,广安星火体育文化发展有限责任公司,8399,少儿文化体育服务,少儿 文化 体育服务,体育服务;少儿;文化,体育服务,是,体育管理,0.7,indirect,8,1
91511622MA6A92W99T,武胜同路人体育文化发展有限公司,8399,篮球培训,篮球培训,篮球培训,篮球培训,是,体育培训,0.7,indirect,4,1
91511622MA68FM5B9W,武胜县飞翼艺术培训有限公司,8399,舞蹈培训,舞蹈培训,舞蹈培训,舞蹈培训,是,体育培训,0.7,indirect,4,1
91511623MA6AAF3W32,邻水县狼途电竞网吧,9013,电竞游戏,电竞 游戏,电竞;游戏,电竞,是,电子竞技,0.6,none,4,1
91511623MA62B721XA,邻水县旺角旅游开发有限公司,7869,旅游景区水上漂流,旅游 景区 水上 漂流,漂流;景区;水上;旅游,漂流,是,健身休闲,0.6,none,8,1
91511600MA66AWW92J,广安市菠萝电竞网络有限公司,6422,网络电子竞技服务,网络 电子竞技 服务,电子竞技;网络;服务,电子竞技,是,电子竞技,0.6,none,8,1
91511681MA6BDL7E5E,华蓥市鑫枫网吧,9013,网络竞技,网络竞技,网络竞技,网络竞技,是,电子竞技,0.6,none,4,1
91511702793986884X,达州市通川区迪乐网吧,9013,网络电竞服务,网络 电竞 服务,电竞;网络;服务,电竞,是,电子竞技,0.6,none,6,1
91511702MA66F2FQ9T,达州市瀛洲体育文化传播有限公司,7259,体育广告服务,体育广告 服务,体育广告;服务,体育广告,是,体育传媒,0.7,indirect,6,1
91511724MA6BDTFX34,四川瑾瑜体育用品有限公司,1951,研发运动鞋,研发 运动鞋,运动鞋;研发,运动鞋,是,体育用品,0.6,none,5,1
91511802MACA4RP45W,雅安市古氏建筑劳务有限公司,5011,许可项目：建筑劳务分包；施工专业作业；建设工程施工；住宅室内装饰装修；道路货物运输（不含危险货物）。（依法须经批准的项目，经相关部门批准后方可开展经营活动，具体经营项目以相关部门批准文件或许可证件为准）一般项目：劳务服务（不含劳务派遣）；生产线管理服务；建筑材料销售；建筑用石加工；金属门窗工程施工；普通机械设备安装服务；土石方工程施工；隧道施工专用机械制造；园林绿化工程施工；体育场地设施工程施工；专用设备制造（不含许可类专业设备制造）；对外承包工程；建筑物清洁服务；工程管理服务；水泥制品销售；特种设备销售；住宅水电安装维护服务；机械设备租赁；租赁服务（不含许可类租赁服务）。（除依法须经批准的项,许可 项目 建筑 劳务 分包 施工 专业 作业 建设 工程施工 住宅 室内装饰 装修 道路 货物运输 危险 货物 依法 批准 项目 相关 部门 批准 后方 开展 经营 活动 具体 经营项目 相关 部门 批准 文件 许可证 为准 一般 项目 劳务 服务 劳务 派遣 生产线 管理 服务 建筑材料 销售 建筑用 加工 金属 门窗 工程施工 普通 机械设备 安装 服务 土石方 工程施工 隧道 施工 专用 机械制造 园林绿化 工程施工 体育场地设施 工程施工 专用设备 制造 许可 专业 设备 制造 对外 承包工程 建筑物 清洁 服务 工程 管理 服务 水泥制品 销售 特种设备 销售 住宅 水电 安装 维护 服务 机械设备 租赁 租赁 服务 许可 租赁 服务 依法 批准,工程施工;服务;劳务;批准;许可;租赁;销售;机械设备;项目;施工,体育场地设施,是,体育场馆,0.6,none,300,1
91511800MACMKYMJ6T,四川冠赫科技有限公司,6429,一般项目：软件开发；信息技术咨询服务；信息咨询服务（不含许可类信息咨询服务）；信息系统集成服务；技术服务、技术开发、技术咨询、技术交流、技术转让、技术推广；计算机及办公设备维修；办公设备销售；计算机系统服务；平面设计；家具销售；互联网销售（除销售需要许可的商品）；音响设备销售；计算机软硬件及辅助设备零售；计算机软硬件及辅助设备批发；电子产品销售；玩具销售；通讯设备销售；通讯设备修理；教学专用仪器销售；会议及展览服务；体育用品及器材批发；户外用品销售；体育用品及器材零售；信息安全设备销售；光通信设备销售；网络设备销售；教育咨询服务（不含涉许可审批的教育培训活动）；五金产品零售；五金产品批发；建筑,一般 项目 软件开发 信息技术 咨询服务 信息 咨询服务 许可 信息 咨询服务 信息系统 集成 服务 技术 服务 技术开发 技术咨询 技术 交流 技术转让 技术推广 计算机 办公设备 维修 办公设备 销售 计算机系统 服务 平面设计 家具 销售 互联网 销售 销售 需要 许可 商品 音响设备 销售 计算机 软硬件 辅助 设备 零售 计算机 软硬件 辅助 设备 批发 电子产品 销售 玩具 销售 通讯设备 销售 通讯设备 修理 教学 专用 仪器 销售 会议 展览 服务 体育用品 器材 批发 户外用品 销售 体育用品 器材 零售 信息安全 设备 销售 光通信 设备 销售 网络设备 销售 教育 咨询服务 含涉 许可 审批 教育 培训 活动 五金产品 零售 五金产品 批发 建筑,销售;咨询服务;五金产品;批发;许可;设备;办公设备;服务;体育用品;零售,体育用品,是,体育用品,0.6,none,300,1
91511823MAC1T11U2H,汉源县斌鹤武术培训学校有限公司,8399,武术教育,武术 教育,武术;教育,武术,是,健身休闲,0.7,indirect,4,1
91511922MADHPTQP1G,南江悠捷文化文体服务有限公司,8870,文化体育服务,文化 体育服务,体育服务;文化,体育服务,是,体育管理,0.6,none,6,1
91511923MABT7UCN8M,巴中市龙福鞋业有限公司,1952,运动鞋制造,运动鞋 制造,运动鞋;制造,运动鞋,是,体育用品,0.7,indirect,5,1
91512002MACF9UQ25M,四川资眼查知识产权服务有限公司,7520,一般项目：知识产权服务（专利代理服务除外）；信息系统集成服务；信息技术咨询服务；软件开发；软件销售；广告设计、代理；广告制作；广告发布；票务代理服务；组织文化艺术交流活动；会议及展览服务；体验式拓展活动及策划；日用品销售；珠宝首饰零售；针纺织品销售；鞋帽零售；日用杂品销售；工艺美术品及收藏品零售（象牙及其制品除外）；体育用品及器材零售。（除依法须经批准的项目外，凭营业执照依法自主开展经营活动）许可项目：第一类增值电信业务。（依法须经批准的项目，经相关部门批准后方可开展经营活动，具体经营项目以相关部门批准文件或许可证件为准）,一般 项目 知识产权 服务 专利 代理服务 除外 信息系统 集成 服务 信息技术 咨询服务 软件开发 软件 销售 广告设计 代理 广告 制作 广告 发布 票务 代理服务 组织 文化 艺术交流 活动 会议 展览 服务 体验式 拓展 活动 策划 日用品 销售 珠宝首饰 零售 针纺织品 销售 鞋帽 零售 日用 杂品 销售 工艺美术品 收藏品 零售 象牙 及其 制品 除外 体育用品 器材 零售 依法 批准 项目 营业执照 依法 自主 开展 经营 活动 许可 项目 第一类 增值 电信业务 依法 批准 项目 相关 部门 批准 后方 开展 经营 活动 具体 经营项目 相关 部门 批准 文件 许可证 为准,零售;代理服务;批准;依法;销售;项目;活动;除外;服务;广告,体育用品,是,体育用品,0.6,none,264,1
91512002MA68XXF6X3,资阳荣大商贸有限公司,5126,保健食品、农副产品、日用杂品的销售；销售医疗器械；家用电器批发；销售文化用品；销售工艺品（不含象牙及其制品、文物）；办公服务（不含印章制作）；销售体育用品（不含弩）；化妆品及卫生用品批发；家政、仓储（不含危险化学品）、配送的服务；票务服务；货物进出口；技术进出口。（以上国家限定公司经营或禁止进出口的商品及技术除外）（依法须经批准的项目，经相关部门批准后方可开展经营活动）,保健食品 农副产品 日用 杂品 销售 销售 医疗器械 家用电器 批发 销售 文化用品 销售 工艺品 象牙 及其 制品 文物 办公 服务 印章 制作 销售 体育用品 不含 化妆品 卫生用品 批发 家政 仓储 危险 化学品 配送 服务 票务 服务 货物 进出口 技术 进出口 以上 国家 限定 公司 经营 禁止 进出口 商品 技术 除外 依法 批准 项目 相关 部门 批准 后方 开展 经营 活动,销售;进出口;批发;服务;杂品;批准;文化用品;卫生用品;票务;保健食品,体育用品,是,体育用品,0.6,none,186,1
91512000MACKF1XU72,资阳诚毅网络科技有限公司,6429,许可项目：互联网信息服务；互联网游戏服务；互联网直播技术服务；网络文化经营；电竞音视频、数字衍生内容制作（不含出版发行）；游艺娱乐活动。（依法须经批准的项目，经相关部门批准后方可开展经营活动，具体经营项目以相关部门批准文件或许可证件为准）一般项目：组织文化艺术交流活动；咨询策划服务；文化娱乐经纪人服务；数字内容制作服务（不含出版发行）；个人商务服务；旅游开发项目策划咨询；动漫游戏开发；游艺用品及室内游艺器材销售；游艺及娱乐用品销售；技术服务、技术开发、技术咨询、技术交流、技术转让、技术推广。（除依法须经批准的项目外，凭营业执照依法自主开展经营活动）,许可 项目 互联网 信息 服务 互联网 游戏 服务 互联网 直播 技术 服务 网络 文化 经营 电竞 音视频 数字 衍生 内容 制作 出版发行 游艺 娱乐活动 依法 批准 项目 相关 部门 批准 后方 开展 经营 活动 具体 经营项目 相关 部门 批准 文件 许可证 为准 一般 项目 组织 文化 艺术交流 活动 咨询 策划 服务 文化娱乐 经纪人 服务 数字 内容 制作 服务 出版发行 个人 商务 服务 旅游 开发 项目 策划 咨询 动漫 游戏 开发 游艺 用品 室内 游艺 器材 销售 游艺 娱乐 用品 销售 技术 服务 技术开发 技术咨询 技术 交流 技术转让 技术推广 依法 批准 项目 营业执照 依法 自主 开展 经营 活动,游艺;服务;批准;项目;互联网;依法;出版发行;用品;经营;策划,电竞,是,电子竞技,0.6,none,277,1
91512021MA64Q1L0XE,安岳安鑫体育用品有限公司,1951,生产运动鞋,生产 运动鞋,运动鞋;生产,运动鞋,是,体育用品,0.6,none,5,1
91512021MAC8ER9L5R,四川川越体育用品有限公司,1951,运动鞋制造,运动鞋 制造,运动鞋;制造,运动鞋,是,体育用品,0.6,none,5,1
91512021MA6BBAJY43,鸿星尔克（资阳）实业有限公司,1951,运动鞋生产,运动鞋 生产,运动鞋;生产,运动鞋,是,体育用品,0.6,none,5,1
91512021MA640AJQ2F,资阳季茜鞋服有限公司,1952,皮鞋运动鞋制造,皮鞋 运动鞋 制造,运动鞋;皮鞋;制造,运动鞋,是,体育用品,0.7,indirect,7,1
91512021MA7ME4W199,安岳安鼎鞋业有限公司,1951,运动鞋制造,运动鞋 制造,运动鞋;制造,运动鞋,是,体育用品,0.6,none,5,1
91512021MA67MWDK8W,安岳三宝鞋业有限公司,1951,制造运动鞋,制造 运动鞋,运动鞋;制造,运动鞋,是,体育用品,0.6,none,5,1
91512021MAACJRAB79,四川丰升鞋业有限公司,1951,运动鞋制造,运动鞋 制造,运动鞋;制造,运动鞋,是,体育用品,0.6,none,5,1
91512022MA7JR4W762,四川归正生物医药科技有限公司,7340,一般项目：医学研究和试验发展；技术服务、技术开发、技术咨询、技术交流、技术转让、技术推广；技术进出口；货物进出口；会议及展览服务；地产中草药(不含中药饮片）购销；中草药收购；中草药种植；中医养生保健服务（非医疗）；健康咨询服务（不含诊疗服务）；第二类医疗器械销售；第一类医疗器械销售；康复辅具适配服务；养老服务；互联网销售（除销售需要许可的商品）；食品销售（仅销售预包装食品）；特殊医学用途配方食品销售；婴幼儿配方乳粉及其他婴幼儿配方食品销售；保健食品（预包装）销售；食用农产品零售；化妆品零售；日用品销售；成人情趣用品销售（不含药品、医疗器械）；消毒剂销售（不含危险化学品）；办公用品销售；体育用品,一般 项目 医学 研究 试验 发展 技术 服务 技术开发 技术咨询 技术 交流 技术转让 技术推广 技术 进出口 货物 进出口 会议 展览 服务 地产 中草药 中药饮片 购销 中草药 收购 中草药 种植 中医 养生 保健 服务 医疗 健康 咨询服务 诊疗 服务 第二类 医疗器械 销售 第一类 医疗器械 销售 康复 辅具 适配 服务 养老 服务 互联网 销售 销售 需要 许可 商品 食品 销售 销售 包装 食品 特殊 医学 用途 配方 食品 销售 婴幼儿 配方 乳粉 及其 婴幼儿 配方 食品 销售 保健食品 包装 销售 食用 农产品 零售 化妆品 零售 日用品 销售 成人 情趣用品 销售 药品 医疗器械 消毒剂 销售 危险 化学品 办公用品 销售 体育用品,销售;服务;中草药;配方;医疗器械;食品;婴幼儿;包装;进出口;技术,体育用品,是,体育用品,0.6,none,300,1
91512002MA64J20273,资阳市雁江区鹿港网吧,9013,网吧电子竞技服务,网吧 电子竞技 服务,电子竞技;网吧;服务,电子竞技,是,电子竞技,0.6,none,8,1
91513201MA666M3C3U,马尔康白海螺电竞馆,6422,网络电子竞技服务,网络 电子竞技 服务,电子竞技;网络;服务,电子竞技,是,电子竞技,0.6,none,8,1
91513401MA63TKQU4L,西昌市月玛西亚体育服务有限责任公司,5292,互联网体育服装零售,互联网 体育服装 零售,体育服装;互联网;零售,体育服装,是,体育用品,0.6,none,9,1
91513400MA6AQ0W37N,凉山环腾商贸有限公司,5193,文化体育用品及器材批发,文化 体育用品 器材 批发,体育用品;器材;批发;文化,体育用品,是,体育用品,0.6,none,11,1
91513426MA6AQFMQ27,会东县玮玮广告传媒有限公司,7259,体育广告服务,体育广告 服务,体育广告;服务,体育广告,是,体育传媒,0.7,indirect,6,1
915101045564001063,四川拓步体育设施工程有限公司,7484,运动场馆设计,运动场馆 设计,运动场馆;设计,运动场馆,是,体育场馆,0.6,none,6,1
91510100782652942W,胜道(成都)商贸有限公司,5232,体育服装零售,体育服装 零售,体育服装;零售,体育服装,是,体育用品,0.6,none,6,1
91510100MA6C5NRG1W,成都晟智健身服务有限公司,8399,少儿体适能健身,少儿 体适能 健身,体适能;少儿;健身,体适能,是,健身休闲,0.7,indirect,7,1
91511011MABPHQF41K,四川小青蛙真知户外拓展有限公司,8391,户外拓展培训,户外拓展 培训,户外拓展;培训,户外拓展,是,健身休闲,0.7,indirect,6,1
91513232MA64EA89XU,若尔盖宜博电竞馆,9013,电子竞技服务,电子竞技 服务,电子竞技;服务,电子竞技,是,电子竞技,0.6,none,6,1
91510104MA6CECBC60,成都智友泳体育文化传播有限公司,8921,体育场馆管理,体育场馆 管理,体育场馆;管理,体育场馆,是,体育场馆,0.95,direct,6,1
91510104MADKGLXR44,成都寰海创玩体育文化发展有限公司,8919,其他体育组织,其他 体育组织,体育组织;其他,体育组织,是,体育管理,0.95,direct,6,1
91510104MADBLTXT1H,成都兰途峰汇健身服务有限公司,8930,健身休闲活动,健身 休闲活动,休闲活动;健身,,是,健身休闲,0.75,direct,6,0
91510104MADARYFG68,成都塑造健身服务有限公司,8930,健身休闲活动,健身 休闲活动,休闲活动;健身,,是,健身休闲,0.75,direct,6,0
91510104MADMCGJJ6X,成都朱古力户外刻堂体育文化发展有限公司,8919,其他体育组织,其他 体育组织,体育组织;其他,体育组织,是,体育管理,0.95,direct,6,1
91510104MA6CNQBT2N,威康健身管理咨询（成都）有限公司,8930,健身服务,健身服务,健身服务,健身服务,是,健身休闲,0.95,direct,4,1
91510104321585978N,四川锐思联合体育文化发展有限公司,8911,组织策划体育活动,组织 策划 体育 活动,策划;体育;组织;活动,,是,体育管理,0.75,direct,8,0
91510104762286906L,文轩体育文化发展有限公司,8921,体育场馆管理服务,体育场馆 管理 服务,体育场馆;服务;管理,体育场馆,是,体育场馆,0.95,direct,8,1
91510100590241065T,四川省同赢体育用品有限公司,5142,批发体育用品,批发 体育用品,体育用品;批发,体育用品,是,体育用品,0.95,direct,6,1
91510000713083459Q,四川康德绿色建筑工程有限公司,4991,体育场地设施安装,体育场地设施 安装,体育场地设施;安装,体育场地设施,是,体育场馆,0.6,none,8,1
91510104MA6DHN611T,已除名（成都攀达健身服务有限公司）,8930,健身休闲活动,健身 休闲活动,休闲活动;健身,,是,健身休闲,0.75,direct,6,0
91510100080614570N,成都舒适堡健身美容有限公司,8930,健身休闲活动,健身 休闲活动,休闲活动;健身,,是,健身休闲,0.75,direct,6,0
91510104752838578G,成都探索之旅体育顾问有限公司,8911,体育赛事组织,体育赛事 组织,体育赛事;组织,体育赛事,是,体育赛事,0.95,direct,6,1
91510100660450242M,成都华达建筑设备安装有限公司,4991,体育场设备安装,体育场 设备 安装,体育场;安装;设备,体育场,是,体育场馆,0.6,none,7,1
91510104577392272F,成都宝威裕达体育用品有限公司,5242,零售体育用品,零售 体育用品,体育用品;零售,体育用品,是,体育用品,0.95,direct,6,1
91510100743635867W,成都市文化用品大楼有限责任公司,5242,体育用品零售,体育用品零售,体育用品零售,体育用品零售,是,体育用品,0.95,direct,6,1
91510107MA61U2AJ7Y,成都博达泽兴商贸有限公司,5242,体育用品零售,体育用品零售,体育用品零售,体育用品零售,是,体育用品,0.95,direct,6,1
91510104MA6CHGRL95,四川国弘鼎健体育产业发展有限责任公司,8921,体育场馆服务,体育场馆 服务,体育场馆;服务,体育场馆,是,体育场馆,0.95,direct,6,1
91510104MA7KGX478U,成都海务瑶威文化传媒有限公司,8919,组织文化艺术交流活动,组织 文化 艺术交流 活动,艺术交流;文化;组织;活动,,是,体育管理,0.75,direct,10,0
91510104MA66AMQ97C,成都大零滑冰有限公司,8921,滑冰场管理,滑冰场 管理,滑冰场;管理,滑冰场,是,体育场馆,0.95,direct,5,1
91510104MA6CBJXY96,四川恒凯威安防科技有限公司,5242,文化体育用品,文化 体育用品,体育用品;文化,体育用品,是,体育用品,0.95,direct,6,1
915101043505568506,四川盘酷飞行体育文化传播有限公司,8930,健身休闲活动,健身 休闲活动,休闲活动;健身,,是,健身休闲,0.75,direct,6,0
91510104MADGE38357,成都东兴伯尼健身服务有限公司,8930,健身休闲活动,健身 休闲活动,休闲活动;健身,,是,健身休闲,0.75,direct,6,0
91510104MA6A9RNR71,恒大体育赛事有限公司成都分公司,8911,体育竞赛组织,体育竞赛 组织,体育竞赛;组织,体育竞赛,是,体育赛事,0.95,direct,6,1
91510104MAD9K28G52,成都柚野体育文化发展有限公司,8919,体育组织服务,体育组织 服务,体育组织;服务,体育组织,是,体育管理,0.95,direct,6,1
91510104MADR458P67,成都市海克斯体育发展有限责任公司,5242,体育用品,体育用品,体育用品,体育用品,是,体育用品,0.95,direct,4,1
91510104MACAXL021M,成都蓝威体育文化传播有限公司,8930,体育健康服务,体育 健康 服务,体育;健康;服务,,是,健身休闲,0.75,direct,6,0
91510104MADYU46R5J,成都悦新风体育文化传播有限责任公司,5242,体育用品,体育用品,体育用品,体育用品,是,体育用品,0.95,direct,4,1
91510104MADXD8UB46,元大都成都体育发展有限公司,5242,体育用品销售,体育用品销售,体育用品销售,体育用品销售,是,体育用品,0.95,direct,6,1
91510104MAE1AJ4G6X,成都蓉城网事体育文化传播有限公司,8911,体育竞赛,体育竞赛,体育竞赛,体育竞赛,是,体育赛事,0.95,direct,4,1
91510104MADQ27MG53,成都贰肆柒健身服务有限公司,8930,健身活动,健身活动,健身活动,,是,健身休闲,0.75,direct,4,0
91510104MABY105J0K,四川承道玉书文化传播有限公司,8919,其他体育组织,其他 体育组织,体育组织;其他,体育组织,是,体育管理,0.95,direct,6,1
91510104MA6CGGM180,成都穿越行户外俱乐部有限公司,8919,大型活动组织服务,大型 活动 组织 服务,大型;服务;组织;活动,,是,体育管理,0.75,direct,8,0
91510104MAE1MM919Y,四川中探坤宇体育发展有限公司,5142,体育用品,体育用品,体育用品,体育用品,是,体育用品,0.95,direct,4,1
91510104MABPKCN08A,四川牧也谦初文化传媒有限公司,8919,其他体育组织,其他 体育组织,体育组织;其他,体育组织,是,体育管理,0.95,direct,6,1
91510104MA69M0GK1U,四川袋鼠公社文化传媒有限公司,8911,KTV歌厅娱乐服务,KTV 歌厅 娱乐 服务,KTV;歌厅;娱乐;服务,,是,体育管理,0.75,direct,9,0
91510104MADB51NK0N,四川豪夕辰顺体育用品有限公司,5142,体育用品及器材批发,体育用品 器材 批发,体育用品;器材;批发,体育用品,是,体育用品,0.95,direct,9,1
91510104MACBJCTXXF,四川熠思文化创意有限公司,8919,其他体育组织,其他 体育组织,体育组织;其他,体育组织,是,体育管理,0.95,direct,6,1
91510104MA69FR7J1X,成都伊索娱乐有限公司,8919,儿童室内娱乐游戏服务,儿童 室内 娱乐 游戏 服务,娱乐;室内;游戏;儿童;服务,,是,体育管理,0.75,direct,10,0
91510104MACEYH6R2Y,四川慢慢玩体育文化发展有限公司,8919,组织体育表演活动,组织 体育表演 活动,体育表演;组织;活动,体育表演,是,体育赛事,0.95,direct,8,1
91510104MA7L0HP55C,成都叁分球贰零壹玖体育发展有限公司,8911,体育竞赛组织,体育竞赛 组织,体育竞赛;组织,体育竞赛,是,体育赛事,0.95,direct,6,1
91510104MA61WJWF1F,成都一兰诺瑜伽有限公司,8930,健身服务,健身服务,健身服务,健身服务,是,健身休闲,0.95,direct,4,1
91510104MA68JBC56U,成都锦江猎鹰射击有限公司,8930,娱乐项目,娱乐 项目,娱乐;项目,,是,健身休闲,0.75,direct,4,0
91510104MACM13DPXL,成都愉跃户外运动有限公司,8930,健身休闲活动,健身 休闲活动,休闲活动;健身,,是,健身休闲,0.75,direct,6,0
91510104MAC56NJA1K,四川小狐荼文化传媒有限公司,8919,文艺创作,文艺创作,文艺创作,,是,体育管理,0.75,direct,4,0
91510104MA6A9QXB73,四川昶熙信息科技有限公司,5142,体育用品及器材批发,体育用品 器材 批发,体育用品;器材;批发,体育用品,是,体育用品,0.95,direct,9,1
91510104MACGX4W752,成都心孕健身服务有限公司,8930,健身休闲活动,健身 休闲活动,休闲活动;健身,,是,健身休闲,0.75,direct,6,0
91510104MA7MHAUB0D,四川中科未来体育设施有限公司,5142,体育用品及器材批发,体育用品 器材 批发,体育用品;器材;批发,体育用品,是,体育用品,0.95,direct,9,1
91510104MACH6X0B7J,成都肆加贰户外拓展有限公司,8930,体验式拓展活动及策划,体验式 拓展 活动 策划,体验式;策划;拓展;活动,,是,健身休闲,0.75,direct,10,0
91510104MA6CAJA09K,四川突破体育发展有限公司,8911,体育赛事组织策划,体育赛事 组织 策划,体育赛事;策划;组织,体育赛事,是,体育赛事,0.95,direct,8,1
91510104MAC7RHL29K,成都聚尚智博文化传播有限公司,8930,台球活动,台球 活动,台球;活动,台球,是,健身休闲,0.95,direct,4,1
91510104MA61T4HT3X,成都鑫海奇门健身服务有限公司,8930,健身服务,健身服务,健身服务,健身服务,是,健身休闲,0.95,direct,4,1
91510104MA64QR218E,四川嘎嘎客信息技术有限公司,8930,娱乐休闲活动服务,娱乐 休闲活动 服务,休闲活动;娱乐;服务,,是,健身休闲,0.75,direct,8,0
91510104MA644QEH2E,成都繁星点点健身服务有限公司,8930,健身服务,健身服务,健身服务,健身服务,是,健身休闲,0.95,direct,4,1
91510104350567170F,成都至上健身服务有限公司,8930,健身服务,健身服务,健身服务,健身服务,是,健身休闲,0.95,direct,4,1
91510104MA6CBY5G4N,四川金弈体育文化发展有限公司,8911,体育赛事组织,体育赛事 组织,体育赛事;组织,体育赛事,是,体育赛事,0.95,direct,6,1
91510115MA61XHM56B,四川天创英拾文化传播有限公司,8930,健身服务,健身服务,健身服务,健身服务,是,健身休闲,0.95,direct,4,1
91510104MACELYHU20,成都浪帆体育文化发展有限公司,8911,体育竞赛组织,体育竞赛 组织,体育竞赛;组织,体育竞赛,是,体育赛事,0.95,direct,6,1
92510104MA6CR3XJXL,成都实大实文化传媒有限公司,8911,体育竞赛组织,体育竞赛 组织,体育竞赛;组织,体育竞赛,是,体育赛事,0.95,direct,6,1
915101040833467005,成都度优佳企业管理咨询有限公司,8930,健身服务,健身服务,健身服务,健身服务,是,健身休闲,0.95,direct,4,1
91510104MA7HCCA315,成都亨健体育文化传播有限公司,8930,健身活动,健身活动,健身活动,,是,健身休闲,0.75,direct,4,0
91510104MA6409B06W,成都焱迪商贸有限公司,8930,健身休闲活动,健身 休闲活动,休闲活动;健身,,是,健身休闲,0.75,direct,6,0
91510104MA6A9949XT,圣德巨幻贸易成都有限公司,5242,体育用品零售,体育用品零售,体育用品零售,体育用品零售,是,体育用品,0.95,direct,6,1
91510104MA697CQA4K,成都随马文化传媒有限公司,9052,体育服务,体育服务,体育服务,体育服务,是,体育管理,0.6,none,4,1
91510104785448875E,成都雪线户外拓展运动有限责任公司,5242,户外用品零售,户外用品 零售,户外用品;零售,,是,体育用品,0.75,direct,6,0
91510104MA63B13U8A,成都行动力户外拓展运动有限公司,8930,健身休闲活动服务,健身 休闲活动 服务,休闲活动;健身;服务,,是,健身休闲,0.75,direct,8,0
91510104MAACG6333W,成都控鹤体育文化传播有限公司,8392,体育培训,体育培训,体育培训,体育培训,是,体育培训,0.95,direct,4,1
91510104MACT3L1K9M,四川南钏追梦人体育文化发展有限公司,5142,体育用品批发,体育用品批发,体育用品批发,体育用品批发,是,体育用品,0.95,direct,6,1
91510104MA6BKK4G89,成都北境户外运动有限责任公司,8930,健身服务,健身服务,健身服务,健身服务,是,健身休闲,0.95,direct,4,1
91510104394183996T,成都蜀蓉维乐斯健身服务有限公司,8930,健身服务,健身服务,健身服务,健身服务,是,健身休闲,0.95,direct,4,1
91510104MA6AMFP237,成都酷式体育管理有限责任公司,8930,健身休闲活动,健身 休闲活动,休闲活动;健身,,是,健身休闲,0.75,direct,6,0
91510100MA6453M66D,成都训练岛健康管理有限公司,8930,健身服务,健身服务,健身服务,健身服务,是,健身休闲,0.95,direct,4,1
91510104MA6AQ88954,四川群星擎动文化传媒有限公司,9052,组织体育表演活动服务,组织 体育表演 活动 服务,体育表演;服务;组织;活动,体育表演,是,体育赛事,0.6,none,10,1
91510104MACJ36RP5U,四川微风启航体育文化传播有限公司,9052,体育赛事策划,体育 赛事策划,赛事策划;体育,赛事策划,是,体育赛事,0.6,none,6,1
91510104MA663DTD6Q,成都西金玖零柒优佳健身服务有限公司,8930,健身服务,健身服务,健身服务,健身服务,是,健身休闲,0.95,direct,4,1
91510104MABT1R2M5F,成都壹叁贰优佳健身服务有限公司,8930,健身运动,健身运动,健身运动,,是,健身休闲,0.75,direct,4,0
91510104075377857E,成都伯尼体育文化传播有限责任公司,8930,健身服务,健身服务,健身服务,健身服务,是,健身休闲,0.95,direct,4,1
91510104MAD0UAJC0P,四川跃达启航健身服务有限公司,8930,健身休闲活动,健身 休闲活动,休闲活动;健身,,是,健身休闲,0.75,direct,6,0
91510100564479635J,成都海力体育文化有限公司,8930,水上运动全民健身活动,水上运动 全民 健身活动,健身活动;水上运动;全民,水上运动,是,健身休闲,0.95,direct,10,1
91510104MA6ABXH21N,四川壹卡莫健康管理有限公司,8930,健身休闲活动,健身 休闲活动,休闲活动;健身,,是,健身休闲,0.75,direct,6,0
91510104MA63GA9W4Q,成都兰途蓉成健身服务有限公司,8930,健身休闲活动,健身 休闲活动,休闲活动;健身,,是,健身休闲,0.75,direct,6,0
91510104MA7KPJJE1K,成都飞雪西岭雪山户外运动有限公司,5242,健身休闲活动,健身 休闲活动,休闲活动;健身,,是,体育用品,0.75,direct,6,0
91510104MA68DX6P91,成都后力体育用品有限公司,5142,体育批发,体育 批发,批发;体育,,是,体育用品,0.75,direct,4,0
91510104MA7JA2HPX3,四川艾特尼斯体育文化传播有限公司,8911,体育竞赛策划,体育竞赛 策划,体育竞赛;策划,体育竞赛,是,体育赛事,0.95,direct,6,1
91510100399149826F,四川顺领企业管理有限公司,5242,体育用品,体育用品,体育用品,体育用品,是,体育用品,0.95,direct,4,1
91510104MABP7N9H7A,成都博赛体育文化发展有限公司,9052,体育服务,体育服务,体育服务,体育服务,是,体育管理,0.6,none,4,1
91510104MA634JPK75,极竞体育文化发展成都有限公司,8911,体育赛事策划,体育 赛事策划,赛事策划;体育,赛事策划,是,体育赛事,0.95,direct,6,1
91510104MABMPWLA6G,四川艾秀星体育文化传播有限公司,8911,体育赛事策划,体育 赛事策划,赛事策划;体育,赛事策划,是,体育赛事,0.95,direct,6,1
91510104MA6D0NT155,成都匠人体育管理有限公司,5242,体育用品及器材零售,体育用品 器材 零售,体育用品;器材;零售,体育用品,是,体育用品,0.95,direct,9,1
91510104MA6627U550,四川酷乐派体育文化传播有限公司,8930,健身休闲活动,健身 休闲活动,休闲活动;健身,,是,健身休闲,0.75,direct,6,0
91510104MA62L6UR25,成都超越极限体育文化传播有限公司,5242,体育用品零售,体育用品零售,体育用品零售,体育用品零售,是,体育用品,0.95,direct,6,1
91510104MA6CGKLY2B,成都兴杨宏宇户外用品有限公司,5242,体育用品零售,体育用品零售,体育用品零售,体育用品零售,是,体育用品,0.95,direct,6,1
91510104MA6A2U94XX,成都玛尔斯武术俱乐部有限责任公司,8930,健身休闲活动,健身 休闲活动,休闲活动;健身,,是,健身休闲,0.75,direct,6,0
91510104MAC4F4AT67,成都锦诚十多斤健身服务有限公司,8930,健身休闲活动,健身 休闲活动,休闲活动;健身,,是,健身休闲,0.75,direct,6,0
91510104MABNAE2X3D,成都龙跃鸿帆体育文化传播有限责任公司,8930,健身休闲活动,健身 休闲活动,休闲活动;健身,,是,健身休闲,0.75,direct,6,0
91510104MA7HMW651R,成都时光盒子健身服务有限公司,8930,健身休闲活动,健身 休闲活动,休闲活动;健身,,是,健身休闲,0.75,direct,6,0
91510104MAC4F3X53W,心爱星（成都）拓展训练有限公司,8919,拓展训练,拓展 训练,拓展;训练,,是,体育管理,0.75,direct,4,0
91510104MA64NJBL0A,成都力悦体育健身服务有限公司,8930,体育健身服务,体育 健身服务,健身服务;体育,健身服务,是,健身休闲,0.95,direct,6,1
91510104577360692J,成都拓世体育文化传播有限公司,7246,体育文化咨询,体育文化 咨询,体育文化;咨询,体育文化,是,体育管理,0.6,none,6,1
91510104MA6CM0DB1A,四川最嘉团队健康管理有限公司,8930,健身房健身活动,健身房 健身活动,健身活动;健身房,健身房,是,健身休闲,0.95,direct,7,1
91510104MACA6BU28H,成都体之律健身有限公司,8930,健身服务,健身服务,健身服务,健身服务,是,健身休闲,0.95,direct,4,1
91510100MA6CWBUA64,成都磐石灏跃体育科技有限公司,8930,健身休闲活动,健身 休闲活动,休闲活动;健身,,是,健身休闲,0.75,direct,6,0
91510104MABM54C79G,四川普拉得体健身有限公司,8930,健身休闲活动,健身 休闲活动,休闲活动;健身,,是,健身休闲,0.75,direct,6,0
91510104MAC8PPER0U,成都肆星仕力体育文化传播有限公司,8930,健身休闲活动,健身 休闲活动,休闲活动;健身,,是,健身休闲,0.75,direct,6,0
91510104MA7LA3JE7P,四川微动健康管理有限责任公司,8930,室内健身运动,室内 健身运动,健身运动;室内,,是,健身休闲,0.75,direct,6,0
91510107MA6ACDA52L,成都锐迈威文化传播有限公司,9052,体育竞赛组织活动服务,体育竞赛 组织 活动 服务,体育竞赛;服务;组织;活动,体育竞赛,是,体育赛事,0.6,none,10,1
91510104MA67K3DA62,成都卡博菲特健身有限公司,8930,健身休闲活动,健身 休闲活动,休闲活动;健身,,是,健身休闲,0.75,direct,6,0
91510104MA6C67XC9D,成都大玩家悦动空间娱乐发展有限公司,9052,体育赛事策划,体育 赛事策划,赛事策划;体育,赛事策划,是,体育赛事,0.6,none,6,1
91510104MA680XHE8E,四川德瑞乐学家体育文化发展有限公司,8930,健身休闲服务,健身 休闲 服务,健身;休闲;服务,,是,健身休闲,0.75,direct,6,0
91510100MA62QUR131,成都勇毅决健康管理咨询有限公司,8930,健身服务,健身服务,健身服务,健身服务,是,健身休闲,0.95,direct,4,1
91510104MA6C6D1J90,成都大羽智健体育科技有限公司,8930,体育健身服务,体育 健身服务,健身服务;体育,健身服务,是,健身休闲,0.95,direct,6,1
91510104MA6D0CWQ9C,四川玩嘉互娱体育文化传播有限公司,8911,体育竞赛组织,体育竞赛 组织,体育竞赛;组织,体育竞赛,是,体育赛事,0.95,direct,6,1
91510104MA64RCP78M,成都悠逸健康管理有限公司,8930,健美健身服务,健美 健身服务,健身服务;健美,健身服务,是,健身休闲,0.95,direct,6,1
91510104MA65W92F7P,四川克瑞特斯体育用品有限公司,5242,体育用品及器材零售,体育用品 器材 零售,体育用品;器材;零售,体育用品,是,体育用品,0.95,direct,9,1
91510104MA6AR11F6T,成都市星锐盟体育文化传播有限公司,8392,体育培训,体育培训,体育培训,体育培训,是,体育培训,0.95,direct,4,1
91510104MA6CHL965C,成都泰纳斯体育文化传播有限公司,8921,大型活动组织服务,大型 活动 组织 服务,大型;服务;组织;活动,,是,体育场馆,0.75,direct,8,0
91510107MA6C824892,成都尖峰优道体育用品有限公司,5242,体育用品零售,体育用品零售,体育用品零售,体育用品零售,是,体育用品,0.95,direct,6,1
91510104MA7FQUC38A,四川十点健身有限公司,8930,健身休闲,健身 休闲,健身;休闲,,是,健身休闲,0.75,direct,4,0
91510104MAC6WHJ73F,成都卜运来文化科技有限公司,5242,体育用品及器材零售,体育用品 器材 零售,体育用品;器材;零售,体育用品,是,体育用品,0.95,direct,9,1
91510104MAC7CKJ307,成都加拾克健康咨询有限公司,8930,健身休闲活动,健身 休闲活动,休闲活动;健身,,是,健身休闲,0.75,direct,6,0
91510104MA644QAN69,四川乐博优体育文化传播有限公司,8392,体育培训,体育培训,体育培训,体育培训,是,体育培训,0.95,direct,4,1
91510104MACFG4GM2U,成都嘉图盛世体育发展有限公司,9052,组织体育表演活动,组织 体育表演 活动,体育表演;组织;活动,体育表演,是,体育赛事,0.6,none,8,1
91510104MA656MT34N,成都依茨泰盟健身管理有限公司,8930,健身服务,健身服务,健身服务,健身服务,是,健身休闲,0.95,direct,4,1
91510104MAACQ5B1XF,成都蓉海盛力体育文化发展有限公司,8919,组织体育表演活动,组织 体育表演 活动,体育表演;组织;活动,体育表演,是,体育赛事,0.95,direct,8,1
9151010435062960XG,成都京奥足球俱乐部有限责任公司,8921,体育场馆租赁服务,体育场馆 租赁 服务,体育场馆;租赁;服务,体育场馆,是,体育场馆,0.95,direct,8,1
91510104MAACKK0344,四川磐达智汇企业管理有限公司,8992,健身服务,健身服务,健身服务,健身服务,是,健身休闲,0.6,none,4,1
91510100MAACJ3MF06,成都辰阳体育文化发展有限公司,8392,拳击训练,拳击 训练,拳击;训练,,是,体育培训,0.75,direct,4,0
91510104MACPU91W8E,四川指南者户外用品有限公司,5242,户外用品零售,户外用品 零售,户外用品;零售,,是,体育用品,0.75,direct,6,0
91510107MA61WJ5156,成都跃速体育文化传播有限公司,8911,体育项目组织服务,体育项目 组织 服务,体育项目;服务;组织,,是,体育管理,0.75,direct,8,0
91510104MADML5252P,四川金哈达品味户外运动有限公司,8930,活动组织,活动 组织,组织;活动,,是,健身休闲,0.75,direct,4,0
91510104MADGWP8D5E,成都突破极点体育文化发展有限公司,8919,其他体育组织,其他 体育组织,体育组织;其他,体育组织,是,体育管理,0.95,direct,6,1
91510104MACK0GXX0W,成都纳斯福户外用品有限公司,5242,体育用品及器材零售,体育用品 器材 零售,体育用品;器材;零售,体育用品,是,体育用品,0.95,direct,9,1
91510104MAC804WK46,四川天愚文化创意有限公司,8919,组织文化艺术交流活动,组织 文化 艺术交流 活动,艺术交流;文化;组织;活动,,是,体育管理,0.75,direct,10,0
91510104MA7KGUUQ0Q,成都艺亦宸艺术发展有限公司,8919,文艺创作,文艺创作,文艺创作,,是,体育管理,0.75,direct,4,0
91510104MACJNCD82D,四川理想之巅户外运动有限公司,8930,健身休闲活动,健身 休闲活动,休闲活动;健身,,是,健身休闲,0.75,direct,6,0
91510104MA63Q9P30Q,成都蒲罗万象科技有限公司,5142,批发体育用品,批发 体育用品,体育用品;批发,体育用品,是,体育用品,0.95,direct,6,1
91510104MAE1XLEQ24,成都鑫热爱体育用品有限公司,5142,体育用品批发,体育用品批发,体育用品批发,体育用品批发,是,体育用品,0.95,direct,6,1
91510104MAC3LMX65A,成都零重力户外运动有限公司,8930,健身休闲活动,健身 休闲活动,休闲活动;健身,,是,健身休闲,0.75,direct,6,0
91510104MACJWUXN0B,四川易莱特体育发展有限公司,8999,体育竞赛组织,体育竞赛 组织,体育竞赛;组织,体育竞赛,是,体育赛事,0.6,none,6,1
915101045800131810,成都动能健身服务有限公司,8930,健身咨询服务,健身 咨询服务,咨询服务;健身,,是,健身休闲,0.75,direct,6,0
915101043274862335,成都市爱弓坊体育用品有限公司,5242,体育用品零售,体育用品零售,体育用品零售,体育用品零售,是,体育用品,0.95,direct,6,1
91510104MAC2HU6M3J,四川峻豪之星体育俱乐部有限公司,8911,体育竞赛组织,体育竞赛 组织,体育竞赛;组织,体育竞赛,是,体育赛事,0.95,direct,6,1
91510104MA6C5UWW3E,四川小九九文化传播有限公司,9052,组织体育表演活动,组织 体育表演 活动,体育表演;组织;活动,体育表演,是,体育赛事,0.6,none,8,1
91510104342971931W,成都米克斯健身服务有限公司,8930,健身服务,健身服务,健身服务,健身服务,是,健身休闲,0.95,direct,4,1
91510104MA6AD9FD4Y,成都皇伽瑜伽有限公司,8930,健身运动服务,健身运动 服务,健身运动;服务,,是,健身休闲,0.75,direct,6,0
91510104MA6BM81E0D,成都超猩健身服务有限公司,8930,健康咨询,健康 咨询,咨询;健康,,是,健身休闲,0.75,direct,4,0
91510104MABU13E4X0,成都晓敏健身服务有限公司,8930,健身休闲活动,健身 休闲活动,休闲活动;健身,,是,健身休闲,0.75,direct,6,0
91510104MABPE19J17,成都暖粉在线娱乐有限公司,5242,游艺娱乐活动,游艺 娱乐活动,游艺;娱乐活动,,是,体育用品,0.75,direct,6,0
91510104MA68DMDC7D,成都艾特优佳企业管理咨询有限公司,8930,健身休闲活动,健身 休闲活动,休闲活动;健身,,是,健身休闲,0.75,direct,6,0
91510104558986630J,成都探路者体育用品有限公司,5242,户外用品零售,户外用品 零售,户外用品;零售,,是,体育用品,0.75,direct,6,0
91510104MA6A65LE10,成都单色晓熙文化传播有限公司,8911,体育赛事组织策划,体育赛事 组织 策划,体育赛事;策划;组织,体育赛事,是,体育赛事,0.95,direct,8,1
91510104MA7HQUHD3N,成都星竞享体育文化传播有限公司,8912,体育保障组织,体育 保障 组织,体育;保障;组织,,是,体育管理,0.75,direct,6,0
91510100MA68QHDU1Q,四川学仑倍教育科技有限公司,8930,健身运动,健身运动,健身运动,,是,健身休闲,0.75,direct,4,0
91510104MA7H2HQB89,成都湃森健身管理有限公司,8930,健身咨询服务,健身 咨询服务,咨询服务;健身,,是,健身休闲,0.75,direct,6,0
91510104097427958K,成都博浪健身服务有限公司,8930,健身服务,健身服务,健身服务,健身服务,是,健身休闲,0.95,direct,4,1
91510104MABP9T1L69,成都小伴天新元素户外拓展有限公司,9052,户外拓展活动策划服务,户外拓展 活动 策划 服务,户外拓展;策划;服务;活动,户外拓展,是,健身休闲,0.6,none,10,1
91510104MA6C80192J,成都猩羡健身服务有限公司,8930,健身服务,健身服务,健身服务,健身服务,是,健身休闲,0.95,direct,4,1
91510104MABYKTEL7M,成都皮皮柚体育文化传播有限公司,9052,组织体育表演活动,组织 体育表演 活动,体育表演;组织;活动,体育表演,是,体育赛事,0.6,none,8,1
91510104MA6C77AA1E,四川乐立峰户外运动有限公司,8930,户外活动组织,户外活动 组织,户外活动;组织,,是,健身休闲,0.75,direct,6,0
91510104MACQUBRM8G,成都锦江区约德宝电子竞技体育赛事策划有限公司,9052,体育赛事组织,体育赛事 组织,体育赛事;组织,体育赛事,是,体育赛事,0.6,none,6,1
91510104MABT789G19,成都吉懋商业管理有限公司,8930,健身服务,健身服务,健身服务,健身服务,是,健身休闲,0.95,direct,4,1
91510104MABQKPQDX6,成都精蓉城体育发展有限公司,9052,体育用品及器材零售,体育用品 器材 零售,体育用品;器材;零售,体育用品,是,体育用品,0.6,none,9,1
91510104MA6BAXQ595,成都领悟探险户外运动有限公司,8919,户外运动组织,户外运动 组织,户外运动;组织,户外运动,是,健身休闲,0.95,direct,6,1
91510104MAC0WLBR1A,四川动络慧体育发展有限公司,8392,体育锻炼,体育锻炼,体育锻炼,,是,体育培训,0.75,direct,4,0
91510000060339647H,四川优贝健商贸有限公司,5142,体育用品批发,体育用品批发,体育用品批发,体育用品批发,是,体育用品,0.95,direct,6,1
91510104350583381H,成都英派斯健身器材有限公司,5142,健身器材批发,健身器材 批发,健身器材;批发,健身器材,是,体育用品,0.95,direct,6,1
91510104MA62PWP61X,成都威玖健身服务有限公司,8930,健身服务,健身服务,健身服务,健身服务,是,健身休闲,0.95,direct,4,1
91510104MA68RHU77P,成都智羽体育文化传播有限公司,9052,体育赛事活动策划,体育赛事 活动 策划,体育赛事;策划;活动,体育赛事,是,体育赛事,0.6,none,8,1
91510104MABWNA404D,成都横展商贸有限公司,5142,体育用品批发,体育用品批发,体育用品批发,体育用品批发,是,体育用品,0.95,direct,6,1
91510104MA62QMXM1L,成都态度健身服务有限公司,8930,健身服务,健身服务,健身服务,健身服务,是,健身休闲,0.95,direct,4,1
91510104MA68ER4HX8,成都律动倍加企业管理咨询有限公司,8930,健身服务,健身服务,健身服务,健身服务,是,健身休闲,0.95,direct,4,1
91510104MACT6JL034,成都蓉城追梦体育发展有限公司,8919,组织体育表演活动,组织 体育表演 活动,体育表演;组织;活动,体育表演,是,体育赛事,0.95,direct,8,1
91510104MABUEPGG16,成都华锐风翰体育文化传播有限公司,8930,组织文化艺术交流活动,组织 文化 艺术交流 活动,艺术交流;文化;组织;活动,,是,健身休闲,0.75,direct,10,0
91510104MA62P3PDX7,成都泰美好健康管理有限公司,8930,健身游泳,健身 游泳,健身;游泳,游泳,是,健身休闲,0.95,direct,4,1
91510104MA645M447R,成都天安伟业户外运动有限公司,8930,户外运动组织策划,户外运动 组织 策划,户外运动;策划;组织,户外运动,是,健身休闲,0.95,direct,8,1
91510104MA62PW3F52,成都威寅健身服务有限公司,8930,健身服务,健身服务,健身服务,健身服务,是,健身休闲,0.95,direct,4,1
91510104MA69WB8D8K,成都绿弘环保科技有限公司,8921,室外游泳场管理,室外 游泳场 管理,游泳场;室外;管理,,是,体育场馆,0.75,direct,7,0
91510104MA6CL8YX1F,成都云端西行户外运动有限公司,8930,户外活动组织策划,户外活动 组织 策划,户外活动;策划;组织,,是,健身休闲,0.75,direct,8,0
91510104MAC6K2T89E,格商花体育发展成都有限公司,8921,体育场地设施管理服务,体育场地设施 管理 服务,体育场地设施;服务;管理,体育场地设施,是,体育场馆,0.95,direct,10,1
91510104MACF0NF278,成都追光逐梦体育文化发展有限责任公司,9052,体育赛事筹备,体育赛事 筹备,体育赛事;筹备,体育赛事,是,体育赛事,0.6,none,6,1
91510104MA65UW5H43,四川威速道体育发展有限公司,9052,体育赛事活动策划,体育赛事 活动 策划,体育赛事;策划;活动,体育赛事,是,体育赛事,0.6,none,8,1
91510100MABXEUUD2W,成都峰行会车友商贸有限公司,8919,车友会组织车友游玩,车友会 组织 车友 游玩,车友会;车友;游玩;组织,,是,体育管理,0.75,direct,9,0
915101043967229308,成都天涯行文化传媒有限公司,8919,户外组织服务,户外 组织 服务,户外;服务;组织,,是,体育管理,0.75,direct,6,0
91510104MA67G4512Y,成都蓬麦谷网络科技有限公司,5242,健身器材零售,健身器材 零售,健身器材;零售,健身器材,是,体育用品,0.95,direct,6,1
91510104MA6B41W73J,成都竞浦体育场馆管理有限公司,8921,体育馆管理,体育馆 管理,体育馆;管理,体育馆,是,体育场馆,0.95,direct,5,1
91510104MA6A4TF461,成都融爱园拓展训练有限公司,8930,拓展训练,拓展 训练,拓展;训练,,是,健身休闲,0.75,direct,4,0
91510104MAC5L06L8W,成都金羽汇翼体育场馆管理有限公司,8921,体育场地设施经营,体育场地设施 经营,体育场地设施;经营,体育场地设施,是,体育场馆,0.95,direct,8,1
91510104MACPEKCU43,成都高攀毅道体育发展有限公司,8911,体育竞赛组织,体育竞赛 组织,体育竞赛;组织,体育竞赛,是,体育赛事,0.95,direct,6,1
91510104MA62U8GH6F,成都森鑫源户外家具有限公司,5242,户外用品零售,户外用品 零售,户外用品;零售,,是,体育用品,0.75,direct,6,0
91510106MA6DE08C5L,成都禾汇乐体育科技有限责任公司,9052,体育服务,体育服务,体育服务,体育服务,是,体育管理,0.6,none,4,1
91510104MA68MJ8AXB,四川岷雅户外运动有限公司,8930,山地户外运动,山地 户外运动,户外运动;山地,户外运动,是,健身休闲,0.95,direct,6,1
91510104MACBRH8H2K,成都钓江君户外用品有限责任公司,5242,渔具零售,渔具 零售,渔具;零售,渔具,是,体育用品,0.95,direct,4,1
91510104MA664GTX3D,成都浪桀商贸有限公司,5242,户外用品零售,户外用品 零售,户外用品;零售,,是,体育用品,0.75,direct,6,0
91510104MA64Q6DY0Q,四川盗梦剧制文化传播有限公司,8912,游艺娱乐活动,游艺 娱乐活动,游艺;娱乐活动,,是,体育管理,0.75,direct,6,0
91510104MA65LUW88B,四川妍进教育咨询有限公司,8392,马术培训,马术 培训,马术;培训,马术,是,健身休闲,0.95,direct,4,1
91510104MA6AJ1QGXF,四川国奥华体体育设施有限公司,5242,体育设备零售,体育设备 零售,体育设备;零售,体育设备,是,体育用品,0.95,direct,6,1
91510100752821100M,成都振中创源体育设施有限公司,5142,体育用品,体育用品,体育用品,体育用品,是,体育用品,0.95,direct,4,1
91510104MA64FU0A72,四川腾博尚奥体育文化传播有限公司,9052,体育组织活动,体育组织 活动,体育组织;活动,体育组织,是,体育管理,0.6,none,6,1
91510104MAACN2WY9T,四川奔浪体育发展有限公司,5242,体育用品零售,体育用品零售,体育用品零售,体育用品零售,是,体育用品,0.95,direct,6,1
91510104MA62NP3B2Q,成都江湖户外运动有限公司,5142,体育用品及器材批发,体育用品 器材 批发,体育用品;器材;批发,体育用品,是,体育用品,0.95,direct,9,1
91510106MA674PQH9A,成都卅四户外运动有限公司,8930,健身服务,健身服务,健身服务,健身服务,是,健身休闲,0.95,direct,4,1
91510107MA6C55C57L,成都追逐体育用品有限公司,5242,体育用品零售,体育用品零售,体育用品零售,体育用品零售,是,体育用品,0.95,direct,6,1
91510104MAACP9H804,四川椿枫瑜伽健身有限责任公司,8930,健身休闲活动,健身 休闲活动,休闲活动;健身,,是,健身休闲,0.75,direct,6,0
91510104350616200J,成都希格寰亚体育文化传播有限公司,8930,健身服务,健身服务,健身服务,健身服务,是,健身休闲,0.95,direct,4,1
91510104MA634Y6B3N,成都竞技一九零四足球俱乐部有限公司,9052,体育赛事活动策划,体育赛事 活动 策划,体育赛事;策划;活动,体育赛事,是,体育赛事,0.6,none,8,1
91510104MACRANC31W,成都博帆斯羽体育科技有限公司,8392,青少年体育培训,青少年体育 培训,青少年体育;培训,青少年体育,是,体育培训,0.95,direct,7,1
91510104MA68D6CH8K,成都桑伲健身服务有限公司,8930,健身休闲活动,健身 休闲活动,休闲活动;健身,,是,健身休闲,0.75,direct,6,0
91510104MA68ME580H,成都闻行文化有限公司,8919,户外运动的组织策划,户外运动 组织 策划,户外运动;策划;组织,户外运动,是,健身休闲,0.95,direct,9,1
91510104MABM0Q438M,四川众行致远户外运动有限公司,8930,健身休闲活动,健身 休闲活动,休闲活动;健身,,是,健身休闲,0.75,direct,6,0
91510122MA6D05GPXL,四川未来鑫体育文化传播有限公司,8392,体育教育培训服务,体育教育 培训 服务,体育教育;培训;服务,体育教育,是,体育培训,0.95,direct,8,1
91510104331924259N,成都武英豪杰体育文化传播有限公司,8392,跆拳道培训服务,跆拳道培训 服务,跆拳道培训;服务,跆拳道培训,是,体育培训,0.95,direct,7,1
91510100551087747R,成都克尼迪亚健身器材有限公司,5242,零售健身器材,零售 健身器材,健身器材;零售,健身器材,是,体育用品,0.95,direct,6,1
91510107MA67E6EKXJ,成都福系普拉亚商贸有限公司,5242,专项运动器材零售,专项 运动器材 零售,运动器材;专项;零售,运动器材,是,体育用品,0.95,direct,8,1
91510104MACC6Q134M,四川费洛普拉提健身管理有限公司,8930,健身休闲活动服务,健身 休闲活动 服务,休闲活动;健身;服务,,是,健身休闲,0.75,direct,8,0
91510104MA61WLF732,婵境文化传播成都有限公司,8930,健身休闲活动,健身 休闲活动,休闲活动;健身,,是,健身休闲,0.75,direct,6,0
91510104MA63J6AL6Y,成都象田体育文化传播有限公司,9052,体育赛事活动策划,体育赛事 活动 策划,体育赛事;策划;活动,体育赛事,是,体育赛事,0.6,none,8,1
915101043320540050,成都市捷宇体育用品有限公司,5142,体育用品及器材批发,体育用品 器材 批发,体育用品;器材;批发,体育用品,是,体育用品,0.95,direct,9,1
91510104MA7DMRN52P,成都市克里白瑜伽健身有限责任公司,8930,健身休闲活动,健身 休闲活动,休闲活动;健身,,是,健身休闲,0.75,direct,6,0
91510104MACK363A0L,成都克新体育发展有限公司,8999,健身游泳服务,健身 游泳 服务,健身;游泳;服务,游泳,是,健身休闲,0.6,none,6,1
91510104MA66GGDC55,成都石兮瑜伽健身有限公司,8930,瑜伽姐健身,瑜伽 健身,瑜伽;健身,瑜伽,是,健身休闲,0.95,direct,5,1
91510104MA63NB2A0P,成都瑞曼健身服务有限公司,8930,健身服务,健身服务,健身服务,健身服务,是,健身休闲,0.95,direct,4,1
91510104696285461B,成都浩腾领航健身有限公司,5242,健身器材零售,健身器材 零售,健身器材;零售,健身器材,是,体育用品,0.95,direct,6,1
915101040697805511,成都市星火力台球俱乐部,8930,台球健身服务,台球 健身服务,健身服务;台球,台球;健身服务,是,健身休闲,0.95,direct,6,2
91510104MA68AUP35T,四川搏鳌体育有限公司,8921,体育场馆管理,体育场馆 管理,体育场馆;管理,体育场馆,是,体育场馆,0.95,direct,6,1
91510104MA6CA7B7XY,成都星蓉烁网络科技有限公司,8921,体育场管理服务,体育场 管理 服务,体育场;服务;管理,体育场,是,体育场馆,0.95,direct,7,1
91510104MA7M25GQ90,成都斯迈体育文化传播有限公司,8911,组织体育活动,组织 体育 活动,体育;组织;活动,,是,体育管理,0.75,direct,6,0
91510104MA6CCFB484,成都凡思特体育文化传播有限公司,8921,体育场馆管理,体育场馆 管理,体育场馆;管理,体育场馆,是,体育场馆,0.95,direct,6,1
91510104577394745G,成都拓飞体育文化传播有限公司,5242,体育用品零售,体育用品零售,体育用品零售,体育用品零售,是,体育用品,0.95,direct,6,1
915101043274201385,成都野人部落户外运动有限公司,5242,户外用品零售,户外用品 零售,户外用品;零售,,是,体育用品,0.75,direct,6,0
91510104MA68D586XB,成都德赛德体育文化传播有限公司,8921,体育场管管理,体育场 管理,体育场;管理,体育场,是,体育场馆,0.95,direct,6,1
91510104MAACJGJF7J,成都众鑫力户外拓展有限公司,8911,体育竞赛组织,体育竞赛 组织,体育竞赛;组织,体育竞赛,是,体育赛事,0.95,direct,6,1
91510104MA61TCKX7J,成都山水之间户外拓展运动有限公司,8930,户外运动策划,户外运动 策划,户外运动;策划,户外运动,是,健身休闲,0.95,direct,6,1
91510104MA69FFRA2N,成都远新久亚贸易有限公司,5242,体育用品,体育用品,体育用品,体育用品,是,体育用品,0.95,direct,4,1
91510104MA7E4TY93J,成都叠点文化传播有限责任公司,8930,健身服务,健身服务,健身服务,健身服务,是,健身休闲,0.95,direct,4,1
91510104MACNA4EB40,成都雪原体育文化传播有限公司,8392,体育培训,体育培训,体育培训,体育培训,是,体育培训,0.95,direct,4,1
91510104MA61UEP85K,成都宝迪格尔健身服务有限责任公司,8930,健身休闲活动,健身 休闲活动,休闲活动;健身,,是,健身休闲,0.75,direct,6,0
91510104MAC2ECF3X0,成都加玩比尔体育文化传播有限责任公司,8930,健身服务,健身服务,健身服务,健身服务,是,健身休闲,0.95,direct,4,1
91510106MABPK42H1P,成都金牛虎少科技有限公司,5242,体育用品及器材零售,体育用品 器材 零售,体育用品;器材;零售,体育用品,是,体育用品,0.95,direct,9,1
91510104MA6CGH1N78,成都软糖瑜伽健身管理有限公司,8930,健身服务,健身服务,健身服务,健身服务,是,健身休闲,0.95,direct,4,1
91510104MAC248LF0L,成都肌械师欧尔健身有限责任公司,8930,健身休闲活动,健身 休闲活动,休闲活动;健身,,是,健身休闲,0.75,direct,6,0
91510104MABXD26H01,成都无限进化体育发展有限公司,8912,体育保障组织,体育 保障 组织,体育;保障;组织,,是,体育管理,0.75,direct,6,0
91510104MA64521Q3P,成都大力熊猫健身服务有限公司,8930,健身休闲活动,健身 休闲活动,休闲活动;健身,,是,健身休闲,0.75,direct,6,0
91510104MA6AHC8T0W,成都海力游文体育文化传播有限公司,8930,健身咨询服务,健身 咨询服务,咨询服务;健身,,是,健身休闲,0.75,direct,6,0
91510104MABRRR1H86,成都铭格健身服务有限公司,8930,健身服务,健身服务,健身服务,健身服务,是,健身休闲,0.95,direct,4,1
91510104MA6ARFMX5W,成都橙光健身有限公司,8930,健身服务,健身服务,健身服务,健身服务,是,健身休闲,0.95,direct,4,1
91510104MA6ACUEP8A,成都元乐乐健康管理有限公司,8930,健身服务,健身服务,健身服务,健身服务,是,健身休闲,0.95,direct,4,1
915101075800083901,成都雨豆教育咨询有限公司,8930,健身服务,健身服务,健身服务,健身服务,是,健身休闲,0.95,direct,4,1
91510000582155319A,四川如鑫商贸有限公司,5242,体育用品及器材零售,体育用品 器材 零售,体育用品;器材;零售,体育用品,是,体育用品,0.95,direct,9,1
91510104MA65M5J31G,成都壹肆肆壹文化传播有限公司,5242,球鞋零售,球鞋 零售,球鞋;零售,,是,体育用品,0.75,direct,4,0
91510104MA63DJXH2B,成都蒙星体育科技有限公司,8911,体育竞赛组织,体育竞赛 组织,体育竞赛;组织,体育竞赛,是,体育赛事,0.95,direct,6,1
91510104MA644T90XJ,成都宇航健身服务有限公司,8930,健身休闲活动,健身 休闲活动,休闲活动;健身,,是,健身休闲,0.75,direct,6,0
91510104MA6BLFE10L,成都兹梦惠羽商贸有限公司,5242,体育用品零售,体育用品零售,体育用品零售,体育用品零售,是,体育用品,0.95,direct,6,1
91510104MACUUBGU78,成都环耀体育文化传播有限公司,8919,组织体育表演活动,组织 体育表演 活动,体育表演;组织;活动,体育表演,是,体育赛事,0.95,direct,8,1
91510104MACRT3PGX2,成都四只熊猫体育科技有限公司,8911,体育赛事策划,体育 赛事策划,赛事策划;体育,赛事策划,是,体育赛事,0.95,direct,6,1
91510104MAAEGB646H,天翰九轩成都贸易有限公司,5242,体育用品零售,体育用品零售,体育用品零售,体育用品零售,是,体育用品,0.95,direct,6,1
91510104MACP766F7R,成都体跃未来体育设施工程有限公司,4892,体育场地设施工程施工,体育场地设施 工程施工,体育场地设施;工程施工,体育场地设施,是,体育场馆,0.95,direct,10,1
91510104MA6CL9XN69,成都锄头体育文化传播有限公司,8921,体育场馆租用,体育场馆 租用,体育场馆;租用,体育场馆,是,体育场馆,0.95,direct,6,1
91510104MAC432HF55,成都浮昇文化传播有限公司,5242,组织文化艺术交流活动,组织 文化 艺术交流 活动,艺术交流;文化;组织;活动,,是,体育用品,0.75,direct,10,0
91510104MA6BJ7C315,成都凹凸健身咨询有限公司,8930,健身服务,健身服务,健身服务,健身服务,是,健身休闲,0.95,direct,4,1
91510104MACQPFQX5P,远北体育文化发展成都有限公司,8911,体育竞赛组织服务,体育竞赛 组织 服务,体育竞赛;服务;组织,体育竞赛,是,体育赛事,0.95,direct,8,1
91510100MA62MJGG48,成都绿界体育文化传播有限公司,5242,体育用品零售,体育用品零售,体育用品零售,体育用品零售,是,体育用品,0.95,direct,6,1
91510104MAACLXLK8J,四川弧克体育发展有限责任公司,8911,体育赛事策划,体育 赛事策划,赛事策划;体育,赛事策划,是,体育赛事,0.95,direct,6,1
91510104MACEGLCL4B,成都蔻篮体育文化传播有限公司,8911,组织体育活动,组织 体育 活动,体育;组织;活动,,是,体育管理,0.75,direct,6,0
91510104MA63B1R99P,成都威风之力体育管理有限公司,8921,体育场馆管理服务,体育场馆 管理 服务,体育场馆;服务;管理,体育场馆,是,体育场馆,0.95,direct,8,1
9151010507768907X0,四川金成弘体育俱乐部有限公司,8911,体育组织,体育组织,体育组织,体育组织,是,体育管理,0.95,direct,4,1
91510104MA663HBC49,四川锐沃鹭星健康管理有限公司,8930,健身服务,健身服务,健身服务,健身服务,是,健身休闲,0.95,direct,4,1
91510104MA6B02A90D,成都熙耀健身有限公司,8930,健身服务,健身服务,健身服务,健身服务,是,健身休闲,0.95,direct,4,1
91510104MA7J5FTY8K,成都合泰鑫健身服务有限公司,8930,健身休闲活动,健身 休闲活动,休闲活动;健身,,是,健身休闲,0.75,direct,6,0
91510104MAACM4XM7P,四川精练空间普拉提健身有限公司,8930,健身休闲活动,健身 休闲活动,休闲活动;健身,,是,健身休闲,0.75,direct,6,0
91510104MACR26LM4L,成都狂人健身服务有限公司,8930,健身休闲活动,健身 休闲活动,休闲活动;健身,,是,健身休闲,0.75,direct,6,0
91510104MABYXLC608,成都观云轻悦健身服务有限公司,8930,健身服务,健身服务,健身服务,健身服务,是,健身休闲,0.95,direct,4,1
91510104MA7MYM5R8U,成都市刻伦刻健身有限责任公司,8930,健身服务,健身服务,健身服务,健身服务,是,健身休闲,0.95,direct,4,1
91510104MA6AT1B59A,成都素心安己瑜伽有限公司,8930,瑜伽服务,瑜伽 服务,瑜伽;服务,瑜伽,是,健身休闲,0.95,direct,4,1
92510104MA69X8FG41,成都初心普拉提瑜伽健身有限公司,8930,健身休闲活动,健身 休闲活动,休闲活动;健身,,是,健身休闲,0.75,direct,6,0
91510104MACU1WL100,成都云深见鹿健身服务有限公司,8930,健身休闲活动,健身 休闲活动,休闲活动;健身,,是,健身休闲,0.75,direct,6,0
91510104MACGYJW04L,成都妙铠体育文化传播有限公司,8930,健身休闲活动,健身 休闲活动,休闲活动;健身,,是,健身休闲,0.75,direct,6,0
91510104MACBH6MT5J,成都承运利贞体育文化发展有限公司,8921,一般项目组织文化艺术交流活动,一般 项目 组织 文化 艺术交流 活动,艺术交流;文化;项目;组织;活动;一般,,是,体育场馆,0.75,direct,14,0
91510104MACXK1HY70,四川顺泰鑫体育场馆管理有限公司,8921,体育场地设施经营,体育场地设施 经营,体育场地设施;经营,体育场地设施,是,体育场馆,0.95,direct,8,1
91510104MA68JTBQ0K,成都时善体育文化传播有限公司,8930,健身休闲活动,健身 休闲活动,休闲活动;健身,,是,健身休闲,0.75,direct,6,0
91510104MA6CTWGB6U,成都博弈体育文化传播有限公司,8911,体育赛事活动策划,体育赛事 活动 策划,体育赛事;策划;活动,体育赛事,是,体育赛事,0.95,direct,8,1
91510108MA6361EW7R,四川运动星球健身服务有限公司,8930,建身服务,建身 服务,建身;服务,,是,健身休闲,0.75,direct,4,0
91510104MACNFXKE3P,成都金雨鑫健身服务有限公司,8930,健身服务,健身服务,健身服务,健身服务,是,健身休闲,0.95,direct,4,1
91510104MA681PNEX8,成都狂飙体育科技有限公司,9052,体育赛事活动策划,体育赛事 活动 策划,体育赛事;策划;活动,体育赛事,是,体育赛事,0.6,none,8,1
91510104MA69965M34,成都聆瑜和馨商贸有限公司,5242,健身器材零售,健身器材 零售,健身器材;零售,健身器材,是,体育用品,0.95,direct,6,1
91510108MA664UXT4P,成都谷源多多体育文化传播合伙企业有限合伙,8392,体育培训,体育培训,体育培训,体育培训,是,体育培训,0.95,direct,4,1
91510104MAC9PXC937,四川新球汇体育文化发展有限公司,8911,体育竞赛组织,体育竞赛 组织,体育竞赛;组织,体育竞赛,是,体育赛事,0.95,direct,6,1
91510104MA7N37LXXJ,四川觅迹体育文化传播有限责任公司,9052,体育赛事组织,体育赛事 组织,体育赛事;组织,体育赛事,是,体育赛事,0.6,none,6,1
91510104MACT65RR4F,成都奥利给力体育发展有限公司,8912,体育保障组织服务,体育 保障 组织 服务,体育;保障;服务;组织,,是,体育管理,0.75,direct,8,0
91510104MA662D9076,成都百都智体科技有限公司,9052,体育赛事组织,体育赛事 组织,体育赛事;组织,体育赛事,是,体育赛事,0.6,none,6,1
91510104MAC44ANK1T,成都冰多多体育用品有限公司,5242,体育用品零售,体育用品零售,体育用品零售,体育用品零售,是,体育用品,0.95,direct,6,1
91510104MACYTQFUXL,四川悟语体育文化发展有限公司,8930,健身休闲活动,健身 休闲活动,休闲活动;健身,,是,健身休闲,0.75,direct,6,0
91510104MAC9XU9L81,成都万合体育发展有限公司,9052,体育赛事策划,体育 赛事策划,赛事策划;体育,赛事策划,是,体育赛事,0.6,none,6,1
91510100MA644U7H98,成都九星棋艺文化艺术有限公司,8930,健身休闲活动,健身 休闲活动,休闲活动;健身,,是,健身休闲,0.75,direct,6,0
91510104MA6A60HB8D,成都无式体育文化传播有限责任公司,8930,健身休闲活动,健身 休闲活动,休闲活动;健身,,是,健身休闲,0.75,direct,6,0
91510104MA6AC2K569,成都心齐健身服务有限公司,8930,健身休闲活动,健身 休闲活动,休闲活动;健身,,是,健身休闲,0.75,direct,6,0
91510104MA6B368L3T,成都十力社体育用品有限公司,5242,体育用品及器材零售,体育用品 器材 零售,体育用品;器材;零售,体育用品,是,体育用品,0.95,direct,9,1
91510104MABQMUT07C,四川当凌体育文化传播有限公司,9052,体育赛事策划,体育 赛事策划,赛事策划;体育,赛事策划,是,体育赛事,0.6,none,6,1
91510104MABUEKWQ1M,成都本心秀体育文化发展有限公司,8930,健身休闲活动,健身 休闲活动,休闲活动;健身,,是,健身休闲,0.75,direct,6,0
91510104MA6C58PX76,成都辰之星文化传播有限公司,8930,舞蹈健身,舞蹈 健身,健身;舞蹈,,是,健身休闲,0.75,direct,4,0
91510104MA65YQ4B4H,成都诚顺发科技有限公司,5142,体育用品和器材批发,体育用品 器材 批发,体育用品;器材;批发,体育用品,是,体育用品,0.95,direct,9,1
91510104MA7MBLLR11,成都超启鑫健身服务有限责任公司,8930,健身休闲活动,健身 休闲活动,休闲活动;健身,,是,健身休闲,0.75,direct,6,0
91510104MA697G7X2D,四川渔奶奶科技有限公司,5242,渔具零售,渔具 零售,渔具;零售,渔具,是,体育用品,0.95,direct,4,1
91510104MA69TYTF49,成都锦曜健身服务有限责任公司,8930,健身咨询服务,健身 咨询服务,咨询服务;健身,,是,健身休闲,0.75,direct,6,0
91510104MA6AGFEL69,下一潜体育文化传播成都有限公司,9052,体育表演服务,体育表演 服务,体育表演;服务,体育表演,是,体育赛事,0.6,none,6,1
91510104MA69968J8H,四川恩思贝商务信息咨询有限公司,8921,体育场地设施经营,体育场地设施 经营,体育场地设施;经营,体育场地设施,是,体育场馆,0.95,direct,8,1
91510104MACFC2LG8J,成都锦江万宸开月健身服务有限公司,8930,健身休闲活动,健身 休闲活动,休闲活动;健身,,是,健身休闲,0.75,direct,6,0
91510104MACYXW6215,成都锦江区比华利杆法体育场馆管理有限公司,8930,健身休闲活动,健身 休闲活动,休闲活动;健身,,是,健身休闲,0.75,direct,6,0
91510104MADHNJJ20C,成都尚久旺健身服务有限公司,8930,健身休闲活动,健身 休闲活动,休闲活动;健身,,是,健身休闲,0.75,direct,6,0
91510104MADKA8L925,成都一文铁铁健身有限责任公司,8930,健身休闲活动,健身 休闲活动,休闲活动;健身,,是,健身休闲,0.75,direct,6,0
91510104MADG6RJK6L,成都灰色犀牛健身管理有限公司,8930,健身休闲活动,健身 休闲活动,休闲活动;健身,,是,健身休闲,0.75,direct,6,0
91510104MAD8KMFG3A,成都环亚汇誉健身服务有限公司,8930,健身休闲活动,健身 休闲活动,休闲活动;健身,,是,健身休闲,0.75,direct,6,0
91510104MACNCET75T,京体雄体育俱乐部成都有限公司,8911,体育竞赛组织,体育竞赛 组织,体育竞赛;组织,体育竞赛,是,体育赛事,0.95,direct,6,1
91510104MADHAW2HX6,四川灰色犀牛铁馆健身服务有限公司,8930,健身休闲活动,健身 休闲活动,休闲活动;健身,,是,健身休闲,0.75,direct,6,0
91510104MADF98GC5Q,四川精冠百悦体育文化发展有限公司,8919,体育竞赛组织,体育竞赛 组织,体育竞赛;组织,体育竞赛,是,体育赛事,0.95,direct,6,1
91510104MADX6Q5A82,四川楠东体育发展有限公司,8999,体育竞赛组织,体育竞赛 组织,体育竞赛;组织,体育竞赛,是,体育赛事,0.6,none,6,1
91510104MADT0XUQ0J,成都巴蜀星辰足球俱乐部有限公司,8911,娱乐业,娱乐业,娱乐业,,是,体育管理,0.75,direct,3,0
91510104MABMHWCP88,成都亦安旭体育场馆管理有限公司,8930,体育场地设施经营,体育场地设施 经营,体育场地设施;经营,体育场地设施,是,体育场馆,0.95,direct,8,1
91510104MAD8A7W642,成都轩远体育场馆管理有限公司,8921,体育场馆管理,体育场馆 管理,体育场馆;管理,体育场馆,是,体育场馆,0.95,direct,6,1
9151010409125403XN,成都雲盛科技有限公司,5242,批发与零售,批发 零售,批发;零售,,是,体育用品,0.75,direct,5,0
91510104MACF9DC54M,成都跳找体育文化推广有限公司,8919,体育竞赛组织,体育竞赛 组织,体育竞赛;组织,体育竞赛,是,体育赛事,0.95,direct,6,1
91510104MABPMTNL7G,成都热迈体育文化发展有限公司,8919,其他体育组织,其他 体育组织,体育组织;其他,体育组织,是,体育管理,0.95,direct,6,1
91510104MADLK40189,四川鸿昇坊商贸有限责任公司,5242,体育用品零售,体育用品零售,体育用品零售,体育用品零售,是,体育用品,0.95,direct,6,1
91510104MACH5LTF6E,成都乐凡健身管理有限公司,8930,健身休闲活动,健身 休闲活动,休闲活动;健身,,是,健身休闲,0.75,direct,6,0
91510104MACKDGYH7G,成都屿伽健身有限公司,8930,健身休闲活动,健身 休闲活动,休闲活动;健身,,是,健身休闲,0.75,direct,6,0
91510100MA6AFKAFX0,成都小泥淇乐多游乐设备有限公司,5142,儿童游乐设施批发,儿童 游乐 设施 批发,游乐;批发;儿童;设施,,是,体育用品,0.75,direct,8,0
91510104MABRNK0K5N,成都改变美式铁馆健身服务有限责任公司,8930,健身休闲,健身 休闲,健身;休闲,,是,健身休闲,0.75,direct,4,0
91510104MA6CBJ748B,成都壹号户外拓展运动有限公司,8919,户外运动组织策划服务,户外运动 组织 策划 服务,户外运动;策划;服务;组织,户外运动,是,健身休闲,0.95,direct,10,1
91510104MABWECL41K,成都红橙绿体育发展有限公司,9052,组织体育表演活动,组织 体育表演 活动,体育表演;组织;活动,体育表演,是,体育赛事,0.6,none,8,1
91510104MA68EUU47P,成都乐游水上教育科技有限公司,8930,高危险性体育运动,危险性 体育运动,危险性;体育运动,,是,健身休闲,0.75,direct,8,0
91510104MA64N0AHX9,成都赖特健身有限公司,8930,健身服务,健身服务,健身服务,健身服务,是,健身休闲,0.95,direct,4,1
91510104MA6AEXDE0G,成都唐陈健身服务有限公司,8930,健身休闲活动,健身 休闲活动,休闲活动;健身,,是,健身休闲,0.75,direct,6,0
91510104MA6CUUY6XX,成都市骑艺荟体育文化有限公司,8919,户外运动的组织策划,户外运动 组织 策划,户外运动;策划;组织,户外运动,是,健身休闲,0.95,direct,9,1
91510104MA63DQWA8C,四川潘哒尔体育发展有限公司,5142,体育用品批发,体育用品批发,体育用品批发,体育用品批发,是,体育用品,0.95,direct,6,1
91510104MA6B56YY6T,四川柯本体育文化发展有限公司,8911,体育竞赛组织,体育竞赛 组织,体育竞赛;组织,体育竞赛,是,体育赛事,0.95,direct,6,1
91510104MA698TFQ75,四川启之航体育设施工程有限公司,4892,体育场地设施工程,体育场地设施 工程,体育场地设施;工程,体育场地设施,是,体育场馆,0.95,direct,8,1
91510104MA634BPB1P,成都雲端私享健身服务有限公司,8930,健身休闲活动,健身 休闲活动,休闲活动;健身,,是,健身休闲,0.75,direct,6,0
91510104MA69LDNL4E,成都东振旺健身服务有限公司,8930,健身服务,健身服务,健身服务,健身服务,是,健身休闲,0.95,direct,4,1
91510104MACBFMGE7W,成都菲尔肯斯体育科技有限公司,8392,体育培训,体育培训,体育培训,体育培训,是,体育培训,0.95,direct,4,1
91510104MA6CT6U71P,成都锦江卓锦美航健身有限责任公司,8930,健身服务,健身服务,健身服务,健身服务,是,健身休闲,0.95,direct,4,1
91510104MA6948Y49T,成都静梵瑜伽健身有限公司,8930,瑜伽健身培训,瑜伽 健身 培训,瑜伽;健身;培训,瑜伽,是,健身休闲,0.95,direct,6,1
91510104MA6BFYE1X4,成都人合众文化传播有限公司,8930,健身休闲活动,健身 休闲活动,休闲活动;健身,,是,健身休闲,0.75,direct,6,0
91510104MA6A2EAY8F,三千航路成都体育俱乐部有限公司,8921,体育场地设施经营,体育场地设施 经营,体育场地设施;经营,体育场地设施,是,体育场馆,0.95,direct,8,1
91510104MA64MGYR2B,成都市腾威体育文化传播有限公司,8911,体育赛事策划,体育 赛事策划,赛事策划;体育,赛事策划,是,体育赛事,0.95,direct,6,1
91510104MA6565P67E,成都徽鸿体育文化有限公司,9052,体育赛事活动策划,体育赛事 活动 策划,体育赛事;策划;活动,体育赛事,是,体育赛事,0.6,none,8,1
91510104MACTQ22PXX,成都百瑞九八体育俱乐部有限公司,7283,体育赛事策划,体育 赛事策划,赛事策划;体育,赛事策划,是,体育赛事,0.6,none,6,1
91510104MA6CHRQR1W,成都阿修罗体育文化传播有限公司,8930,健身服务,健身服务,健身服务,健身服务,是,健身休闲,0.95,direct,4,1
91510104MA69J0YG7K,成都市锦江区谦文龙体育科技有限公司,8921,体育场地设施经营,体育场地设施 经营,体育场地设施;经营,体育场地设施,是,体育场馆,0.95,direct,8,1
91510104MACQR23Y2R,成都山行一屿户外运动有限公司,8930,户外运动,户外运动,户外运动,户外运动,是,健身休闲,0.95,direct,4,1
91510100MA6DF1YA2E,成都梦普篮体育文化传播有限公司,8921,体育场馆及赛事活动,体育场馆 赛事 活动,体育场馆;赛事;活动,体育场馆,是,体育场馆,0.95,direct,9,1
915100005999667409,四川省海瑞斯体育文化发展有限公司,8929,体育场地设施经营,体育场地设施 经营,体育场地设施;经营,体育场地设施,是,体育场馆,0.95,direct,8,1
91510104MA67BXTT6A,成都三么多文化传播有限公司,9052,组织体育表演活动,组织 体育表演 活动,体育表演;组织;活动,体育表演,是,体育赛事,0.6,none,8,1
91510104MA6CLN6W6T,四川佳和理想企业管理有限公司,8921,运动场地运营,运动场 运营,运动场;运营,,是,体育场馆,0.75,direct,6,0
91510104MA638NH055,成都中科启诚科技有限公司,5142,教学仪器批发,教学仪器 批发,教学仪器;批发,,是,体育用品,0.75,direct,6,0
91510104MA6CRDJD9E,成都绿茵传奇体育文化传播有限公司,8921,体育场馆管理服务,体育场馆 管理 服务,体育场馆;服务;管理,体育场馆,是,体育场馆,0.95,direct,8,1
91510104MABPYXAW0A,星火纵横篮球俱乐部成都有限公司,8392,体育教育,体育教育,体育教育,体育教育,是,体育培训,0.95,direct,4,1
91510104MA7KRETU37,成都一健复元健身有限公司,8930,健身休闲活动,健身 休闲活动,休闲活动;健身,,是,健身休闲,0.75,direct,6,0
91510104562020353Q,成都颢帅体育文化传播有限公司,9052,体育赛事策划,体育 赛事策划,赛事策划;体育,赛事策划,是,体育赛事,0.6,none,6,1
91510104MA6CCH3R02,成都众驰体育管理有限公司,8911,体育赛事组织及策划,体育赛事 组织 策划,体育赛事;策划;组织,体育赛事,是,体育赛事,0.95,direct,9,1
91510104MA67UBB67D,成都晨禧凡悦文化旅游开发有限公司,8911,体育竞赛组织,体育竞赛 组织,体育竞赛;组织,体育竞赛,是,体育赛事,0.95,direct,6,1
91510104MA6CQA4N12,成都芙蓉集教育咨询有限公司,8911,体育赛事组织策划,体育赛事 组织 策划,体育赛事;策划;组织,体育赛事,是,体育赛事,0.95,direct,8,1
91510104MA6B9X373M,成都凯鹏铭体育场馆管理有限公司,8921,体育场馆管理,体育场馆 管理,体育场馆;管理,体育场馆,是,体育场馆,0.95,direct,6,1
91510104MA7L4P789B,成都磁力猫健身服务有限公司,9052,组织体育表演活动,组织 体育表演 活动,体育表演;组织;活动,体育表演,是,体育赛事,0.6,none,8,1
91510104MABTM4R490,成都美丽终身健身服务有限公司,8930,健身休闲活动,健身 休闲活动,休闲活动;健身,,是,健身休闲,0.75,direct,6,0
91510104MA6CA18G8T,成都亿铭轩体育文化传播有限公司,9052,体育赛事活动策划,体育赛事 活动 策划,体育赛事;策划;活动,体育赛事,是,体育赛事,0.6,none,8,1
91510104MAACJMJR1E,成都利威瑞源户外运动有限公司,8930,体验式拓展活动及策划,体验式 拓展 活动 策划,体验式;策划;拓展;活动,,是,健身休闲,0.75,direct,10,0
91510104MABTB44J5D,成都贰悦音舞而美舞蹈有限公司,8930,健身休闲活动,健身 休闲活动,休闲活动;健身,,是,健身休闲,0.75,direct,6,0
91510104MAC1KEL27R,四川普客国王体育文化发展有限公司,9052,体育赛事策划,体育 赛事策划,赛事策划;体育,赛事策划,是,体育赛事,0.6,none,6,1
91510104MACNW5RL11,成都哈喽纯铁健身管理有限公司,8930,体育运动服务,体育运动 服务,体育运动;服务,,是,健身休闲,0.75,direct,6,0
91510104MA6AQX1R6P,四川杰燃舍体育文化传播有限公司,8392,体育培训,体育培训,体育培训,体育培训,是,体育培训,0.95,direct,4,1
91510104MAC6TGFK5A,成都致远星图体育文化发展有限公司,8911,体育竞赛组织,体育竞赛 组织,体育竞赛;组织,体育竞赛,是,体育赛事,0.95,direct,6,1
91510104MA6D00X85E,成都鹰士捷体育文化传播有限公司,8919,体育赛事组织策划,体育赛事 组织 策划,体育赛事;策划;组织,体育赛事,是,体育赛事,0.95,direct,8,1
91510104MA62JG98XR,成都市名可名文化传播有限公司,9052,组织体育表演活动,组织 体育表演 活动,体育表演;组织;活动,体育表演,是,体育赛事,0.6,none,8,1
91510104MA65MR0P0C,成都灵犀满天星体育文化发展有限责任公司,8912,体育保障组织,体育 保障 组织,体育;保障;组织,,是,体育管理,0.75,direct,6,0
91510104MA6CTGB27J,海樘体育场馆管理成都有限责任公司,8921,体育场馆管理,体育场馆 管理,体育场馆;管理,体育场馆,是,体育场馆,0.95,direct,6,1
91510105MADHC5128P,碰撞（成都）体育文化发展有限公司,8919,文化文化活动,文化 文化 活动,文化;活动,,是,体育管理,0.75,direct,6,0
91510105MADEEX1F9D,成都星晴健身服务有限公司,8930,健身休闲活动,健身 休闲活动,休闲活动;健身,,是,健身休闲,0.75,direct,6,0
91510105MADKWADC1M,成都浑圆世界文化艺术有限公司,8930,健身休闲活动,健身 休闲活动,休闲活动;健身,,是,健身休闲,0.75,direct,6,0
91510108MA61UQNQ27,成都蔚萌体育文化传播有限公司,8911,体育竞赛组织,体育竞赛 组织,体育竞赛;组织,体育竞赛,是,体育赛事,0.95,direct,6,1
91510105MADEJ0EE0P,成都锐新洋体育文化发展有限公司,8911,体育竞赛组织,体育竞赛 组织,体育竞赛;组织,体育竞赛,是,体育赛事,0.95,direct,6,1
91510105MAE1T7131T,成都驭风健身俱乐部有限公司,8930,健身休闲活动,健身 休闲活动,休闲活动;健身,,是,健身休闲,0.75,direct,6,0
91510105MACWLBBW4E,四川凡尘体育发展有限公司,8911,体育竞赛组织,体育竞赛 组织,体育竞赛;组织,体育竞赛,是,体育赛事,0.95,direct,6,1
9151010539423225X9,四川翱扬体育文化传播有限公司,8919,其他体育组织,其他 体育组织,体育组织;其他,体育组织,是,体育管理,0.95,direct,6,1
915101057528004573,成都万年青体育用品有限公司,5242,体育用品零售,体育用品零售,体育用品零售,体育用品零售,是,体育用品,0.95,direct,6,1
91510100MA6CMF7UX2,成都毕胜恩体育文化传播有限公司,8392,体校及体育培训,体校 体育培训,体育培训;体校,体育培训,是,体育培训,0.95,direct,7,1
91510105MA6AKPQR04,四川铂金奥创健身服务有限公司,8930,健身房服务,健身房 服务,健身房;服务,健身房,是,健身休闲,0.95,direct,5,1
91510105MA62NLJ03E,四川强奥体育设施工程有限公司,4892,体育场工程及施工,体育场 工程 施工,体育场;施工;工程,体育场,是,体育场馆,0.95,direct,8,1
91510105MA6B9MCB3H,四川炜泽文体设备有限公司,5242,体育用品专门零售,体育用品 专门 零售,体育用品;零售;专门,体育用品,是,体育用品,0.95,direct,8,1
91510105MA63DQKJ5N,成都腾蛟企业管理咨询有限公司,8930,健身休闲活动,健身 休闲活动,休闲活动;健身,,是,健身休闲,0.75,direct,6,0
91510105099403343F,成都众恒晟世自动化工程技术有限公司,5142,体育用品及器材批发,体育用品 器材 批发,体育用品;器材;批发,体育用品,是,体育用品,0.95,direct,9,1
91510105MA67JFFR57,四川形影文化传媒有限公司,8919,文化艺术交流活动,文化 艺术交流 活动,艺术交流;文化;活动,,是,体育管理,0.75,direct,8,0
91510000765051512M,四川张山时尚体育文化发展有限公司,8930,健身休闲活动,健身 休闲活动,休闲活动;健身,,是,健身休闲,0.75,direct,6,0
91510105698889576Q,成都众信泰富贸易有限公司,5242,白酒批发,白酒 批发,批发;白酒,,是,体育用品,0.75,direct,4,0
915101050776723156,成都泷航健身服务有限公司,8921,体育场馆管理,体育场馆 管理,体育场馆;管理,体育场馆,是,体育场馆,0.95,direct,6,1
91510105MA6CFH250D,四川奥创优加体育文化发展有限公司,8930,健身房健身活动,健身房 健身活动,健身活动;健身房,健身房,是,健身休闲,0.95,direct,7,1
91510105MA680JPJ1X,成都夯之行贸易有限公司,5142,登山运动用品批发,登山运动 用品 批发,登山运动;用品;批发,,是,体育用品,0.75,direct,8,0
91510105MA64PKED8A,四川弘汇体育发展有限公司,8911,体育竞赛组织,体育竞赛 组织,体育竞赛;组织,体育竞赛,是,体育赛事,0.95,direct,6,1
91510105574603775A,成都市鸣远贸易有限公司,5142,体育用品及器材批发,体育用品 器材 批发,体育用品;器材;批发,体育用品,是,体育用品,0.95,direct,9,1
915101050776729800,成都北纬三十度商贸有限公司,5142,体育用品,体育用品,体育用品,体育用品,是,体育用品,0.95,direct,4,1
91510105MA6C9DMP89,四川泳欣体育文化传播有限公司,8919,体育组织,体育组织,体育组织,体育组织,是,体育管理,0.95,direct,4,1
91510105MABMMNBL1U,四川培源教育管理集团有限公司,9052,体育赛事策划服务,体育 赛事策划 服务,赛事策划;体育;服务,赛事策划,是,体育赛事,0.6,none,8,1
91510105MA6C7RH170,成都平凡之路户外运动俱乐部有限公司,8919,体育组织,体育组织,体育组织,体育组织,是,体育管理,0.95,direct,4,1
915101055620412424,成都新群文化用品有限公司,5142,体育用品及器材批发,体育用品 器材 批发,体育用品;器材;批发,体育用品,是,体育用品,0.95,direct,9,1
91510105MA6CPE96X8,四川鹏翔户外运动有限公司,8930,户外运动服务,户外运动 服务,户外运动;服务,户外运动,是,健身休闲,0.95,direct,6,1
915101083430633960,成都西游迹户外运动有限公司,8930,户外活动策划,户外活动 策划,户外活动;策划,,是,健身休闲,0.75,direct,6,0
91510105MA61R76N1H,四川大榕树体育设施工程有限公司,4892,运动场施工,运动场 施工,运动场;施工,,是,体育场馆,0.75,direct,5,0
91510105MA628JBEXT,四川狮博顿体育文化发展有限公司,5242,体育用品及器材零售,体育用品 器材 零售,体育用品;器材;零售,体育用品,是,体育用品,0.95,direct,9,1
91510105394598980U,成都市喜涂丫文化传播有限公司,5242,体育文化用品销售,体育 文化用品 销售,文化用品;体育;销售,,是,体育用品,0.75,direct,8,0
91510105396725197T,成都杰派办公设备有限公司,5142,批发体育用品,批发 体育用品,体育用品;批发,体育用品,是,体育用品,0.95,direct,6,1
91510105MA6CCQJ061,四川宇奥体育文化发展有限公司,8911,组织文化艺术交流活动,组织 文化 艺术交流 活动,艺术交流;文化;组织;活动,,是,体育管理,0.75,direct,10,0
91510105MA6CMFEGXN,成都海润通科技有限公司,5142,自行车批发,自行车 批发,批发;自行车,,是,体育用品,0.75,direct,5,0
91510100MA61W4RA80,四川元荣劳务有限公司,4892,体育场馆施工,体育场馆 施工,体育场馆;施工,体育场馆,是,体育场馆,0.95,direct,6,1
91510105MACFHC6H58,成都弈三三教育咨询有限公司,8392,围棋教学,围棋 教学,围棋;教学,,是,体育培训,0.75,direct,4,0
91510105MA6CEL2X5K,四川启程跃动科技有限责任公司,9052,组织体育表演活动,组织 体育表演 活动,体育表演;组织;活动,体育表演,是,体育赛事,0.6,none,8,1
91510105MA61WC8Y5W,四川梓牧要塞科技有限公司,5242,体育用品零售,体育用品零售,体育用品零售,体育用品零售,是,体育用品,0.95,direct,6,1
91510105MACEC85273,成都斯蒂克体育发展有限公司,9052,体育赛事策划,体育 赛事策划,赛事策划;体育,赛事策划,是,体育赛事,0.6,none,6,1
91510105MA6C8PB353,成都尔玛健身有限公司,8930,健身服务,健身服务,健身服务,健身服务,是,健身休闲,0.95,direct,4,1
91510105350527793C,成都抿抿甜农产品贸易有限公司,5142,体育用品批发,体育用品批发,体育用品批发,体育用品批发,是,体育用品,0.95,direct,6,1
91510105052531954D,成都麦橙商贸有限公司,5242,体育用品及器材零售,体育用品 器材 零售,体育用品;器材;零售,体育用品,是,体育用品,0.95,direct,9,1
91510105558999212U,成都劲峰商贸有限责任公司,5242,运动装备零售,运动 装备 零售,零售;装备;运动,,是,体育用品,0.75,direct,6,0
91510105MA6CNDU78F,四川黑带之星跆拳道培训有限公司,8930,健康休闲活动,健康 休闲活动,休闲活动;健康,,是,健身休闲,0.75,direct,6,0
91510105MA6BTL0B3R,忆南品味成都户外运动有限公司,8911,体育竞赛组织,体育竞赛 组织,体育竞赛;组织,体育竞赛,是,体育赛事,0.95,direct,6,1
91510105MA681TJF36,成都润茂森贸易有限公司,5142,批发体育用品,批发 体育用品,体育用品;批发,体育用品,是,体育用品,0.95,direct,6,1
91510100MA6A9WHU7J,成都珊顿物业管理有限公司,8930,棋牌室服务,棋牌室 服务,棋牌室;服务,,是,健身休闲,0.75,direct,5,0
91510105MA61WFBE9F,成都德洛萨体育文化传播有限公司,5242,零售网球羽毛球,零售 网球 羽毛球,羽毛球;网球;零售,网球;羽毛球,是,体育用品,0.95,direct,7,2
91510105MA62QB2D06,成都尚阳时代体育文化传播有限公司,8392,单项运动学校,单项 运动 学校,单项;学校;运动,,是,体育培训,0.75,direct,6,0
91510105095728474X,成都奇迹之光健身有限公司,8930,健身休闲活动,健身 休闲活动,休闲活动;健身,,是,健身休闲,0.75,direct,6,0
915101060697538018,成都金鹭贸易有限公司,5142,体育用品及器材批发,体育用品 器材 批发,体育用品;器材;批发,体育用品,是,体育用品,0.95,direct,9,1
91510106MA6CTPX21M,成都梦思特健身服务部,8930,健身服务,健身服务,健身服务,健身服务,是,健身休闲,0.95,direct,4,1
91510105MA67BN7W33,成都鑫美鑫健身服务有限公司,8930,健身休闲活动,健身 休闲活动,休闲活动;健身,,是,健身休闲,0.75,direct,6,0
91510106MA65RC0G3C,成都聚鑫鼎力足球俱乐部有限公司,9052,体育赛事策划,体育 赛事策划,赛事策划;体育,赛事策划,是,体育赛事,0.6,none,6,1
91510105MA61URED17,四川查理体育文化传播有限公司,5242,体育用品及器材零售,体育用品 器材 零售,体育用品;器材;零售,体育用品,是,体育用品,0.95,direct,9,1
91510105MA61RDGU9K,成都赛翎体育文化传播有限公司,8921,体育场馆管理,体育场馆 管理,体育场馆;管理,体育场馆,是,体育场馆,0.95,direct,6,1
91510105077667137F,四川科瑞恒体育设施有限公司,4892,体育场施工,体育场 施工,体育场;施工,体育场,是,体育场馆,0.95,direct,5,1
91510000797858855X,四川省卡蔚娜贸易有限公司,5142,体育用品批发,体育用品批发,体育用品批发,体育用品批发,是,体育用品,0.95,direct,6,1
91510108MA6APE9P3F,成都护航者体育文化传播有限公司,8392,体育培训,体育培训,体育培训,体育培训,是,体育培训,0.95,direct,4,1
91510100350586072E,成都动因体育科技有限公司,8911,体育赛事组织,体育赛事 组织,体育赛事;组织,体育赛事,是,体育赛事,0.95,direct,6,1
91510000684185519L,四川和嘉天健体育文化股份有限公司,5142,体育用品批发,体育用品批发,体育用品批发,体育用品批发,是,体育用品,0.95,direct,6,1
91510105MA69N5QY9P,成都城市天空体育文化发展有限公司,8930,健身休闲活动,健身 休闲活动,休闲活动;健身,,是,健身休闲,0.75,direct,6,0
915101053320107311,四川天跃体育设施有限公司,5142,体育用品及器材批发,体育用品 器材 批发,体育用品;器材;批发,体育用品,是,体育用品,0.95,direct,9,1
91510105MA6643150X,四川拾月体育文化发展有限公司,9052,体育赛事策划,体育 赛事策划,赛事策划;体育,赛事策划,是,体育赛事,0.6,none,6,1
91510105MACLW1K7XL,成都见康媛户外用品有限公司,5242,体育用品及器材零售,体育用品 器材 零售,体育用品;器材;零售,体育用品,是,体育用品,0.95,direct,9,1
91510105MA61WJ9R3J,成都市疾风劲草体育文化传播有限公司,8930,体育健身活动,体育 健身活动,健身活动;体育,,是,健身休闲,0.75,direct,6,0
91510105MA61U8B39R,四川众联众通环境工程有限公司,5242,体育用品零售,体育用品零售,体育用品零售,体育用品零售,是,体育用品,0.95,direct,6,1
915101055972833484,成都鑫宏图文化传播有限公司,5242,体育用品及器材零售,体育用品 器材 零售,体育用品;器材;零售,体育用品,是,体育用品,0.95,direct,9,1
91510105MA64U6EP5C,成都奇玩户外拓展有限公司,8930,健身休闲活动服务,健身 休闲活动 服务,休闲活动;健身;服务,,是,健身休闲,0.75,direct,8,0
915101053994259582,四川塞特体育设施工程有限公司,4892,体育场地工程施工,体育场地 工程施工,体育场地;工程施工,体育场地,是,体育场馆,0.95,direct,8,1
91510100MA62QDBP1W,成都唯美思体育文化传播有限公司,8930,提供健身器材服务,提供 健身器材 服务,健身器材;服务;提供,健身器材,是,体育用品,0.95,direct,8,1
91510000MA61Y08EX2,四川己予体育产业发展有限公司,8921,体育场馆管理,体育场馆 管理,体育场馆;管理,体育场馆,是,体育场馆,0.95,direct,6,1
91510105MA6B32BBXL,四川拾号体育文化发展有限公司,9052,体育赛事策划,体育 赛事策划,赛事策划;体育,赛事策划,是,体育赛事,0.6,none,6,1
91510105587594513H,成都岩羊户外运动服务有限公司,8930,休闲健身服务,休闲 健身服务,健身服务;休闲,健身服务,是,健身休闲,0.95,direct,6,1
91510105MA69KQ5LXH,成都瑜丽同行健身服务有限公司,8930,健身休闲活动,健身 休闲活动,休闲活动;健身,,是,健身休闲,0.75,direct,6,0
91510105X217325188,成都澳瑞特健身器材销售中心,5242,体育用品及器材零售,体育用品 器材 零售,体育用品;器材;零售,体育用品,是,体育用品,0.95,direct,9,1
915101053430341578,奇迹未来成都健身服务有限公司,8930,休闲健身服务,休闲 健身服务,健身服务;休闲,健身服务,是,健身休闲,0.95,direct,6,1
915101057092325381,成都市汉杰体育用品有限公司,5242,体育用品及器材零售,体育用品 器材 零售,体育用品;器材;零售,体育用品,是,体育用品,0.95,direct,9,1
91510105327444009A,成都侬一侬休闲健身有限责任公司,8930,休闲健身活动,休闲 健身活动,健身活动;休闲,,是,健身休闲,0.75,direct,6,0
91510000553471339N,四川省鸿鑫体育用品有限公司,5142,体育用品批发,体育用品批发,体育用品批发,体育用品批发,是,体育用品,0.95,direct,6,1
915101050549001359,成都伟民体育用品有限公司,5142,运动服装批发,运动服装 批发,运动服装;批发,运动服装,是,体育用品,0.95,direct,6,1
91510105677174651L,四川启康体育用品有限公司,5142,健身器材批发,健身器材 批发,健身器材;批发,健身器材,是,体育用品,0.95,direct,6,1
91510105MA65TB9G94,成都一今健身服务有限公司,8930,体育健康服务,体育 健康 服务,体育;健康;服务,,是,健身休闲,0.75,direct,6,0
915101073320704005,成都樽睿健康管理有限公司,8930,健身服务,健身服务,健身服务,健身服务,是,健身休闲,0.95,direct,4,1
91510105MA65T3R511,成都沐云健身有限公司,8930,健身休闲活动,健身 休闲活动,休闲活动;健身,,是,健身休闲,0.75,direct,6,0
91510105MA61TMW78H,四川子吾居企业管理有限公司,8930,休闲健身服务,休闲 健身服务,健身服务;休闲,健身服务,是,健身休闲,0.95,direct,6,1
91510105MA61UM3R2B,爱发体育用品成都有限公司,5242,体育用品服装零售,体育用品 服装 零售,体育用品;服装;零售,体育用品,是,体育用品,0.95,direct,8,1
91510000076133598T,四川炫羽投资管理有限公司,8921,体育场馆服务,体育场馆 服务,体育场馆;服务,体育场馆,是,体育场馆,0.95,direct,6,1
91510105MA698NRD0E,成都自在云电子商务有限公司,7122,文化体育设备租赁,文化 体育设备 租赁,体育设备;租赁;文化,体育设备,是,体育用品,0.6,none,8,1
91510105584999929P,成都傲胜商贸有限公司,5242,零售文化体育用品,零售 文化 体育用品,体育用品;零售;文化,体育用品,是,体育用品,0.95,direct,8,1
91510105558973274D,成都三体运动用品有限公司,5242,文化体育用品零售,文化 体育用品零售,体育用品零售;文化,体育用品零售,是,体育用品,0.95,direct,8,1
91510105MA6A98XY6E,成都大猩猩与香蕉健身服务有限公司,8930,健身服务,健身服务,健身服务,健身服务,是,健身休闲,0.95,direct,4,1
91510105MA6AG1BQXW,成都博基体育发展有限公司,8911,体育竞赛组织,体育竞赛 组织,体育竞赛;组织,体育竞赛,是,体育赛事,0.95,direct,6,1
91510105MA7EECYD4G,成都欢腾体育文化推广有限公司,9052,体育赛事策划,体育 赛事策划,赛事策划;体育,赛事策划,是,体育赛事,0.6,none,6,1
91510108MA62N3PL43,成都砾岩体育文化传播有限责任公司,8911,体育竞赛组织,体育竞赛 组织,体育竞赛;组织,体育竞赛,是,体育赛事,0.95,direct,6,1
91510105MA64PG618T,四川壹玖玖壹文化传播有限公司,8930,健身休闲活动,健身 休闲活动,休闲活动;健身,,是,健身休闲,0.75,direct,6,0
9151010739428405X0,成都天图体育文化传播中心有限合伙,9052,体育赛事活动策划,体育赛事 活动 策划,体育赛事;策划;活动,体育赛事,是,体育赛事,0.6,none,8,1
91510105MA65M5JY57,成都动优顺成体育科技有限公司,8392,体育培训,体育培训,体育培训,体育培训,是,体育培训,0.95,direct,4,1
9151010571301762X3,成都国奥文化体育传播有限公司,8911,体育竞赛组织,体育竞赛 组织,体育竞赛;组织,体育竞赛,是,体育赛事,0.95,direct,6,1
9151010055897965XJ,四川华福瑞体育产业发展有限公司,5242,健身器材零售,健身器材 零售,健身器材;零售,健身器材,是,体育用品,0.95,direct,6,1
91510105MA64LW9M07,成都庆彬体育科技有限公司,8911,体育竞赛组织,体育竞赛 组织,体育竞赛;组织,体育竞赛,是,体育赛事,0.95,direct,6,1
91510105MA62Y1D78D,成都猫熊巴柔体育文化传播有限公司,8930,健身休闲活动,健身 休闲活动,休闲活动;健身,,是,健身休闲,0.75,direct,6,0
915101055849721285,成都君和富行科技有限公司,5142,体育用品批发,体育用品批发,体育用品批发,体育用品批发,是,体育用品,0.95,direct,6,1
91510105083316149A,成都思普韵体育文化传播有限公司,8392,体育舞蹈训练,体育 舞蹈 训练,体育;舞蹈;训练,,是,体育培训,0.75,direct,6,0
91510105567174722W,成都嘉好贸易有限公司,7122,文化体育用品租赁,文化 体育用品 租赁,体育用品;租赁;文化,体育用品,是,体育用品,0.6,none,8,1
91510105327506732H,成都锦汇泰商贸有限公司,5242,文化体育用品零售,文化 体育用品零售,体育用品零售;文化,体育用品零售,是,体育用品,0.95,direct,8,1
91510105587570706Q,四川瑞祥达体育设备工程有限公司,8921,体育场馆管理,体育场馆 管理,体育场馆;管理,体育场馆,是,体育场馆,0.95,direct,6,1
91510105MACD993F6F,成都锋雨向前体育文化传播有限公司,8930,健身休闲活动,健身 休闲活动,休闲活动;健身,,是,健身休闲,0.75,direct,6,0
91510105MA6BX5Y16X,成都欣永豪商贸有限公司,5142,体育用品批发,体育用品批发,体育用品批发,体育用品批发,是,体育用品,0.95,direct,6,1
91510105396412975T,四川顺廷商贸有限公司,5142,体育用品器材批发,体育用品 器材 批发,体育用品;器材;批发,体育用品,是,体育用品,0.95,direct,8,1
91510105MA6B00H49U,成都酷铁云动健身服务有限公司,8930,健身休闲活动,健身 休闲活动,休闲活动;健身,,是,健身休闲,0.75,direct,6,0
91510105MA6CDLLE5J,成都安瑞科商贸有限公司,5142,批发零售文体用品,批发 零售 文体用品,文体用品;批发;零售,,是,体育用品,0.75,direct,8,0
91510105MA65X56G5J,四川德润创新科技有限公司,5142,体育用品批发,体育用品批发,体育用品批发,体育用品批发,是,体育用品,0.95,direct,6,1
91510105MA6CPW9C8J,成都野火户外运动有限责任公司,8930,组织休闲健身活动,组织 休闲 健身活动,健身活动;休闲;组织,,是,健身休闲,0.75,direct,8,0
91510105327454469Y,成都知美堂纸制品有限公司,5242,体育文化用品零售,体育 文化用品 零售,文化用品;体育;零售,,是,体育用品,0.75,direct,8,0
915101055920791967,成都康森文化体育用品有限公司,5142,体育用品批发,体育用品批发,体育用品批发,体育用品批发,是,体育用品,0.95,direct,6,1
91510105MA68GP5A4Q,成都永无止境体育文化传播有限公司,8930,健身休闲活动,健身 休闲活动,休闲活动;健身,,是,健身休闲,0.75,direct,6,0
91510105681815511J,成都易千山文化体育用品有限公司,5242,文化体育用品及器材批发,文化 体育用品 器材 批发,体育用品;器材;批发;文化,体育用品,是,体育用品,0.95,direct,11,1
91510105MA6DFWBQ19,成都市文景慧旅电子商务有限公司,5142,体育用品及器材批发,体育用品 器材 批发,体育用品;器材;批发,体育用品,是,体育用品,0.95,direct,9,1
91510105MA61UFQH8H,成都市鑫易达体育场馆管理有限公司,8921,体育场馆管理服务,体育场馆 管理 服务,体育场馆;服务;管理,体育场馆,是,体育场馆,0.95,direct,8,1
91510105580022213K,成都道顺办公用品有限公司,5142,体育用品,体育用品,体育用品,体育用品,是,体育用品,0.95,direct,4,1
91510105MA61TMBY5F,成都世纪宏信商贸有限公司,5142,体育用品及器材批发,体育用品 器材 批发,体育用品;器材;批发,体育用品,是,体育用品,0.95,direct,9,1
91510106MA61W6EL08,成都蜀将体育俱乐部有限公司,9052,体育赛事组织,体育赛事 组织,体育赛事;组织,体育赛事,是,体育赛事,0.6,none,6,1
91510105MABQ4B3YX4,成都凯跃极限体育发展有限公司,5242,体育用品零售,体育用品零售,体育用品零售,体育用品零售,是,体育用品,0.95,direct,6,1
91510105MA6881GE8T,四川骐途体育文化发展有限公司,8911,体育竞赛组织服务,体育竞赛 组织 服务,体育竞赛;服务;组织,体育竞赛,是,体育赛事,0.95,direct,8,1
915101055946994523,成都尖峰户外运动有限公司,5142,户外用品批发,户外用品 批发,户外用品;批发,,是,体育用品,0.75,direct,6,0
91510105397635265J,四川标翼德企业管理咨询有限公司,5242,纺织服装及家庭用品批发,纺织 服装 家庭用品 批发,家庭用品;批发;服装;纺织,,是,体育用品,0.75,direct,11,0
91510104MAD2QHF06D,四川宴尚渔渔具有限公司,5142,体育用品及器材批发,体育用品 器材 批发,体育用品;器材;批发,体育用品,是,体育用品,0.95,direct,9,1
915100007729742009,四川省众联建设工程有限公司,4892,体育场地设施工程,体育场地设施 工程,体育场地设施;工程,体育场地设施,是,体育场馆,0.95,direct,8,1
91510105MA61WFBUXT,成都通方圆体育文化传播有限责任公司,8911,体育组织训练服务,体育组织 训练 服务,体育组织;训练;服务,体育组织,是,体育管理,0.95,direct,8,1
91510105L71131000F,成都青宇田户外用品有限公司,5142,户外用品批发,户外用品 批发,户外用品;批发,,是,体育用品,0.75,direct,6,0
91510100MA61T0CL5T,成都玖巳科技有限公司,8921,体育场地设施经营,体育场地设施 经营,体育场地设施;经营,体育场地设施,是,体育场馆,0.95,direct,8,1
91510105MA7JRC8J35,成都亿祥体育科技有限公司,8911,体育赛事服务,体育赛事 服务,体育赛事;服务,体育赛事,是,体育赛事,0.95,direct,6,1
915101053319846499,四川奥环体育场馆管理有限公司,8921,体育场馆管理服务,体育场馆 管理 服务,体育场馆;服务;管理,体育场馆,是,体育场馆,0.95,direct,8,1
91510105MA65W3DK1T,四川恒厚健康管理有限公司,8930,健身服务,健身服务,健身服务,健身服务,是,健身休闲,0.95,direct,4,1
91510105MA6A1N1018,成都桦莉商贸有限公司,5242,体育用品零售,体育用品零售,体育用品零售,体育用品零售,是,体育用品,0.95,direct,6,1
91510105MA61THUF74,四川知守斋科技有限公司,5142,体育用品代理,体育用品 代理,体育用品;代理,体育用品,是,体育用品,0.95,direct,6,1
915101053429940093,成都耘秀健身服务有限公司,8930,休闲健身服务,休闲 健身服务,健身服务;休闲,健身服务,是,健身休闲,0.95,direct,6,1
91510105MABMWJ4T63,成都芮正文化传播有限公司,8930,健身服务,健身服务,健身服务,健身服务,是,健身休闲,0.95,direct,4,1
91510108MA6C8DJD58,四川太重体育经纪有限公司,9052,体育赛事策划,体育 赛事策划,赛事策划;体育,赛事策划,是,体育赛事,0.6,none,6,1
91510105394180285P,成都优瑜佳文化传播有限公司,8392,体校及体能培训,体校 体能 培训,体校;体能;培训,,是,体育培训,0.75,direct,7,0
915101055946658777,成都巴布载道体育管理有限公司,8911,组织体育竞赛,组织 体育竞赛,体育竞赛;组织,体育竞赛,是,体育赛事,0.95,direct,6,1
91510105MA6DFDKR5P,成都熹乐体育用品有限公司,5242,零售体育用品,零售 体育用品,体育用品;零售,体育用品,是,体育用品,0.95,direct,6,1
91510105MA7H0F9H28,成都川耘健身服务有限公司,8930,健身服务,健身服务,健身服务,健身服务,是,健身休闲,0.95,direct,4,1
91510105MA65W9UU8K,成都博卡型动健康管理有限公司,8930,健康咨询,健康 咨询,咨询;健康,,是,健身休闲,0.75,direct,4,0
91510105MA65X81P53,成都东合磐承商贸有限公司,5242,体育用品零售,体育用品零售,体育用品零售,体育用品零售,是,体育用品,0.95,direct,6,1
91510105MABR81C98R,四川省燚玺文化传媒有限公司,8911,组织体育竞赛,组织 体育竞赛,体育竞赛;组织,体育竞赛,是,体育赛事,0.95,direct,6,1
91510105MACNTQCU0K,成都轻力体育发展有限公司,8911,体育赛事组织,体育赛事 组织,体育赛事;组织,体育赛事,是,体育赛事,0.95,direct,6,1
91510105343093077U,成都铠铭铖贸易有限公司,5242,文化体育用品零售,文化 体育用品零售,体育用品零售;文化,体育用品零售,是,体育用品,0.95,direct,8,1
91510105MA6BRWMB20,四川省江涪通汇贸易有限公司,5242,纺织服装及家庭用品,纺织 服装 家庭用品,家庭用品;服装;纺织,,是,体育用品,0.75,direct,9,0
91510105MA6A46WQ1X,成都心起点户外拓展有限公司,8930,户外活动服务,户外活动 服务,户外活动;服务,,是,健身休闲,0.75,direct,6,0
915101057686358476,成都盛世永和文化传媒有限公司,8991,文化活动体育赛事推广,文化 活动 体育赛事 推广,体育赛事;推广;文化;活动,体育赛事,是,体育赛事,0.6,none,10,1
91510105MA7DLKKLX5,四川川田联体育发展有限公司,5142,体育设施批发,体育设施 批发,体育设施;批发,体育设施,是,体育场馆,0.95,direct,6,1
91510105MA6CLY8J2P,成都市泰戈教育科技有限公司,8392,体育培训服务,体育培训 服务,体育培训;服务,体育培训,是,体育培训,0.95,direct,6,1
91510105MA61UYX13A,四川悦麓户外运动有限责任公司,8919,户外用品,户外用品,户外用品,,是,体育管理,0.75,direct,4,0
91510105MACCGU3P21,成都人从志众体育赛事策划有限公司,8392,体育活动服务,体育 活动 服务,体育;服务;活动,,是,体育培训,0.75,direct,6,0
91510105096509716P,成都风之行户外运动有限公司,8930,文娱活动,文娱活动,文娱活动,,是,健身休闲,0.75,direct,4,0
91510107MA61UXU386,成都跃动生活文体用品有限公司,5242,体育用品零售,体育用品零售,体育用品零售,体育用品零售,是,体育用品,0.95,direct,6,1
91510105350667980Y,成都金康博体育文化传播有限公司,8930,健身服务,健身服务,健身服务,健身服务,是,健身休闲,0.95,direct,4,1
91510105MA64RR782M,成都和众体育发展有限责任公司,8911,体育竞赛组织,体育竞赛 组织,体育竞赛;组织,体育竞赛,是,体育赛事,0.95,direct,6,1
915101053320069437,四川勇城体育设施有限公司,5142,专业设计服务,专业 设计 服务,专业;设计;服务,,是,体育用品,0.75,direct,6,0
91510105758794190M,成都劲健网球俱乐部有限公司,8930,网球健身,网球 健身,网球;健身,网球,是,体育用品,0.95,direct,4,1
915101053215202425,成都博达越野户外运动有限公司,8930,机械设备租赁,机械设备 租赁,机械设备;租赁,,是,健身休闲,0.75,direct,6,0
91510105MACA0N713Y,成都山与素美文化传播有限公司,8919,其他体育组织,其他 体育组织,体育组织;其他,体育组织,是,体育管理,0.95,direct,6,1
915101055510503549,成都艾利特户外拓展运动有限公司,8930,休闲健身娱乐,休闲 健身 娱乐,健身;休闲;娱乐,,是,健身休闲,0.75,direct,6,0
91510105MABNTPQ69G,成都浣西健身服务有限公司,8930,商业服务,商业 服务,商业;服务,,是,健身休闲,0.75,direct,4,0
91510106MA61TTQ363,成都西南武术培训中心,8392,市场化体育培训,市场化 体育培训,体育培训;市场化,体育培训,是,体育培训,0.95,direct,7,1
91510105MA7EHQ9J9U,成都泰菲特体育文化发展有限公司,8930,体育活动服务,体育 活动 服务,体育;服务;活动,,是,健身休闲,0.75,direct,6,0
91510105MA7FNTEY50,成都义道馆体育文化发展有限责任公司,8930,健身休闲活动,健身 休闲活动,休闲活动;健身,,是,健身休闲,0.75,direct,6,0
91510105MA64GB1R6N,四川野夫户外用品有限公司,5242,零售户外用品,零售 户外用品,户外用品;零售,,是,体育用品,0.75,direct,6,0
91510105MA68P1Y51F,成都梦乐城堡游乐有限公司,8911,娱乐活动,娱乐活动,娱乐活动,,是,体育管理,0.75,direct,4,0
91510105MACNLCYA5J,成都星势能体育文化发展有限公司,8911,体育赛事策划,体育 赛事策划,赛事策划;体育,赛事策划,是,体育赛事,0.95,direct,6,1
91510105L636095534,成都鹏晖商贸有限公司,5242,文化体育用品零售,文化 体育用品零售,体育用品零售;文化,体育用品零售,是,体育用品,0.95,direct,8,1
91510105MACNRW741P,四川魔力水体育文化发展有限公司,8912,体育保障组织,体育 保障 组织,体育;保障;组织,,是,体育管理,0.75,direct,6,0
91510105MA62Q8JM40,成都飓风体育文化传播有限公司,8930,游泳俱乐部,游泳 俱乐部,游泳;俱乐部,游泳,是,健身休闲,0.95,direct,5,1
91510105MA61XUDA5Q,成都天一道体育文化传播有限公司,8919,体育组织,体育组织,体育组织,体育组织,是,体育管理,0.95,direct,4,1
91510105MA669PQH5K,成都动乐康体育文化有限责任公司,8911,体育项目组织服务,体育项目 组织 服务,体育项目;服务;组织,,是,体育管理,0.75,direct,8,0
91510105MABM9AP458,成都初心极真体育文化发展有限责任公司,8911,体育竞赛组织,体育竞赛 组织,体育竞赛;组织,体育竞赛,是,体育赛事,0.95,direct,6,1
91510100574635208D,四川民生源商贸有限公司,5242,体育用品零售,体育用品零售,体育用品零售,体育用品零售,是,体育用品,0.95,direct,6,1
91510105MA62N7RKXC,成都格锐体育场馆管理有限公司,8930,休闲健身,休闲 健身,健身;休闲,,是,健身休闲,0.75,direct,4,0
91510105MAC0YMTT65,成都来动体育文化发展有限公司,8912,体育保障组织,体育 保障 组织,体育;保障;组织,,是,体育管理,0.75,direct,6,0
91510105MA61T2Q59J,成都花样年研学户外拓展有限公司,7246,体育咨询,体育咨询,体育咨询,体育咨询,是,体育管理,0.6,none,4,1
91510105MA6CFUNH8C,成都意念健身服务有限公司,8930,健身休闲活动,健身 休闲活动,休闲活动;健身,,是,健身休闲,0.75,direct,6,0
91510105MA7FM3TG7X,成都创元赛车文化传播有限公司,8911,赛事服务,赛事服务,赛事服务,赛事服务,是,体育赛事,0.95,direct,4,1
91510105MACLC0NP4M,成都激情男孩体育文化发展有限公司,8919,其他体育组织,其他 体育组织,体育组织;其他,体育组织,是,体育管理,0.95,direct,6,1
91510105MA61U4KF34,成都安斐博体育运动有限公司,8912,体育保障组织,体育 保障 组织,体育;保障;组织,,是,体育管理,0.75,direct,6,0
91510105584952127J,成都力嘉户外运动有限公司,8930,健身休闲活动,健身 休闲活动,休闲活动;健身,,是,健身休闲,0.75,direct,6,0
91510105MA65X1C28J,四川飞驰白鲨体育文化发展有限责任公司,8930,健身休闲活动,健身 休闲活动,休闲活动;健身,,是,健身休闲,0.75,direct,6,0
91510105MA64151W9K,成都玖零羽毛球俱乐部有限公司,8930,健身休闲活动,健身 休闲活动,休闲活动;健身,,是,健身休闲,0.75,direct,6,0
91510108582623266G,成都福腾体育场馆经营管理有限公司,8392,体育培训,体育培训,体育培训,体育培训,是,体育培训,0.95,direct,4,1
91510105MAACFT816P,成都瑞博汇体育发展有限公司,9052,国内和国际体育赛事策划组织服务,国内 国际 体育 赛事策划 组织 服务,赛事策划;体育;服务;组织;国内;国际,赛事策划,是,体育赛事,0.6,none,15,1
91510105098895286F,成都高潜运动有限公司,5242,销售文化体育用品,销售 文化 体育用品,体育用品;销售;文化,体育用品,是,体育用品,0.95,direct,8,1
91510107MA64TF2E8E,成都绿道体育文化发展有限公司,8921,体育场馆管理,体育场馆 管理,体育场馆;管理,体育场馆,是,体育场馆,0.95,direct,6,1
91510105MA69N0T73L,凌力体育文化传播成都有限责任公司,8930,健身服务,健身服务,健身服务,健身服务,是,健身休闲,0.95,direct,4,1
91510105MA6AQA6717,成都源缘文化传播有限公司,8919,茶艺服务,茶艺 服务,茶艺;服务,,是,体育管理,0.75,direct,4,0
91510105MACA8AXU41,成都麟锐千行健身管理有限公司,8930,健身休闲活动,健身 休闲活动,休闲活动;健身,,是,健身休闲,0.75,direct,6,0
91510105MACME93E3G,成都加斯特博体育发展有限公司,8921,篮球场馆服务,篮球场 服务,篮球场;服务,篮球场,是,体育场馆,0.95,direct,6,1
91510105MA67ARDN3W,四川众寻网络科技有限公司,8930,体育舞蹈健身,体育 舞蹈 健身,健身;体育;舞蹈,,是,健身休闲,0.75,direct,6,0
91510105MA61RKWW6T,成都骆途户外运动有限公司,8930,休闲健身活动,休闲 健身活动,健身活动;休闲,,是,健身休闲,0.75,direct,6,0
91510107MA64MYM20T,成都新精武极一体育咨询服务有限公司,8392,武术培训,武术培训,武术培训,武术培训,是,体育培训,0.95,direct,4,1
91510105MA61XHMW7N,四川帮晟品牌管理有限公司,5142,体育用品批发,体育用品批发,体育用品批发,体育用品批发,是,体育用品,0.95,direct,6,1
91510105MA64PJYR77,四川布都体育文化发展有限公司,9052,组织体育表演活动,组织 体育表演 活动,体育表演;组织;活动,体育表演,是,体育赛事,0.6,none,8,1
91510105072423408G,成都贺威贸易有限公司,5142,体育用品及器材批发,体育用品 器材 批发,体育用品;器材;批发,体育用品,是,体育用品,0.95,direct,9,1
91510105MACNR51QXT,高碳铁馆（成都）健身服务有限公司,8930,健身休闲活动,健身 休闲活动,休闲活动;健身,,是,健身休闲,0.75,direct,6,0
91510105MA6623MG3L,成都阳光力博体育文化传播有限公司,5142,体育用品批发,体育用品批发,体育用品批发,体育用品批发,是,体育用品,0.95,direct,6,1
915101050981029792,成都力动康体健身器材有限公司,5142,健身器材批发,健身器材 批发,健身器材;批发,健身器材,是,体育用品,0.95,direct,6,1
91510105MA6BD1H77L,成都西威久健身服务有限公司,8930,健身活动服务,健身活动 服务,健身活动;服务,,是,健身休闲,0.75,direct,6,0
91510105350645861C,四川和泽体育用品有限责任公司,5142,体育用品及器材批发,体育用品 器材 批发,体育用品;器材;批发,体育用品,是,体育用品,0.95,direct,9,1
91510105MA66B1DX9E,成都通普商贸有限公司,5142,体育用品及器材零售,体育用品 器材 零售,体育用品;器材;零售,体育用品,是,体育用品,0.95,direct,9,1
91510105MA6CATGF77,成都芳华舞韵文化传播有限责任公司,8930,瑜伽培训服务,瑜伽 培训 服务,瑜伽;培训;服务,瑜伽,是,健身休闲,0.95,direct,6,1
91510105MACB547L3R,成都市领骁者体育文化发展有限责任公司,8911,体育竞赛组织,体育竞赛 组织,体育竞赛;组织,体育竞赛,是,体育赛事,0.95,direct,6,1
91510104MA7M7GPY94,成都浸云体育文化传播有限公司,8392,体育培训,体育培训,体育培训,体育培训,是,体育培训,0.95,direct,4,1
91510105MA622K4G17,成都川体文宇体育文化传播有限公司,5142,服装体育用品批发,服装 体育用品批发,体育用品批发;服装,体育用品批发,是,体育用品,0.95,direct,8,1
91510100MA65WN878Q,成都瑞奇怡得商贸有限公司,5242,体育用品零售,体育用品零售,体育用品零售,体育用品零售,是,体育用品,0.95,direct,6,1
91510105MABMJC134B,成都铭跃扬体育文化发展有限责任公司,8911,体育竞赛组织,体育竞赛 组织,体育竞赛;组织,体育竞赛,是,体育赛事,0.95,direct,6,1
915101050977529025,成都活力海岸健身有限公司,8930,健身房健身服务,健身房 健身服务,健身服务;健身房,健身房;健身服务,是,健身休闲,0.95,direct,7,2
91510105MA65W1TE9R,成都市千兆赫兹健身服务有限公司,8930,健身休闲活动,健身 休闲活动,休闲活动;健身,,是,健身休闲,0.75,direct,6,0
91510105MABQWKDA4E,成都角马严训体育文化传播有限公司,8911,组织体育表演活动,组织 体育表演 活动,体育表演;组织;活动,体育表演,是,体育赛事,0.95,direct,8,1
91510105MA62MC5N2N,成都嘉赢拓普体育文化传播有限公司,8930,体育健身,体育 健身,健身;体育,,是,健身休闲,0.75,direct,4,0
91510100MAACQ2G48E,成都锐猎体育科技有限公司,8999,体育赛事策划,体育 赛事策划,赛事策划;体育,赛事策划,是,体育赛事,0.6,none,6,1
91510107066957542C,成都市极嘉体育用品有限责任公司,5142,体育用品批发,体育用品批发,体育用品批发,体育用品批发,是,体育用品,0.95,direct,6,1
915101055849729536,成都明辉纸品有限公司,5142,体育用品批发,体育用品批发,体育用品批发,体育用品批发,是,体育用品,0.95,direct,6,1
91510105MACPLKWG5J,成都青羊区国艺企业管理有限公司,8392,体校及体育培训,体校 体育培训,体育培训;体校,体育培训,是,体育培训,0.95,direct,7,1
91510105MA6BWNQ198,成都胥龙健身服务有限公司,8930,健身服务,健身服务,健身服务,健身服务,是,健身休闲,0.95,direct,4,1
91510105MACQRLY38A,四川剑星击剑体育发展有限公司,9052,体育赛事策划,体育 赛事策划,赛事策划;体育,赛事策划,是,体育赛事,0.6,none,6,1
91510105MA6CDC934U,成都即刻健健身有限责任公司,8930,健身服务,健身服务,健身服务,健身服务,是,健身休闲,0.95,direct,4,1
91510105MA674CRHX0,成都体育产业投资集团有限责任公司,8921,体育场地运营,体育场地 运营,体育场地;运营,体育场地,是,体育场馆,0.95,direct,6,1
91510105MAACNY1F38,成都悦爱动健康管理咨询有限公司,8930,游泳健身服务,游泳 健身服务,健身服务;游泳,游泳;健身服务,是,健身休闲,0.95,direct,6,2
91510105MA7DEQXD52,成都枫森力行体育文化传播有限公司,8392,体育培训服务,体育培训 服务,体育培训;服务,体育培训,是,体育培训,0.95,direct,6,1
91510105327517300G,成都剑亮商贸有限公司,5242,体育器材零售,体育器材 零售,体育器材;零售,体育器材,是,体育用品,0.95,direct,6,1
91510105MAACG8K61H,成都童梦童享游乐设备有限公司,5242,体育用品及器材零售,体育用品 器材 零售,体育用品;器材;零售,体育用品,是,体育用品,0.95,direct,9,1
91510105MABY0WEY2A,成都利恩滋滋体育文化发展有限公司,8930,健身运动服务,健身运动 服务,健身运动;服务,,是,健身休闲,0.75,direct,6,0
91510105MA64C5QD26,成都懒虫西村健身有限公司,8930,健身服务,健身服务,健身服务,健身服务,是,健身休闲,0.95,direct,4,1
915101003962849778,成都中京体育文化传播有限公司,8911,体育活动策划服务,体育 活动 策划 服务,策划;体育;服务;活动,,是,体育管理,0.75,direct,8,0
91510100MA6CBHEF7A,成都瀚熙科技有限公司,8919,乒乓球俱乐部,乒乓球 俱乐部,乒乓球;俱乐部,乒乓球,是,体育用品,0.95,direct,6,1
91510000323348642Y,四川皇家贝里斯体育发展有限公司,8392,体育培训服务,体育培训 服务,体育培训;服务,体育培训,是,体育培训,0.95,direct,6,1
91510105MA61URQYX8,成都皇家贝里斯足球俱乐部有限公司,8911,体育竞赛组织,体育竞赛 组织,体育竞赛;组织,体育竞赛,是,体育赛事,0.95,direct,6,1
91510105MA69GHY73P,成都勇途兄弟教育咨询有限公司,8930,健身休闲活动,健身 休闲活动,休闲活动;健身,,是,健身休闲,0.75,direct,6,0
91510105MA62MU693E,成都东湖弈天教育咨询有限公司,8392,围棋培训,围棋 培训,围棋;培训,,是,体育培训,0.75,direct,4,0
91510000097673534E,四川泳博体育场馆管理有限公司,8930,健身场馆服务,健身 场馆 服务,场馆;健身;服务,,是,健身休闲,0.75,direct,6,0
91510105MACBLN1TXL,四川旭阳海泽文化传播有限公司,8392,体育培训服务,体育培训 服务,体育培训;服务,体育培训,是,体育培训,0.95,direct,6,1
91510105MA7HRURD27,成都迷炼健身服务有限公司,8930,健身服务,健身服务,健身服务,健身服务,是,健身休闲,0.95,direct,4,1
91510107MA61UCUL8W,引领者体育有限公司,8921,体育场馆管理,体育场馆 管理,体育场馆;管理,体育场馆,是,体育场馆,0.95,direct,6,1
91510105394092154F,成都蓉城羽事商贸有限公司,5242,体育用品零售,体育用品零售,体育用品零售,体育用品零售,是,体育用品,0.95,direct,6,1
91510124MA68JPWJ6R,成都希雅文化传媒有限责任公司,8930,瑜伽培训,瑜伽 培训,瑜伽;培训,瑜伽,是,健身休闲,0.95,direct,4,1
91510105MA65UY6U2R,四川省婵兮健身服务有限责任公司,8930,健身休闲活动服务,健身 休闲活动 服务,休闲活动;健身;服务,,是,健身休闲,0.75,direct,8,0
91510107MABNPMFD6J,成都市孚于嘉吉文化传播有限公司,8930,瑜伽培训,瑜伽 培训,瑜伽;培训,瑜伽,是,健身休闲,0.95,direct,4,1
91510100MA61XYC67J,成都世纪拉玛教育咨询有限公司,8392,幼儿培训,幼儿 培训,幼儿;培训,,是,体育培训,0.75,direct,4,0
91510105MABTK5508D,成都黑狗健身服务有限公司,8930,健身服务,健身服务,健身服务,健身服务,是,健身休闲,0.95,direct,4,1
91510000682362788P,四川劲锐先锋体育运动俱乐部有限公司,8930,游泳健身,游泳 健身,健身;游泳,游泳,是,健身休闲,0.95,direct,4,1
91510100MA61UN8M6Y,四川一本道馆文化传播有限公司,8392,跆拳道培训,跆拳道培训,跆拳道培训,跆拳道培训,是,体育培训,0.95,direct,5,1
91510105MA65MBQQ0Y,四川锋旗健身服务有限公司,8930,健身服务,健身服务,健身服务,健身服务,是,健身休闲,0.95,direct,4,1
91510105MA62Q6EN5Y,成都安益德体育文化传播有限责任公司,8930,运动健身服务,运动 健身服务,健身服务;运动,健身服务,是,健身休闲,0.95,direct,6,1
91510105MA6CD0K31L,中侠武道体育文化发展有限公司,7246,体育咨询,体育咨询,体育咨询,体育咨询,是,体育管理,0.6,none,4,1
91510105MACGDNGK2M,松涛馆优品街成都体育发展有限公司,8392,空手道培训服务,空手道 培训 服务,空手道;培训;服务,空手道,是,健身休闲,0.95,direct,7,1
91510105MA6A2G1758,四川鼎升体育发展有限公司,8921,体育场馆管理,体育场馆 管理,体育场馆;管理,体育场馆,是,体育场馆,0.95,direct,6,1
91510105MA6C90A1X7,成都拾途户外运动有限公司,5142,体育用品批发,体育用品批发,体育用品批发,体育用品批发,是,体育用品,0.95,direct,6,1
91510105MAACLPXP3D,成都乒博体育文化传播有限公司,8912,体育文化发展服务,体育文化 发展 服务,体育文化;服务;发展,体育文化,是,体育管理,0.95,direct,8,1
91510105584999099U,成都爱尚体育用品有限公司,5242,体育用品销售,体育用品销售,体育用品销售,体育用品销售,是,体育用品,0.95,direct,6,1
91510000771665481H,四川天鹅湖体育发展有限公司,8930,体育健身服务,体育 健身服务,健身服务;体育,健身服务,是,健身休闲,0.95,direct,6,1
91510105MAC1J5A86R,成都追溯本源体育文化发展有限公司,8930,健身休闲活动,健身 休闲活动,休闲活动;健身,,是,健身休闲,0.75,direct,6,0
91510105MA62MFQJ11,成都绿茵泡泡户外运动有限公司,8930,休闲健身活动,休闲 健身活动,健身活动;休闲,,是,健身休闲,0.75,direct,6,0
91510105MAACJNK85L,成都瑰俪健康科技有限公司,8930,健身休闲活动,健身 休闲活动,休闲活动;健身,,是,健身休闲,0.75,direct,6,0
91510105MABQBH066L,成都智越体育发展合伙企业有限合伙,7246,体育赛事咨询服务,体育赛事 咨询服务,体育赛事;咨询服务,体育赛事,是,体育赛事,0.6,none,8,1
91510105MACKC1YL3H,成都上婵云鼎瑜伽健身有限公司,8930,健身房健身活动,健身房 健身活动,健身活动;健身房,健身房,是,健身休闲,0.95,direct,7,1
91510105343000010L,成都青木乾龙健身服务有限公司,8930,休闲健身活动,休闲 健身活动,健身活动;休闲,,是,健身休闲,0.75,direct,6,0
915101050912654415,四川晋驰体育服务有限公司,8392,体校及体育培训,体校 体育培训,体育培训;体校,体育培训,是,体育培训,0.95,direct,7,1
91510107MA61RRT472,成都淇杰体育文化传播有限公司,8392,体育足球培训,体育 足球培训,足球培训;体育,足球培训,是,体育培训,0.95,direct,6,1
91510105MAC4FHY233,成都拾悦晓馆瑜伽健身有限公司,8930,瑜伽运动健身活动,瑜伽 运动 健身活动,健身活动;瑜伽;运动,瑜伽,是,健身休闲,0.95,direct,8,1
91510105MA7ETBQT3E,四川天盛恒健体育文化传播有限公司,8930,陆上运动全民健身运动,陆上 运动 全民 健身运动,健身运动;全民;陆上;运动,,是,健身休闲,0.75,direct,10,0
91510105MA7FDTJY2P,言柚文化传播成都有限公司,8930,舞蹈健身服务,舞蹈 健身服务,健身服务;舞蹈,健身服务,是,健身休闲,0.95,direct,6,1
91510105MA6652C02X,四川动百优体育文化传播有限公司,7246,体育文化活动服务,体育文化 活动 服务,体育文化;服务;活动,体育文化,是,体育管理,0.6,none,8,1
91510105394012791E,成都全道松溪健身服务有限公司,8930,运动健身,运动健身,运动健身,运动健身,是,健身休闲,0.95,direct,4,1
91510105MA64M0W990,成都金玺健身服务有限公司,8930,健身休闲活动,健身 休闲活动,休闲活动;健身,,是,健身休闲,0.75,direct,6,0
91510105MABNAD9X5J,四川得瓦瑜伽健身有限公司,8930,健身休闲活动,健身 休闲活动,休闲活动;健身,,是,健身休闲,0.75,direct,6,0
91510105MA6BCCJFXE,成都格斗鹰健身服务有限公司,8930,健身休闲活动,健身 休闲活动,休闲活动;健身,,是,健身休闲,0.75,direct,6,0
91510105MABRWNPB8W,成都众擎体育文化传播有限公司,8392,体育篮球培训活动,体育 篮球培训 活动,篮球培训;体育;活动,篮球培训,是,体育培训,0.95,direct,8,1
91510105MA7M026W58,成都未来西单体育俱乐部有限公司,8392,体育培训服务,体育培训 服务,体育培训;服务,体育培训,是,体育培训,0.95,direct,6,1
91510105MA65MMDA70,成都脂肪三次方健身运动有限公司,8930,健身房活动,健身房 活动,健身房;活动,健身房,是,健身休闲,0.95,direct,5,1
91510105MA7HX0N01H,成都卓瑞聚创体育文化传播有限公司,9052,体育赛事策划,体育 赛事策划,赛事策划;体育,赛事策划,是,体育赛事,0.6,none,6,1
91510105MACEPHT335,成都莹火虫围棋俱乐部有限公司,8392,围棋培训,围棋 培训,围棋;培训,,是,体育培训,0.75,direct,4,0
91510100MA65JGJ6XQ,成都蓉耀体育文化传播有限公司,8930,乒乓球体能训练,乒乓球 体能训练,体能训练;乒乓球,乒乓球;体能训练,是,体育用品,0.95,direct,7,2
91510105MA62P15G1D,成都尼基塔健身服务有限公司,8930,瑜伽健身服务,瑜伽 健身服务,健身服务;瑜伽,瑜伽;健身服务,是,健身休闲,0.95,direct,6,2
91510105MA68EMJ024,成都创体云动体育文化传播有限公司,8930,运动健身服务,运动 健身服务,健身服务;运动,健身服务,是,健身休闲,0.95,direct,6,1
91510105MA69U27MXW,四川旗鱼健身服务有限公司,8930,健身服务,健身服务,健身服务,健身服务,是,健身休闲,0.95,direct,4,1
91510105MA69Y9E64H,成都芊芸文化传播有限公司,8930,瑜伽健身活动,瑜伽 健身活动,健身活动;瑜伽,瑜伽,是,健身休闲,0.95,direct,6,1
91510105MA68LB8L26,四川奕兴永利科技有限公司,5142,体育用品,体育用品,体育用品,体育用品,是,体育用品,0.95,direct,4,1
91510105MAACFF340C,四川运动保体育发展有限公司,8930,运动体育活动,运动 体育 活动,体育;运动;活动,,是,健身休闲,0.75,direct,6,0
91510105MA69RNR32X,成都健在川体育发展有限公司,9052,组织体育表演活动,组织 体育表演 活动,体育表演;组织;活动,体育表演,是,体育赛事,0.6,none,8,1
91510105MABQXK7U5Q,四川乘洋科训健身有限公司,8930,健身休闲活动,健身 休闲活动,休闲活动;健身,,是,健身休闲,0.75,direct,6,0
91510105327427938K,成都海逸体育文化传播有限公司,8392,成人体育培训,成人 体育培训,体育培训;成人,体育培训,是,体育培训,0.95,direct,6,1
91510105MA6AH2HF6D,成都熠未体育文化传播有限公司,9052,策划体育表演活动服务,策划 体育表演 活动 服务,体育表演;策划;服务;活动,体育表演,是,体育赛事,0.6,none,10,1
91510105MA6C87X871,四川世纪白鲨体育文化传播有限公司,9052,体育赛事策划,体育 赛事策划,赛事策划;体育,赛事策划,是,体育赛事,0.6,none,6,1
91510105MA67HW4T76,四川蜀篮跃胜体育有限公司,8392,体育培训,体育培训,体育培训,体育培训,是,体育培训,0.95,direct,4,1
91510104MA6AQM4M4L,四川启力达体育服务有限公司,9052,体育赛事活动策划,体育赛事 活动 策划,体育赛事;策划;活动,体育赛事,是,体育赛事,0.6,none,8,1
91510105MAACLTPT6D,成都九零加健身有限公司,8992,健身服务,健身服务,健身服务,健身服务,是,健身休闲,0.6,none,4,1
91510100MA687XE88K,四川若木商贸有限公司,5242,潜水装备零售,潜水 装备 零售,潜水;零售;装备,潜水,是,健身休闲,0.95,direct,6,1
91510100MA67M63Q2N,成都市星环体育发展有限公司,8392,射击培训服务,射击 培训 服务,射击;培训;服务,射击,是,健身休闲,0.95,direct,6,1
91510105MAC1N91U1N,四川立玛格斗健身俱乐部有限公司,8930,格斗教学,格斗 教学,格斗;教学,,是,健身休闲,0.75,direct,4,0
91510105MACHN75009,成都一馨优佳健身服务有限公司,8930,健身活动,健身活动,健身活动,,是,健身休闲,0.75,direct,4,0
91510105MA6AYLMA16,成都萌芽体育场馆管理有限公司,8921,游泳健身,游泳 健身,健身;游泳,游泳,是,健身休闲,0.95,direct,4,1
91510100321526919J,成都市航勋科技有限公司,8911,体育运动训练指导服务,体育运动 训练 指导 服务,体育运动;训练;指导;服务,,是,体育管理,0.75,direct,10,0
91510105MA7NB5ND77,成都炫阳技艺体育文化传播有限公司,9052,体育表演服务,体育表演 服务,体育表演;服务,体育表演,是,体育赛事,0.6,none,6,1
91510108060081068J,成都赛乐体育器材有限公司,4892,运动场地建设施工,运动场 建设 施工,运动场;施工;建设,,是,体育场馆,0.75,direct,8,0
91510105MA6DEJGY8H,成都萝拉瑜伽有限公司,8930,瑜伽健身服务,瑜伽 健身服务,健身服务;瑜伽,瑜伽;健身服务,是,健身休闲,0.95,direct,6,2
91510105327506919G,成都山瑞美途户外运动有限公司,8930,休闲健身活动,休闲 健身活动,健身活动;休闲,,是,健身休闲,0.75,direct,6,0
91510105MA622L50XA,成都菩行体育文化传播有限公司,8919,体育组织,体育组织,体育组织,体育组织,是,体育管理,0.95,direct,4,1
91510105MA6CE7J64M,成都倾艺文化艺术有限公司,8919,其他体育组织,其他 体育组织,体育组织;其他,体育组织,是,体育管理,0.95,direct,6,1
91510000586475221W,四川盾智信息技术有限公司,4892,室外体育设施工程,室外 体育设施 工程,体育设施;室外;工程,体育设施,是,体育场馆,0.95,direct,8,1
91510105MABWME9U7J,成都君瑞健身服务有限公司,8930,健身馆服务,健身 服务,健身;服务,,是,健身休闲,0.75,direct,5,0
91510107395621492K,成都驴友拼途户外运动有限公司,8930,户外健身休闲活动,户外 健身 休闲活动,休闲活动;户外;健身,,是,健身休闲,0.75,direct,8,0
91510105MA7J7L7D3Q,成都康盼尼特体育设施有限公司,5242,体育用品及器材批发,体育用品 器材 批发,体育用品;器材;批发,体育用品,是,体育用品,0.95,direct,9,1
91510105MA6AT3YY8R,成都三槿文化传播有限公司,5142,群众文体活动,群众 文体活动,文体活动;群众,,是,体育用品,0.75,direct,6,0
91510105MAACQ4HG87,四川圣鑫顺朝体育文化发展有限公司,9052,体育赛事策划,体育 赛事策划,赛事策划;体育,赛事策划,是,体育赛事,0.6,none,6,1
91510105MA6DF0CAXW,成都野渡户外运动有限公司,8930,组织休闲健身活动,组织 休闲 健身活动,健身活动;休闲;组织,,是,健身休闲,0.75,direct,8,0
91510105MA7G0FX48C,成都跃高体育科技有限公司,8392,体育教育,体育教育,体育教育,体育教育,是,体育培训,0.95,direct,4,1
91510100MA6DFPBH9E,成都驿家健身服务有限公司,8930,健身馆服务,健身 服务,健身;服务,,是,健身休闲,0.75,direct,5,0
91510105MABMQKPU8E,成都纯粹优伽健身服务中心,5142,健身休闲活动,健身 休闲活动,休闲活动;健身,,是,体育用品,0.75,direct,6,0
91510105MA62N9A11C,成都英派斯健身服务有限公司,8930,体育健身服务,体育 健身服务,健身服务;体育,健身服务,是,健身休闲,0.95,direct,6,1
91510105MAACK7R06W,成都沅漾清波体育文化传播有限公司,8930,体育运动服务,体育运动 服务,体育运动;服务,,是,健身休闲,0.75,direct,6,0
91510105MA6BK3GT46,成都市苏一格体育文化传播有限责任公司,8392,体育培训,体育培训,体育培训,体育培训,是,体育培训,0.95,direct,4,1
91510105MAC17QHG84,成都本直青望体育文化发展有限公司,8911,体育竞赛组织,体育竞赛 组织,体育竞赛;组织,体育竞赛,是,体育赛事,0.95,direct,6,1
91510105MA6BGRC64J,成都钢炮体育文化发展有限公司,8930,体育健康服务,体育 健康 服务,体育;健康;服务,,是,健身休闲,0.75,direct,6,0
91510105MA67Y8B60P,四川省库拉哩健康管理有限公司,8392,瑜伽馆,瑜伽馆,瑜伽馆,瑜伽馆,是,健身休闲,0.95,direct,3,1
91510105MA65UGAN13,成都市凯健晨星体育文化发展有限公司,8911,体育竞赛组织,体育竞赛 组织,体育竞赛;组织,体育竞赛,是,体育赛事,0.95,direct,6,1
91510105672160031W,成都同伴体育场地管理有限公司,8921,体育场地管理,体育场地管理,体育场地管理,体育场地管理,是,体育场馆,0.95,direct,6,1
91510105MA63YXRE23,成都志煜健身服务有限公司,8930,健身休闲,健身 休闲,健身;休闲,,是,健身休闲,0.75,direct,4,0
91510105577389057T,成都市智上文化体育用品有限公司,5142,体育用品及器材批发,体育用品 器材 批发,体育用品;器材;批发,体育用品,是,体育用品,0.95,direct,9,1
91510107MA6C73G31P,成都沐动体育文化传播有限公司,8919,体育文化交流活动,体育文化 交流活动,体育文化;交流活动,体育文化,是,体育管理,0.95,direct,8,1
91510100MA7N75QQ01,四川趣优考体育发展有限公司,8911,体育竞赛组织,体育竞赛 组织,体育竞赛;组织,体育竞赛,是,体育赛事,0.95,direct,6,1
91510105396141001C,成都名格家具有限公司,5142,体育用品及嚣材批发,体育用品 嚣材 批发,嚣材;体育用品;批发,体育用品,是,体育用品,0.95,direct,9,1
91510105MA6CG41X3K,成都帝壹搏击俱乐部有限公司,8930,健身培训服务,健身 培训 服务,健身;培训;服务,,是,健身休闲,0.75,direct,6,0
91510105357993973L,成都光华天空体育场馆管理有限公司,8921,体育场馆管理,体育场馆 管理,体育场馆;管理,体育场馆,是,体育场馆,0.95,direct,6,1
91510105MA6CHCEB3C,聚拓成都体育俱乐部有限公司,8392,体校及体育培训,体校 体育培训,体育培训;体校,体育培训,是,体育培训,0.95,direct,7,1
915101053274360091,成都惠生活文化传播有限公司,8930,休闲健身活动,休闲 健身活动,健身活动;休闲,,是,健身休闲,0.75,direct,6,0
91510105395252287X,四川爱思体育有限责任公司,8911,体育活动组织,体育 活动 组织,体育;组织;活动,,是,体育管理,0.75,direct,6,0
91510105MA62X7B332,成都云上健身管理有限责任公司,8930,健身服务,健身服务,健身服务,健身服务,是,健身休闲,0.95,direct,4,1
91510105MABR9FCK1B,四川朋驰体育文化发展有限公司,8911,体育比赛组织,体育比赛 组织,体育比赛;组织,体育比赛,是,体育赛事,0.95,direct,6,1
91510105MA62QFH94G,成都世纪蓝鲸体育文化传播有限公司,8930,健身培训,健身 培训,健身;培训,,是,健身休闲,0.75,direct,4,0
91510105MA7JLC9X19,四川金晨乐体育文化发展有限公司,7246,体育管理,体育管理,体育管理,体育管理,是,体育管理,0.6,none,4,1
91510105MACB0HGT4D,成都搏炫体育文化传播有限公司,8930,健身培训,健身 培训,健身;培训,,是,健身休闲,0.75,direct,4,0
91510105MA6BPHAX4B,四川韵动星体育文化传播有限公司,8392,体育运动培训活动,体育运动 培训 活动,体育运动;培训;活动,,是,体育培训,0.75,direct,8,0
91510105MA6AC1YW3D,成都缘成健身服务有限公司,8930,健身服务,健身服务,健身服务,健身服务,是,健身休闲,0.95,direct,4,1
91510105MACFU7KQ5J,成都飞舞霹雳舞体育俱乐部有限公司,8392,艺体培训服务,艺体 培训 服务,艺体;培训;服务,,是,体育培训,0.75,direct,6,0
91510105MA62PM831H,成都青羊区蓝色空间健身服务有限公司,8930,健身服务,健身服务,健身服务,健身服务,是,健身休闲,0.95,direct,4,1
91510105MA6ACNDWX5,成都巴布上乘体育文化传播有限公司,8921,游泳馆服务,游泳馆 服务,游泳馆;服务,游泳馆,是,体育场馆,0.95,direct,5,1
91510105MACXDNJL5W,四川史无前例健身有限公司,8930,体育健身服务,体育 健身服务,健身服务;体育,健身服务,是,健身休闲,0.95,direct,6,1
91510105MA6CAFK60R,成都惠康体育场馆管理有限公司,8930,健身服务,健身服务,健身服务,健身服务,是,健身休闲,0.95,direct,4,1
9151010532153234XL,成都金雪舞渔具有限公司,5242,渔具零售,渔具 零售,渔具;零售,渔具,是,体育用品,0.95,direct,4,1
915101050953299242,四川冠军之星体育设施工程有限公司,4892,体育场地设施施工,体育场地设施 施工,体育场地设施;施工,体育场地设施,是,体育场馆,0.95,direct,8,1
91510105MA643N9WX9,成都星卡体育文化发展有限公司,8911,体育竞赛组织,体育竞赛 组织,体育竞赛;组织,体育竞赛,是,体育赛事,0.95,direct,6,1
91510105MA64Q5KD0G,成都奇航兴业教育咨询有限公司青羊分公司,8930,游泳健身服务,游泳 健身服务,健身服务;游泳,游泳;健身服务,是,健身休闲,0.95,direct,6,2
91510105066952207M,成都鸿诚贸易有限公司,5142,文化体育用品销售,文化 体育用品销售,体育用品销售;文化,体育用品销售,是,体育用品,0.95,direct,8,1
91510105MA69XD538W,成都赛弗娱乐合伙企业有限合伙,8930,健身休闲娱乐,健身 休闲 娱乐,健身;休闲;娱乐,,是,健身休闲,0.75,direct,6,0
91510105MA67EPB419,成都市梦煜毅文化传播有限公司,8392,篮球培训服务,篮球培训 服务,篮球培训;服务,篮球培训,是,体育培训,0.95,direct,6,1
91510105MABMDAFK46,成都前尘体育发展有限公司,8930,健身休闲活动,健身 休闲活动,休闲活动;健身,,是,健身休闲,0.75,direct,6,0
91510100332028923T,成都悦爱动健身服务有限公司,8930,健身服务,健身服务,健身服务,健身服务,是,健身休闲,0.95,direct,4,1
91510105MA6CQ77B4R,四川言伊健身服务有限公司,8930,瑜伽健身服务,瑜伽 健身服务,健身服务;瑜伽,瑜伽;健身服务,是,健身休闲,0.95,direct,6,2
915101050724067719,成都贡嘎体育运动用品有限责任公司,5142,体育用品及器材批发,体育用品 器材 批发,体育用品;器材;批发,体育用品,是,体育用品,0.95,direct,9,1
91510105MA62L3002T,成都瑞乐宝教育科技有限公司,8930,休闲健身游泳,休闲 健身 游泳,健身;休闲;游泳,游泳,是,健身休闲,0.95,direct,6,1
91510105MA69P5JX76,成都市青羊区有一舞体育培训学校有限公司,8392,体育培训,体育培训,体育培训,体育培训,是,体育培训,0.95,direct,4,1
91510105MAACJ5RW7N,四川袁野体育文化传播有限公司,8930,运动健身,运动健身,运动健身,运动健身,是,健身休闲,0.95,direct,4,1
91510105MA69JEDB0U,成都爱威文化传播有限责任公司,8930,健身服务,健身服务,健身服务,健身服务,是,健身休闲,0.95,direct,4,1
91510105MA663TW10H,四川吉里瑜伽健身有限公司,8930,瑜伽练习,瑜伽 练习,瑜伽;练习,瑜伽,是,健身休闲,0.95,direct,4,1
91510105MA62BGUM48,四川涵奕源商贸有限公司,5142,文化体育用批发,文化 体育 批发,批发;体育;文化,,是,体育用品,0.75,direct,7,0
91510105MAC0E7TX9G,成都卓渔无限户外用品有限公司,5242,体育用品及器材批发,体育用品 器材 批发,体育用品;器材;批发,体育用品,是,体育用品,0.95,direct,9,1
91510105MA6AEDHM7Y,成都飞鸟与鱼文化传播有限公司,8392,信息咨询,信息 咨询,咨询;信息,,是,体育培训,0.75,direct,4,0
91510107052523073W,四川康莱德工程技术有限公司,5242,零售体育设施,零售 体育设施,体育设施;零售,体育设施,是,体育场馆,0.95,direct,6,1
91510105MA6BKWHY08,成都乐云二十四小时健身服务有限责任公司,8930,健身休闲活动,健身 休闲活动,休闲活动;健身,,是,健身休闲,0.75,direct,6,0
9151010732745803XW,四川中高体育文化发展有限公司,9052,体育赛事策划,体育 赛事策划,赛事策划;体育,赛事策划,是,体育赛事,0.6,none,6,1
91510105MA7NGQNM59,成都中之田健身服务有限公司,8930,健身指导,健身 指导,健身;指导,,是,健身休闲,0.75,direct,4,0
91510105MA6CHLR780,成都将门翼天文化传媒有限公司,8930,健身休闲活动,健身 休闲活动,休闲活动;健身,,是,健身休闲,0.75,direct,6,0
91510105MAACJCRA6K,成都心享练健身管理有限公司,8930,健身休闲活动,健身 休闲活动,休闲活动;健身,,是,健身休闲,0.75,direct,6,0
91510107574634176N,成都等高线企业管理咨询有限公司,9052,体育赛事策划,体育 赛事策划,赛事策划;体育,赛事策划,是,体育赛事,0.6,none,6,1
91510100MA61WC2D51,成都皓动教育咨询有限公司,8392,跆拳道教育,跆拳道 教育,跆拳道;教育,跆拳道,是,健身休闲,0.95,direct,5,1
91510105MABY9MJK1M,成都健行速得体育文化发展有限公司,8911,体育竞赛组织,体育竞赛 组织,体育竞赛;组织,体育竞赛,是,体育赛事,0.95,direct,6,1
91510105MA634RTE5U,成都市壹壹贰健身服务有限公司,8930,健身指导,健身 指导,健身;指导,,是,健身休闲,0.75,direct,4,0
91510105MAC4CDY936,成都壹贰叁体育发展有限公司,8392,儿童体能培训训练,儿童 体能 培训 训练,体能;培训;儿童;训练,,是,体育培训,0.75,direct,8,0
91510105MA666NBN7N,四川耐思体育文化发展有限公司,8392,篮球体育培训,篮球 体育培训,体育培训;篮球,篮球;体育培训,是,体育用品,0.95,direct,6,2
91510105MA6CNGFDX8,成都弘菲特健身服务有限公司,8930,健身服务,健身服务,健身服务,健身服务,是,健身休闲,0.95,direct,4,1
91510105MA6A9P5L8E,四川皇贝体育发展有限公司,8911,体育组织服务,体育组织 服务,体育组织;服务,体育组织,是,体育管理,0.95,direct,6,1
91510105MA63EP8H5P,成都维伽美学教育咨询有限公司,8930,健身服务,健身服务,健身服务,健身服务,是,健身休闲,0.95,direct,4,1
91510105MAACHL823K,柒元素企业管理成都有限公司,8930,健身办卡私教课,健身 办卡私 教课,办卡私;教课;健身,,是,健身休闲,0.75,direct,7,0
91510107MA61UHP75K,成都已新体育文化传播有限公司,8921,体育场馆,体育场馆,体育场馆,体育场馆,是,体育场馆,0.95,direct,4,1
91510105MACMCKMRXB,成都青羊区杆法体育场馆管理合伙企业有限合伙,8930,自助台球服务,自助 台球 服务,台球;自助;服务,台球,是,健身休闲,0.95,direct,6,1
91510105MA63K4BL20,成都无境健身服务有限公司,8930,健身休闲娱乐,健身 休闲 娱乐,健身;休闲;娱乐,,是,健身休闲,0.75,direct,6,0
91510105MA63EJWR37,四川丛林王体育文化发展有限公司,8392,儿童体能培训,儿童 体能 培训,体能;培训;儿童,,是,体育培训,0.75,direct,6,0
91510105MA69N34L77,四川万馆体育文化发展有限公司,8911,体育竞赛组织,体育竞赛 组织,体育竞赛;组织,体育竞赛,是,体育赛事,0.95,direct,6,1
91510105MA6C69XA85,成都众越新起点洛克健身服务有限公司,8930,健身休闲,健身 休闲,健身;休闲,,是,健身休闲,0.75,direct,4,0
91510105MABYF8L05A,成都三修健身服务有限公司,8930,健身服务,健身服务,健身服务,健身服务,是,健身休闲,0.95,direct,4,1
91510105MABUE5Y51N,四川灌童体育文化发展有限公司,8911,体育竞赛组织,体育竞赛 组织,体育竞赛;组织,体育竞赛,是,体育赛事,0.95,direct,6,1
91510105MA68EBGC1R,成都羽丽体育文化传播有限公司,5242,体育用品及器材零售,体育用品 器材 零售,体育用品;器材;零售,体育用品,是,体育用品,0.95,direct,9,1
91510107086679279E,四川波尔泰康体设备有限公司,4991,游泳池设备安装,游泳池 设备 安装,游泳池;安装;设备,游泳池,是,健身休闲,0.6,none,7,1
91510105MA68EKEL73,成都佳林易健身服务有限公司,8930,健身器材,健身器材,健身器材,健身器材,是,体育用品,0.95,direct,4,1
91510105MA63A2LL6B,成都镭戎体育文化有限公司,8912,体育保障组织,体育 保障 组织,体育;保障;组织,,是,体育管理,0.75,direct,6,0
91510105MA6A97AQ1M,成都基准育华体育发展有限公司,8930,户外运动的组织,户外运动 组织,户外运动;组织,户外运动,是,健身休闲,0.95,direct,7,1
91510105MA63EJQJXR,四川马蹄少儿足球俱乐部有限公司,8919,足球俱乐部,足球 俱乐部,足球;俱乐部,足球,是,体育用品,0.95,direct,5,1
91510107MA67K3W648,成都紫丁香体育文化发展有限公司,8919,其他体育组织,其他 体育组织,体育组织;其他,体育组织,是,体育管理,0.95,direct,6,1
91510105MA7L0UK914,成都篮星体育科技有限公司,5142,体育用品批发,体育用品批发,体育用品批发,体育用品批发,是,体育用品,0.95,direct,6,1
91510105MAC2W87A37,成都乐行毅体育文化传播有限公司,8392,乒乓球培训,乒乓球培训,乒乓球培训,乒乓球培训,是,体育培训,0.95,direct,5,1
91510105MAC0F7RA3C,四川雄冠未来健身服务有限公司,8930,健身服务,健身服务,健身服务,健身服务,是,健身休闲,0.95,direct,4,1
91510105MA67FTXH4K,成都禅木健身服务有限公司,8930,健身休闲活动,健身 休闲活动,休闲活动;健身,,是,健身休闲,0.75,direct,6,0
91510105MACPYQ1A6P,成都中合健身服务有限公司,8930,健身休闲活动,健身 休闲活动,休闲活动;健身,,是,健身休闲,0.75,direct,6,0
91510105MA62BX958U,成都乐而健体育发展有限公司,8392,体育培训服务,体育培训 服务,体育培训;服务,体育培训,是,体育培训,0.95,direct,6,1
91510105MA662AK76U,成都逐日健身服务有限公司,8930,健身休闲活动,健身 休闲活动,休闲活动;健身,,是,健身休闲,0.75,direct,6,0
91510105MACTUQD96B,四川康利成健身器材有限公司,5142,健身器材批发,健身器材 批发,健身器材;批发,健身器材,是,体育用品,0.95,direct,6,1
91510105MA6CH6RR0L,成都正烁国际贸易有限公司,5142,批发体育用品,批发 体育用品,体育用品;批发,体育用品,是,体育用品,0.95,direct,6,1
91510105MACH4RQX59,四川行动派健身有限公司,8930,健身休闲活动,健身 休闲活动,休闲活动;健身,,是,健身休闲,0.75,direct,6,0
91510105MA681JWY4P,四川呈诺企业管理有限公司,8921,体育场地设施管理,体育场地设施 管理,体育场地设施;管理,体育场地设施,是,体育场馆,0.95,direct,8,1
91510105MA6B0PC7XN,成都云起梵天文化传播有限公司,8930,健身休闲活动,健身 休闲活动,休闲活动;健身,,是,健身休闲,0.75,direct,6,0
91510105MACWNFWG9E,成都世聚氧气体育文化发展有限公司,8911,组织体育表演体育竞赛,组织 体育表演 体育竞赛,体育表演;体育竞赛;组织,体育表演;体育竞赛,是,体育赛事,0.95,direct,10,2
91510105MA7D82FD2U,成都博骏邦腾体育发展有限公司,8392,马术培训,马术 培训,马术;培训,马术,是,健身休闲,0.95,direct,4,1
91510105MABUJLXA74,成都馨动极氧健身有限公司,8930,健身咨询,健身 咨询,健身;咨询,,是,健身休闲,0.75,direct,4,0
91510105MA68YBAJXG,四川豪顺力健康管理有限公司,8930,健身咨询,健身 咨询,健身;咨询,,是,健身休闲,0.75,direct,4,0
91510105MA69H49U2U,四川和记银隆贸易有限公司,5142,体育用品及器械批发,体育用品 器械 批发,体育用品;批发;器械,体育用品,是,体育用品,0.95,direct,9,1
91510105MABU4RMP4J,成都达人体育文化发展有限公司,8911,体育赛事组织,体育赛事 组织,体育赛事;组织,体育赛事,是,体育赛事,0.95,direct,6,1
91510105MA7HQMBQXK,四川新辉体育发展有限公司,8921,体育馆经营,体育馆 经营,体育馆;经营,体育馆,是,体育场馆,0.95,direct,5,1
91510105MA7GL3F37W,成都银河致远健身服务有限公司,8930,健身服务,健身服务,健身服务,健身服务,是,健身休闲,0.95,direct,4,1
91510105MA6CEJPB6W,成都跃世瑞达科技有限公司,5242,文化体育用品零售,文化 体育用品零售,体育用品零售;文化,体育用品零售,是,体育用品,0.95,direct,8,1
91510105MA64G4982K,四川跆家体育发展有限公司,8392,跆拳道运动培训,跆拳道 运动培训,运动培训;跆拳道,跆拳道;运动培训,是,健身休闲,0.95,direct,7,2
91510105MA64Q2KKXT,四川聚合万力健身服务有限公司,8930,健身服务,健身服务,健身服务,健身服务,是,健身休闲,0.95,direct,4,1
91510105MACH8DWK0E,四川华弈星屹文化发展有限公司,8911,体育竞赛组织,体育竞赛 组织,体育竞赛;组织,体育竞赛,是,体育赛事,0.95,direct,6,1
91510105MA6CX6LP3C,成都海力泳胜体育文化传播有限公司,8930,健身休闲活动,健身 休闲活动,休闲活动;健身,,是,健身休闲,0.75,direct,6,0
91510100MA6C7KNT5C,四川小飞蛙户外拓展有限公司,8930,户外拓展活动,户外拓展 活动,户外拓展;活动,户外拓展,是,健身休闲,0.95,direct,6,1
91510106MA7DMXXE6Y,四川启航亚太电子竞技有限公司,8911,电子竞技组织,电子竞技 组织,电子竞技;组织,电子竞技,是,电子竞技,0.95,direct,6,1
91510106MA64QYJT4P,成都西门里实业有限公司,8921,体育场地设施经营,体育场地设施 经营,体育场地设施;经营,体育场地设施,是,体育场馆,0.95,direct,8,1
91510106MACET0990C,四川聚英火车头足球俱乐部有限公司,8911,体育竞赛组织,体育竞赛 组织,体育竞赛;组织,体育竞赛,是,体育赛事,0.95,direct,6,1
91510106MACF26WB3P,成都市金牛区陆兮健身服务有限责任公司,8930,健身休闲活动,健身 休闲活动,休闲活动;健身,,是,健身休闲,0.75,direct,6,0
91510106MA6BTWF847,成都泳动体育发展有限公司,8930,健身服务,健身服务,健身服务,健身服务,是,健身休闲,0.95,direct,4,1
91510106MABNH6YP8Y,四川小布丁体育发展有限公司,8921,体育场馆管理,体育场馆 管理,体育场馆;管理,体育场馆,是,体育场馆,0.95,direct,6,1
91510105MA627D2J19,四川兴腾源商贸有限公司,5242,体育用品及器材零售,体育用品 器材 零售,体育用品;器材;零售,体育用品,是,体育用品,0.95,direct,9,1
91510106MAC6TCC799,众澳体育发展成都有限公司,5142,体育用品及器材批发,体育用品 器材 批发,体育用品;器材;批发,体育用品,是,体育用品,0.95,direct,9,1
91510106MA61RCMRX3,成都栖安露茶楼有限公司,8930,健身休闲活动,健身 休闲活动,休闲活动;健身,,是,健身休闲,0.75,direct,6,0
91510100MA61RXN372,四川省信吾科技有限责任公司,5142,体育用品及器材批发,体育用品 器材 批发,体育用品;器材;批发,体育用品,是,体育用品,0.95,direct,9,1
91510106MA68D0WXXD,成都立炼健身服务有限公司,8930,健身服务,健身服务,健身服务,健身服务,是,健身休闲,0.95,direct,4,1
91510106MA6CBB7625,四川康韵体育文化传播有限公司,8930,健身休闲活动,健身 休闲活动,休闲活动;健身,,是,健身休闲,0.75,direct,6,0
91510106MACJ9X2835,四川道盟星蕴体育文化发展有限公司,8911,体育竞赛组织,体育竞赛 组织,体育竞赛;组织,体育竞赛,是,体育赛事,0.95,direct,6,1
91510106558955471W,四川省钬创科技有限责任公司,5242,器材专门零售,器材 专门 零售,器材;零售;专门,,是,体育用品,0.75,direct,6,0
91510106MA6B2DEG4K,成都向上健身服务有限公司,8930,健身休闲活动,健身 休闲活动,休闲活动;健身,,是,健身休闲,0.75,direct,6,0
91510105MA6431QB6X,成都酷动星起航体育俱乐部有限公司,8392,少儿体育培训,少儿 体育培训,体育培训;少儿,体育培训,是,体育培训,0.95,direct,6,1
91510106MA68CYMJ9D,成都嘉腾华瑞科技有限公司,5142,健身器材批发,健身器材 批发,健身器材;批发,健身器材,是,体育用品,0.95,direct,6,1
91510106MA63EYMMX1,四川储安科技有限公司,8930,健身休闲活动,健身 休闲活动,休闲活动;健身,,是,健身休闲,0.75,direct,6,0
915101063216098378,成都市忠武体育文化传播有限责任公司,8392,体育培训,体育培训,体育培训,体育培训,是,体育培训,0.95,direct,4,1
91510105MA62PJYY2P,成都行学拓展训练中心,8930,健身休闲活动,健身 休闲活动,休闲活动;健身,,是,健身休闲,0.75,direct,6,0
91510104MA6CCQ3Q79,成都鑫众悦体育文化发展有限公司,8392,体校及体育培训,体校 体育培训,体育培训;体校,体育培训,是,体育培训,0.95,direct,7,1
91510106MA6DG16AX8,成都金勇士体育文化传播有限公司,7246,体育咨询,体育咨询,体育咨询,体育咨询,是,体育管理,0.6,none,4,1
91510106MA6BU1653J,成都思凯瑞体育用品有限公司,7246,体育咨询,体育咨询,体育咨询,体育咨询,是,体育管理,0.6,none,4,1
91510106MABYFAFM27,成都合庐茶楼有限公司,8930,健身休闲活动,健身 休闲活动,休闲活动;健身,,是,健身休闲,0.75,direct,6,0
91510107MA67FE6372,成都动享体育文化传播有限责任公司,8392,体育培训,体育培训,体育培训,体育培训,是,体育培训,0.95,direct,4,1
91510106MACUWGRU1H,成都动享启航体育发展有限公司,8392,体育培训,体育培训,体育培训,体育培训,是,体育培训,0.95,direct,4,1
91510106MAACNL7549,成都稳哒体育文化传播有限公司,8911,体育竞赛组织,体育竞赛 组织,体育竞赛;组织,体育竞赛,是,体育赛事,0.95,direct,6,1
91510106MACP4AFW80,成都动享青春体育发展有限公司,8392,体育培训,体育培训,体育培训,体育培训,是,体育培训,0.95,direct,4,1
91510106MA69MNK57W,四川香蕉船体育文化传播有限公司,8392,体育培训,体育培训,体育培训,体育培训,是,体育培训,0.95,direct,4,1
91510106MA7M1P3A4F,成都人从众体育文化传播有限公司,8930,群众文体活动,群众 文体活动,文体活动;群众,,是,健身休闲,0.75,direct,6,0
9151010658759023XL,成都立洋商贸有限公司,5242,体育用品及器材零售,体育用品 器材 零售,体育用品;器材;零售,体育用品,是,体育用品,0.95,direct,9,1
91510106MAACE0PK57,成都蜀和雅韵健身服务有限公司,8930,健身休闲活动,健身 休闲活动,休闲活动;健身,,是,健身休闲,0.75,direct,6,0
91510106MA61RNXT6J,成都骊珠户外运动有限责任公司,8930,健身休闲活动,健身 休闲活动,休闲活动;健身,,是,健身休闲,0.75,direct,6,0
91510108332024092J,成都壹珈品牌管理有限公司,8930,健身服务,健身服务,健身服务,健身服务,是,健身休闲,0.95,direct,4,1
91510106MA6CFW147A,成都梵途户外运动有限公司,8930,户外运动的组织策划,户外运动 组织 策划,户外运动;策划;组织,户外运动,是,健身休闲,0.95,direct,9,1
91510106MA644K235X,成都瑾色瑜伽健身有限公司,8930,体育活动,体育 活动,体育;活动,,是,健身休闲,0.75,direct,4,0
91510106MA6CL22T9P,四川艮恒电器有限公司,5242,游艺器材零售,游艺 器材 零售,游艺;器材;零售,,是,体育用品,0.75,direct,6,0
91510100567150202R,成都市铸信羽毛球俱乐部有限公司,8921,羽毛球场馆服务,羽毛球 场馆 服务,羽毛球;场馆;服务,羽毛球,是,体育用品,0.95,direct,7,1
91510106MA6ADUE175,成都好兄弟体育俱乐部有限公司,8911,体育赛事策划,体育 赛事策划,赛事策划;体育,赛事策划,是,体育赛事,0.95,direct,6,1
915101067436391717,成都健康行实业有限公司,5142,体育用品及器材批发,体育用品 器材 批发,体育用品;器材;批发,体育用品,是,体育用品,0.95,direct,9,1
91510106MA6CCWK769,成都天石坊珠宝有限公司,5242,体育用品及器材零售,体育用品 器材 零售,体育用品;器材;零售,体育用品,是,体育用品,0.95,direct,9,1
91510107577381231L,成都海客体育经纪服务有限公司,8911,体育竞赛组织,体育竞赛 组织,体育竞赛;组织,体育竞赛,是,体育赛事,0.95,direct,6,1
91510106MA69727L68,成都拾佳创健身服务有限公司,8930,健身咨询服务,健身 咨询服务,咨询服务;健身,,是,健身休闲,0.75,direct,6,0
91510106MAC77XUUXB,成都紫橙体育发展有限责任公司,9052,体育赛事策划,体育 赛事策划,赛事策划;体育,赛事策划,是,体育赛事,0.6,none,6,1
91510106MA663CB88A,成都达乐斯体育文化发展有限公司,8930,马术运动服务,马术 运动 服务,马术;服务;运动,马术,是,健身休闲,0.95,direct,6,1
91510106MABX06U20X,成都奇迹辉煌健身服务有限公司,7246,体育管理,体育管理,体育管理,体育管理,是,体育管理,0.6,none,4,1
91510106MA6BT00A86,成都反重力体育文化发展有限公司,9052,体育赛事策划,体育 赛事策划,赛事策划;体育,赛事策划,是,体育赛事,0.6,none,6,1
91510106MA6B66UM8B,成都云涛亥午体育文化传播有限公司,7122,体育用品设备出租,体育用品 设备 出租,体育用品;出租;设备,体育用品,是,体育用品,0.6,none,8,1
91510106574642563X,成都鱼米鱼乐文化传播有限公司,5242,零售体育产品,零售 体育 产品,体育;零售;产品,,是,体育用品,0.75,direct,6,0
91510106MACWP8QU7G,成都金球西成体育文化传播有限公司,8911,体育竞赛组织,体育竞赛 组织,体育竞赛;组织,体育竞赛,是,体育赛事,0.95,direct,6,1
91510106MA6CAYH8X5,成都灵动享瑜伽有限公司,8930,健身服务,健身服务,健身服务,健身服务,是,健身休闲,0.95,direct,4,1
915101063431548534,成都捷芙文化传播有限公司,8930,健身服务,健身服务,健身服务,健身服务,是,健身休闲,0.95,direct,4,1
91510100MACP8J3KXM,成都市嗨集体育文化发展有限公司,8911,体育竞赛组织 体育用品及器材零售,体育竞赛 组织 体育用品 器材 零售,体育竞赛;体育用品;器材;零售;组织,体育竞赛;体育用品,是,体育赛事,0.95,direct,16,2
915101065722877483,四川博格文化体育有限公司,5242,零售体育产品,零售 体育 产品,体育;零售;产品,,是,体育用品,0.75,direct,6,0
91510106MA61RCME37,成都市希尔道之邑教育咨询有限公司,8392,体育培训服务,体育培训 服务,体育培训;服务,体育培训,是,体育培训,0.95,direct,6,1
91510106MAACPBAW85,成都浙岭商商贸有限公司,5142,体育用品及器材批发,体育用品 器材 批发,体育用品;器材;批发,体育用品,是,体育用品,0.95,direct,9,1
91510108MA62NHPB0J,成都吾良健康管理有限公司,8392,体育课外辅导,体育 课外辅导,课外辅导;体育,,是,体育培训,0.75,direct,6,0
91510106587562263E,成都盖尔森体育文化传播有限公司,9054,体育组织服务,体育组织 服务,体育组织;服务,体育组织,是,体育管理,0.6,none,6,1
91510106MA6CEL053P,成都星耀成足球俱乐部有限公司,9054,体育经纪服务,体育经纪 服务,体育经纪;服务,体育经纪,是,体育传媒,0.6,none,6,1
91510106MACJ0UQ97B,四川德恩普体育设施工程有限公司,5242,体育设施零售,体育设施 零售,体育设施;零售,体育设施,是,体育场馆,0.95,direct,6,1
91510105594660419C,成都足迹户外运动有限公司,8930,休闲健身活动,休闲 健身活动,健身活动;休闲,,是,健身休闲,0.75,direct,6,0
91510106MA65N6CC9C,成都沃顿户外用品有限公司,5242,体育用品零售,体育用品零售,体育用品零售,体育用品零售,是,体育用品,0.95,direct,6,1
91510106574600857W,成都君鑫商贸有限公司,5142,体育用品批发,体育用品批发,体育用品批发,体育用品批发,是,体育用品,0.95,direct,6,1
91510106660457305R,成都太阳雨户外休闲用品有限公司,5242,户外用品零售,户外用品 零售,户外用品;零售,,是,体育用品,0.75,direct,6,0
91510107MA666BJH6K,成都城投青和文化发展有限公司,8921,体育场馆管理服务,体育场馆 管理 服务,体育场馆;服务;管理,体育场馆,是,体育场馆,0.95,direct,8,1
915101063943869610,成都市黑青稞户外运动有限责任公司,8911,体育项目组织服务,体育项目 组织 服务,体育项目;服务;组织,,是,体育管理,0.75,direct,8,0
91510106MA65WRWE91,成都湃索贸易有限公司,5142,骑行装备批发,骑行 装备 批发,骑行;批发;装备,,是,体育用品,0.75,direct,6,0
91510106MA6DHANN4T,四川蓉体建筑工程有限公司,5242,体育用品器材零售,体育用品 器材 零售,体育用品;器材;零售,体育用品,是,体育用品,0.95,direct,8,1
91510106MA6CHFBF5R,四川旺鑫龙体育用品有限公司,5142,体育用品批发,体育用品批发,体育用品批发,体育用品批发,是,体育用品,0.95,direct,6,1
91510106MABRLLWK0T,康文健（成都）社区服务有限公司,9052,组织体育表演活动,组织 体育表演 活动,体育表演;组织;活动,体育表演,是,体育赛事,0.6,none,8,1
91510106MA685XJ38C,成都吾爱尚健身服务有限公司,8930,健身服务,健身服务,健身服务,健身服务,是,健身休闲,0.95,direct,4,1
91510106MACTKLEJ6X,成都天艺茗仁茶楼有限公司,8930,棋牌室服务,棋牌室 服务,棋牌室;服务,,是,健身休闲,0.75,direct,5,0
91510106MA6CRJHE0Y,成都鑫达旺源帐篷有限公司,5142,帐篷批发,帐篷 批发,帐篷;批发,帐篷,是,体育用品,0.95,direct,4,1
91510100752844783E,成都市美日新商贸有限责任公司,5242,零售体育用品,零售 体育用品,体育用品;零售,体育用品,是,体育用品,0.95,direct,6,1
91510106MAC9MXNX32,成都西交川体育文化发展有限公司,9052,体育赛事策划,体育 赛事策划,赛事策划;体育,赛事策划,是,体育赛事,0.6,none,6,1
91510106MAC8243155,成都三书六礼图书有限公司,5242,体育用品及器材零售,体育用品 器材 零售,体育用品;器材;零售,体育用品,是,体育用品,0.95,direct,9,1
91510106MAC6H7F1X8,成都南沐成辰图书有限公司,5242,体育用品及器材零售,体育用品 器材 零售,体育用品;器材;零售,体育用品,是,体育用品,0.95,direct,9,1
91510106MA61WWDY1Y,成都信利发商贸有限公司,5142,批发体育用品,批发 体育用品,体育用品;批发,体育用品,是,体育用品,0.95,direct,6,1
91510106MA6ARQRK0P,成都蜀行山水户外运动有限公司,8930,健身休闲活动,健身 休闲活动,休闲活动;健身,,是,健身休闲,0.75,direct,6,0
91510106MA6DFNX711,成都吉瑞恒科技有限公司,8919,其他体育组织,其他 体育组织,体育组织;其他,体育组织,是,体育管理,0.95,direct,6,1
91510106MA64NR1X70,成都新京武体育发展有限公司,5242,体育用品及器材零售,体育用品 器材 零售,体育用品;器材;零售,体育用品,是,体育用品,0.95,direct,9,1
91510100MA61RFTQ40,成都迪卡克体育用品有限责任公司,5142,体育用品批发,体育用品批发,体育用品批发,体育用品批发,是,体育用品,0.95,direct,6,1
91510100MA6DFJ9G15,成都市鑫茂兴商贸有限公司,5142,体育用品及器材批发,体育用品 器材 批发,体育用品;器材;批发,体育用品,是,体育用品,0.95,direct,9,1
91510100MA61XH3N2J,成都田胜教学设备有限公司,5142,体育用品批发,体育用品批发,体育用品批发,体育用品批发,是,体育用品,0.95,direct,6,1
91510106399421711E,四川锋速商贸有限公司,5142,体育用品批发,体育用品批发,体育用品批发,体育用品批发,是,体育用品,0.95,direct,6,1
91510100MA6CNAUK6P,成都流浪者户外用品有限公司,5142,体育用品批发,体育用品批发,体育用品批发,体育用品批发,是,体育用品,0.95,direct,6,1
91510106MA6AQUWJXF,四川鑫悦呈鑫商贸有限公司,8930,健身服务,健身服务,健身服务,健身服务,是,健身休闲,0.95,direct,4,1
91510106MA68K4JH59,成都稳静健身服务有限公司,8930,健身休闲活动,健身 休闲活动,休闲活动;健身,,是,健身休闲,0.75,direct,6,0
91510100MA61RB6D0R,四川省嘉乐康体育用品有限公司,5142,体育用品批发,体育用品批发,体育用品批发,体育用品批发,是,体育用品,0.95,direct,6,1
91510100MA61TE6R40,成都缘来健龙体育用品有限公司,5142,体育用品器材批发,体育用品 器材 批发,体育用品;器材;批发,体育用品,是,体育用品,0.95,direct,8,1
91510106MA7J8RWQ0C,四川全季体育产业发展有限公司,8921,体育场地设施经营,体育场地设施 经营,体育场地设施;经营,体育场地设施,是,体育场馆,0.95,direct,8,1
91510100343118721C,成都肖成希商贸有限公司,5142,体用用品批发,用品 批发,用品;批发,,是,体育用品,0.75,direct,6,0
91510106MA62R63U85,成都斯腾赛尔体育用品有限公司,5142,体育用品批发,体育用品批发,体育用品批发,体育用品批发,是,体育用品,0.95,direct,6,1
91510106MACFQ65U8F,吉凯媛（成都）体育文化发展有限公司,8930,休闲健身活动,休闲 健身活动,健身活动;休闲,,是,健身休闲,0.75,direct,6,0
91510106MAD3P7631D,成都绿芽豆豆体育文化传播有限公司,9052,体育赛事策划服务,体育 赛事策划 服务,赛事策划;体育;服务,赛事策划,是,体育赛事,0.6,none,8,1
91510106054922510T,成都尚品名汇贸易有限公司,5242,体育用品零售,体育用品零售,体育用品零售,体育用品零售,是,体育用品,0.95,direct,6,1
91510106MACBK82L48,四川荒野玩家户外运动有限公司,9052,体育赛事策划,体育 赛事策划,赛事策划;体育,赛事策划,是,体育赛事,0.6,none,6,1
91510107357978642Y,成都众缘动力体育用品有限公司,5142,体育用品批发,体育用品批发,体育用品批发,体育用品批发,是,体育用品,0.95,direct,6,1
91510106MAC0D0KY5H,成都宁达牛牛健身服务有限公司,8930,健身服务,健身服务,健身服务,健身服务,是,健身休闲,0.95,direct,4,1
91510107MA67500D8T,成都弋淘商贸有限公司,5142,体育用品批发,体育用品批发,体育用品批发,体育用品批发,是,体育用品,0.95,direct,6,1
91510100MA6B6JP36U,四川亦星辰商贸有限公司,5142,体育用品批发,体育用品批发,体育用品批发,体育用品批发,是,体育用品,0.95,direct,6,1
91510106MA643LYD80,成都追风者户外用品有限公司,5242,户外用品零售,户外用品 零售,户外用品;零售,,是,体育用品,0.75,direct,6,0
91510100MA61W2UW1R,成都野牛体育场馆管理服务有限公司,8921,体育场管理,体育场 管理,体育场;管理,体育场,是,体育场馆,0.95,direct,5,1
91510106MA6BRPUA6P,成都水水水文化传播有限公司,9052,体育赛事策划,体育 赛事策划,赛事策划;体育,赛事策划,是,体育赛事,0.6,none,6,1
91510100332117870L,成都市峥玙体育器材有限公司,5142,体育用品及器材批发,体育用品 器材 批发,体育用品;器材;批发,体育用品,是,体育用品,0.95,direct,9,1
91510100MA62MYW309,四川久协教学设备有限公司,5142,体育用品批发,体育用品批发,体育用品批发,体育用品批发,是,体育用品,0.95,direct,6,1
91510106MA69XU8K2F,成都渔聚电子商务有限公司,5242,户外用品零售,户外用品 零售,户外用品;零售,,是,体育用品,0.75,direct,6,0
91510106MA61RTH46L,四川千渡体育器材有限公司,5142,体育器材批发,体育器材 批发,体育器材;批发,体育器材,是,体育用品,0.95,direct,6,1
91510106MA635DU392,四川盈鑫旺体育用品有限公司,5142,体育用品批发,体育用品批发,体育用品批发,体育用品批发,是,体育用品,0.95,direct,6,1
91510100MA6C93DU43,成都新嘉奕商贸有限公司,5142,体育用品批发,体育用品批发,体育用品批发,体育用品批发,是,体育用品,0.95,direct,6,1
91510100MA69HJYX7H,成都武道龙体育用品有限公司,5142,批发体育器材,批发 体育器材,体育器材;批发,体育器材,是,体育用品,0.95,direct,6,1
91510100MA6DHPAX45,成都万华通商贸有限公司,5142,体育用品及器材批发,体育用品 器材 批发,体育用品;器材;批发,体育用品,是,体育用品,0.95,direct,9,1
91510105MA67FYA535,成都同彩翼商贸有限公司,5242,体育用品零售,体育用品零售,体育用品零售,体育用品零售,是,体育用品,0.95,direct,6,1
91510106MAC42FF77T,成都路客深度户外运动有限公司,5142,体育用品及器材批发,体育用品 器材 批发,体育用品;器材;批发,体育用品,是,体育用品,0.95,direct,9,1
91510106MA663LPR7N,成都怡然优雅文化传播有限公司,8919,组织文化艺术交流活动,组织 文化 艺术交流 活动,艺术交流;文化;组织;活动,,是,体育管理,0.75,direct,10,0
91510106MAACFCWQ7D,四川新伦体育文化传播有限公司,8911,体育竞赛组织,体育竞赛 组织,体育竞赛;组织,体育竞赛,是,体育赛事,0.95,direct,6,1
91510106MA69FFGJ65,成都吾梦体育文化传播有限公司,8392,体育技能培训,体育 技能 培训,技能;体育;培训,,是,体育培训,0.75,direct,6,0
91510100556431092Y,成都莱美体育用品有限公司,5142,体育用品批发,体育用品批发,体育用品批发,体育用品批发,是,体育用品,0.95,direct,6,1
91510106MA68DLXW58,成都朗拓体育用品有限公司,5242,体育用品及器材零售,体育用品 器材 零售,体育用品;器材;零售,体育用品,是,体育用品,0.95,direct,9,1
91510106MACTYB2L5W,璟点四川体育用品有限公司,5142,体育用品及器材批发,体育用品 器材 批发,体育用品;器材;批发,体育用品,是,体育用品,0.95,direct,9,1
91510100MA61RMEK9H,成都力展永华贸易有限公司,5142,批发体育器材,批发 体育器材,体育器材;批发,体育器材,是,体育用品,0.95,direct,6,1
91510106MACLKU4985,成都五只熊体育发展有限公司,9052,组织体育表演活动,组织 体育表演 活动,体育表演;组织;活动,体育表演,是,体育赛事,0.6,none,8,1
91510106MA67BY5H84,成都爱贝加体育文化传播有限公司,9052,组织体育表演活动,组织 体育表演 活动,体育表演;组织;活动,体育表演,是,体育赛事,0.6,none,8,1
91510106MA6BTGWQ61,成都青翼体育文化发展有限公司,5142,体育用品批发,体育用品批发,体育用品批发,体育用品批发,是,体育用品,0.95,direct,6,1
91510106MABMEAQN4J,四川中特旭峰能源设备有限公司,5142,体育用品器材批发,体育用品 器材 批发,体育用品;器材;批发,体育用品,是,体育用品,0.95,direct,8,1
91510100MA6C6R4W2J,四川世纪蓝图教学设备有限公司,5142,体育用品批发,体育用品批发,体育用品批发,体育用品批发,是,体育用品,0.95,direct,6,1
915101006331306497,四川金健实业有限责任公司,5142,体育用品批发,体育用品批发,体育用品批发,体育用品批发,是,体育用品,0.95,direct,6,1
91510106332097777N,成都童之梦游乐设备有限公司,5142,批发游乐设施,批发 游乐 设施,游乐;批发;设施,,是,体育用品,0.75,direct,6,0
91510100MA61RB6T1A,成都市川朋天建体育用品有限责任公司,5142,体育用品批发,体育用品批发,体育用品批发,体育用品批发,是,体育用品,0.95,direct,6,1
91510106MACXADE91L,四川熠虹贸易有限公司,5142,体育用品及器材批发,体育用品 器材 批发,体育用品;器材;批发,体育用品,是,体育用品,0.95,direct,9,1
91510100350639226J,成都福兴缘商贸有限公司,5242,体育用品零售,体育用品零售,体育用品零售,体育用品零售,是,体育用品,0.95,direct,6,1
91510106MA635PN29W,成都院子里体育文化发展有限公司,8911,体育竞赛组织,体育竞赛 组织,体育竞赛;组织,体育竞赛,是,体育赛事,0.95,direct,6,1
915101000697926249,成都斯博特尔体育用品有限公司,5142,体育用品批发,体育用品批发,体育用品批发,体育用品批发,是,体育用品,0.95,direct,6,1
9151010039428878XJ,成都奥尼亚体育设备有限公司,5142,体育用品批发,体育用品批发,体育用品批发,体育用品批发,是,体育用品,0.95,direct,6,1
915100007891101693,四川康驰体育用品有限公司,5142,批发体育器材,批发 体育器材,体育器材;批发,体育器材,是,体育用品,0.95,direct,6,1
91510100MA62N6UM2N,成都蓝邦威豪体育用品有限公司,5142,批发体育器材,批发 体育器材,体育器材;批发,体育器材,是,体育用品,0.95,direct,6,1
91510106MA67HU1EX4,四川宝峰体育产业发展有限公司,5242,体育器材零售,体育器材 零售,体育器材;零售,体育器材,是,体育用品,0.95,direct,6,1
91510106MA6C67X35L,四川艾斯瑞森体育文化传播有限公司,9052,体育赛事策划服务,体育 赛事策划 服务,赛事策划;体育;服务,赛事策划,是,体育赛事,0.6,none,8,1
91510106MAACLKAE3R,成都德匠体育文化发展有限公司,8919,体育赛事,体育赛事,体育赛事,体育赛事,是,体育赛事,0.95,direct,4,1
91510100097115196C,成都龙辰体育用品有限公司,5142,体育器材批发,体育器材 批发,体育器材;批发,体育器材,是,体育用品,0.95,direct,6,1
91510100399926795D,四川嘉利泰贸易有限责任公司,5142,体育用品批发,体育用品批发,体育用品批发,体育用品批发,是,体育用品,0.95,direct,6,1
91510106MAC91E422M,四川承权体育文化传播有限公司,5142,体育用品批发,体育用品批发,体育用品批发,体育用品批发,是,体育用品,0.95,direct,6,1
91510106MA634JE11R,成都奥信体育文化发展有限公司,9052,体育赛事策划,体育 赛事策划,赛事策划;体育,赛事策划,是,体育赛事,0.6,none,6,1
91510106MABQAJAR1F,四川星耀盛世体育用品有限公司,5142,体育器材批发,体育器材 批发,体育器材;批发,体育器材,是,体育用品,0.95,direct,6,1
91510106MA61XTK05P,四川中康倍力体育用品有限公司,5142,体育用品批发,体育用品批发,体育用品批发,体育用品批发,是,体育用品,0.95,direct,6,1
91510100MA6C8T4Y5L,成都弘奥体育器材有限公司,5142,体育器材批发,体育器材 批发,体育器材;批发,体育器材,是,体育用品,0.95,direct,6,1
91510106MAACMXG408,成都玖肆玖肆健身服务有限公司,8930,健身服务,健身服务,健身服务,健身服务,是,健身休闲,0.95,direct,4,1
91510106MA6CW55257,成都吴连红商贸有限公司,5142,健身器材,健身器材,健身器材,健身器材,是,体育用品,0.95,direct,4,1
91510100MA61R9DP86,成都好彩商贸有限公司,5142,批发体育用品,批发 体育用品,体育用品;批发,体育用品,是,体育用品,0.95,direct,6,1
91510106MA63HPAW7A,成都两只鱼儿体育文化传播有限公司,8921,体育场馆管理,体育场馆 管理,体育场馆;管理,体育场馆,是,体育场馆,0.95,direct,6,1
91510100782698123T,成都市金源体育器材有限公司,5142,体育器材销售,体育器材 销售,体育器材;销售,体育器材,是,体育用品,0.95,direct,6,1
91510106MACM5B9L56,成都饮善肌械师健身有限责任公司,8930,健身休闲活动,健身 休闲活动,休闲活动;健身,,是,健身休闲,0.75,direct,6,0
915101063954520270,四川奥健体育设施有限公司,5142,体育用品批发,体育用品批发,体育用品批发,体育用品批发,是,体育用品,0.95,direct,6,1
91510106MA7DMP202F,四川得禧体育文化传播有限公司,7246,体育咨询,体育咨询,体育咨询,体育咨询,是,体育管理,0.6,none,4,1
91510106MA65LMHPXY,成都戎马时刻健身服务有限责任公司,8930,健身休闲活动,健身 休闲活动,休闲活动;健身,,是,健身休闲,0.75,direct,6,0
91510106MABNYXEX2J,四川乐远乐水体育发展有限公司,9052,体育赛事策划服务,体育 赛事策划 服务,赛事策划;体育;服务,赛事策划,是,体育赛事,0.6,none,8,1
91510106MA69LRAQ0M,四川渝蓉康斯体育用品有限公司,5142,体育用品批发,体育用品批发,体育用品批发,体育用品批发,是,体育用品,0.95,direct,6,1
91510106MACRXC4F4W,四川东万智能科技有限公司,5142,体育用品器材批发,体育用品 器材 批发,体育用品;器材;批发,体育用品,是,体育用品,0.95,direct,8,1
91510106MACHAYL05M,成都小红帽体育文化传播有限公司,8911,体育和娱乐业体育组织,体育 娱乐业 体育组织,体育组织;娱乐业;体育,体育组织,是,体育管理,0.95,direct,10,1
91510106MA6CL30Q42,四川康展体育设施有限公司,5142,体育用品及器材批发,体育用品 器材 批发,体育用品;器材;批发,体育用品,是,体育用品,0.95,direct,9,1
91510106MA6DFAK30A,成都奥维斯特体育文化传播有限公司,8911,组织策划文化体育,组织 策划 文化 体育,策划;体育;文化;组织,,是,体育管理,0.75,direct,8,0
91510106MABPA9156K,成都同莘玖悦科技有限公司,5142,体育用品器材批发,体育用品 器材 批发,体育用品;器材;批发,体育用品,是,体育用品,0.95,direct,8,1
91510106MABWHHEB4A,成都星签体育文化发展有限公司,8911,体育竞赛组织,体育竞赛 组织,体育竞赛;组织,体育竞赛,是,体育赛事,0.95,direct,6,1
91510106MA68DJFH2M,成都巴蜀新起点体育文化传播有限公司,8392,体育培训,体育培训,体育培训,体育培训,是,体育培训,0.95,direct,4,1
91510106MAC4X78451,成都逸动康体健康科技有限公司,5242,体育用品零售,体育用品零售,体育用品零售,体育用品零售,是,体育用品,0.95,direct,6,1
91510106MAD28YC48M,成都视乐乒体育文化发展有限公司,8911,体育竞赛组织服务,体育竞赛 组织 服务,体育竞赛;服务;组织,体育竞赛,是,体育赛事,0.95,direct,8,1
91510100397279870F,四川荣商鼎盛商贸有限公司,5142,体育用品批发,体育用品批发,体育用品批发,体育用品批发,是,体育用品,0.95,direct,6,1
91510106MACFRPD94G,成都宏远弘体育文化发展有限公司,8911,体育竞赛组织,体育竞赛 组织,体育竞赛;组织,体育竞赛,是,体育赛事,0.95,direct,6,1
91510106MAC0C09F4E,成都星耀瑞驰体育文化传播有限公司,9052,体育竞赛组织,体育竞赛 组织,体育竞赛;组织,体育竞赛,是,体育赛事,0.6,none,6,1
91510106MAD0YHFQ0R,成都市爱这山户外用品有限公司,5142,户外用品批发,户外用品 批发,户外用品;批发,,是,体育用品,0.75,direct,6,0
91510106MAACNDMH6Q,成都常知尚乐健康管理有限公司,8930,健身服务,健身服务,健身服务,健身服务,是,健身休闲,0.95,direct,4,1
91510106MA6C86L02D,成都馨馨泰体育用品有限公司,5142,批发体育用品,批发 体育用品,体育用品;批发,体育用品,是,体育用品,0.95,direct,6,1
91510106MAC0EYG77F,成都欧金瑞商业管理有限公司,8930,休闲健身娱乐活动,休闲 健身 娱乐活动,娱乐活动;健身;休闲,,是,健身休闲,0.75,direct,8,0
91510106MACFJKHJ4D,成都布伽糖健身服务有限责任公司,8930,健身服务,健身服务,健身服务,健身服务,是,健身休闲,0.95,direct,4,1
91510106MA680TXP96,成都中胤装饰工程有限公司,8911,组织文化艺术交流活动,组织 文化 艺术交流 活动,艺术交流;文化;组织;活动,,是,体育管理,0.75,direct,10,0
91510106MACATWF84R,成都泵铁时代体育文化传播有限公司,8930,健身房健身活动,健身房 健身活动,健身活动;健身房,健身房,是,健身休闲,0.95,direct,7,1
91510106MA68H2K780,成都鹿动健身服务有限公司,8930,健身休闲活动,健身 休闲活动,休闲活动;健身,,是,健身休闲,0.75,direct,6,0
91510106MABN7CQY2F,四川岩夕体育科技有限公司,5242,体育用品零售,体育用品零售,体育用品零售,体育用品零售,是,体育用品,0.95,direct,6,1
91510106MA7LUL27X5,成都飞盘大体育文化发展有限公司,9054,体育组织服务,体育组织 服务,体育组织;服务,体育组织,是,体育管理,0.6,none,6,1
91510106MACP9KD40T,成都半镜人生文化传媒有限公司,5242,体育用品零售,体育用品零售,体育用品零售,体育用品零售,是,体育用品,0.95,direct,6,1
91510106564459984W,成都灵溪美韵文化传播有限责任公司,8930,健身服务,健身服务,健身服务,健身服务,是,健身休闲,0.95,direct,4,1
91510106MABM3BLH6Y,成都烽鼎体育文化传播有限公司,8921,体育场地服务,体育场地 服务,体育场地;服务,体育场地,是,体育场馆,0.95,direct,6,1
91510106MA69XRRF4K,成都心莲心瑜伽健身有限公司,8930,健身休闲活动,健身 休闲活动,休闲活动;健身,,是,健身休闲,0.75,direct,6,0
915101007323452825,成都劲健体育设施工程有限公司,4892,体育设施施工,体育设施 施工,体育设施;施工,体育设施,是,体育场馆,0.95,direct,6,1
91510106MABQB4Y320,成都辰佳体育发展有限公司,9052,体育赛事策划,体育 赛事策划,赛事策划;体育,赛事策划,是,体育赛事,0.6,none,6,1
91510106MABQY8FT0C,四川多乐力嘉体育文化传播有限责任公司,8392,体育培训,体育培训,体育培训,体育培训,是,体育培训,0.95,direct,4,1
91510106MAC51G8X3F,成都弘邦华凯商贸有限公司,5142,日用品批发,日用品 批发,日用品;批发,,是,体育用品,0.75,direct,5,0
91510106MACQKUP45W,成都市鸣鑫文化传媒有限责任公司,8930,体育休闲娱乐,体育休闲 娱乐,体育休闲;娱乐,体育休闲,是,健身休闲,0.95,direct,6,1
91510106MA61YT7918,成都蒲海科技有限公司,5242,文化体育用品,文化 体育用品,体育用品;文化,体育用品,是,体育用品,0.95,direct,6,1
91510106350612605Q,成都杰信达体育用品有限公司,5142,体育器材批发,体育器材 批发,体育器材;批发,体育器材,是,体育用品,0.95,direct,6,1
91510100698853944B,成都泛安科技有限公司,5242,户外用品零售,户外用品 零售,户外用品;零售,,是,体育用品,0.75,direct,6,0
91510106MABXY0643Y,成都艾克斯艾欧健身服务有限公司,8930,健身休闲活动,健身 休闲活动,休闲活动;健身,,是,健身休闲,0.75,direct,6,0
91510106MA625RX948,四川多喜福珠宝有限公司,5242,文化体育用品专门零售,文化 体育用品 专门 零售,体育用品;零售;专门;文化,体育用品,是,体育用品,0.95,direct,10,1
91510106MACPX87C6Y,成都创瀚兴文化传播有限公司,8930,体育休闲娱乐,体育休闲 娱乐,体育休闲;娱乐,体育休闲,是,健身休闲,0.95,direct,6,1
91510106MA6C58JJ42,成都剑腾飞体育用品有限公司,5242,零售台球桌,零售 台球桌,台球桌;零售,台球桌,是,体育用品,0.95,direct,5,1
91510106MA6DEW2D2L,成都空丁户外运动有限公司,8999,组织户外运动,组织 户外运动,户外运动;组织,户外运动,是,健身休闲,0.6,none,6,1
91510100MA6C8LAQ68,成都少讯户外拓展有限公司,8930,健身休闲活动,健身 休闲活动,休闲活动;健身,,是,健身休闲,0.75,direct,6,0
91510106MAC08GRE2N,四川孚睿恩健身管理有限公司,8930,健身休闲活动,健身 休闲活动,休闲活动;健身,,是,健身休闲,0.75,direct,6,0
91510106MABYBF594D,四川虎展翼体育设施工程有限公司,5142,体育用品及器材批发,体育用品 器材 批发,体育用品;器材;批发,体育用品,是,体育用品,0.95,direct,9,1
91510106MACMDDED08,成都辰逐耀篮体育俱乐部有限责任公司,8911,体育竞赛组织,体育竞赛 组织,体育竞赛;组织,体育竞赛,是,体育赛事,0.95,direct,6,1
91510106MA68GLFH4H,成都全锐锋渔具有限公司,5242,渔具零售,渔具 零售,渔具;零售,渔具,是,体育用品,0.95,direct,4,1
91510106202118285F,成都市金牛区奥林公司,8921,体育场地管理,体育场地管理,体育场地管理,体育场地管理,是,体育场馆,0.95,direct,6,1
91510106MA61U7RF6K,成都金奥联健身服务有限责任公司,8921,保龄球场馆活动,保龄球 场馆 活动,保龄球;场馆;活动,保龄球,是,健身休闲,0.95,direct,7,1
91510106MAC3F9J5XL,成都百年得林体育文化传播有限公司,8392,跆拳道培训,跆拳道培训,跆拳道培训,跆拳道培训,是,体育培训,0.95,direct,5,1
91510106MA6CA4DU2J,成都康适能健身服务有限公司,8930,健身服务,健身服务,健身服务,健身服务,是,健身休闲,0.95,direct,4,1
91510106790016452C,成都圣珈瑜伽有限公司,8930,瑜伽健身服务,瑜伽 健身服务,健身服务;瑜伽,瑜伽;健身服务,是,健身休闲,0.95,direct,6,2
91510106MABMB05J43,成都穗灵子文化传播有限公司,8930,健身休闲活动服务,健身 休闲活动 服务,休闲活动;健身;服务,,是,健身休闲,0.75,direct,8,0
91510106MA6DH4PB2K,成都骏奥健身服务有限公司,8930,健身服务,健身服务,健身服务,健身服务,是,健身休闲,0.95,direct,4,1
91510106MA61X3F53R,成都极峰户外运动有限公司,8919,户外运动组织策划,户外运动 组织 策划,户外运动;策划;组织,户外运动,是,健身休闲,0.95,direct,8,1
91510100MA6CBA786M,成都凡尘远行文化传播有限公司,8930,户外拓展活动,户外拓展 活动,户外拓展;活动,户外拓展,是,健身休闲,0.95,direct,6,1
91510106MA65LT0E0F,四川智合创农科技有限公司,5142,体育用品批发,体育用品批发,体育用品批发,体育用品批发,是,体育用品,0.95,direct,6,1
91510106MA7E417T9C,四川安晟达体育用品有限公司,5242,体育用品零售,体育用品零售,体育用品零售,体育用品零售,是,体育用品,0.95,direct,6,1
91510100569655917F,成都劲动体育设施有限公司,4892,体育场地设施施工,体育场地设施 施工,体育场地设施;施工,体育场地设施,是,体育场馆,0.95,direct,8,1
91510106MA61RH360K,成都凯程圣地户外运动有限公司,8930,户外运动策划,户外运动 策划,户外运动;策划,户外运动,是,健身休闲,0.95,direct,6,1
91510106MACE9M6A0G,四川英利雅智慧体育科技有限公司,5242,体育用品零售,体育用品零售,体育用品零售,体育用品零售,是,体育用品,0.95,direct,6,1
91510106050061979B,成都美格健身服务有限公司,8930,健身服务,健身服务,健身服务,健身服务,是,健身休闲,0.95,direct,4,1
91510106MA61R4P81C,成都天行健太乙龙珠文化传播有限公司,8392,体育运动培训服务,体育运动 培训 服务,体育运动;培训;服务,,是,体育培训,0.75,direct,8,0
91510107MA6B3TKE55,成都卓尔达企业管理咨询有限公司,8930,拓展训练,拓展 训练,拓展;训练,,是,健身休闲,0.75,direct,4,0
91510106MA68RXYQ1B,成都英耐德商贸有限公司,5142,户外用品批发,户外用品 批发,户外用品;批发,,是,体育用品,0.75,direct,6,0
91510106MABMUDGJ38,成都狐河里体育文化发展有限公司,9052,体育赛事策划,体育 赛事策划,赛事策划;体育,赛事策划,是,体育赛事,0.6,none,6,1
91510106MA7GA0EQ0J,成都永信永义体育俱乐部有限公司,8392,体育运动培训,体育运动 培训,体育运动;培训,,是,体育培训,0.75,direct,6,0
91510106MA6B0E1G3E,成都锐壹零壹健身服务有限公司,8930,健身服务,健身服务,健身服务,健身服务,是,健身休闲,0.95,direct,4,1
91510106MACQ5NX614,四川蓉城熙创体育文化发展有限公司,8930,台球服务,台球 服务,台球;服务,台球,是,健身休闲,0.95,direct,4,1
91510106MA68WFT803,成都鱼多多户外用品有限公司,5142,渔具批发,渔具 批发,渔具;批发,渔具,是,体育用品,0.95,direct,4,1
91510106MA698ENJX1,成都点爱情感教育咨询有限公司,5242,户外用品零售,户外用品 零售,户外用品;零售,,是,体育用品,0.75,direct,6,0
91510106MA632YBC2E,成都骁步体育器材有限公司,5242,体育用品及器材零售,体育用品 器材 零售,体育用品;器材;零售,体育用品,是,体育用品,0.95,direct,9,1
91510106MA7LC6R969,成都夏寻户外用品有限公司,5242,户外用品零售,户外用品 零售,户外用品;零售,,是,体育用品,0.75,direct,6,0
91510106749715817N,成都丽氏商务有限公司,5142,体育用品批发,体育用品批发,体育用品批发,体育用品批发,是,体育用品,0.95,direct,6,1
91510105MA6AYB9U5Y,四川三晖伟业科技集团有限公司,5242,教育器材零售,教育 器材 零售,器材;零售;教育,,是,体育用品,0.75,direct,6,0
91510106MAACLDC37T,成都力帅体育文化发展有限公司,8930,体育健身服务,体育 健身服务,健身服务;体育,健身服务,是,健身休闲,0.95,direct,6,1
91510106MA65LQPN5B,成都东弘之屹商贸有限公司,5242,体育用品零售,体育用品零售,体育用品零售,体育用品零售,是,体育用品,0.95,direct,6,1
91510106MACLXU4Q82,成都妤悦文化传播有限公司,8930,射箭服务,射箭 服务,射箭;服务,射箭,是,健身休闲,0.95,direct,4,1
91510106MA6AH2FG12,四川贝儿奈斯医疗科技有限公司,5242,体育用品零售,体育用品零售,体育用品零售,体育用品零售,是,体育用品,0.95,direct,6,1
91510100MA6DFUAL9Q,成都侣途视界文化传播有限公司,8930,户外运动策划,户外运动 策划,户外运动;策划,户外运动,是,健身休闲,0.95,direct,6,1
91510106MA61XJEQ21,四川康之杰体育用品有限公司,5242,体育用品零售,体育用品零售,体育用品零售,体育用品零售,是,体育用品,0.95,direct,6,1
91510106MA64W5YY4A,成都因动乐体育文化传播有限公司,8919,体育组织,体育组织,体育组织,体育组织,是,体育管理,0.95,direct,4,1
91510106MAC81FJ89M,四川省紫枫文化传媒有限责任公司,5242,体育用品零售,体育用品零售,体育用品零售,体育用品零售,是,体育用品,0.95,direct,6,1
91510106MA6ATLNB95,维美瑜伽健身成都有限公司,8930,瑜伽健身活动,瑜伽 健身活动,健身活动;瑜伽,瑜伽,是,健身休闲,0.95,direct,6,1
91510106MA65RXN73T,成都星柠酷玩体育文化传播有限公司,8911,体育竞赛组织,体育竞赛 组织,体育竞赛;组织,体育竞赛,是,体育赛事,0.95,direct,6,1
91510106MA62FBLT2Q,成都嘉成时代文化传媒有限公司,5242,体育用品零售,体育用品零售,体育用品零售,体育用品零售,是,体育用品,0.95,direct,6,1
91510106MA69Y3GE6E,成都维他健身服务有限公司,8930,健身服务,健身服务,健身服务,健身服务,是,健身休闲,0.95,direct,4,1
91510106MA6BM0U84A,成都晨朝健身管理有限公司,8930,休闲健身服务,休闲 健身服务,健身服务;休闲,健身服务,是,健身休闲,0.95,direct,6,1
91510106556441055J,成都帝一科技有限公司,5142,体育用品批发,体育用品批发,体育用品批发,体育用品批发,是,体育用品,0.95,direct,6,1
91510106MA7H72498W,四川惟意体育文化发展有限责任公司,8911,体育竞赛组织,体育竞赛 组织,体育竞赛;组织,体育竞赛,是,体育赛事,0.95,direct,6,1
91510106MAACP4951F,成都蔡伟娱乐有限公司,8930,台球活动,台球 活动,台球;活动,台球,是,健身休闲,0.95,direct,4,1
91510106MA627FBGXX,成都赛无畏体育文化传播有限公司,5242,体育器材零售,体育器材 零售,体育器材;零售,体育器材,是,体育用品,0.95,direct,6,1
91510106MAD0GKC09X,四川阳光爱邻茶楼有限公司,8930,棋牌服务,棋牌 服务,棋牌;服务,,是,健身休闲,0.75,direct,4,0
91510106MA67FCAJ8E,四川加中体育文化管理有限公司,8921,体育场管理,体育场 管理,体育场;管理,体育场,是,体育场馆,0.95,direct,5,1
91510106MA6C8QYXXR,四川悠途户外运动有限公司,8930,拓展活动,拓展 活动,拓展;活动,,是,健身休闲,0.75,direct,4,0
91510106395250871C,成都伽迷文化传播有限公司,8392,瑜伽培训,瑜伽 培训,瑜伽;培训,瑜伽,是,健身休闲,0.95,direct,4,1
91510106MABY142K0D,四川动络集体育俱乐部有限公司,8911,体育健身服务,体育 健身服务,健身服务;体育,健身服务,是,健身休闲,0.95,direct,6,1
91510106MACFTTC30M,四川川高达西部体育科技有限公司,5142,销售体育用品,销售 体育用品,体育用品;销售,体育用品,是,体育用品,0.95,direct,6,1
91510106MA6BF6129W,成都骏腾体育文化传播有限公司金牛分公司,8930,游泳服务,游泳 服务,游泳;服务,游泳,是,健身休闲,0.95,direct,4,1
91510106MA7LB2L91Q,成都瑞吉西健康科技有限公司,5142,批发体育用品,批发 体育用品,体育用品;批发,体育用品,是,体育用品,0.95,direct,6,1
91510106MABY4TKU1F,四川花运文化传媒有限公司,8999,体育服务,体育服务,体育服务,体育服务,是,体育管理,0.6,none,4,1
91510106MA6CTCRH0U,成都小咖联盟体育文化传播有限公司,8921,组织策划文化交流活动,组织 策划 文化 交流活动,交流活动;策划;文化;组织,,是,体育场馆,0.75,direct,10,0
91510106MAACP60J4H,四川无限未来体育文化发展有限公司,8930,健身休闲活动,健身 休闲活动,休闲活动;健身,,是,健身休闲,0.75,direct,6,0
91510106MA6BL1WL0F,成都天弓体育文化传播有限公司,8919,体育赛事策划,体育 赛事策划,赛事策划;体育,赛事策划,是,体育赛事,0.95,direct,6,1
91510106MA7D89M185,成都蜀光派对娱乐有限公司,8911,KTV服务,KTV 服务,KTV;服务,,是,体育管理,0.75,direct,5,0
915101060600503763,成都川藏登山运动服务有限责任公司,8919,登山运动组织策划,登山运动 组织 策划,登山运动;策划;组织,,是,体育管理,0.75,direct,8,0
91510100MA61U6068L,四川恩波体育文化传播有限公司,8919,体育文化交流,体育文化 交流,体育文化;交流,体育文化,是,体育管理,0.95,direct,6,1
91510106MA6CAQDR8K,成都玩派户外运动有限公司,8919,户外运动组织策划,户外运动 组织 策划,户外运动;策划;组织,户外运动,是,健身休闲,0.95,direct,8,1
91510106095726110A,成都疯狂潘哒科技有限公司,8930,健身服务,健身服务,健身服务,健身服务,是,健身休闲,0.95,direct,4,1
91510106MA6BD9DY4L,成都鑫入室健身服务有限公司,8930,健身服务,健身服务,健身服务,健身服务,是,健身休闲,0.95,direct,4,1
91510106MA61TD1W0R,成都行途户外运动有限公司,8930,户外拓展服务,户外拓展 服务,户外拓展;服务,户外拓展,是,健身休闲,0.95,direct,6,1
91510106MA62PKPMX0,成都恩加无限运动休闲有限公司,8930,网球健身服务,网球 健身服务,健身服务;网球,网球;健身服务,是,体育用品,0.95,direct,6,2
91510106MAC437YW6G,四川中辰盛达科技有限公司,5242,体育器材零售,体育器材 零售,体育器材;零售,体育器材,是,体育用品,0.95,direct,6,1
91510106MA6B56RM3Q,四川思博瑞特文化传媒有限公司,9052,组织体育表演活动,组织 体育表演 活动,体育表演;组织;活动,体育表演,是,体育赛事,0.6,none,8,1
91510106689040183P,成都苏心林商贸有限公司,5142,体育用品及器材批发,体育用品 器材 批发,体育用品;器材;批发,体育用品,是,体育用品,0.95,direct,9,1
91510106MABM8HWU6Q,成都威意孚健身管理有限公司,8930,健身休闲活动,健身 休闲活动,休闲活动;健身,,是,健身休闲,0.75,direct,6,0
91510105MA6BUBMF4Y,成都蔚央体育文化传播有限公司,8911,体育赛事举办,体育赛事 举办,体育赛事;举办,体育赛事,是,体育赛事,0.95,direct,6,1
91510104MA6CNHTX5M,成都颇高体育文化传播有限公司,5242,零售体育用品,零售 体育用品,体育用品;零售,体育用品,是,体育用品,0.95,direct,6,1
91510107MA6C9MBN60,成都知野文化传播有限公司,8930,户外拓展旅游服务,户外拓展 旅游 服务,户外拓展;旅游;服务,户外拓展,是,健身休闲,0.95,direct,8,1
91510106MA67083487,四川省川藏七加二户外运动有限公司,5242,登山用品零售,登山 用品 零售,用品;登山;零售,登山,是,健身休闲,0.95,direct,6,1
9151010639763334XG,成都伊凯特体育用品有限公司,5242,体育用品零售,体育用品零售,体育用品零售,体育用品零售,是,体育用品,0.95,direct,6,1
91510106774519535G,成都市英杰欣康体设备有限公司,5142,体育用品及器材批发,体育用品 器材 批发,体育用品;器材;批发,体育用品,是,体育用品,0.95,direct,9,1
91510106MABT969X64,四川川云健体育用品有限公司,5142,体育用品批发,体育用品批发,体育用品批发,体育用品批发,是,体育用品,0.95,direct,6,1
91510106MABQFMT903,四川华体竞健体育文化传播有限公司,8911,一般项目组织文化艺术交流活动,一般 项目 组织 文化 艺术交流 活动,艺术交流;文化;项目;组织;活动;一般,,是,体育管理,0.75,direct,14,0
91510106MAD312M04A,四川菲之梵瑜伽健身有限公司,8930,健身休闲服务,健身 休闲 服务,健身;休闲;服务,,是,健身休闲,0.75,direct,6,0
91510106MA68B9QR6W,成都市雯华若锦供应链管理有限公司,5142,体育用品批发,体育用品批发,体育用品批发,体育用品批发,是,体育用品,0.95,direct,6,1
91510106091292589P,成都市鼎迅商贸有限公司,5142,户外用品批发,户外用品 批发,户外用品;批发,,是,体育用品,0.75,direct,6,0
91510104MA6D0N5L6L,成都东方猛兽冰球俱乐部有限公司,8392,冰上运动培训,冰上运动 培训,冰上运动;培训,,是,体育培训,0.75,direct,6,0
91510106MA69FGJ96E,成都绿林鲜超市有限公司,5142,户外用品批发,户外用品 批发,户外用品;批发,,是,体育用品,0.75,direct,6,0
91510106066975185M,成都泳鑫文化传播有限公司,8921,游泳服务,游泳 服务,游泳;服务,游泳,是,健身休闲,0.95,direct,4,1
91510106MA6CMC9P3R,四川易搏特体育文化传播有限公司,8911,体育项目组织策划,体育项目 组织 策划,体育项目;策划;组织,,是,体育管理,0.75,direct,8,0
91510106064306762H,四川恒翔体育设施有限公司,5142,体育器材批发,体育器材 批发,体育器材;批发,体育器材,是,体育用品,0.95,direct,6,1
91510106MA6C7YX34F,四川省亦元盛体育设施有限公司,5242,健身器材零售,健身器材 零售,健身器材;零售,健身器材,是,体育用品,0.95,direct,6,1
91510106MAC0WEJ88P,四川优茄健康管理有限公司,8930,健身休闲活动,健身 休闲活动,休闲活动;健身,,是,健身休闲,0.75,direct,6,0
91510108357997851Y,成都思锐基业商贸有限公司,5242,塑胶跑道零售,塑胶跑道 零售,塑胶跑道;零售,塑胶跑道,是,体育用品,0.95,direct,6,1
91510107MA62NPNJ5G,四川百世怡杰体育文化发展有限责任公司,5242,健身器材零售,健身器材 零售,健身器材;零售,健身器材,是,体育用品,0.95,direct,6,1
91510106MACK0DQD4K,成都匡赐崆户外用品经营部,5242,户外用品零售,户外用品 零售,户外用品;零售,,是,体育用品,0.75,direct,6,0
91510106MA6BD95PXD,四川轩源康翔体育科技有限公司,5242,零售体育用品,零售 体育用品,体育用品;零售,体育用品,是,体育用品,0.95,direct,6,1
91510106MA68NYREXB,成都蜀佰惠商贸有限公司,8930,户外运动,户外运动,户外运动,户外运动,是,健身休闲,0.95,direct,4,1
915101063961448513,四川牧星户外运动有限责任公司,8919,户外运动组织,户外运动 组织,户外运动;组织,户外运动,是,健身休闲,0.95,direct,6,1
91510106MAC69HXT7P,四川奥美康体育设施有限公司,5142,体育用品及器材批发,体育用品 器材 批发,体育用品;器材;批发,体育用品,是,体育用品,0.95,direct,9,1
91510106MA6BCQ3381,成都棋霖商贸有限公司,5242,企业形象策划,企业形象 策划,企业形象;策划,,是,体育用品,0.75,direct,6,0
91510106MA61XYTW8J,成都市源武道文化传播有限公司,8930,健身服务,健身服务,健身服务,健身服务,是,健身休闲,0.95,direct,4,1
91510106MACJ7RAP6Y,四川省晟之夏文化传播有限公司,8930,瑜伽活动,瑜伽 活动,瑜伽;活动,瑜伽,是,健身休闲,0.95,direct,4,1
91510106MA61TJQR5W,成都胜利十一人足球俱乐部有限公司,8392,足球教育,足球 教育,足球;教育,足球,是,体育用品,0.95,direct,4,1
91510106MACA5B865M,四川蜀都建业建筑工程有限公司,4892,体育场地设施工程服务,体育场地设施 工程 服务,体育场地设施;工程;服务,体育场地设施,是,体育场馆,0.95,direct,10,1
91510106MAC70CEH6Y,四川天乐宜佳文化传媒有限公司,5142,文化体育和娱乐业,文化 体育 娱乐业,娱乐业;体育;文化,,是,体育用品,0.75,direct,8,0
91510106686334688X,成都飞翼体育文化有限公司,8921,室内体育场馆,室内 体育场馆,体育场馆;室内,体育场馆,是,体育场馆,0.95,direct,6,1
91510106MA6B56AC3A,成都繁树美式体能体育文化传播有限公司,8392,羽毛球运动服务,羽毛球 运动 服务,羽毛球;服务;运动,羽毛球,是,体育用品,0.95,direct,7,1
91510106MA66501FXJ,成都正扬贝佳健康科技有限公司,8930,健身服务,健身服务,健身服务,健身服务,是,健身休闲,0.95,direct,4,1
91510107MA663HR91P,成都塔格军研科技有限公司,5242,零售户外用品,零售 户外用品,户外用品;零售,,是,体育用品,0.75,direct,6,0
91510106MAD406EK3T,成都亿传体育文化发展有限公司,8911,体育竞赛组织,体育竞赛 组织,体育竞赛;组织,体育竞赛,是,体育赛事,0.95,direct,6,1
91510106MACR53WX2J,四川株野时代体育文化发展有限公司,8930,体育健身服务,体育 健身服务,健身服务;体育,健身服务,是,健身休闲,0.95,direct,6,1
91510106MACBBK1695,成都东江升晨健身有限公司,8930,健身休闲活动,健身 休闲活动,休闲活动;健身,,是,健身休闲,0.75,direct,6,0
91510106MACNB38Q1F,成都海金鑫健身服务有限公司,8930,健身休闲服务,健身 休闲 服务,健身;休闲;服务,,是,健身休闲,0.75,direct,6,0
91510106MACHYWH644,成都八十五毫米娱乐有限公司,8930,台球休闲活动,台球 休闲活动,休闲活动;台球,台球,是,健身休闲,0.95,direct,6,1
91510106MABMP0LX7R,成都曼动体育文化推广有限公司,8392,篮球培训,篮球培训,篮球培训,篮球培训,是,体育培训,0.95,direct,4,1
91510106MA6CWR541D,成都健了么科技有限公司,8930,健身服务,健身服务,健身服务,健身服务,是,健身休闲,0.95,direct,4,1
91510106MACRMQD74G,成都凯思远体育设施有限公司,5242,体育草坪零售,体育 草坪 零售,草坪;体育;零售,,是,体育用品,0.75,direct,6,0
91510107MA61TPNP65,高德汉斯成都文化传播有限公司,9052,体育赛事策划,体育 赛事策划,赛事策划;体育,赛事策划,是,体育赛事,0.6,none,6,1
91510106663028303U,成都飞速体育用品有限公司,5142,体育用品及器材批发,体育用品 器材 批发,体育用品;器材;批发,体育用品,是,体育用品,0.95,direct,9,1
91510106MABQGRWPXB,成都方飞元商贸部,5142,体育用品批发,体育用品批发,体育用品批发,体育用品批发,是,体育用品,0.95,direct,6,1
91510106MA6CPD297N,成都五育林体育发展有限公司,8911,体育赛事组织策划,体育赛事 组织 策划,体育赛事;策划;组织,体育赛事,是,体育赛事,0.95,direct,8,1
91510106MA62NQG24K,四川英蓝体育文化传播有限公司,8911,体育竞赛组织,体育竞赛 组织,体育竞赛;组织,体育竞赛,是,体育赛事,0.95,direct,6,1
91510106MA6CP986XW,成都克莱姆户外用品有限公司,5242,体育用品及器材零售,体育用品 器材 零售,体育用品;器材;零售,体育用品,是,体育用品,0.95,direct,9,1
91510106MACED4R13G,成都千善健身服务有限公司,8930,健身休闲活动,健身 休闲活动,休闲活动;健身,,是,健身休闲,0.75,direct,6,0
91510106MA7EA3NNX8,成都逸然文化传播有限公司,8919,其他体育组织,其他 体育组织,体育组织;其他,体育组织,是,体育管理,0.95,direct,6,1
91510106MAC09RDK83,成都宸万文化传媒有限公司,9052,体育服务,体育服务,体育服务,体育服务,是,体育管理,0.6,none,4,1
91510106MA66X9BAX1,成都动之美体育俱乐部有限公司,8911,体育场馆管理,体育场馆 管理,体育场馆;管理,体育场馆,是,体育场馆,0.95,direct,6,1
91510106MACAAWAH2L,成都韬阳星体育文化传播有限公司,7246,体育咨询,体育咨询,体育咨询,体育咨询,是,体育管理,0.6,none,4,1
91510106MABQBPWD9X,成都本直体育产业发展有限公司,8930,休闲健身活动,休闲 健身活动,健身活动;休闲,,是,健身休闲,0.75,direct,6,0
91510106MA62P3PJ9B,成都蓝速卡丁车健身服务有限公司,8930,健身休闲活动,健身 休闲活动,休闲活动;健身,,是,健身休闲,0.75,direct,6,0
91510100MA6CNRB91F,创意世界赛事组织有限公司,8919,其他体育组织,其他 体育组织,体育组织;其他,体育组织,是,体育管理,0.95,direct,6,1
91510100MA62Q36P2B,成都一起棒体育文化传播有限公司,8392,棒球培训,棒球 培训,棒球;培训,,是,体育培训,0.75,direct,4,0
91510106MA64ND9770,四川省浓沐源商贸有限公司,5242,体育用品及器材零售,体育用品 器材 零售,体育用品;器材;零售,体育用品,是,体育用品,0.95,direct,9,1
91510106MA62WHHX9G,成都风雪健身中心,8930,健身服务,健身服务,健身服务,健身服务,是,健身休闲,0.95,direct,4,1
91510106MAACFCGA4H,成都海鲸灵亲水教育科技有限公司,8930,儿童游泳,儿童 游泳,游泳;儿童,游泳,是,健身休闲,0.95,direct,4,1
91510106MABLNBR97N,四川华锐达体育设施工程有限责任公司,4892,体育场地设施工程施工,体育场地设施 工程施工,体育场地设施;工程施工,体育场地设施,是,体育场馆,0.95,direct,10,1
91510106066988234G,成都一诺健身服务有限公司,8930,室内少儿健身休闲服务,室内 少儿 健身 休闲 服务,少儿;健身;休闲;室内;服务,,是,健身休闲,0.75,direct,10,0
91510106MA64QQL164,成都凯德星河砾岩体育文化传播有限责任公司,8930,室内攀岩服务,室内 攀岩 服务,攀岩;室内;服务,攀岩,是,健身休闲,0.95,direct,6,1
91510106MA65TAL288,成都星河灵悦体育文化传播有限责任公司,8392,篮球培训,篮球培训,篮球培训,篮球培训,是,体育培训,0.95,direct,4,1
91510106667557704B,成都奇迹之旅体育健身发展有限公司,8930,健身服务,健身服务,健身服务,健身服务,是,健身休闲,0.95,direct,4,1
91510106MA68EGXH4L,瑞雪兆丰成都健身服务有限公司,8930,健身休闲活动,健身 休闲活动,休闲活动;健身,,是,健身休闲,0.75,direct,6,0
91510106MAACHE2851,成都铭创道格健身服务有限公司,8930,健身服务,健身服务,健身服务,健身服务,是,健身休闲,0.95,direct,4,1
915101063431114070,成都宜动体育文化传播有限公司,8911,体育竞赛组织,体育竞赛 组织,体育竞赛;组织,体育竞赛,是,体育赛事,0.95,direct,6,1
91510106MA61TWH45P,成都凯尚美容服务有限公司,8930,保健健身服务,保健 健身服务,健身服务;保健,健身服务,是,健身休闲,0.95,direct,6,1
91510107MAC1PBBF9Y,四川德成拓展训练有限公司,8930,户外拓展活动,户外拓展 活动,户外拓展;活动,户外拓展,是,健身休闲,0.95,direct,6,1
91510106MA681NK357,四川阿顿体育文化传播有限责任公司,8392,乒乓球培训,乒乓球培训,乒乓球培训,乒乓球培训,是,体育培训,0.95,direct,5,1
91510108MA6B6LJY7G,成都伽玥瑜伽有限公司,8930,健身服务,健身服务,健身服务,健身服务,是,健身休闲,0.95,direct,4,1
91510106MA65YE292J,成都市金牛区三只鱼文化艺术培训学校有限公司,8392,艺体培训服务,艺体 培训 服务,艺体;培训;服务,,是,体育培训,0.75,direct,6,0
91510106MA6B51CG5U,成都反斗文化创意有限公司,8930,健身休闲活动,健身 休闲活动,休闲活动;健身,,是,健身休闲,0.75,direct,6,0
91510106MA61RW943C,成都胜冠体育用品有限公司,5142,体育器材批发,体育器材 批发,体育器材;批发,体育器材,是,体育用品,0.95,direct,6,1
91510106MA6354EX8Y,成都民安体育文化发展有限公司,5242,体育用品零售,体育用品零售,体育用品零售,体育用品零售,是,体育用品,0.95,direct,6,1
91510106MA6AC0YA0Q,成都静汐瑜伽健身有限公司,8930,健身休闲活动,健身 休闲活动,休闲活动;健身,,是,健身休闲,0.75,direct,6,0
91510106MA7E3U9409,成都海乐北星健身服务有限公司,8930,健身休闲活动,健身 休闲活动,休闲活动;健身,,是,健身休闲,0.75,direct,6,0
91510106MACA3M717R,四川星迹光线文化传播有限公司,9052,体育表演服务,体育表演 服务,体育表演;服务,体育表演,是,体育赛事,0.6,none,6,1
91510106MAC7186J6D,成都瑞震扬健身有限公司,8930,室内休闲活动,室内 休闲活动,休闲活动;室内,,是,健身休闲,0.75,direct,6,0
91510106MA6BXFM92D,中大聚鑫成都贸易有限公司,5242,健身器材零售,健身器材 零售,健身器材;零售,健身器材,是,体育用品,0.95,direct,6,1
91510106MA673PWQ54,成都衡玲健康管理有限公司,8930,健身休闲活动,健身 休闲活动,休闲活动;健身,,是,健身休闲,0.75,direct,6,0
91510106MACDTXPG9X,四川巍屹铮展览有限公司,9052,体育赛事策划,体育 赛事策划,赛事策划;体育,赛事策划,是,体育赛事,0.6,none,6,1
91510106MACKNYMW7G,四川斯坦斯商贸有限公司,5142,体育器材批发,体育器材 批发,体育器材;批发,体育器材,是,体育用品,0.95,direct,6,1
91510106MAACNE5014,成都泳恒健身服务有限公司,8930,健身休闲活动,健身 休闲活动,休闲活动;健身,,是,健身休闲,0.75,direct,6,0
91510106MA7NA96C6U,成都诃汀健康科技有限公司,8930,休闲健身服务,休闲 健身服务,健身服务;休闲,健身服务,是,健身休闲,0.95,direct,6,1
91510106MA7HGE6J4H,四川固本体育发展有限公司,8992,体育服务,体育服务,体育服务,体育服务,是,体育管理,0.6,none,4,1
91510106MA689H086D,成都柠檬树体育文化传播有限公司,8930,健身服务,健身服务,健身服务,健身服务,是,健身休闲,0.95,direct,4,1
915101080928268617,四川笑脸宝贝体育文化传播有限公司,8911,体育活动策划,体育 活动 策划,策划;体育;活动,,是,体育管理,0.75,direct,6,0
91510106MA6AQLY29R,成都箭西探索户外运动有限公司,8919,户外运动组织策划,户外运动 组织 策划,户外运动;策划;组织,户外运动,是,健身休闲,0.95,direct,8,1
91510106774530718H,成都三箭体育器材有限公司,5142,体育用品批发,体育用品批发,体育用品批发,体育用品批发,是,体育用品,0.95,direct,6,1
91510106556410304W,成都富明源体育用品销售有限公司,5242,体育用品零售,体育用品零售,体育用品零售,体育用品零售,是,体育用品,0.95,direct,6,1
91510106321593476A,成都云秀体育用品有限公司,5242,体育用品零售,体育用品零售,体育用品零售,体育用品零售,是,体育用品,0.95,direct,6,1
91510106MA61XGJU92,成都程详贸易有限公司,5242,体育用品零售,体育用品零售,体育用品零售,体育用品零售,是,体育用品,0.95,direct,6,1
91510106MAC3K3GM0K,成都武毅心体育文化传播有限公司,8930,健身休闲服务,健身 休闲 服务,健身;休闲;服务,,是,健身休闲,0.75,direct,6,0
91510106MACPQFE46A,成都大雄阅川健身服务有限公司,8930,健身休闲服务,健身 休闲 服务,健身;休闲;服务,,是,健身休闲,0.75,direct,6,0
91510106MACERC810D,成都光盒动量文化传媒有限公司,8919,体育娱乐活动,体育 娱乐活动,娱乐活动;体育,,是,体育管理,0.75,direct,6,0
91510106MAACL3NK92,四川美高体育文化发展有限公司,8911,体育竞赛组织,体育竞赛 组织,体育竞赛;组织,体育竞赛,是,体育赛事,0.95,direct,6,1
91510106MA69AY4921,四川好多礼商贸有限公司,5242,运动休闲装零售,运动 休闲装 零售,休闲装;零售;运动,,是,体育用品,0.75,direct,7,0
91510105MA6CA3UH1Y,成都智尚仁合数码科技有限公司,5142,批发麻将机,批发 麻将机,麻将机;批发,,是,体育用品,0.75,direct,5,0
91510106MA7HPLH078,四川省卓然星体育文化传播有限公司,8392,游泳培训,游泳培训,游泳培训,游泳培训,是,体育培训,0.95,direct,4,1
91510106MAC9EPB28M,成都市蜀动体育俱乐部有限公司,5242,体育用品零售,体育用品零售,体育用品零售,体育用品零售,是,体育用品,0.95,direct,6,1
91510106MA6CTGBK4P,成都市沃坤商贸有限公司,5242,体育用品零售,体育用品零售,体育用品零售,体育用品零售,是,体育用品,0.95,direct,6,1
91510106MA6CB3F968,四川众萌贸易有限公司,5142,体育用品批发,体育用品批发,体育用品批发,体育用品批发,是,体育用品,0.95,direct,6,1
91510106MACACTLF92,四川裕至瑜禄商贸有限公司,5242,体育用品零售,体育用品零售,体育用品零售,体育用品零售,是,体育用品,0.95,direct,6,1
91510106MA6C5GJ94J,成都即刻型动体育文化传播有限公司,8930,健身服务,健身服务,健身服务,健身服务,是,健身休闲,0.95,direct,4,1
91510106MAEAQCUG8U,拓一体育发展（成都）有限公司,9052,组织体育赛事,组织 体育赛事,体育赛事;组织,体育赛事,是,体育赛事,0.6,none,6,1
91510106MA6DH8FE4C,四川天行嘉德体育文化传播有限公司,5242,零售健身、跆拳道器具,零售 健身 跆拳道 器具,跆拳道;健身;器具;零售,跆拳道,是,健身休闲,0.95,direct,10,1
91510106MA64EBW60Q,四川金誉鸿安商贸有限公司,5142,运动器材批发,运动器材 批发,运动器材;批发,运动器材,是,体育用品,0.95,direct,6,1
91510106MA6B59AE8H,成都伫立户外用品有限公司,5242,零售户外用品,零售 户外用品,户外用品;零售,,是,体育用品,0.75,direct,6,0
91510106MA6CM78N7B,成都德胜荷花健身服务有限公司,8921,游泳池经营管理,游泳池 经营 管理,游泳池;经营;管理,游泳池,是,健身休闲,0.95,direct,7,1
91510106MAC11DU36R,成都市慷源朱古力体育文化传播有限公司,9052,组织体育表演活动,组织 体育表演 活动,体育表演;组织;活动,体育表演,是,体育赛事,0.6,none,8,1
91510106MAC3CA7N7K,成都顶途户外用品有限公司,5242,户外用品零售,户外用品 零售,户外用品;零售,,是,体育用品,0.75,direct,6,0
91510106MA61TL91XP,成都源畅文化传播有限公司,8911,组织搏击运动赛事,组织 搏击 运动 赛事,搏击;赛事;运动;组织,,是,体育管理,0.75,direct,8,0
91510106MACR7JBE81,成都强大发健身器材经营部,5242,体育用品及器材零售,体育用品 器材 零售,体育用品;器材;零售,体育用品,是,体育用品,0.95,direct,9,1
91510106MA69K9KY53,四川景智深沅商贸有限公司,5142,运动器材批发,运动器材 批发,运动器材;批发,运动器材,是,体育用品,0.95,direct,6,1
91510100331972242E,成都汇萃体育文化传播有限公司,8911,策划体育赛事活动,策划 体育赛事 活动,体育赛事;策划;活动,体育赛事,是,体育赛事,0.95,direct,8,1
91510106MA67366J0N,四川中重景腾建筑工程有限公司,4720,体育场馆建筑,体育场馆 建筑,体育场馆;建筑,体育场馆,是,体育场馆,0.6,none,6,1
91510106MA6512KK4C,成都乐优动体育发展有限公司,8919,体育活动,体育 活动,体育;活动,,是,体育管理,0.75,direct,4,0
91510106MA7HD6TK0N,成都万邻秋商贸部,5242,运动器材零售,运动器材 零售,运动器材;零售,运动器材,是,体育用品,0.95,direct,6,1
91510106MA61TKWF8R,四川威尔华体育器材有限公司,5142,批发体育用品,批发 体育用品,体育用品;批发,体育用品,是,体育用品,0.95,direct,6,1
91510106MA7H11J041,四川一杆进洞体育俱乐部有限公司,8911,体育竞赛组织,体育竞赛 组织,体育竞赛;组织,体育竞赛,是,体育赛事,0.95,direct,6,1
91510106MA69Y0HA1T,成都瑞航健身服务有限责任公司,8930,健身休闲活动,健身 休闲活动,休闲活动;健身,,是,健身休闲,0.75,direct,6,0
91510106MA62X4PQ2H,成都洛克男孩文化传媒有限公司,8392,体育培训,体育培训,体育培训,体育培训,是,体育培训,0.95,direct,4,1
9151010639460843XF,成都市恒源体育用品有限公司,5242,零售体育用品,零售 体育用品,体育用品;零售,体育用品,是,体育用品,0.95,direct,6,1
91510106MA6DHAM26N,成都优安笙医疗科技有限公司,8930,健身教学,健身 教学,健身;教学,,是,健身休闲,0.75,direct,4,0
91510106MA67AA5C6G,成都蜀道户外行户外运动有限公司,8930,户外运动的组织策划,户外运动 组织 策划,户外运动;策划;组织,户外运动,是,健身休闲,0.95,direct,9,1
91510106777482352H,成都飞人体育俱乐部,8392,体育培训,体育培训,体育培训,体育培训,是,体育培训,0.95,direct,4,1
91510106MA7DFR9G51,成都美蛙体育发展有限公司,9052,体育赛事策划,体育 赛事策划,赛事策划;体育,赛事策划,是,体育赛事,0.6,none,6,1
91510106MACUPH2X1H,四川省星瑞购商贸有限公司,5242,体育用品及器材零售,体育用品 器材 零售,体育用品;器材;零售,体育用品,是,体育用品,0.95,direct,9,1
91510106MAC37RGG63,成都路客户外运动有限公司,9052,组织体育表演活动,组织 体育表演 活动,体育表演;组织;活动,体育表演,是,体育赛事,0.6,none,8,1
91510106MA62LQ5K0T,成都企洪东商贸部,8930,健身休闲活动,健身 休闲活动,休闲活动;健身,,是,健身休闲,0.75,direct,6,0
91510106MA69UM1F9E,成都信健体育文化传播有限责任公司,8921,体育场馆管理,体育场馆 管理,体育场馆;管理,体育场馆,是,体育场馆,0.95,direct,6,1
9151010657226241XC,成都尚上品商贸有限公司,5242,零售体育用品,零售 体育用品,体育用品;零售,体育用品,是,体育用品,0.95,direct,6,1
91510106MABYU4XL4D,成都飞焰户外运动用品有限公司,5142,体育用品批发,体育用品批发,体育用品批发,体育用品批发,是,体育用品,0.95,direct,6,1
91510106MA6CN7MX3P,成都吉圣健身服务有限责任公司,8930,健身服务,健身服务,健身服务,健身服务,是,健身休闲,0.95,direct,4,1
91510106MA7ECX3FXG,成都市蜀球汇企业管理咨询有限公司,9052,体育服务,体育服务,体育服务,体育服务,是,体育管理,0.6,none,4,1
91510106MA61RCEY69,成都爱知财商务服务有限公司,5142,体育用品及器材批发,体育用品 器材 批发,体育用品;器材;批发,体育用品,是,体育用品,0.95,direct,9,1
91510100MA61U8FE44,四川创新时空体育文化传播有限公司,8392,体育辅导,体育 辅导,辅导;体育,,是,体育培训,0.75,direct,4,0
91510106MA64M1FY8E,成都金仂红商贸部,5142,体育用品及器材批发,体育用品 器材 批发,体育用品;器材;批发,体育用品,是,体育用品,0.95,direct,9,1
91510106MAC9P7088F,四川云扬四海武术文化传播有限责任公司,8392,武术培训,武术培训,武术培训,武术培训,是,体育培训,0.95,direct,4,1
91510106MACEEMX67B,四川佳胜格斗体育文化传播有限公司,8930,健身服务,健身服务,健身服务,健身服务,是,健身休闲,0.95,direct,4,1
91510106MA6CT7K46T,四川戎威体育设施有限公司,5242,健身器材零售,健身器材 零售,健身器材;零售,健身器材,是,体育用品,0.95,direct,6,1
91510100765384149H,成都德瑞足球培训中心有限公司,8392,足球培训,足球培训,足球培训,足球培训,是,体育培训,0.95,direct,4,1
91510106MACUCUQJ4F,成都莫宁健康管理有限责任公司,8930,健身休闲活动,健身 休闲活动,休闲活动;健身,,是,健身休闲,0.75,direct,6,0
91510106MACP3KUH2F,成都赛逸体育文化传播有限公司,8930,健身服务,健身服务,健身服务,健身服务,是,健身休闲,0.95,direct,4,1
91510106MAACHLAF2P,成都毅致健康管理咨询有限公司,8930,健身休闲活动,健身 休闲活动,休闲活动;健身,,是,健身休闲,0.75,direct,6,0
91510106MAC4261578,四川恒峰铭扬体育科技有限公司,8930,户外拓展,户外拓展,户外拓展,户外拓展,是,健身休闲,0.95,direct,4,1
91510106091267041B,成都顶峰体育场馆管理有限公司,8930,健身服务,健身服务,健身服务,健身服务,是,健身休闲,0.95,direct,4,1
91510106MA6B588K1E,成都未来启明星体育文化发展有限公司,8912,体育保障组织,体育 保障 组织,体育;保障;组织,,是,体育管理,0.75,direct,6,0
91510106MA6B8J0K73,成都麋鹿健身有限公司,8930,健身服务,健身服务,健身服务,健身服务,是,健身休闲,0.95,direct,4,1
91510106MA69YMMJ74,成都音呈文化传播有限公司,8911,体育宣传服务,体育 宣传 服务,体育;宣传;服务,,是,体育管理,0.75,direct,6,0
91510106MA6AGG6P0G,成都威盛健身有限公司,8930,健身休闲活动,健身 休闲活动,休闲活动;健身,,是,健身休闲,0.75,direct,6,0
91510106MA68J49K01,成都趣玩户外运动有限公司,8919,文化体育和娱乐业,文化 体育 娱乐业,娱乐业;体育;文化,,是,体育管理,0.75,direct,8,0
91510106MA6AP5HB5Q,成都市爱伽乐语健身服务有限公司,8930,健身服务,健身服务,健身服务,健身服务,是,健身休闲,0.95,direct,4,1
91510106MABU4BUA90,四川建侬体育文化发展有限公司,8919,其他体育组织,其他 体育组织,体育组织;其他,体育组织,是,体育管理,0.95,direct,6,1
91510106MAACJW2N8M,四川陆地一家商贸有限公司,5242,体育用品零售,体育用品零售,体育用品零售,体育用品零售,是,体育用品,0.95,direct,6,1
91510106MACC3DP789,成都焱火体育发展有限公司,9052,体育赛事策划,体育 赛事策划,赛事策划;体育,赛事策划,是,体育赛事,0.6,none,6,1
91510106MACGGBD46P,成都至高体育文化传播有限公司,8392,体育培训,体育培训,体育培训,体育培训,是,体育培训,0.95,direct,4,1
91510106MA6DFLM412,成都北润商贸有限公司,5142,体育用品及器材批发,体育用品 器材 批发,体育用品;器材;批发,体育用品,是,体育用品,0.95,direct,9,1
91510106MACQNTDK3D,成都雄雅优品商贸有限公司,5242,体育用品及器材零售,体育用品 器材 零售,体育用品;器材;零售,体育用品,是,体育用品,0.95,direct,9,1
91510106MA67KHC81W,失重（成都市）健身服务有限公司,8930,健身休闲活动,健身 休闲活动,休闲活动;健身,,是,健身休闲,0.75,direct,6,0
91510106MA63YQET3E,成都锐诺体育文化发展有限公司,8912,体育保障组织,体育 保障 组织,体育;保障;组织,,是,体育管理,0.75,direct,6,0
91510100MA62LLXP66,四川德瑞克体育文化传播股份有限公司,8911,组织策划文体活动,组织 策划 文体活动,文体活动;策划;组织,,是,体育管理,0.75,direct,8,0
91510106MA61RUEU26,四川且木建筑劳务有限公司,5142,办公设备,办公设备,办公设备,,是,体育用品,0.75,direct,4,0
91510106MA6BFFG7X6,四川德瑞克篮球俱乐部有限公司,8919,体育组织,体育组织,体育组织,体育组织,是,体育管理,0.95,direct,4,1
91510106MA6BLJMC2G,成都金戈勇士健身服务有限公司,8930,健身服务,健身服务,健身服务,健身服务,是,健身休闲,0.95,direct,4,1
91510106MA6CAN9110,成都砺峰文化传播有限公司,8930,健身服务,健身服务,健身服务,健身服务,是,健身休闲,0.95,direct,4,1
91510112MA67LA217A,成都蜀跃体育文化传播有限责任公司,9052,体育赛事活动策划,体育赛事 活动 策划,体育赛事;策划;活动,体育赛事,是,体育赛事,0.6,none,8,1
91510106MAC39GGKXU,成都上橙天一文化传媒有限公司,8930,健身休闲活动,健身 休闲活动,休闲活动;健身,,是,健身休闲,0.75,direct,6,0
91510106MABU58396F,成都途羊体育文化传播有限责任公司,8921,体育场馆运营,体育场馆 运营,体育场馆;运营,体育场馆,是,体育场馆,0.95,direct,6,1
91510106MA68JP6X53,成都行野户外运动俱乐部有限公司,8930,健身服务,健身服务,健身服务,健身服务,是,健身休闲,0.95,direct,4,1
91510106MA6544U57A,锐诺体育公园管理成都有限公司,8392,体校及体育培训,体校 体育培训,体育培训;体校,体育培训,是,体育培训,0.95,direct,7,1
9151010676229691XH,成都时代今朝科技有限公司,2444,运动创伤护具制作,运动 创伤 护具 制作,护具;创伤;制作;运动,,是,体育用品,0.75,direct,8,0
91510106MA6CLEQ90X,成都森苍科技有限公司,5242,体育用品零售,体育用品零售,体育用品零售,体育用品零售,是,体育用品,0.95,direct,6,1
91510106MA6C6D066H,成都恒达文汇商贸有限公司,5142,批发办公用品,批发 办公用品,办公用品;批发,,是,体育用品,0.75,direct,6,0
9151010633199904XF,成都每时健康管理有限公司,8921,体育场馆管理,体育场馆 管理,体育场馆;管理,体育场馆,是,体育场馆,0.95,direct,6,1
91510106MACB1W0YXR,成都焕型健身管理有限公司,8930,健身休闲活动,健身 休闲活动,休闲活动;健身,,是,健身休闲,0.75,direct,6,0
91510106MA6B49P54X,成都每时西岸体育文化传播有限公司,8930,健身服务,健身服务,健身服务,健身服务,是,健身休闲,0.95,direct,4,1
91510106MA6BXBF706,成都箐花驰文化传播有限公司,8930,保健健身服务,保健 健身服务,健身服务;保健,健身服务,是,健身休闲,0.95,direct,6,1
91510106MAACJ3G506,四川凯鸣文化传媒有限公司,8921,体育运营,体育运营,体育运营,体育运营,是,体育管理,0.95,direct,4,1
91510106667574627T,成都德瑞克体育产业发展有限公司,9052,体育表演服务,体育表演 服务,体育表演;服务,体育表演,是,体育赛事,0.6,none,6,1
915101067622861051,成都弗里奥体育设施工程有限公司,4892,体育场地设施工程施工,体育场地设施 工程施工,体育场地设施;工程施工,体育场地设施,是,体育场馆,0.95,direct,10,1
91510106MA6CWF9520,四川火星之门科技有限公司,9052,体育赛事策划,体育 赛事策划,赛事策划;体育,赛事策划,是,体育赛事,0.6,none,6,1
9151000078229070X2,四川奥海体育工程有限公司,4892,体育场地设施工程施工,体育场地设施 工程施工,体育场地设施;工程施工,体育场地设施,是,体育场馆,0.95,direct,10,1
91510106MA69M23M0C,四川陆上体育赛事策划有限公司,8911,体育赛事组织,体育赛事 组织,体育赛事;组织,体育赛事,是,体育赛事,0.95,direct,6,1
91510106MA6CR6LF96,成都欣玛珠宝有限公司,5142,体育用品批发,体育用品批发,体育用品批发,体育用品批发,是,体育用品,0.95,direct,6,1
91510106MACDH89W4X,四川乔师傅体育设施工程有限公司,4892,体育场地设施工程施工,体育场地设施 工程施工,体育场地设施;工程施工,体育场地设施,是,体育场馆,0.95,direct,10,1
91510106MA6B286D52,四川雷跃卓浩文化传媒有限公司,8930,体育活动,体育 活动,体育;活动,,是,健身休闲,0.75,direct,4,0
91510106MA6DGU8A1Q,成都威斯特优伽健身有限责任公司,8930,健身服务,健身服务,健身服务,健身服务,是,健身休闲,0.95,direct,4,1
91510106MACBFXFJ1F,尚动四川品牌营销策划有限公司,8911,体育竞赛组织,体育竞赛 组织,体育竞赛;组织,体育竞赛,是,体育赛事,0.95,direct,6,1
91510106MA62P2AU0P,成都聚鑫源瑞贝斯健身服务有限公司,8930,健身休闲服务,健身 休闲 服务,健身;休闲;服务,,是,健身休闲,0.75,direct,6,0
91510106MA6811YMXT,四川三聚合胜体育发展集团有限公司,9054,体育组织服务,体育组织 服务,体育组织;服务,体育组织,是,体育管理,0.6,none,6,1
91510106MABRWQCX3E,成都勇恒体育文化发展有限公司,9052,体育赛事策划,体育 赛事策划,赛事策划;体育,赛事策划,是,体育赛事,0.6,none,6,1
91510105790010122E,成都开拓商贸有限责任公司,5142,体育用品及器材批发,体育用品 器材 批发,体育用品;器材;批发,体育用品,是,体育用品,0.95,direct,9,1
91510106MA6B082M2T,成都锐月新业商贸有限公司,5142,体育用品批发,体育用品批发,体育用品批发,体育用品批发,是,体育用品,0.95,direct,6,1
91510106MA65UG2E7E,成都亚体体育用品有限公司,5242,体育用品,体育用品,体育用品,体育用品,是,体育用品,0.95,direct,4,1
91510106MABNFTFUX0,成都背包客户外用品有限公司,5142,户外用品批发,户外用品 批发,户外用品;批发,,是,体育用品,0.75,direct,6,0
91510106MA64MUWK00,成都玖珑荟健身服务有限公司,8930,健身休闲活动,健身 休闲活动,休闲活动;健身,,是,健身休闲,0.75,direct,6,0
91510106MA6BM1377H,四川华体体育设施有限公司,5242,体育设施零售,体育设施 零售,体育设施;零售,体育设施,是,体育场馆,0.95,direct,6,1
91510106MA65W2AX6T,四川师大德瑞克足球俱乐部有限责任公司,8911,体育竞赛组织,体育竞赛 组织,体育竞赛;组织,体育竞赛,是,体育赛事,0.95,direct,6,1
91510106MA61WMM38K,四川省林海户外运动有限公司,5142,户外运动用品批发,户外运动 用品 批发,户外运动;用品;批发,户外运动,是,健身休闲,0.95,direct,8,1
91510100MA7HGFXN1F,四川雏鹰少年文化传播有限公司,8392,活动训练,活动 训练,训练;活动,,是,体育培训,0.75,direct,4,0
9151010072807095XU,成都华骥体育场地建设有限公司,4892,体育场地施工,体育场地 施工,体育场地;施工,体育场地,是,体育场馆,0.95,direct,6,1
91510106MACUGCHN28,成都国王氪引体育文化发展有限公司,8930,体育健身服务,体育 健身服务,健身服务;体育,健身服务,是,健身休闲,0.95,direct,6,1
91510106MA69ENDK1G,四川逆行者摩旅商贸有限责任公司,5142,其他体育用品批发,其他 体育用品批发,体育用品批发;其他,体育用品批发,是,体育用品,0.95,direct,8,1
91510107MA6C9QKL87,高德锐司成都体育文化传播有限公司,9052,体育赛事活动策划,体育赛事 活动 策划,体育赛事;策划;活动,体育赛事,是,体育赛事,0.6,none,8,1
91510106MAD32MCR1Q,成都黑色盒子行动户外拓展有限公司,8930,健身休闲,健身 休闲,健身;休闲,,是,健身休闲,0.75,direct,4,0
91510106MA6AR9JY8P,四川端正堂健康管理有限公司,8930,保健健身服务,保健 健身服务,健身服务;保健,健身服务,是,健身休闲,0.95,direct,6,1
91510106660494309F,摩利根渔具成都有限公司,5142,批发渔具,批发 渔具,渔具;批发,渔具,是,体育用品,0.95,direct,4,1
91510106MACJ9UQ103,成都蜀西新辉体育发展有限公司,9052,体育赛事策划,体育 赛事策划,赛事策划;体育,赛事策划,是,体育赛事,0.6,none,6,1
91510106MABQTTT291,成都乐智体健体育文化传播有限公司,9052,体育赛事策划,体育 赛事策划,赛事策划;体育,赛事策划,是,体育赛事,0.6,none,6,1
91510106MA61U7Y83F,成都市大牛体育文化传播有限公司,9052,体育赛事组织,体育赛事 组织,体育赛事;组织,体育赛事,是,体育赛事,0.6,none,6,1
91510106MA64PG5X31,成都龙裕健身服务有限公司,8930,健身业务,健身 业务,健身;业务,,是,健身休闲,0.75,direct,4,0
91510106590212459K,成都宾贝特体育发展有限公司,8930,健身休闲活动,健身 休闲活动,休闲活动;健身,,是,健身休闲,0.75,direct,6,0
91510106MA6BKH5D1L,四川一小时健身服务有限责任公司,5242,体育用品及器材零售,体育用品 器材 零售,体育用品;器材;零售,体育用品,是,体育用品,0.95,direct,9,1
91510106066990430D,成都旭雯园林绿化工程有限公司,5142,批发健身器材,批发 健身器材,健身器材;批发,健身器材,是,体育用品,0.95,direct,6,1
91510106MA69KYQQ64,四川大秦金樽商贸有限责任公司,5142,体育用品批发,体育用品批发,体育用品批发,体育用品批发,是,体育用品,0.95,direct,6,1
91510106075357370U,成都健格麟体育文化传播有限公司,8911,组织体育赛事,组织 体育赛事,体育赛事;组织,体育赛事,是,体育赛事,0.95,direct,6,1
91510106MA68G1AL0J,成都嘉业通商贸有限公司,5142,体育器材及用品批发,体育器材 用品 批发,体育器材;用品;批发,体育器材,是,体育用品,0.95,direct,9,1
91510106MAC672FG4Q,四川吴永京乒乓球俱乐部馆,8930,健身休闲活动,健身 休闲活动,休闲活动;健身,,是,健身休闲,0.75,direct,6,0
91510106MA61T2F919,成都索克戴斯体育文化传播有限公司,8919,体育活动组织策划,体育 活动 组织 策划,策划;体育;组织;活动,,是,体育管理,0.75,direct,8,0
91510106MA67W7R93B,四川槿呈昊业体育用品有限公司,5142,体育用品批发,体育用品批发,体育用品批发,体育用品批发,是,体育用品,0.95,direct,6,1
91510106MA61XUJ44A,成都拓荒者户外运动有限公司,8930,文化体育和娱乐业,文化 体育 娱乐业,娱乐业;体育;文化,,是,健身休闲,0.75,direct,8,0
91510106MA7HHRRA5F,榕辰体育俱乐部（成都）有限公司,8911,篮球体育服务,篮球 体育服务,体育服务;篮球,篮球;体育服务,是,体育用品,0.95,direct,6,2
91510106MA67FYKT3C,成都铁三小鼎力足球俱乐部有限公司,8919,其他体育组织,其他 体育组织,体育组织;其他,体育组织,是,体育管理,0.95,direct,6,1
91510106MA6752HU01,成都嘉艺博体育文化传播有限公司,8919,体育竞赛组织,体育竞赛 组织,体育竞赛;组织,体育竞赛,是,体育赛事,0.95,direct,6,1
91510106MA61U5FQ4F,成都健航体育器材有限公司,5142,体育器材批发,体育器材 批发,体育器材;批发,体育器材,是,体育用品,0.95,direct,6,1
91510106MA61RDAT29,成都健博锐体育文化传播有限公司,8919,体育组织服务,体育组织 服务,体育组织;服务,体育组织,是,体育管理,0.95,direct,6,1
91510106060081885U,成都市有格钓电子商务有限公司,5142,体育用品批发,体育用品批发,体育用品批发,体育用品批发,是,体育用品,0.95,direct,6,1
91510106MA61U285XU,成都贤友商贸有限公司,5142,麻将机批发,麻将机 批发,麻将机;批发,,是,体育用品,0.75,direct,5,0
91510106582630191K,成都鸿途体育设施工程有限公司,5142,体育用品批发,体育用品批发,体育用品批发,体育用品批发,是,体育用品,0.95,direct,6,1
92510106MA6CLAHH87,成都奥力健体育用品有限公司,5142,批发体育用品及器材,批发 体育用品 器材,体育用品;器材;批发,体育用品,是,体育用品,0.95,direct,9,1
91510106MA69YE5G25,成都冠川体育设施有限公司,5142,体育用品及器材批发,体育用品 器材 批发,体育用品;器材;批发,体育用品,是,体育用品,0.95,direct,9,1
91510106MA674A1N8U,四川五一户外用品有限公司,5142,户外用品批发,户外用品 批发,户外用品;批发,,是,体育用品,0.75,direct,6,0
91510106597253368D,道之钉（成都）体育科技有限公司,5142,体育用品批发,体育用品批发,体育用品批发,体育用品批发,是,体育用品,0.95,direct,6,1
91510106MA6AYPB43H,四川海圭特体育文化发展有限公司,9052,体育赛事策划,体育 赛事策划,赛事策划;体育,赛事策划,是,体育赛事,0.6,none,6,1
91510106MA7F6LQF14,成都市金牛区问动体育文化发展有限公司,7283,体育赛事策划,体育 赛事策划,赛事策划;体育,赛事策划,是,体育赛事,0.6,none,6,1
91510106MAACNMG116,成都比干商贸有限公司,5142,户外用品批发,户外用品 批发,户外用品;批发,,是,体育用品,0.75,direct,6,0
915101053506291247,四川绿茵时代建筑工程有限公司,4892,运动场馆施工,运动场馆 施工,运动场馆;施工,运动场馆,是,体育场馆,0.95,direct,6,1
91510106MA6C72FQ0Y,成都蜀都强森帐篷有限公司,5142,防水工程,防水工程,防水工程,,是,体育用品,0.75,direct,4,0
91510106MABXNCJ49E,四川浪浪体育用品销售有限公司,7122,体育用品设备出租,体育用品 设备 出租,体育用品;出租;设备,体育用品,是,体育用品,0.6,none,8,1
91510106MA65WN4K98,四川康尔健体育发展有限公司,4892,体育场地设施工程施工,体育场地设施 工程施工,体育场地设施;工程施工,体育场地设施,是,体育场馆,0.95,direct,10,1
91510106MA6CT3KA4X,成都振武体育文化传播有限公司,8392,青少儿体育训练,少儿 体育训练,体育训练;少儿,,是,体育培训,0.75,direct,7,0
91510106MA61RHDC3U,成都北星辰悦科技有限公司,8992,体育健身服务,体育 健身服务,健身服务;体育,健身服务,是,健身休闲,0.6,none,6,1
91510106MA6CM4K66G,四川乾盈体育文化传播有限公司,9052,体育赛事活动策划,体育赛事 活动 策划,体育赛事;策划;活动,体育赛事,是,体育赛事,0.6,none,8,1
91510106MABUUX7R3F,四川天赋能娱乐有限公司,8930,健身休闲活动,健身 休闲活动,休闲活动;健身,,是,健身休闲,0.75,direct,6,0
91510106MA66F42J48,成都城投万馆体育文化发展有限公司,8921,体育场馆管理,体育场馆 管理,体育场馆;管理,体育场馆,是,体育场馆,0.95,direct,6,1
91510106MA67FM495T,成都路鑫瑞建筑经营部个人独资,5142,体育用品批发,体育用品批发,体育用品批发,体育用品批发,是,体育用品,0.95,direct,6,1
91510106MA6CRNFL69,成都凯立新鱼饵有限公司,5242,渔具零售,渔具 零售,渔具;零售,渔具,是,体育用品,0.95,direct,4,1
91510106MA67ETF137,成都光济耀商贸部,5242,体育用品零售,体育用品零售,体育用品零售,体育用品零售,是,体育用品,0.95,direct,6,1
91510106MAACHDWR9B,成都建竿匝商贸部,5142,体育器材批发,体育器材 批发,体育器材;批发,体育器材,是,体育用品,0.95,direct,6,1
91510106MA6AEK2T8U,成都拥缶纪商贸部,5142,体育用品批发服务,体育用品批发 服务,体育用品批发;服务,体育用品批发,是,体育用品,0.95,direct,8,1
91510106MA69FRH18P,成都定湛玟商贸部,5142,体育器材批发,体育器材 批发,体育器材;批发,体育器材,是,体育用品,0.95,direct,6,1
91510106MA7KHJKR00,成都市北星城娱乐有限责任公司,9052,体育服务,体育服务,体育服务,体育服务,是,体育管理,0.6,none,4,1
91510106MA655Q4C4X,成都鑫溪波商贸部,5142,体育用品批发,体育用品批发,体育用品批发,体育用品批发,是,体育用品,0.95,direct,6,1
91510106MA6BH1A15X,四川华影共创文化传媒有限公司,9052,体育服务,体育服务,体育服务,体育服务,是,体育管理,0.6,none,4,1
91510106MA6A3XGJ0D,成都瑕松商贸部,5142,体育用品及器材批发,体育用品 器材 批发,体育用品;器材;批发,体育用品,是,体育用品,0.95,direct,9,1
91510106MA62BBE5XM,成都秉近漳商贸部,5142,体育用品及器材批发,体育用品 器材 批发,体育用品;器材;批发,体育用品,是,体育用品,0.95,direct,9,1
91510106MA6A2HEY13,成都忠典枚商贸部,5142,体育用品批发,体育用品批发,体育用品批发,体育用品批发,是,体育用品,0.95,direct,6,1
91510106MA655JNM8E,成都敏詹柠商贸部,5142,体育用品及器材批发,体育用品 器材 批发,体育用品;器材;批发,体育用品,是,体育用品,0.95,direct,9,1
91510106MA64G5JB3J,成都香碑隆商贸部,5242,体育用品零售,体育用品零售,体育用品零售,体育用品零售,是,体育用品,0.95,direct,6,1
91510106MA69B164X1,成都市吉美高体育文化传播有限公司,8911,体育竞赛组织,体育竞赛 组织,体育竞赛;组织,体育竞赛,是,体育赛事,0.95,direct,6,1
9151010039409028XY,成都星雨商贸有限公司,5142,体育用品批发,体育用品批发,体育用品批发,体育用品批发,是,体育用品,0.95,direct,6,1
91510105MA7L9F7P83,成都禾众三人篮球俱乐部有限公司,8911,组织体育竞赛,组织 体育竞赛,体育竞赛;组织,体育竞赛,是,体育赛事,0.95,direct,6,1
91510106MAAEGLKF28,成都建孜旺商贸部,5142,体育用品及器材批发,体育用品 器材 批发,体育用品;器材;批发,体育用品,是,体育用品,0.95,direct,9,1
91510106MA69L6HC31,成都振淼帅商贸部,5142,体育用品批发,体育用品批发,体育用品批发,体育用品批发,是,体育用品,0.95,direct,6,1
91510106MA6B26R821,成都洪岛辉商贸部,5142,体育用品批发,体育用品批发,体育用品批发,体育用品批发,是,体育用品,0.95,direct,6,1
91510106MA7HYUHF34,成都宛庆焕平商贸部,5242,体育用品零售,体育用品零售,体育用品零售,体育用品零售,是,体育用品,0.95,direct,6,1
91510106MA6A6XAL54,成都松堪林商贸部,5142,体育用品批发,体育用品批发,体育用品批发,体育用品批发,是,体育用品,0.95,direct,6,1
91510106MAACHTFC19,成都沃畔剑商贸部,5142,体育用品批发,体育用品批发,体育用品批发,体育用品批发,是,体育用品,0.95,direct,6,1
91510106MA7GY3FB3L,成都瑶恺荃商贸部,5142,批发体育用品及器材,批发 体育用品 器材,体育用品;器材;批发,体育用品,是,体育用品,0.95,direct,9,1
91510106MA7HEG2Q0K,成都萌佳奕川商贸部,5142,批发体育用品,批发 体育用品,体育用品;批发,体育用品,是,体育用品,0.95,direct,6,1
91510106MA6A9RFQ88,成都盼荪祥商贸部,5142,体育用品及器材批发,体育用品 器材 批发,体育用品;器材;批发,体育用品,是,体育用品,0.95,direct,9,1
91510106MA6AAMHR0N,成都棠岑习商贸部,5242,零售体育用品,零售 体育用品,体育用品;零售,体育用品,是,体育用品,0.95,direct,6,1
91510106MA6BCTPD8B,成都润町鹏商贸部,5142,体育用品及器材批发,体育用品 器材 批发,体育用品;器材;批发,体育用品,是,体育用品,0.95,direct,9,1
91510106MA68249Y2N,成都承恬武商贸部,5142,体育用品及器材批发,体育用品 器材 批发,体育用品;器材;批发,体育用品,是,体育用品,0.95,direct,9,1
91510106MA6622F808,成都贰尼才商贸部,5142,体育用品及器材批发,体育用品 器材 批发,体育用品;器材;批发,体育用品,是,体育用品,0.95,direct,9,1
91510106MA6A3L5E7F,成都良梗海商贸部,5142,体育用品及器材批发,体育用品 器材 批发,体育用品;器材;批发,体育用品,是,体育用品,0.95,direct,9,1
91510106MA6BQR353P,成都思倪发商贸部,5142,体育用品及器材批发,体育用品 器材 批发,体育用品;器材;批发,体育用品,是,体育用品,0.95,direct,9,1
91510106MA69FWWP33,成都衷枝玟商贸部,5142,体育用品及器材批发,体育用品 器材 批发,体育用品;器材;批发,体育用品,是,体育用品,0.95,direct,9,1
91510106MA6CGJBB8W,成都长隆华茂商贸有限公司,5142,体育用品批发,体育用品批发,体育用品批发,体育用品批发,是,体育用品,0.95,direct,6,1
91510106MA6615BN0X,成都拼函州商贸部,5142,体育用品及器材批发,体育用品 器材 批发,体育用品;器材;批发,体育用品,是,体育用品,0.95,direct,9,1
91510106MA6BRN286G,成都爱尚凡品商贸有限公司,5242,体育用品零售,体育用品零售,体育用品零售,体育用品零售,是,体育用品,0.95,direct,6,1
91510106MA661DBT1Y,四川童欣晨商贸有限公司,5242,体育器材零售,体育器材 零售,体育器材;零售,体育器材,是,体育用品,0.95,direct,6,1
91510106MA6AEP8G31,成都荪拓波商贸部,5242,体育用品零售,体育用品零售,体育用品零售,体育用品零售,是,体育用品,0.95,direct,6,1
91510106MA62FWJN8N,成都郡筏镇商贸部,5142,体育用品批发服务,体育用品批发 服务,体育用品批发;服务,体育用品批发,是,体育用品,0.95,direct,8,1
91510106MA64NBLG1N,成都珠囡雪商贸部,5142,体育用品批发,体育用品批发,体育用品批发,体育用品批发,是,体育用品,0.95,direct,6,1
915101067774611481,成都大众经典体育发展有限公司,8921,体育场馆管理,体育场馆 管理,体育场馆;管理,体育场馆,是,体育场馆,0.95,direct,6,1
91510106MA69YC610N,四川侣行世嘉户外运动有限责任公司,5142,体育用品批发,体育用品批发,体育用品批发,体育用品批发,是,体育用品,0.95,direct,6,1
91510106MA69JNK77P,四川优必选城市体育产业发展有限责任公司,8921,体育场馆管理,体育场馆 管理,体育场馆;管理,体育场馆,是,体育场馆,0.95,direct,6,1
91510106MAACE0WL8X,成都陇波南商贸部,5142,体育器材批发,体育器材 批发,体育器材;批发,体育器材,是,体育用品,0.95,direct,6,1
91510106MA69GHX505,成都靖涪廷商贸部,5142,体育器械批发,体育 器械 批发,批发;器械;体育,,是,体育用品,0.75,direct,6,0
91510106MA6BCQE38F,成都洛琛松商贸部,5142,体育器材批发,体育器材 批发,体育器材;批发,体育器材,是,体育用品,0.95,direct,6,1
91510106MA69FUC57T,成都拔奇落商贸部,5142,体育用品批发,体育用品批发,体育用品批发,体育用品批发,是,体育用品,0.95,direct,6,1
91510106MA6BCQLY67,成都炳琛旭商贸部,5142,体育器材批发,体育器材 批发,体育器材;批发,体育器材,是,体育用品,0.95,direct,6,1
91510106MA6626LW6Q,成都佳集昊商贸部,5142,体育器材批发,体育器材 批发,体育器材;批发,体育器材,是,体育用品,0.95,direct,6,1
91510105MAACN8FU48,成都和众三人篮球俱乐部有限公司,8911,体育赛事组织,体育赛事 组织,体育赛事;组织,体育赛事,是,体育赛事,0.95,direct,6,1
91510106MA6BUNXD0U,简熙成都体育文化发展有限公司,8911,体育竞赛组织,体育竞赛 组织,体育竞赛;组织,体育竞赛,是,体育赛事,0.95,direct,6,1
91510106MA69HJ6F1Y,成都玖斯林五金经营部,5142,体育用品批发,体育用品批发,体育用品批发,体育用品批发,是,体育用品,0.95,direct,6,1
91510106MA643A2D4C,成都集撰昼商贸部,5142,体育器材批发,体育器材 批发,体育器材;批发,体育器材,是,体育用品,0.95,direct,6,1
91510106MA6731396T,成都正若刚商贸部,5142,体育用品批发,体育用品批发,体育用品批发,体育用品批发,是,体育用品,0.95,direct,6,1
91510106MA6CP2CD3P,成都鑫宏派杰商贸有限公司,5142,体育用品批发,体育用品批发,体育用品批发,体育用品批发,是,体育用品,0.95,direct,6,1
91510106MA69UTELXF,成都籽玥商贸有限公司,5242,体育用品及器材零售,体育用品 器材 零售,体育用品;器材;零售,体育用品,是,体育用品,0.95,direct,9,1
91510106MA6BHT456P,成都恬笛兵商贸部,5142,批发体育用品及器材,批发 体育用品 器材,体育用品;器材;批发,体育用品,是,体育用品,0.95,direct,9,1
915101066630347973,成都坤鑫游泳场服务有限公司,8921,游泳馆服务,游泳馆 服务,游泳馆;服务,游泳馆,是,体育场馆,0.95,direct,5,1
91510106MA6ATP0K70,成都单撰垭商贸部,5142,批发体育用品,批发 体育用品,体育用品;批发,体育用品,是,体育用品,0.95,direct,6,1
91510106MA6AGKA106,成都浏宕良商贸部,5142,体育器材批发,体育器材 批发,体育器材;批发,体育器材,是,体育用品,0.95,direct,6,1
91510106MA64PD169F,成都度况建商贸部,5142,体育用品批发,体育用品批发,体育用品批发,体育用品批发,是,体育用品,0.95,direct,6,1
91510106MAACHKPR3P,成都素匝君商贸部,5142,体育用品批发,体育用品批发,体育用品批发,体育用品批发,是,体育用品,0.95,direct,6,1
91510106MA64QFLK16,成都茂忡帆商贸部,5142,体育用品及器材批发,体育用品 器材 批发,体育用品;器材;批发,体育用品,是,体育用品,0.95,direct,9,1
91510106MA7ETJ3872,成都荀兴锆容商贸部,5142,体育用品及器材批发,体育用品 器材 批发,体育用品;器材;批发,体育用品,是,体育用品,0.95,direct,9,1
91510106MA65WQ7F57,成都务况珑商贸部,5142,批发体育用品,批发 体育用品,体育用品;批发,体育用品,是,体育用品,0.95,direct,6,1
91510106MA68JGP1XE,成都珑或飞商贸部,5142,批发体育用品,批发 体育用品,体育用品;批发,体育用品,是,体育用品,0.95,direct,6,1
91510106MA6AQL9W51,成都贡撰凯商贸部,5142,体育用品及器材批发,体育用品 器材 批发,体育用品;器材;批发,体育用品,是,体育用品,0.95,direct,9,1
91510106MAACH4NL80,成都映储呛商贸部,5142,体育用品批发,体育用品批发,体育用品批发,体育用品批发,是,体育用品,0.95,direct,6,1
91510106MA69K9720J,成都伟荚匝商贸部,5142,体育用品批发,体育用品批发,体育用品批发,体育用品批发,是,体育用品,0.95,direct,6,1
91510106MA64MQYU4A,成都伟萃帼商贸部,5142,体育用品及器材批发,体育用品 器材 批发,体育用品;器材;批发,体育用品,是,体育用品,0.95,direct,9,1
91510106MAACFME82Y,成都芹琉辉商贸部,5142,体育用品批发,体育用品批发,体育用品批发,体育用品批发,是,体育用品,0.95,direct,6,1
91510106MA6ARMF420,成都雪坎莲商贸部,5142,体育用品及器材批发,体育用品 器材 批发,体育用品;器材;批发,体育用品,是,体育用品,0.95,direct,9,1
91510106MAACFQ295T,成都四怀荣商贸部,5242,零售体育用品,零售 体育用品,体育用品;零售,体育用品,是,体育用品,0.95,direct,6,1
91510106MAACLK3L6H,成都光卞酣商贸部,5142,体育用品批发,体育用品批发,体育用品批发,体育用品批发,是,体育用品,0.95,direct,6,1
91510106MA63BCCW15,成都呦芒娟商贸部,5142,体育用品及器材批发,体育用品 器材 批发,体育用品;器材;批发,体育用品,是,体育用品,0.95,direct,9,1
91510106MAE8R9XG2H,成都奢瑞户外运动用品有限公司,5142,户外用品销售,户外用品 销售,户外用品;销售,,是,体育用品,0.75,direct,6,0
91510106MAEAYTDC7Q,成都多诺乐户外运动有限公司,8930,健身休闲活动,健身 休闲活动,休闲活动;健身,,是,健身休闲,0.75,direct,6,0
91510106MADB2AG27F,成都鸿志达体育文化推广有限公司,8911,体育赛事策划,体育 赛事策划,赛事策划;体育,赛事策划,是,体育赛事,0.95,direct,6,1
91510106MAE8MQJNXA,成都市梵音优品体育用品有限公司,5142,体育用品及器材批发,体育用品 器材 批发,体育用品;器材;批发,体育用品,是,体育用品,0.95,direct,9,1
91510106MAEA1CLQ64,洱然电子竞技体育赛事策划（四川）有限公司,8911,体育竞赛组织,体育竞赛 组织,体育竞赛;组织,体育竞赛,是,体育赛事,0.95,direct,6,1
91510106MA7JA8GPXM,成都梦之瑶体育文化传播有限公司,8911,文化、体育和娱乐业,文化 体育 娱乐业,娱乐业;体育;文化,,是,体育管理,0.75,direct,9,0
91510106MA7GBYNT0J,四川登峰鑫宇科技有限公司,8919,其他体育组织,其他 体育组织,体育组织;其他,体育组织,是,体育管理,0.95,direct,6,1
91510106MA6AN9WD7L,成都山谷里体育文化有限公司,8919,体育组织,体育组织,体育组织,体育组织,是,体育管理,0.95,direct,4,1
91510106MA663L6J09,成都久久创艺户外用品有限公司,5142,户外用品批发,户外用品 批发,户外用品;批发,,是,体育用品,0.75,direct,6,0
91510106MA68K3PU7Y,四川艺冠体育设施工程有限公司,4892,体育场地设施工程施工,体育场地设施 工程施工,体育场地设施;工程施工,体育场地设施,是,体育场馆,0.95,direct,10,1
91510106MA61X1BU7P,成都市品砚体育器材有限公司,5142,批发体育用品,批发 体育用品,体育用品;批发,体育用品,是,体育用品,0.95,direct,6,1
91510106MA64RFTM4B,四川羽若商贸有限公司,5242,体育用品零售,体育用品零售,体育用品零售,体育用品零售,是,体育用品,0.95,direct,6,1
915101067900306845,成都市盛大音响器材有限公司,5142,体育用品及器材批发,体育用品 器材 批发,体育用品;器材;批发,体育用品,是,体育用品,0.95,direct,9,1
91510106MA6CWGGGXX,四川小川足球俱乐部有限公司,5142,体育用品批发,体育用品批发,体育用品批发,体育用品批发,是,体育用品,0.95,direct,6,1
91510106MACP4ANL9J,成都市健成功伟体育文化发展有限公司,8911,体育竞赛组织,体育竞赛 组织,体育竞赛;组织,体育竞赛,是,体育赛事,0.95,direct,6,1
91510106MA6C5P9H0X,成都众星恒宇体育场馆管理有限公司,8921,体育场管理服务,体育场 管理 服务,体育场;服务;管理,体育场,是,体育场馆,0.95,direct,7,1
91510106MABXYTD8X7,成都柏羽体育文化发展有限责任公司,9052,体育赛事策划,体育 赛事策划,赛事策划;体育,赛事策划,是,体育赛事,0.6,none,6,1
91510106MA61RLFC79,成都博金冠体育文化传播有限公司,8921,体育场馆管理,体育场馆 管理,体育场馆;管理,体育场馆,是,体育场馆,0.95,direct,6,1
91510106MA66AJK15Q,成都好喜欢儿童用品有限公司,5142,体育用品及器材批发,体育用品 器材 批发,体育用品;器材;批发,体育用品,是,体育用品,0.95,direct,9,1
91510106MA7EEKDKXL,成都博旭户外用品有限公司,5142,户外用品批发,户外用品 批发,户外用品;批发,,是,体育用品,0.75,direct,6,0
91510106MA65X4C69X,成都三业体育设施有限公司,5142,体育用品及器材批发,体育用品 器材 批发,体育用品;器材;批发,体育用品,是,体育用品,0.95,direct,9,1
91510106MA7GWUAL6Q,成都鲲尚台商贸有限公司,5242,体育器材零售,体育器材 零售,体育器材;零售,体育器材,是,体育用品,0.95,direct,6,1
91510106MABUG5TT76,成都丸维屋家居饰品有限公司,5242,体育用品零售,体育用品零售,体育用品零售,体育用品零售,是,体育用品,0.95,direct,6,1
91510106MA6ADD9F3M,四川言力行体育文化传播有限公司,5142,体育器材批发,体育器材 批发,体育器材;批发,体育器材,是,体育用品,0.95,direct,6,1
91510106MACHYN0Y0L,四川具安建筑劳务有限公司,4991,体育场地设施安装,体育场地设施 安装,体育场地设施;安装,体育场地设施,是,体育场馆,0.6,none,8,1
91510106MA6CQKF00L,成都波谛贸易有限责任公司,5142,体育用品及器材批发,体育用品 器材 批发,体育用品;器材;批发,体育用品,是,体育用品,0.95,direct,9,1
91510106MA7ELL1D7U,成都星锐锋体育文化传播有限公司,8911,体育赛事策划,体育 赛事策划,赛事策划;体育,赛事策划,是,体育赛事,0.95,direct,6,1
91510106MAC8JE8U4D,成都邦红尼健身服务有限公司,5142,体育用品批发,体育用品批发,体育用品批发,体育用品批发,是,体育用品,0.95,direct,6,1
91510106MA61T8U50H,成都锐克达斯体育用品有限公司,5142,体育用品批发,体育用品批发,体育用品批发,体育用品批发,是,体育用品,0.95,direct,6,1
91510106MA7LDK784H,成都景盛丰源商贸有限公司,5142,体育用品及器材批发,体育用品 器材 批发,体育用品;器材;批发,体育用品,是,体育用品,0.95,direct,9,1
91510106MA65UYPX8D,成都市恒翼足球俱乐部有限公司,8911,体育竞赛组织,体育竞赛 组织,体育竞赛;组织,体育竞赛,是,体育赛事,0.95,direct,6,1
91510107052516172D,成都瑞科捷科技有限公司,5242,体育用品零售,体育用品零售,体育用品零售,体育用品零售,是,体育用品,0.95,direct,6,1
91510107MA6995F63H,四川恩宁韦特马术俱乐部有限公司,9052,马球运动赛事组织,马球 运动 赛事组织,赛事组织;马球;运动,赛事组织,是,体育赛事,0.6,none,8,1
91510107MAACK6PP5U,成都倩萌健身管理有限公司,8930,健身服务,健身服务,健身服务,健身服务,是,健身休闲,0.95,direct,4,1
91510107551066401G,成都三夫户外用品有限公司,5242,户外运动用品零售,户外运动 用品 零售,户外运动;用品;零售,户外运动,是,健身休闲,0.95,direct,8,1
91510107MAACG5L27W,成都市武侯区野萍果艺体培训学校有限公司,8392,体育舞蹈篮球培训,体育 舞蹈 篮球培训,篮球培训;体育;舞蹈,篮球培训,是,体育培训,0.95,direct,8,1
91510107587563258J,成都欧宏文化传播有限公司,5242,体育用品零售,体育用品零售,体育用品零售,体育用品零售,是,体育用品,0.95,direct,6,1
91510107MA61TJLH10,成都君武体育文化传播有限公司,8911,体育活动策划,体育 活动 策划,策划;体育;活动,,是,体育管理,0.75,direct,6,0
91510107MA6AK8R340,四川鹏体教育咨询有限公司,7122,体育用品租赁,体育用品 租赁,体育用品;租赁,体育用品,是,体育用品,0.6,none,6,1
915101073506285005,成都掷铁饼者科技有限公司,8911,体育赛事活动组织与管理,体育赛事 活动 组织 管理,体育赛事;组织;活动;管理,体育赛事,是,体育赛事,0.95,direct,11,1
91510107MA63DJP96Q,成都艾力绅体育文化传播有限公司,8921,体育场馆管理,体育场馆 管理,体育场馆;管理,体育场馆,是,体育场馆,0.95,direct,6,1
91510100746422509U,成都中华绝技艺术团,9052,武术绝技综合演出,武术 绝技 综合 演出,绝技;武术;演出;综合,武术,是,健身休闲,0.6,none,8,1
91510107MA7JXCCW8H,成都星际鼎航健身服务有限公司,8930,健身休闲活动,健身 休闲活动,休闲活动;健身,,是,健身休闲,0.75,direct,6,0
915101077978172954,成都丽阳户外营销有限公司,5142,户外用品批发,户外用品 批发,户外用品;批发,,是,体育用品,0.75,direct,6,0
91510107577384694G,成都恒康源科技有限公司,5142,体育器材批发,体育器材 批发,体育器材;批发,体育器材,是,体育用品,0.95,direct,6,1
91510107394628852J,成都锦诚亿科技有限公司,5142,体育用品批发,体育用品批发,体育用品批发,体育用品批发,是,体育用品,0.95,direct,6,1
91510107MACAFTHR8X,成都功夫之家文化传媒有限公司,8392,体校及体育培训,体校 体育培训,体育培训;体校,体育培训,是,体育培训,0.95,direct,7,1
91510107066950631B,成都立辰体育文化传播有限公司,8921,体育场管理及维护,体育场 管理 维护,体育场;维护;管理,体育场,是,体育场馆,0.95,direct,8,1
91510107MACBD9LC6K,四川遇尚礼科技有限公司,5142,体育用品及器材批发,体育用品 器材 批发,体育用品;器材;批发,体育用品,是,体育用品,0.95,direct,9,1
91510107MA61TB1W59,成都昊威体育文化传播有限公司,8911,策划各类体育赛事,策划 各类 体育赛事,体育赛事;策划;各类,体育赛事,是,体育赛事,0.95,direct,8,1
91510107MABMQPT28F,四川体育俱乐部有限公司,8911,体育赛事策划,体育 赛事策划,赛事策划;体育,赛事策划,是,体育赛事,0.95,direct,6,1
91510107MA6A5P950T,四川文渊盛合文化传媒有限公司,9052,体育服务,体育服务,体育服务,体育服务,是,体育管理,0.6,none,4,1
9151010756717305XH,四川卓文教学设备有限公司,5142,体育用品批发,体育用品批发,体育用品批发,体育用品批发,是,体育用品,0.95,direct,6,1
91510107MA61U55591,成都倍思博棒垒球运动有限公司,8930,棒垒球运动辅导,垒球 运动 辅导,垒球;辅导;运动,,是,健身休闲,0.75,direct,7,0
915101070525461950,成都途睿体育场馆管理有限公司,8921,体育场馆管理服务,体育场馆 管理 服务,体育场馆;服务;管理,体育场馆,是,体育场馆,0.95,direct,8,1
91510107MAACMA9J6N,四川天廷雁航空体育运动有限公司,7122,体育设备租赁服务,体育设备 租赁 服务,体育设备;租赁;服务,体育设备,是,体育用品,0.6,none,8,1
91510107MA6712A92C,成都高升青春之翼体育发展有限公司,8392,体育培训,体育培训,体育培训,体育培训,是,体育培训,0.95,direct,4,1
915101070549043716,四川齐伟业体育用品有限公司,4991,体育器材安装,体育器材 安装,体育器材;安装,体育器材,是,体育用品,0.6,none,6,1
91510107MABXDT7011,成都雅臻茶楼有限公司,8930,棋牌室服务,棋牌室 服务,棋牌室;服务,,是,健身休闲,0.75,direct,5,0
91510100MA7MHLTF70,四川勇骄科技有限公司,8911,体育赛事策划服务,体育 赛事策划 服务,赛事策划;体育;服务,赛事策划,是,体育赛事,0.95,direct,8,1
91510107MA62MD54XU,成都驴友行天下户外用品有限公司,5242,体育用品零售,体育用品零售,体育用品零售,体育用品零售,是,体育用品,0.95,direct,6,1
91510107MA6CG8QW55,四川卓孚体育文化发展有限公司,8911,体育竞赛组织,体育竞赛 组织,体育竞赛;组织,体育竞赛,是,体育赛事,0.95,direct,6,1
91510107MABXLK5G9J,成都红狼体育发展有限公司,8911,体育竞赛,体育竞赛,体育竞赛,体育竞赛,是,体育赛事,0.95,direct,4,1
91510107MA6CX82A5A,成都赛欢体育文化传播有限公司,8930,健身服务,健身服务,健身服务,健身服务,是,健身休闲,0.95,direct,4,1
91510100MA61R67Y5C,成都中体大健康体育文化传播有限公司,8911,体育竞赛组织,体育竞赛 组织,体育竞赛;组织,体育竞赛,是,体育赛事,0.95,direct,6,1
91510107095720384C,成都多康体育用品有限公司,5142,体育用品批发,体育用品批发,体育用品批发,体育用品批发,是,体育用品,0.95,direct,6,1
91510107MACW0GPY9A,四川龙速博耀体育科技有限公司,5242,体育用品零售,体育用品零售,体育用品零售,体育用品零售,是,体育用品,0.95,direct,6,1
91510107MA680YUH8W,成都市丽呈诺兰酒店有限公司,8930,棋牌服务,棋牌 服务,棋牌;服务,,是,健身休闲,0.75,direct,4,0
91510107MA69HTG262,四川恒众合力建筑劳务有限公司,4892,绿道施工,绿道 施工,绿道;施工,,是,体育场馆,0.75,direct,4,0
91510107MACUTX3A5C,四川三入茶山餐饮管理有限公司,8930,棋牌室服务,棋牌室 服务,棋牌室;服务,,是,健身休闲,0.75,direct,5,0
91510107MACK28KW90,四川风云冰雪体育文化发展有限责任公司,8930,滑冰运动,滑冰 运动,滑冰;运动,滑冰,是,健身休闲,0.95,direct,4,1
91510107MA66YEDW1J,四川艾动星体育文化发展有限公司,8392,信息技术咨询服务,信息技术 咨询服务,咨询服务;信息技术,,是,体育培训,0.75,direct,8,0
91510107MA6CAME88G,成都清思体育文化传播有限公司,8999,体育文化传播,体育文化 传播,体育文化;传播,体育文化,是,体育管理,0.6,none,6,1
91510107MA6AQU7H48,成都乐智体文化传播有限公司,9052,体育赛事表演服务,体育赛事 表演 服务,体育赛事;表演;服务,体育赛事,是,体育赛事,0.6,none,8,1
91510107MA6D02937P,四川省满天星体育发展有限公司,9052,体育表演服务,体育表演 服务,体育表演;服务,体育表演,是,体育赛事,0.6,none,6,1
91510107MA68LUXD89,四川腾丰羽体育用品有限公司,5242,体育用品零售,体育用品零售,体育用品零售,体育用品零售,是,体育用品,0.95,direct,6,1
91510107MAC70MUP0U,成都恩尧商贸有限公司,5142,玩具动漫及游艺用品零售,玩具 动漫 游艺 用品 零售,游艺;动漫;用品;玩具;零售,,是,体育用品,0.75,direct,11,0
91510107MA6DFN6D9U,成都制胜往前体育文化传播有限责任公司,8921,体育场馆管理,体育场馆 管理,体育场馆;管理,体育场馆,是,体育场馆,0.95,direct,6,1
91510107MA69WPAB2C,四川蓝康健身服务有限公司,8930,健身休闲活动,健身 休闲活动,休闲活动;健身,,是,健身休闲,0.75,direct,6,0
915101077686039763,成都宇瀚体育用品有限公司,5242,体育用品及器材零售,体育用品 器材 零售,体育用品;器材;零售,体育用品,是,体育用品,0.95,direct,9,1
915101070624309895,成都乒搏体育用品有限公司,5242,体育用品及器材零售,体育用品 器材 零售,体育用品;器材;零售,体育用品,是,体育用品,0.95,direct,9,1
91510107MA6CBJDH2K,四川世博德体育设施工程有限公司,4892,体育场地设施工程施工,体育场地设施 工程施工,体育场地设施;工程施工,体育场地设施,是,体育场馆,0.95,direct,10,1
91510107765099209C,四川新辰体育文化有限公司,8930,体育健身服务,体育 健身服务,健身服务;体育,健身服务,是,健身休闲,0.95,direct,6,1
91510107MA6CEU3Q90,成都欢鸿腾体育文化传播有限公司,5242,体育用品及器械零售,体育用品 器械 零售,体育用品;器械;零售,体育用品,是,体育用品,0.95,direct,9,1
91510107MA6CH9RAXH,四川菲瑞克小飞人文化传播有限公司,8392,体育培训,体育培训,体育培训,体育培训,是,体育培训,0.95,direct,4,1
91510107MA6CBDBR5M,成都锐森文化传播有限公司,9052,体育赛事策划服务,体育 赛事策划 服务,赛事策划;体育;服务,赛事策划,是,体育赛事,0.6,none,8,1
91510107MAC25CDB32,成都荣冠诚美体育用品有限公司,5242,体育用品及器材批发,体育用品 器材 批发,体育用品;器材;批发,体育用品,是,体育用品,0.95,direct,9,1
91510107MA6BRYL872,成都隆创友邦建设工程有限公司,4892,体育场地设施工程施工,体育场地设施 工程施工,体育场地设施;工程施工,体育场地设施,是,体育场馆,0.95,direct,10,1
91510107MABP4WTQ6E,成都卷卷体育俱乐部有限公司,8911,体育竞赛组织,体育竞赛 组织,体育竞赛;组织,体育竞赛,是,体育赛事,0.95,direct,6,1
91510107MA6DE2TF97,成都滔凡体育文化传播有限公司,9052,体育赛事策划,体育 赛事策划,赛事策划;体育,赛事策划,是,体育赛事,0.6,none,6,1
91510107MA6B3B2Y5Q,四川洪飞杨体育文化发展有限公司,8919,其他体育组织,其他 体育组织,体育组织;其他,体育组织,是,体育管理,0.95,direct,6,1
91510107MABWDQ2M06,成都嘉动力体育文化传播有限公司,8392,体育培训,体育培训,体育培训,体育培训,是,体育培训,0.95,direct,4,1
91510107MAACHPL00Y,四川天际瑞博科技有限公司,5242,运动器材零售,运动器材 零售,运动器材;零售,运动器材,是,体育用品,0.95,direct,6,1
91510107MAC8QU2B2F,成都宏通雨洋进出口贸易有限公司,5242,体育用品及器材零售,体育用品 器材 零售,体育用品;器材;零售,体育用品,是,体育用品,0.95,direct,9,1
91510107MA6CY47F2D,成都奥创体育文化传播有限公司,5142,体育用品及器材批发,体育用品 器材 批发,体育用品;器材;批发,体育用品,是,体育用品,0.95,direct,9,1
91510107MA6AD33B5U,四川明田源建筑工程有限公司,4892,体育场地设施工程施工,体育场地设施 工程施工,体育场地设施;工程施工,体育场地设施,是,体育场馆,0.95,direct,10,1
91510107MA6CDG1N88,成都燊源鑫达商贸有限公司,5242,体育用品及器材零售,体育用品 器材 零售,体育用品;器材;零售,体育用品,是,体育用品,0.95,direct,9,1
91510107MA66Y5N17B,四川邺生建筑工程有限公司,4892,体育场地工程施工,体育场地 工程施工,体育场地;工程施工,体育场地,是,体育场馆,0.95,direct,8,1
91510107MA69FK4P25,成都一路驴行户外运动有限公司,8930,户外运动,户外运动,户外运动,户外运动,是,健身休闲,0.95,direct,4,1
91510107MA7JP4L592,成都冲搏体育文化发展有限公司,8392,体育培训,体育培训,体育培训,体育培训,是,体育培训,0.95,direct,4,1
91510107MAC8Q4NF8H,四川飞派健身器材有限公司,5242,体育用品及器材零售,体育用品 器材 零售,体育用品;器材;零售,体育用品,是,体育用品,0.95,direct,9,1
91510107MA6985NU5D,四川鑫雄起体育产业发展有限公司,8911,体育赛事组织策划服务,体育赛事 组织 策划 服务,体育赛事;策划;服务;组织,体育赛事,是,体育赛事,0.95,direct,10,1
9151010776864994XH,成都美又佳文化体育用品有限公司,5242,零售文化体育用品,零售 文化 体育用品,体育用品;零售;文化,体育用品,是,体育用品,0.95,direct,8,1
91510107MA61W70L4T,成都恒淼贸易有限公司,5142,体育用品及器材批发,体育用品 器材 批发,体育用品;器材;批发,体育用品,是,体育用品,0.95,direct,9,1
91510107MAC5764K7F,四川天皓康体体育设施有限公司,5242,体育用品零售,体育用品零售,体育用品零售,体育用品零售,是,体育用品,0.95,direct,6,1
91510107MA61WBMM3W,成都七彩祥云文化传媒有限责任公司,8930,户外活动拓展训练,户外活动 拓展 训练,户外活动;拓展;训练,,是,健身休闲,0.75,direct,8,0
91510100MA6CQ2ER6R,四川普罗修斯体育文化传播有限公司,8911,组织策划体育活动,组织 策划 体育 活动,策划;体育;组织;活动,,是,体育管理,0.75,direct,8,0
915101076630407161,成都美佳佳体育用品有限公司,5242,体育用品零售,体育用品零售,体育用品零售,体育用品零售,是,体育用品,0.95,direct,6,1
91510107MA6BP62Q6C,成都豪伦乒乓球俱乐部有限公司,8392,乒乓培训,乒乓 培训,乒乓;培训,,是,体育培训,0.75,direct,4,0
9151010775283506XR,四川成都联诚体育健身有限公司,8912,体育管理服务,体育管理 服务,体育管理;服务,体育管理,是,体育管理,0.95,direct,6,1
91510107MA6639370U,四川奕融盛建设工程有限公司,4892,体育场地设施工程施工,体育场地设施 工程施工,体育场地设施;工程施工,体育场地设施,是,体育场馆,0.95,direct,10,1
9151010576860141XC,成都第三力量训练技术有限公司,8392,户外培训,户外 培训,户外;培训,,是,体育培训,0.75,direct,4,0
91510107MA69LXB43B,成都至高点户外运动有限公司,8930,健身休闲活动,健身 休闲活动,休闲活动;健身,,是,健身休闲,0.75,direct,6,0
91510106062426680D,成都洪兴教育咨询有限公司,8392,体育教育服务,体育教育 服务,体育教育;服务,体育教育,是,体育培训,0.95,direct,6,1
91510100MA6AMT8G8M,成都精兵商贸有限公司,8930,团建活动策划,团建 活动 策划,团建;策划;活动,,是,健身休闲,0.75,direct,6,0
91510107MA6CW7MU82,成都鼎傲汇健身服务有限公司,8930,健身服务,健身服务,健身服务,健身服务,是,健身休闲,0.95,direct,4,1
91510107MA61WG4TX6,四川集成社体育文化传播有限公司,5242,体育用品零售,体育用品零售,体育用品零售,体育用品零售,是,体育用品,0.95,direct,6,1
91510107343055652Q,成都众和晨康体育用品有限责任公司,5242,体育用品零售,体育用品零售,体育用品零售,体育用品零售,是,体育用品,0.95,direct,6,1
91510107MA69FQD1X9,成都疾风星辰羽毛球俱乐部有限公司,5242,体育用品零售,体育用品零售,体育用品零售,体育用品零售,是,体育用品,0.95,direct,6,1
91510107343103554N,成都集成康力体育用品有限责任公司,5242,体育用品零售,体育用品零售,体育用品零售,体育用品零售,是,体育用品,0.95,direct,6,1
91510107MAACFE6P9J,四川冠驰舞林体育俱乐部有限公司,8930,体育俱乐部服务,体育俱乐部 服务,体育俱乐部;服务,体育俱乐部,是,体育管理,0.95,direct,7,1
91510107MA6C76PU8K,成都凯途高山户外运动有限责任公司,8919,户外技术服务,户外 技术 服务,户外;服务;技术,,是,体育管理,0.75,direct,6,0
91510107MA64H6F81M,成都构思特健身有限责任公司,8930,健身娱乐活动,健身 娱乐活动,娱乐活动;健身,,是,健身休闲,0.75,direct,6,0
91510106MA6B8NEG43,成都霓呀霓雅文化传播有限公司,8930,组织健身休闲活动,组织 健身 休闲活动,休闲活动;健身;组织,,是,健身休闲,0.75,direct,8,0
91510107MA6AC5Y37R,成都嘉翔体育文化传播有限公司,8930,健身服务,健身服务,健身服务,健身服务,是,健身休闲,0.95,direct,4,1
91510104MA68DJ7532,成都造梦番文化艺术有限公司,8930,健身休闲活动,健身 休闲活动,休闲活动;健身,,是,健身休闲,0.75,direct,6,0
91510107MA69PXRC27,成都跃达体育健身有限公司,8930,体育用品健身服务,体育用品 健身服务,健身服务;体育用品,体育用品;健身服务,是,体育用品,0.95,direct,8,2
91510107MACBWRGL0A,四川泓旭汇体育用品有限公司,5242,体育用品零售,体育用品零售,体育用品零售,体育用品零售,是,体育用品,0.95,direct,6,1
91510107MA68MB5X7J,成都飞人舞夫体育文化传播有限责任公司,5142,体育用品批发,体育用品批发,体育用品批发,体育用品批发,是,体育用品,0.95,direct,6,1
91510107MAC7FLFE4P,四川安体致远实业有限公司,8392,体育赛事培训,体育赛事 培训,体育赛事;培训,体育赛事,是,体育赛事,0.95,direct,6,1
91510107MA6ALQBD9M,四川淼沐杰游泳健身服务有限公司,8921,游泳馆,游泳馆,游泳馆,游泳馆,是,体育场馆,0.95,direct,3,1
91510107MA67K9LH05,四川平云通用航空服务有限公司,8930,热汽球动力伞飞行,汽球 动力伞 飞行,汽球;动力伞;飞行,,是,健身休闲,0.75,direct,8,0
91510107MA7CQXJ62Y,四川星耀优华体育科技有限公司,7246,体育咨询,体育咨询,体育咨询,体育咨询,是,体育管理,0.6,none,4,1
91510107582603302M,成都道佳科技有限公司,5142,体育用品批发,体育用品批发,体育用品批发,体育用品批发,是,体育用品,0.95,direct,6,1
91510107MA6C9NC58H,成都欣轻扬健身服务有限公司,8930,健身服务,健身服务,健身服务,健身服务,是,健身休闲,0.95,direct,4,1
91510107584986343L,中外天地电竞联赛有限公司,8911,游戏竞赛活动策划服务,游戏 竞赛活动 策划 服务,竞赛活动;策划;游戏;服务,,是,体育管理,0.75,direct,10,0
91510100MA6CN6TQ8G,四川砺剑拓展训练服务有限公司,8930,拓展训练服务,拓展 训练 服务,拓展;训练;服务,,是,健身休闲,0.75,direct,6,0
91510107MAACFP9R47,四川英华莱恩文化发展有限公司,5242,体育用品零售,体育用品零售,体育用品零售,体育用品零售,是,体育用品,0.95,direct,6,1
91510107MA6CCAX01P,成都悦来悦健身服务有限公司,8930,私教健身,私教 健身,私教;健身,,是,健身休闲,0.75,direct,4,0
91510104MA6AHJBG25,成都极音音游文化传播有限公司,8930,健身休闲活动,健身 休闲活动,休闲活动;健身,,是,健身休闲,0.75,direct,6,0
91510107MA6B1AJT95,成都马一鸣体育文化传播有限公司,8392,拳击培训,拳击 培训,拳击;培训,,是,体育培训,0.75,direct,4,0
91510000553475743Q,四川普罗帝泳池浴室设备安装有限公司,5242,泳池浴室设备零售,泳池 浴室 设备 零售,泳池;浴室;零售;设备,,是,体育用品,0.75,direct,8,0
91510107MA6CYRFT0P,成都飞炫科技有限公司,5142,体育用品及器材批发,体育用品 器材 批发,体育用品;器材;批发,体育用品,是,体育用品,0.95,direct,9,1
91510107MA61X8HW06,成都鑫宏宇体育场馆设施工程有限公司,5142,体育用品批发,体育用品批发,体育用品批发,体育用品批发,是,体育用品,0.95,direct,6,1
91510107MA69HTKL7Q,四川韦艾斯健身服务有限公司,8930,健身服务,健身服务,健身服务,健身服务,是,健身休闲,0.95,direct,4,1
91510100332030652P,四川伯斯特赤龙体育设施有限公司,5242,零售体育器材,零售 体育器材,体育器材;零售,体育器材,是,体育用品,0.95,direct,6,1
91510107MA62CBUY42,四川尚戈体育发展有限公司,8930,健身服务,健身服务,健身服务,健身服务,是,健身休闲,0.95,direct,4,1
91510107MA68FEGE16,四川丰报未来文化传播有限公司,8392,少儿体能培训,少儿体能 培训,少儿体能;培训,少儿体能,是,体育培训,0.95,direct,6,1
91510107MA69YBX365,成都好时健乐会健身服务有限公司,8930,健身服务,健身服务,健身服务,健身服务,是,健身休闲,0.95,direct,4,1
91510105396002589F,成都孚瑞鑫泰科技有限公司,5242,体育用品零售,体育用品零售,体育用品零售,体育用品零售,是,体育用品,0.95,direct,6,1
91510107MABNCUN79K,成都嘉信同恒文化传播有限公司,8919,组织文化艺术交流活动,组织 文化 艺术交流 活动,艺术交流;文化;组织;活动,,是,体育管理,0.75,direct,10,0
91510107577351251F,成都创融达科技有限公司,2449,生产钓鱼用具,生产 钓鱼用具,钓鱼用具;生产,,是,体育用品,0.75,direct,6,0
91510107MA6AQNDC2T,成都原力熊健身有限公司,8930,健身服务,健身服务,健身服务,健身服务,是,健身休闲,0.95,direct,4,1
91510107MA6CGMFD8R,成都中印丁丁瑜伽有限公司,8930,瑜伽健身服务,瑜伽 健身服务,健身服务;瑜伽,瑜伽;健身服务,是,健身休闲,0.95,direct,6,2
91510107350514554F,成都未来之星网球俱乐部,8392,网球培训服务,网球培训 服务,网球培训;服务,网球培训,是,体育培训,0.95,direct,6,1
91510107MAC3RC9T6H,四川巴巴适适体育设施有限公司,4892,体育场地设施工程施工,体育场地设施 工程施工,体育场地设施;工程施工,体育场地设施,是,体育场馆,0.95,direct,10,1
91510107MA6AKU358T,成都浪池游泳服务有限公司,8921,经营游泳池,经营 游泳池,游泳池;经营,游泳池,是,健身休闲,0.95,direct,5,1
9151010479781991X1,成都红红火火科技有限公司,5242,销售体育用品体育用品维修咨询服务,销售 体育用品 体育用品 维修 咨询服务,体育用品;咨询服务;维修;销售,体育用品,是,体育用品,0.95,direct,16,1
91510100MA6CX2Y27N,金衫贸易（成都）有限公司,5242,体育用品零售,体育用品零售,体育用品零售,体育用品零售,是,体育用品,0.95,direct,6,1
91510107MA68NB991R,成都市能量跳动健身服务有限公司,8930,健身服务,健身服务,健身服务,健身服务,是,健身休闲,0.95,direct,4,1
91510107MAC35UDJ9T,成都佳俊星体育文化传播有限公司,8911,体育竞赛组织,体育竞赛 组织,体育竞赛;组织,体育竞赛,是,体育赛事,0.95,direct,6,1
91510107321551751T,成都惊鲵潜水设备有限公司,5242,潜水设备零售,潜水 设备 零售,潜水;零售;设备,潜水,是,健身休闲,0.95,direct,6,1
91510107MA6CTXJQ0L,四川爱虹体育文化传播有限公司,5242,体育用品零售,体育用品零售,体育用品零售,体育用品零售,是,体育用品,0.95,direct,6,1
91510100MA63BCGEXD,成都聚源宝川商贸有限责任公司,8930,健身服务,健身服务,健身服务,健身服务,是,健身休闲,0.95,direct,4,1
91510107MA7EG4YU2B,成都布潭儿体育文化推广有限公司,8392,少儿蓝球培训,少儿 蓝球 培训,蓝球;少儿;培训,,是,体育培训,0.75,direct,6,0
91510107MA65LT970R,四川省远正体育文化发展有限公司,8392,体育培训,体育培训,体育培训,体育培训,是,体育培训,0.95,direct,4,1
91510107696269787R,成都深行户外运动有限公司,9052,体育赛事组织,体育赛事 组织,体育赛事;组织,体育赛事,是,体育赛事,0.6,none,6,1
91510100MA69DX787R,四川慧辰体育文化传播有限责任公司,8921,体育场馆管理,体育场馆 管理,体育场馆;管理,体育场馆,是,体育场馆,0.95,direct,6,1
91510107669651980L,成都谢菲联投资有限责任公司,8911,足球俱乐部服务,足球 俱乐部 服务,足球;俱乐部;服务,足球,是,体育用品,0.95,direct,7,1
91510107MA69HKJ988,四川普煦体育文化发展有限公司,8930,普拉提瑜伽服务,普拉提 瑜伽 服务,普拉提;瑜伽;服务,普拉提;瑜伽,是,健身休闲,0.95,direct,7,2
91510107062410902P,成都蓉德茶府有限公司,8930,健身休闲活动,健身 休闲活动,休闲活动;健身,,是,健身休闲,0.75,direct,6,0
91510107MACKH15C2U,成都天下齐文体育发展有限公司,8930,匹克球推广服务,匹克球 推广 服务,匹克球;推广;服务,,是,健身休闲,0.75,direct,7,0
91510107MAC2HM7G9M,成都山隹户外文化传媒有限公司,5242,户外用品零售,户外用品 零售,户外用品;零售,,是,体育用品,0.75,direct,6,0
91510107MA7FK0LA8G,成都义伯尼健身服务有限公司,8930,健身休闲活动,健身 休闲活动,休闲活动;健身,,是,健身休闲,0.75,direct,6,0
91510000MA61Y0004Q,世民四川足球俱乐部有限公司,8911,体育赛事策划,体育 赛事策划,赛事策划;体育,赛事策划,是,体育赛事,0.95,direct,6,1
91510107MACLLNQ359,四川利顺体育文化发展有限公司,8911,体育竞赛组织,体育竞赛 组织,体育竞赛;组织,体育竞赛,是,体育赛事,0.95,direct,6,1
91510107MABLT2U78F,四川省中科启航户外拓展有限责任公司,8930,健身休闲活动,健身 休闲活动,休闲活动;健身,,是,健身休闲,0.75,direct,6,0
91510107MAC1Y3HX13,成都燚万体育发展有限责任公司,8930,健身服务,健身服务,健身服务,健身服务,是,健身休闲,0.95,direct,4,1
91510107MA7HB16652,成都极麟体育文化发展有限公司,8392,体育培训,体育培训,体育培训,体育培训,是,体育培训,0.95,direct,4,1
91510107MABMTDMJ6L,成都鑫宏未来体育俱乐部有限公司,9052,体育赛事策划,体育 赛事策划,赛事策划;体育,赛事策划,是,体育赛事,0.6,none,6,1
91510107MA63EU0H8D,成都超玥且思教育科技有限公司,8392,棋类训练,棋类 训练,棋类;训练,,是,体育培训,0.75,direct,4,0
91510107MACL7NJH9D,成都楠仟煜电子商务工作室,5242,体育用品及器材零售,体育用品 器材 零售,体育用品;器材;零售,体育用品,是,体育用品,0.95,direct,9,1
91510107MA6C9MQDXP,成都道合亦禅体育文化传播有限公司,8392,体育培训,体育培训,体育培训,体育培训,是,体育培训,0.95,direct,4,1
91510107MABRJKGH0C,四川寰球拓海体育文化发展有限公司,8919,体育文化组织,体育文化 组织,体育文化;组织,体育文化,是,体育管理,0.95,direct,6,1
91510107MA62EP9M1F,成都优加瑜伽健身有限公司,8930,健身休闲活动,健身 休闲活动,休闲活动;健身,,是,健身休闲,0.75,direct,6,0
91510107MA7GYUXQ4G,成都佰仕偈体育用品有限公司,5242,体育用品及器材零售,体育用品 器材 零售,体育用品;器材;零售,体育用品,是,体育用品,0.95,direct,9,1
91510107MAACNBNB8E,四川奥雅体育文化传播有限责任公司,8930,台球服务,台球 服务,台球;服务,台球,是,健身休闲,0.95,direct,4,1
91510100MACLWCU06T,四川艾弗温尼体育发展有限公司,8911,体育赛事策划,体育 赛事策划,赛事策划;体育,赛事策划,是,体育赛事,0.95,direct,6,1
91510107MAD0Q2W1X9,四川有家斜杠体育文化传播有限公司,8930,休闲健身活动,休闲 健身活动,健身活动;休闲,,是,健身休闲,0.75,direct,6,0
91510107064321188X,成都征程户外运动有限公司,8930,户外活动策划,户外活动 策划,户外活动;策划,,是,健身休闲,0.75,direct,6,0
91510107MABP2LN8X5,成都市悟同健身服务有限公司,8930,健身休闲活动,健身 休闲活动,休闲活动;健身,,是,健身休闲,0.75,direct,6,0
91510107MAC1NU832P,成都天益氧体育文化传播有限责任公司,8921,体育场馆管理,体育场馆 管理,体育场馆;管理,体育场馆,是,体育场馆,0.95,direct,6,1
91510107MA68B9L11C,成都九六健身有限公司,8930,健身服务,健身服务,健身服务,健身服务,是,健身休闲,0.95,direct,4,1
91510107MACK9EGY43,四川省奕乐连昇户外运动有限公司,8930,健身休闲活动,健身 休闲活动,休闲活动;健身,,是,健身休闲,0.75,direct,6,0
91510107MACDHT3M1U,成都龙麦健身服务有限公司,8930,健身服务,健身服务,健身服务,健身服务,是,健身休闲,0.95,direct,4,1
915101070806269934,成都欢腾教育咨询有限公司,8392,0-6岁游泳培训,游泳培训,游泳培训,游泳培训,是,体育培训,0.95,direct,8,1
91510107MA6BHABX89,成都市运之星健身服务有限公司,8930,健身服务,健身服务,健身服务,健身服务,是,健身休闲,0.95,direct,4,1
91510107MA6CA0UX4U,四川果思路体育运动有限公司,8911,体育赛事策划,体育 赛事策划,赛事策划;体育,赛事策划,是,体育赛事,0.95,direct,6,1
91510100MA61R0FK53,四川鑫启源体育场馆管理有限公司,8921,体育场馆管理,体育场馆 管理,体育场馆;管理,体育场馆,是,体育场馆,0.95,direct,6,1
9151010769888162XK,成都邦峻商贸有限公司,5242,体育用品零售,体育用品零售,体育用品零售,体育用品零售,是,体育用品,0.95,direct,6,1
91510107MACF9JGF8J,成都瀚海奇门健身服务有限公司,8930,室内健身服务,室内 健身服务,健身服务;室内,健身服务,是,健身休闲,0.95,direct,6,1
91510107MACH3AWL39,成都泰谱运康生命健康科技有限公司,8992,运动康复服务,运动康复 服务,运动康复;服务,运动康复,是,健身休闲,0.6,none,6,1
91510107MAC4C5BNXB,四川麦田晨曦商业管理有限公司,8930,健身服务,健身服务,健身服务,健身服务,是,健身休闲,0.95,direct,4,1
91510107MA69JBH67A,成都驰胜体育文化推广有限公司,8921,体育场馆服务,体育场馆 服务,体育场馆;服务,体育场馆,是,体育场馆,0.95,direct,6,1
91510107MABTC5XM2F,成都满球体育文化传播有限公司,9052,体育赛事策划服务,体育 赛事策划 服务,赛事策划;体育;服务,赛事策划,是,体育赛事,0.6,none,8,1
91510107MABQF5671D,四川无界领域文化发展有限公司,9052,体育赛事策划,体育 赛事策划,赛事策划;体育,赛事策划,是,体育赛事,0.6,none,6,1
91510107MA6DG3D59R,成都一心臻健康管理有限公司,8930,瑜珈健身服务,瑜珈 健身服务,瑜珈;健身服务,健身服务,是,健身休闲,0.95,direct,6,1
91510107MA69GQAJ31,成都木本缘健身服务有限公司,8930,瑜伽健身经营,瑜伽 健身 经营,瑜伽;健身;经营,瑜伽,是,健身休闲,0.95,direct,6,1
91510107MAD45D4P7A,成都猴哥茶楼有限公司,8930,棋牌室服务,棋牌室 服务,棋牌室;服务,,是,健身休闲,0.75,direct,5,0
91510107MAC1PHD13L,四川御风体育文化发展有限公司,5242,体育用品及器材零售,体育用品 器材 零售,体育用品;器材;零售,体育用品,是,体育用品,0.95,direct,9,1
915101056962658158,成都新凌云体育培训有限公司,8392,体育技能培训,体育 技能 培训,技能;体育;培训,,是,体育培训,0.75,direct,6,0
91510107MA7M437P98,成都文阳众源体育器材有限公司,7122,体育器材租赁,体育器材 租赁,体育器材;租赁,体育器材,是,体育用品,0.6,none,6,1
91510107MA652KCQ74,成都粉兔体育文化传播有限公司,8930,健身服务,健身服务,健身服务,健身服务,是,健身休闲,0.95,direct,4,1
91510107MA61XX623X,成都理想主义商贸有限公司,5142,体育用品批发,体育用品批发,体育用品批发,体育用品批发,是,体育用品,0.95,direct,6,1
91510107MA6CR4CG4A,成都目的地健身俱乐部有限公司,8930,健身锻炼服务,健身 锻炼 服务,健身;锻炼;服务,,是,健身休闲,0.75,direct,6,0
91510107MAC0N4MJ02,四川金钩体育文化发展有限公司,5242,体育产品零售,体育 产品 零售,体育;零售;产品,,是,体育用品,0.75,direct,6,0
91510107MAACMYL02N,成都米罗健身服务有限公司,8930,健身服务,健身服务,健身服务,健身服务,是,健身休闲,0.95,direct,4,1
91510107MACM109D88,成都野阔体育用品有限责任公司,5242,体育用品零售,体育用品零售,体育用品零售,体育用品零售,是,体育用品,0.95,direct,6,1
91510107MA6DE54G6P,成都光合健康管理有限公司,8921,体育场管理,体育场 管理,体育场;管理,体育场,是,体育场馆,0.95,direct,5,1
91510107MA69GE3Q37,成都里高体育经纪有限公司,9052,体育赛事活动策划服务,体育赛事 活动 策划 服务,体育赛事;策划;服务;活动,体育赛事,是,体育赛事,0.6,none,10,1
91510107MA7LJQ353X,成都骑星文化传播有限公司,8930,骑术服务,骑术 服务,骑术;服务,,是,健身休闲,0.75,direct,4,0
91510107MA7G5KCH14,成都瑞得轩商贸有限公司,5142,批发户外运动装备,批发 户外运动 装备,户外运动;批发;装备,户外运动,是,健身休闲,0.95,direct,8,1
91510107MAC1ECPU3E,成都程欣体育文化传播有限公司,8911,体育竞赛组织,体育竞赛 组织,体育竞赛;组织,体育竞赛,是,体育赛事,0.95,direct,6,1
91510107MA68K6LG5G,四川省医美体育俱乐部有限公司,8911,体育赛事组织,体育赛事 组织,体育赛事;组织,体育赛事,是,体育赛事,0.95,direct,6,1
91510107MA7HX4MD26,成都安得天健体育科技有限公司,8930,健身服务,健身服务,健身服务,健身服务,是,健身休闲,0.95,direct,4,1
91510107MA66AFRR10,成都迈盛众勃体育设施有限公司,5142,运动器材批发,运动器材 批发,运动器材;批发,运动器材,是,体育用品,0.95,direct,6,1
91510107MA61UKJR9L,成都拾汐瑜伽有限公司,8930,瑜伽健身服务,瑜伽 健身服务,健身服务;瑜伽,瑜伽;健身服务,是,健身休闲,0.95,direct,6,2
91510107MA61RAR13G,成都兴迈通商贸有限公司,5142,体育用品批发,体育用品批发,体育用品批发,体育用品批发,是,体育用品,0.95,direct,6,1
91510107MAD5ENEK78,成都简练体育文化传播有限公司,8930,健身服务,健身服务,健身服务,健身服务,是,健身休闲,0.95,direct,4,1
91510107MA6DH4775C,四川极潜户外运动有限公司,7122,体育用品设备出租,体育用品 设备 出租,体育用品;出租;设备,体育用品,是,体育用品,0.6,none,8,1
91510107MABYYC0572,成都鑫恩体育用品有限公司,5242,体育用品零售,体育用品零售,体育用品零售,体育用品零售,是,体育用品,0.95,direct,6,1
91510100MA6CALMQ3W,四川旅投体育文化传播有限公司,7246,体育咨询,体育咨询,体育咨询,体育咨询,是,体育管理,0.6,none,4,1
91510107MA62MUXJ7K,成都大川会务服务有限公司,8930,户外活动组织策划,户外活动 组织 策划,户外活动;策划;组织,,是,健身休闲,0.75,direct,8,0
91510107MACJF9QR9J,成都康鸿贵运电子商务有限公司,5242,互联网销售,互联网 销售,互联网;销售,,是,体育用品,0.75,direct,5,0
91510107MA6CJKML97,成都棒球帽健身服务有限公司,8930,信息咨询服务,信息 咨询服务,咨询服务;信息,,是,健身休闲,0.75,direct,6,0
91510107MA687KH14X,四川魔瘦麦吉克体育管理有限公司,8911,体育赛事活动组织,体育赛事 活动 组织,体育赛事;组织;活动,体育赛事,是,体育赛事,0.95,direct,8,1
91510107MA64LLX03F,四川渝鸿福记餐饮管理有限公司,8930,健身休闲服务,健身 休闲 服务,健身;休闲;服务,,是,健身休闲,0.75,direct,6,0
91510107MA6B9A7H88,成都仁武形体育文化有限公司,5142,体育用品批发,体育用品批发,体育用品批发,体育用品批发,是,体育用品,0.95,direct,6,1
91510107MA61TCHT59,成都滔思翌体育文化传播有限公司,8921,体育场馆经营管理活动,体育场馆 经营 管理 活动,体育场馆;经营;活动;管理,体育场馆,是,体育场馆,0.95,direct,10,1
91510107080614829K,成都匠王德利缘商贸有限公司,5142,体育用品批发,体育用品批发,体育用品批发,体育用品批发,是,体育用品,0.95,direct,6,1
91510107MAC7Q9140P,四川左图右书图书有限公司,5242,体育用品及器材零售,体育用品 器材 零售,体育用品;器材;零售,体育用品,是,体育用品,0.95,direct,9,1
91510107MA63H9MQ08,成都拳星狮门体育文化传播有限公司,9052,体育赛事策划,体育 赛事策划,赛事策划;体育,赛事策划,是,体育赛事,0.6,none,6,1
91510107MAC2H09R1R,四川路索体育文化发展有限公司,8912,体育保障组织,体育 保障 组织,体育;保障;组织,,是,体育管理,0.75,direct,6,0
91510100MA647PKB54,成都动乐康品牌管理有限公司,7246,体育咨询,体育咨询,体育咨询,体育咨询,是,体育管理,0.6,none,4,1
92510107MA6D6D892K,成都梦舞蝶娱乐有限公司,8930,健身休闲活动,健身 休闲活动,休闲活动;健身,,是,健身休闲,0.75,direct,6,0
91510107MABW37M52F,四川动络星体育赛事策划有限公司,9052,体育赛事策划,体育 赛事策划,赛事策划;体育,赛事策划,是,体育赛事,0.6,none,6,1
91510107MABYKXT959,成都梧淯文化传播有限公司,5242,体育用品零售,体育用品零售,体育用品零售,体育用品零售,是,体育用品,0.95,direct,6,1
91510107MACHG33P3G,四川雪怪户外运动有限公司,8930,健身休闲服务,健身 休闲 服务,健身;休闲;服务,,是,健身休闲,0.75,direct,6,0
91510107MA6ARRW44B,四川争先体育设施工程有限公司,4892,体育场地工程施工,体育场地 工程施工,体育场地;工程施工,体育场地,是,体育场馆,0.95,direct,8,1
91510107MAC7J3LHX1,四川智慧锦城体育发展有限公司,9052,体育竞赛组织,体育竞赛 组织,体育竞赛;组织,体育竞赛,是,体育赛事,0.6,none,6,1
91510107MA67B03DXB,成都动源健身服务有限公司,8930,健身休闲活动,健身 休闲活动,休闲活动;健身,,是,健身休闲,0.75,direct,6,0
91510107MACKDK9F2Q,成都鸣安拓展训练有限公司,8930,体验式拓展活动及策划,体验式 拓展 活动 策划,体验式;策划;拓展;活动,,是,健身休闲,0.75,direct,10,0
91510107MA69D3FK4J,四川丰凯乐体育场馆管理有限公司,8921,体育场馆管理,体育场馆 管理,体育场馆;管理,体育场馆,是,体育场馆,0.95,direct,6,1
91510107MA6BFNGX4G,成都海乐西智健身服务有限公司,8930,健身服务,健身服务,健身服务,健身服务,是,健身休闲,0.95,direct,4,1
91510107395915781D,四川斯泊特体育文化传播有限公司,9052,体育赛事策划,体育 赛事策划,赛事策划;体育,赛事策划,是,体育赛事,0.6,none,6,1
91510107MA66NJ9T55,成都市武外体育发展有限公司,7246,体育咨询,体育咨询,体育咨询,体育咨询,是,体育管理,0.6,none,4,1
91510107MAC8XMCF51,成都人才书会商贸有限公司,5242,体育用品及器材零售,体育用品 器材 零售,体育用品;器材;零售,体育用品,是,体育用品,0.95,direct,9,1
91510000060306909P,四川晟睿体育设施工程有限公司,4892,体育场地设施工程,体育场地设施 工程,体育场地设施;工程,体育场地设施,是,体育场馆,0.95,direct,8,1
91510107MA62PAL15D,成都酷建体育文化传播有限公司,5242,运动器材零售,运动器材 零售,运动器材;零售,运动器材,是,体育用品,0.95,direct,6,1
91510107MA6BAY2248,成都韦同体育健身有限公司,8930,健身服务,健身服务,健身服务,健身服务,是,健身休闲,0.95,direct,4,1
91510107MACGH91N5T,成都华淼传媒有限公司,9052,组织体育表演活动,组织 体育表演 活动,体育表演;组织;活动,体育表演,是,体育赛事,0.6,none,8,1
91510107MAC7X2M35U,成都书筑图书有限公司,5242,体育用品及器材零售,体育用品 器材 零售,体育用品;器材;零售,体育用品,是,体育用品,0.95,direct,9,1
91510107MA6CHMTJ1F,成都源熙体育文化传播有限责任公司,8930,体育健身服务,体育 健身服务,健身服务;体育,健身服务,是,健身休闲,0.95,direct,6,1
91510107066981390U,成都宏腾威科技有限责任公司,8991,文化体育推广及服务,文化 体育推广 服务,体育推广;服务;文化,体育推广,是,体育传媒,0.6,none,9,1
91510107556441274B,成都鑫海业体育用品有限公司,5242,零售体育用品,零售 体育用品,体育用品;零售,体育用品,是,体育用品,0.95,direct,6,1
91510107321542484M,成都绿橄榄教育科技有限公司,8919,户外体育活动策划,户外 体育 活动 策划,户外;策划;体育;活动,,是,体育管理,0.75,direct,8,0
91510107MA6B0G1F01,成都东铭广告有限公司,5142,文化体育用品批发,文化 体育用品批发,体育用品批发;文化,体育用品批发,是,体育用品,0.95,direct,8,1
91510107MA68AMYN43,四川校园阳光体育文化发展有限公司,8392,体育教育 体育培训,体育教育 体育培训,体育教育;体育培训,体育教育;体育培训,是,体育培训,0.95,direct,9,2
91510107MABXY9D93B,四川红气球体育发展有限公司,5242,体育用品及器材零售,体育用品 器材 零售,体育用品;器材;零售,体育用品,是,体育用品,0.95,direct,9,1
91510107MACBYBKM1R,成都源观达讯文化传播有限公司,5242,体育用品及器材零售,体育用品 器材 零售,体育用品;器材;零售,体育用品,是,体育用品,0.95,direct,9,1
91510107MA62DW729M,成都市靖健体育文化传播有限责任公司,9052,体育赛事活动组织策划,体育赛事 活动 组织 策划,体育赛事;策划;组织;活动,体育赛事,是,体育赛事,0.6,none,10,1
91510107MA6BCERF6A,成都市华体行健体育科技有限责任公司,8921,体育场馆运营服务,体育场馆 运营 服务,体育场馆;运营;服务,体育场馆,是,体育场馆,0.95,direct,8,1
9151010759209111XQ,成都树波体育文化传播有限公司,8911,体育赛事策划,体育 赛事策划,赛事策划;体育,赛事策划,是,体育赛事,0.95,direct,6,1
91510107MACHC2JM6N,成都简意平欣电子商务有限公司,5242,互联网销售,互联网 销售,互联网;销售,,是,体育用品,0.75,direct,5,0
91510107MA626CUG7M,成都大脚掌体育文化有限公司,8392,体育培训教育,体育培训 教育,体育培训;教育,体育培训,是,体育培训,0.95,direct,6,1
91510107MABPYKQ64J,成都启扬飞凡体育文化传播有限公司,9052,体育赛事策划,体育 赛事策划,赛事策划;体育,赛事策划,是,体育赛事,0.6,none,6,1
91510107MA6CL1DGX1,成都沁雅瑜伽有限公司,8930,瑜伽健身服务,瑜伽 健身服务,健身服务;瑜伽,瑜伽;健身服务,是,健身休闲,0.95,direct,6,2
91510107572271113R,成都晴天体育器材有限公司,5242,体育用品零售,体育用品零售,体育用品零售,体育用品零售,是,体育用品,0.95,direct,6,1
91510107MA6CBF4EXB,成都结创源游泳池设备有限公司,5242,游泳池设备零售,游泳池 设备 零售,游泳池;零售;设备,游泳池,是,健身休闲,0.95,direct,7,1
91510107MA64U6TF9H,四川驰钦户外用品有限公司,5142,户外用品批发,户外用品 批发,户外用品;批发,,是,体育用品,0.75,direct,6,0
91510107MABPM2LW0M,四川安力宏远体育设施有限公司,4892,体育场地设施工程施工,体育场地设施 工程施工,体育场地设施;工程施工,体育场地设施,是,体育场馆,0.95,direct,10,1
91510100054944955C,成都领攀户外运动有限公司,8930,户外攀登攀岩,户外 攀登 攀岩,攀岩;攀登;户外,攀岩,是,健身休闲,0.95,direct,6,1
91510107MA6DFKPY3M,成都利来福商贸有限公司,5242,体育用品零售,体育用品零售,体育用品零售,体育用品零售,是,体育用品,0.95,direct,6,1
915101063429987474,成都乐游天下旅游资源开发有限公司,8919,户外运动组织策划,户外运动 组织 策划,户外运动;策划;组织,户外运动,是,健身休闲,0.95,direct,8,1
91510107MACN4LEU3X,四川闻弈围棋俱乐部有限公司,8930,棋牌室服务,棋牌室 服务,棋牌室;服务,,是,健身休闲,0.75,direct,5,0
91510107MAC2PWL75T,成都遥牧体育文化传播有限公司,9052,组织体育表演活动,组织 体育表演 活动,体育表演;组织;活动,体育表演,是,体育赛事,0.6,none,8,1
91510107MA6BCQ2R8G,成都圣鹰体育文化传播有限公司,8930,运动健身服务,运动 健身服务,健身服务;运动,健身服务,是,健身休闲,0.95,direct,6,1
91510107MACCR3B48J,成都芭纳内健身服务有限公司,8930,健身休闲活动,健身 休闲活动,休闲活动;健身,,是,健身休闲,0.75,direct,6,0
91510100MA61WU3395,四川迪凯建设工程有限公司,2449,雕塑品设计,雕塑品 设计,雕塑品;设计,,是,体育用品,0.75,direct,5,0
91510107MA6B9N798N,四川栎峰体育发展有限公司,9052,体育赛事策划服务,体育 赛事策划 服务,赛事策划;体育;服务,赛事策划,是,体育赛事,0.6,none,8,1
91510107MABPWHAN2F,成都柴虎健身服务有限公司,8930,健身服务,健身服务,健身服务,健身服务,是,健身休闲,0.95,direct,4,1
91510107MA67WXQW60,成都白帽子健身服务有限公司,8930,健身服务,健身服务,健身服务,健身服务,是,健身休闲,0.95,direct,4,1
91510106MA62PWX70T,四川惠泽智体体育文化传播有限公司,5242,体育用品零售,体育用品零售,体育用品零售,体育用品零售,是,体育用品,0.95,direct,6,1
91510107MA61XGX53M,成都蓝博鑫体育文化传播有限公司,8392,体育运动辅导,体育运动 辅导,辅导;体育运动,,是,体育培训,0.75,direct,6,0
91510107MACHE32CXG,成都涌青体育俱乐部有限公司,8911,一般项目：体育竞赛组织；体育场地设施经营（不含高危险性体育运动）；体育用品及器材零售；信息咨询服务（不含许可类信息咨询服务）；健身休闲活动；体育健康服务；体育用品设备出租。（除依法须经批准的项目外，凭营业执照依法自主开展经营活动）,一般 项目 体育竞赛 组织 体育场地设施 经营 不含 危险性 体育运动 体育用品 器材 零售 信息 咨询服务 许可 信息 咨询服务 健身 休闲活动 体育 健康 服务 体育用品 设备 出租 依法 批准 项目 营业执照 依法 自主 开展 经营 活动,体育用品;咨询服务;依法;休闲活动;体育场地设施;体育竞赛;经营;信息;项目;营业执照,体育竞赛;体育场地设施;体育用品,是,体育赛事,0.95,direct,115,3
91510107MABLWN1Y8K,四川川榜有样体育文化传播有限公司,5242,体育用品零售,体育用品零售,体育用品零售,体育用品零售,是,体育用品,0.95,direct,6,1
91510107574643419B,成都助吉体育设施有限公司,5242,体育运动设备零售,体育运动 设备 零售,体育运动;零售;设备,,是,体育用品,0.75,direct,8,0
91510107MA66XEQFXJ,四川晟威尼邦体育文化传播有限公司,9052,体育赛事组织,体育赛事 组织,体育赛事;组织,体育赛事,是,体育赛事,0.6,none,6,1
91510105050065742M,成都活力美健身器材有限公司,5242,零售健身器材,零售 健身器材,健身器材;零售,健身器材,是,体育用品,0.95,direct,6,1
91510107MAACNBE515,成都昭红健身服务有限公司,8930,健身服务,健身服务,健身服务,健身服务,是,健身休闲,0.95,direct,4,1
91510107MA6CA17W2A,成都金博韵体育用品有限公司,5142,体育用品批发,体育用品批发,体育用品批发,体育用品批发,是,体育用品,0.95,direct,6,1
91510107MA6AD92056,成都灵指悦动体育文化发展有限公司,8392,体育培训,体育培训,体育培训,体育培训,是,体育培训,0.95,direct,4,1
91510107MA65NAMC38,成都市锐型健身服务有限公司,8930,健身服务,健身服务,健身服务,健身服务,是,健身休闲,0.95,direct,4,1
91510100MA66EJ9B9Y,成都林多斯体育文化传播有限公司,8392,体育培训服务,体育培训 服务,体育培训;服务,体育培训,是,体育培训,0.95,direct,6,1
91510107MA6CB4Y572,四川千翼体育设施工程有限公司,4892,体育设施建设施工,体育设施 建设 施工,体育设施;施工;建设,体育设施,是,体育场馆,0.95,direct,8,1
91510107MA6CL4NA20,成都路途旅行家户外俱乐部有限公司,9052,户外运动策划服务,户外运动 策划 服务,户外运动;策划;服务,户外运动,是,健身休闲,0.6,none,8,1
91510107MA66530L0C,成都禾瑞精灵体育文化发展有限公司,8392,体育培训,体育培训,体育培训,体育培训,是,体育培训,0.95,direct,4,1
91510107MABP14L34U,成都大章鱼体育俱乐部有限公司,8911,赛事组织服务,赛事组织 服务,赛事组织;服务,赛事组织,是,体育赛事,0.95,direct,6,1
91510108MA61TQNUX6,成都蜂鸟飞扬体育文化传播有限公司,8911,体育赛事活动策划,体育赛事 活动 策划,体育赛事;策划;活动,体育赛事,是,体育赛事,0.95,direct,8,1
91510100MA6BHE6X7H,华屹（成都）体育文化传播有限公司,8911,体育赛事组织,体育赛事 组织,体育赛事;组织,体育赛事,是,体育赛事,0.95,direct,6,1
91510107MA62R0N541,四川启成体育发展有限公司,5242,体育器材零售,体育器材 零售,体育器材;零售,体育器材,是,体育用品,0.95,direct,6,1
915101070697882036,成都奥博特体育文化传播有限公司,9052,体育赛事策划,体育 赛事策划,赛事策划;体育,赛事策划,是,体育赛事,0.6,none,6,1
91510107MA65N3Y96Y,成都分秒动彩体育文化传播有限公司,9052,体育文化传播,体育文化 传播,体育文化;传播,体育文化,是,体育管理,0.6,none,6,1
91510107MA63A9Y577,成都五零健身服务有限公司,8930,健身服务,健身服务,健身服务,健身服务,是,健身休闲,0.95,direct,4,1
91510107MA6CW31K1M,成都飞特活力体育用品有限公司,5142,体育用品批发,体育用品批发,体育用品批发,体育用品批发,是,体育用品,0.95,direct,6,1
91510107MACD6CXU1B,成都乔氏曦月体育用品销售有限公司,5142,体育用品及器材批发,体育用品 器材 批发,体育用品;器材;批发,体育用品,是,体育用品,0.95,direct,9,1
91510107MA6BX0UH8C,成都乔一体育文化传播有限公司,8930,健身休闲活动,健身 休闲活动,休闲活动;健身,,是,健身休闲,0.75,direct,6,0
91510107MAC1LAXA3Y,成都旺媛体育器材经营部,8912,体育保障组织服务,体育 保障 组织 服务,体育;保障;服务;组织,,是,体育管理,0.75,direct,8,0
91510107MAACEUNA2G,四川冠之羽羽毛球俱乐部有限公司,8392,羽毛球培训,羽毛球培训,羽毛球培训,羽毛球培训,是,体育培训,0.95,direct,5,1
91510107MA69H0F20X,四川悦翼体育文化传播有限公司,8911,体育赛事服务,体育赛事 服务,体育赛事;服务,体育赛事,是,体育赛事,0.95,direct,6,1
91510107MA6B49FC8J,四川谷方月体育发展有限公司,8930,健身休闲服务,健身 休闲 服务,健身;休闲;服务,,是,健身休闲,0.75,direct,6,0
91510107MAC11J322N,成都尚夏体育科技有限公司,8911,体育赛事策划,体育 赛事策划,赛事策划;体育,赛事策划,是,体育赛事,0.95,direct,6,1
91510107MAC4CBPA9G,四川育国星体育科技有限公司,5142,体育用品批发,体育用品批发,体育用品批发,体育用品批发,是,体育用品,0.95,direct,6,1
91510107MA6AXUWA4Y,成都林熙户外拓展服务有限公司,8930,户外拓展服务,户外拓展 服务,户外拓展;服务,户外拓展,是,健身休闲,0.95,direct,6,1
91510107MAACMT7W1R,四川环球亚太电子竞技集团有限公司,8911,电子竞技活动组织服务,电子竞技 活动 组织 服务,电子竞技;服务;组织;活动,电子竞技,是,电子竞技,0.95,direct,10,1
91510107MA6DHKJWX7,成都业华体育文化传播有限公司,8921,体育场地管理服务,体育场地管理 服务,体育场地管理;服务,体育场地管理,是,体育场馆,0.95,direct,8,1
91510114MA63AG8698,四川晟迈星睿体育文化传播有限公司,8921,体育场管理服务,体育场 管理 服务,体育场;服务;管理,体育场,是,体育场馆,0.95,direct,7,1
91510107MA69WJ8W5P,四川浩建宇鸿建设工程有限公司,4892,体育场地设施工程施工,体育场地设施 工程施工,体育场地设施;工程施工,体育场地设施,是,体育场馆,0.95,direct,10,1
91510107MA661FQM5W,成都叁幺幺健身管理有限公司,8930,健身服务,健身服务,健身服务,健身服务,是,健身休闲,0.95,direct,4,1
91510107MA6ALP085E,四川锦亦和体育文化传播有限公司,9052,组织体育赛事,组织 体育赛事,体育赛事;组织,体育赛事,是,体育赛事,0.6,none,6,1
91510107MA63L97C2R,成都汉将户外运动有限公司,9052,体育赛事组织,体育赛事 组织,体育赛事;组织,体育赛事,是,体育赛事,0.6,none,6,1
91510108MAC88XJE5P,四川毅行体育发展有限公司,9052,体育赛事策划,体育 赛事策划,赛事策划;体育,赛事策划,是,体育赛事,0.6,none,6,1
91510107MA6B31XT4J,少年时光成都科技有限责任公司,8930,户外拓展团建旅游服务,户外拓展 团建 旅游 服务,团建;户外拓展;旅游;服务,户外拓展,是,健身休闲,0.95,direct,10,1
91510107MA6410C896,四川华娱之雪体育设备有限公司,5242,体育设备及器材零售,体育设备 器材 零售,体育设备;器材;零售,体育设备,是,体育用品,0.95,direct,9,1
91510107MABQ9K2W9U,成都咆哮拳击俱乐部有限公司,8921,体育场地设施经营,体育场地设施 经营,体育场地设施;经营,体育场地设施,是,体育场馆,0.95,direct,8,1
91510107MA6DEWAU2Y,成都清然户外用品有限公司,5142,体育用品批发,体育用品批发,体育用品批发,体育用品批发,是,体育用品,0.95,direct,6,1
91510107MA6BCWEL1N,成都繁风体育文化发展有限公司,9052,体育赛事活动策划,体育赛事 活动 策划,体育赛事;策划;活动,体育赛事,是,体育赛事,0.6,none,8,1
91510107MA6CBFL97W,成都惠通行商贸有限公司,5242,体育用品零售,体育用品零售,体育用品零售,体育用品零售,是,体育用品,0.95,direct,6,1
91510100MABWHK812F,成都山丘体育发展有限公司,8392,体育培训服务,体育培训 服务,体育培训;服务,体育培训,是,体育培训,0.95,direct,6,1
915101075564065327,成都山灯健身有限公司,8930,瑜伽服务,瑜伽 服务,瑜伽;服务,瑜伽,是,健身休闲,0.95,direct,4,1
91510107MACMCFC36A,成都艾尚雅健身服务有限公司,8930,健身休闲活动,健身 休闲活动,休闲活动;健身,,是,健身休闲,0.75,direct,6,0
91510107MA6AJEA45J,四川启明宏商务咨询有限公司,8930,健身服务,健身服务,健身服务,健身服务,是,健身休闲,0.95,direct,4,1
91510100MA61W0QB9H,成都忠正远行企业管理有限公司,8930,健身休闲活动,健身 休闲活动,休闲活动;健身,,是,健身休闲,0.75,direct,6,0
91510107MA69L5T84A,四川省益州联足球俱乐部有限公司,8911,体育项目策划,体育项目 策划,体育项目;策划,,是,体育管理,0.75,direct,6,0
91510107MA6BFF5N0U,四川奈斯健身管理有限责任公司,8930,健身休闲服务,健身 休闲 服务,健身;休闲;服务,,是,健身休闲,0.75,direct,6,0
91510107MA61TLTD5Q,成都普蕴诗文化传播有限公司,8930,瑜伽服务,瑜伽 服务,瑜伽;服务,瑜伽,是,健身休闲,0.95,direct,4,1
9151010009831922XA,成都奥尔赛名流健身服务有限公司,8930,健身活动,健身活动,健身活动,,是,健身休闲,0.75,direct,4,0
91510107MA6BEMNL24,云创智慧成都体育发展有限公司,9052,体育赛事策划,体育 赛事策划,赛事策划;体育,赛事策划,是,体育赛事,0.6,none,6,1
91510107MA64QYXG7K,成都匹特非特健身服务有限公司,8930,健身服务,健身服务,健身服务,健身服务,是,健身休闲,0.95,direct,4,1
915101075746241381,成都斯利达文化体育用品有限公司,5242,体育用品零售,体育用品零售,体育用品零售,体育用品零售,是,体育用品,0.95,direct,6,1
91510107MABW5GT44H,四川锤子户外运动有限公司,8930,健身休闲活动,健身 休闲活动,休闲活动;健身,,是,健身休闲,0.75,direct,6,0
91510107MA67AMH90W,成都斐梵美域文化传播有限公司,8930,健身服务,健身服务,健身服务,健身服务,是,健身休闲,0.95,direct,4,1
91510107MAACMCC996,四川动力岛体育文化发展集团有限公司,8919,射击竞技体育运动,射击 竞技 体育运动,竞技;体育运动;射击,射击,是,健身休闲,0.95,direct,8,1
91510107792175983K,四川省新缘道体育产业发展有限公司,8392,成人体育培训,成人 体育培训,体育培训;成人,体育培训,是,体育培训,0.95,direct,6,1
91510107MABQ4WD7XW,四川向野露营地服务有限公司,8919,户外活动组织,户外活动 组织,户外活动;组织,,是,体育管理,0.75,direct,6,0
91510107MA6CMQDQ5W,成都市承武门搏击俱乐部有限公司,8930,健身休闲活动,健身 休闲活动,休闲活动;健身,,是,健身休闲,0.75,direct,6,0
91510107MABRCATY7Q,四川自然恩惠体育文化传播有限公司,8392,体育培训服务,体育培训 服务,体育培训;服务,体育培训,是,体育培训,0.95,direct,6,1
91510107L654641161,成都晨翔体育文化传播有限公司,8911,体育赛事策划,体育 赛事策划,赛事策划;体育,赛事策划,是,体育赛事,0.95,direct,6,1
91510107MAAGUT133W,四川阿南达体育发展有限公司,8930,健身服务,健身服务,健身服务,健身服务,是,健身休闲,0.95,direct,4,1
91510107MA6CCUR40W,成都热赤健身服务有限公司,8930,健身休闲活动,健身 休闲活动,休闲活动;健身,,是,健身休闲,0.75,direct,6,0
91510107MA6CTNJU6P,成都鑫航凯体育用品有限公司,5142,体育用品批发,体育用品批发,体育用品批发,体育用品批发,是,体育用品,0.95,direct,6,1
91510107MA65MBK26B,成都杰森淼体育文化传播有限公司,8392,游泳培训,游泳培训,游泳培训,游泳培训,是,体育培训,0.95,direct,4,1
915100006991643900,四川汇创体育设施工程有限公司,4892,体育场地设施工程施工,体育场地设施 工程施工,体育场地设施;工程施工,体育场地设施,是,体育场馆,0.95,direct,10,1
91510100MA61UUAK1W,四川脊健科技有限公司,8930,健身服务,健身服务,健身服务,健身服务,是,健身休闲,0.95,direct,4,1
91510107MA6743KT95,四川金织关艳电子商务有限公司,5242,健身器材零售,健身器材 零售,健身器材;零售,健身器材,是,体育用品,0.95,direct,6,1
91510107MA69YBPR1A,成都清晨健身服务有限公司,8930,健身服务,健身服务,健身服务,健身服务,是,健身休闲,0.95,direct,4,1
91510107MA6ARM6N0P,四川根廷教育科技有限公司,5242,货物进出口,货物 进出口,进出口;货物,,是,体育用品,0.75,direct,5,0
9151010766531678XP,成都山地精英运动有限公司,5242,运动用品零售,运动用品 零售,运动用品;零售,,是,体育用品,0.75,direct,6,0
91510000586487986G,四川君华劳务有限公司,4892,体育场馆施工,体育场馆 施工,体育场馆;施工,体育场馆,是,体育场馆,0.95,direct,6,1
91510107MA61WA73X4,成都冰雪天成科技有限公司,7122,滑雪器材租赁,滑雪 器材 租赁,滑雪;器材;租赁,滑雪,是,健身休闲,0.6,none,6,1
91510107MA69PY291M,成都跃动体育文化传播有限公司,9052,体育赛事活动策划,体育赛事 活动 策划,体育赛事;策划;活动,体育赛事,是,体育赛事,0.6,none,8,1
91510107MA6CYN6T25,成都花与禅瑜伽健身服务有限公司,8930,健身休闲服务,健身 休闲 服务,健身;休闲;服务,,是,健身休闲,0.75,direct,6,0
91510107MA68DHD059,四川蓝海飞悦体育航空运动有限责任公司,8930,健身休闲服务,健身 休闲 服务,健身;休闲;服务,,是,健身休闲,0.75,direct,6,0
91510107MA65WDWKXU,成都波利坦商贸有限公司,5242,体育器材零售,体育器材 零售,体育器材;零售,体育器材,是,体育用品,0.95,direct,6,1
91510100MA672LEX19,四川省体科数字智慧体育场馆有限公司,4892,体育场地设施工程施工,体育场地设施 工程施工,体育场地设施;工程施工,体育场地设施,是,体育场馆,0.95,direct,10,1
91510107MACN2GK36E,四川渔枭户外用品有限公司,5242,户外用品零售,户外用品 零售,户外用品;零售,,是,体育用品,0.75,direct,6,0
91510107MA6CFR75XA,四川中海共创体育设施工程有限公司,5242,体育器材零售,体育器材 零售,体育器材;零售,体育器材,是,体育用品,0.95,direct,6,1
91510107582630589G,成都市正祥户外用品有限公司,5242,帐篷零售,帐篷 零售,帐篷;零售,帐篷,是,体育用品,0.95,direct,4,1
91510107MA66Y73C53,成都金度体育文化传播有限公司,8392,体育培训服务,体育培训 服务,体育培训;服务,体育培训,是,体育培训,0.95,direct,6,1
91510105321604358E,成都三马体育用品有限公司,7122,体育用品设备出租,体育用品 设备 出租,体育用品;出租;设备,体育用品,是,体育用品,0.6,none,8,1
91510107MA6AYGPW7N,成都市恩格玛科技有限公司,5242,体育器材零售,体育器材 零售,体育器材;零售,体育器材,是,体育用品,0.95,direct,6,1
91510107MA63CR9A9E,成都科记马房马术俱乐部有限公司,8911,马术运动赛事策划,马术 运动 赛事策划,赛事策划;马术;运动,马术;赛事策划,是,健身休闲,0.95,direct,8,2
91510107MA6CCM637A,成都悦动宏远体育文化传播有限公司,8911,体育赛事活动策划,体育赛事 活动 策划,体育赛事;策划;活动,体育赛事,是,体育赛事,0.95,direct,8,1
915101076988703220,成都蓉杰体育设施工程有限公司,2443,体育健身器材制造,体育 健身器材 制造,健身器材;体育;制造,健身器材,是,体育用品,0.95,direct,8,1
91510107MA69URK94A,成都领跑者体育文化传播有限公司,8392,体育培训服务,体育培训 服务,体育培训;服务,体育培训,是,体育培训,0.95,direct,6,1
915101077822685020,四川龙腾体育设施工程有限公司,4892,体育场地设施施工,体育场地设施 施工,体育场地设施;施工,体育场地设施,是,体育场馆,0.95,direct,8,1
91510107062442656X,成都青龙瑞豪体育设施工程有限公司,4991,小区体育健身器材安装,小区 体育 健身器材 安装,健身器材;体育;小区;安装,健身器材,是,体育用品,0.6,none,10,1
91510107MA7E2HDP7P,四川恒胜致远体育文化传播有限公司,8919,其他体育,其他 体育,体育;其他,,是,体育管理,0.75,direct,4,0
91510107MA68H9XY0Q,成都路菲特体育用品有限公司,2449,体育用品制造,体育用品制造,体育用品制造,体育用品制造,是,体育用品,0.95,direct,6,1
91510107MA64330W8Q,成都未命名健身服务有限公司,8930,健身服务,健身服务,健身服务,健身服务,是,健身休闲,0.95,direct,4,1
91510107MA625MUY6A,成都旭龙体育设施有限公司,5142,体育器材批发,体育器材 批发,体育器材;批发,体育器材,是,体育用品,0.95,direct,6,1
91510107MA6A2HDP1L,四川速载体育发展有限公司,9052,体育赛事组织,体育赛事 组织,体育赛事;组织,体育赛事,是,体育赛事,0.6,none,6,1
91510107MA61TPQL21,中翔宏信成都体育俱乐部有限公司,8911,体育俱乐部服务,体育俱乐部 服务,体育俱乐部;服务,体育俱乐部,是,体育管理,0.95,direct,7,1
91510107MA6CH0JN0B,成都喜摄汇文化传播有限公司,8930,游泳健身服务,游泳 健身服务,健身服务;游泳,游泳;健身服务,是,健身休闲,0.95,direct,6,2
91510107MA697AKK27,四川蜀峰智傲教育咨询有限公司,8930,户外拓展活动,户外拓展 活动,户外拓展;活动,户外拓展,是,健身休闲,0.95,direct,6,1
91510107MAC68WAX9B,四川栢滔贸易有限公司,5242,户外用品零售,户外用品 零售,户外用品;零售,,是,体育用品,0.75,direct,6,0
91510107MA63P4HB61,成都青柠风尚健身服务有限责任公司,8930,健身房服务,健身房 服务,健身房;服务,健身房,是,健身休闲,0.95,direct,5,1
91510107MA64QDTC11,成都昂驹致远科技有限公司,5142,体育运动器材批发,体育运动 器材 批发,体育运动;器材;批发,,是,体育用品,0.75,direct,8,0
91510107MABPHNWX9H,成都狂克健身服务有限公司,8930,健身私教服务,健身 私教 服务,私教;健身;服务,,是,健身休闲,0.75,direct,6,0
91510107MA63HYAQ2P,成都市翼龙体育服务有限责任公司,8930,健身服务,健身服务,健身服务,健身服务,是,健身休闲,0.95,direct,4,1
91510107321537677M,成都庆多林体育文化传播有限公司,9052,体育表演活动策划服务,体育表演 活动 策划 服务,体育表演;策划;服务;活动,体育表演,是,体育赛事,0.6,none,10,1
91510107MAACJF4X6J,成都喜文乐见体育文化传播有限公司,8930,健身房服务,健身房 服务,健身房;服务,健身房,是,健身休闲,0.95,direct,5,1
91510107MA6CUD9H4T,四川心跃动体育科技有限公司,8392,体育项目培训服务,体育项目 培训 服务,体育项目;培训;服务,,是,体育培训,0.75,direct,8,0
91510107MA64QM468D,成都义和四方体育文化发展有限责任公司,8930,体育健身房服务,体育 健身房 服务,健身房;体育;服务,健身房,是,健身休闲,0.95,direct,7,1
91510107MACLDD9B1Q,成都艾宇体育文化发展有限公司,8919,其他体育组织,其他 体育组织,体育组织;其他,体育组织,是,体育管理,0.95,direct,6,1
91510107321574451Y,成都万里行户外运动有限公司,5242,体育用品零售,体育用品零售,体育用品零售,体育用品零售,是,体育用品,0.95,direct,6,1
91510105331964832E,成都风向标教育咨询有限公司,5242,文化体育用品零售,文化 体育用品零售,体育用品零售;文化,体育用品零售,是,体育用品,0.95,direct,8,1
91510107MA6C9HK79A,四川摩立斯电竞科技有限责任公司,9052,体育赛事策划,体育 赛事策划,赛事策划;体育,赛事策划,是,体育赛事,0.6,none,6,1
91510107MA61RHK18G,成都锟耀体育用品有限责任公司,5242,体育用品及器材零售,体育用品 器材 零售,体育用品;器材;零售,体育用品,是,体育用品,0.95,direct,9,1
91510107396145280N,四川铭琪体育用品有限责任公司,5242,体育用品零售,体育用品零售,体育用品零售,体育用品零售,是,体育用品,0.95,direct,6,1
915101053431043118,成都吉力达科技有限公司,5242,体育用品零售,体育用品零售,体育用品零售,体育用品零售,是,体育用品,0.95,direct,6,1
91510107MA6CFHNF6Q,成都康龙体育文化传播有限公司,8921,体育场馆管理,体育场馆 管理,体育场馆;管理,体育场馆,是,体育场馆,0.95,direct,6,1
915101076696558343,成都旦宝斯特文体用品有限公司,5142,体育用品及器材批发,体育用品 器材 批发,体育用品;器材;批发,体育用品,是,体育用品,0.95,direct,9,1
91510107MA6BJ1LU3H,成都黛晓未来体育科技有限公司,8392,体校及体育培训,体校 体育培训,体育培训;体校,体育培训,是,体育培训,0.95,direct,7,1
9151010734297581X4,成都极翔健身服务有限公司,8921,体育馆管理,体育馆 管理,体育馆;管理,体育馆,是,体育场馆,0.95,direct,5,1
91510107MA7L41LK01,四川莱此动体育文化传播有限公司,8912,体育保障组织,体育 保障 组织,体育;保障;组织,,是,体育管理,0.75,direct,6,0
91510107MACM5NM5X3,成都阳航锋行体育文化发展有限公司,8921,游泳馆经营,游泳馆 经营,游泳馆;经营,游泳馆,是,体育场馆,0.95,direct,5,1
91510107MAC7NLEX71,赛骑麟体育文化发展成都有限公司,5242,体育用品及器材零售,体育用品 器材 零售,体育用品;器材;零售,体育用品,是,体育用品,0.95,direct,9,1
91510107MA6CGQ1C19,四川省型动派健身服务有限公司,8930,健身服务,健身服务,健身服务,健身服务,是,健身休闲,0.95,direct,4,1
91510107MAC13TUF9B,四川栋康体育文化发展有限公司,9052,体育服务,体育服务,体育服务,体育服务,是,体育管理,0.6,none,4,1
91510107MABNP71Y8M,成都禧泰飞来科技有限公司,8921,体育赛事场馆运营,体育赛事 场馆运营,体育赛事;场馆运营,体育赛事;场馆运营,是,体育赛事,0.95,direct,8,2
91510107MA63D6N555,成都蓉乐锦星体育文化传播有限公司,8392,体育培训服务,体育培训 服务,体育培训;服务,体育培训,是,体育培训,0.95,direct,6,1
91510107MA7H3MWPXD,成都速型体育发展有限公司,8930,健身休闲,健身 休闲,健身;休闲,,是,健身休闲,0.75,direct,4,0
91510107MA62Y1HJ1N,成都飞扬乒乓球俱乐部有限公司,8911,体育竞赛组织业务,体育竞赛 组织 业务,体育竞赛;业务;组织,体育竞赛,是,体育赛事,0.95,direct,8,1
91510107MA7JUR6P7M,成都华翔悦商贸有限公司,2449,体育用品制造,体育用品制造,体育用品制造,体育用品制造,是,体育用品,0.95,direct,6,1
9151010757460310X8,成都乐馨教育咨询有限公司,8392,体校及体育培训,体校 体育培训,体育培训;体校,体育培训,是,体育培训,0.95,direct,7,1
91510107MA65L1T8XG,成都天际线体育发展有限公司,8930,健身休闲活动,健身 休闲活动,休闲活动;健身,,是,健身休闲,0.75,direct,6,0
91510107MA6ABN2J8G,成都星美健文化传播有限公司,8930,健身休闲活动,健身 休闲活动,休闲活动;健身,,是,健身休闲,0.75,direct,6,0
91510107MACEPT8C6F,成都功守道体之道体育文化传播有限公司,9052,体育赛事组织服务,体育赛事 组织 服务,体育赛事;服务;组织,体育赛事,是,体育赛事,0.6,none,8,1
91510107MA6CWLHJ4K,成都市武侯区钧阳舞蹈培训学校有限公司,8392,体育舞蹈培训,体育 舞蹈培训,舞蹈培训;体育,舞蹈培训,是,体育培训,0.95,direct,6,1
91510107MA66T25F12,成都市九津体育发展有限公司,8919,户外运动组织策划,户外运动 组织 策划,户外运动;策划;组织,户外运动,是,健身休闲,0.95,direct,8,1
91510107MACA13N16Q,成都市海星耀体育设施有限公司,4892,体育场地设施工程施工,体育场地设施 工程施工,体育场地设施;工程施工,体育场地设施,是,体育场馆,0.95,direct,10,1
91510107MA6352QGXB,四川豫丰源建设工程有限公司,4892,体育场地设施工程,体育场地设施 工程,体育场地设施;工程,体育场地设施,是,体育场馆,0.95,direct,8,1
91510107MA6BLXQ59X,四川中达路通路桥工程有限公司,4720,体育场馆建筑施工,体育场馆 建筑施工,体育场馆;建筑施工,体育场馆,是,体育场馆,0.6,none,8,1
91510107MA67P8AR72,四川名扬羽瑞体育文化传播有限公司,8911,其他未列明商务服务,其他 列明 商务 服务,列明;商务;服务;其他,,是,体育管理,0.75,direct,9,0
91510107MA6B78R85X,成都沸火足球俱乐部有限公司,8930,健身休闲活动,健身 休闲活动,休闲活动;健身,,是,健身休闲,0.75,direct,6,0
91510107MA66E5863Q,四川森雷户外运动有限公司,9052,策划体育赛事,策划 体育赛事,体育赛事;策划,体育赛事,是,体育赛事,0.6,none,6,1
915101075920963679,成都天一佳体育设施工程有限公司,5242,体育建材零售,体育 建材 零售,体育;建材;零售,,是,体育用品,0.75,direct,6,0
91510107MABU45RK5L,成都木驴子户外运动有限公司,8930,健身休闲活动,健身 休闲活动,休闲活动;健身,,是,健身休闲,0.75,direct,6,0
91510107MA7E6X232T,成都好达鑫健身器材有限责任公司,5242,体育用品及器材零售,体育用品 器材 零售,体育用品;器材;零售,体育用品,是,体育用品,0.95,direct,9,1
91510107MA63AT91XT,成都新光速体育文化发展有限公司,9052,体育赛事活动策划,体育赛事 活动 策划,体育赛事;策划;活动,体育赛事,是,体育赛事,0.6,none,8,1
91510107050099029J,成都几步路户外运动有限公司,8930,体育活动策划,体育 活动 策划,策划;体育;活动,,是,健身休闲,0.75,direct,6,0
91510107MACGRXQKX3,四川朝画体育场馆管理有限公司,8921,体育场馆管理,体育场馆 管理,体育场馆;管理,体育场馆,是,体育场馆,0.95,direct,6,1
91510107MACW92R71M,乘黄盛元体育文化发展成都有限公司,8911,体育竞赛组织,体育竞赛 组织,体育竞赛;组织,体育竞赛,是,体育赛事,0.95,direct,6,1
91510107MA6B70G16W,成都满分体育发展有限公司,8921,体育中心,体育中心,体育中心,体育中心,是,体育场馆,0.95,direct,4,1
91510107MA6CX5EM1P,成都飞凫体育文化传播有限公司,8911,体育赛事活动策划,体育赛事 活动 策划,体育赛事;策划;活动,体育赛事,是,体育赛事,0.95,direct,8,1
91510107MABTN3D93A,四川风雨者户外拓展有限公司,8930,健身休闲活动,健身 休闲活动,休闲活动;健身,,是,健身休闲,0.75,direct,6,0
91510107MAC1GQDK4N,成都有羡科技有限公司,5242,体育用品及器材零售,体育用品 器材 零售,体育用品;器材;零售,体育用品,是,体育用品,0.95,direct,9,1
91510107062410283B,成都海川体育设施工程有限公司,4892,体育场地施工,体育场地 施工,体育场地;施工,体育场地,是,体育场馆,0.95,direct,6,1
91510107072401313B,四川亚代体育设施工程有限公司,4892,体育场地施工,体育场地 施工,体育场地;施工,体育场地,是,体育场馆,0.95,direct,6,1
91510107MA61RXM30U,四川斯宝特体育文化传播有限公司,9052,体育赛事策划,体育 赛事策划,赛事策划;体育,赛事策划,是,体育赛事,0.6,none,6,1
91510107MA6DFRLA02,成都天宇远洋体育文化传播有限责任公司,8392,游泳培训服务,游泳培训 服务,游泳培训;服务,游泳培训,是,体育培训,0.95,direct,6,1
91510107MAC975RE5E,四川腾翔体育俱乐部有限公司,8911,体育竞赛活动策划,体育竞赛 活动 策划,体育竞赛;策划;活动,体育竞赛,是,体育赛事,0.95,direct,8,1
91510100MA697EF087,成都绿徒体育发展有限公司,8911,体育竞赛组织,体育竞赛 组织,体育竞赛;组织,体育竞赛,是,体育赛事,0.95,direct,6,1
91510107MA6AERP81L,四川北宸壹心体育文化传播有限公司,8911,体育赛事策划组织服务,体育 赛事策划 组织 服务,赛事策划;体育;服务;组织,赛事策划,是,体育赛事,0.95,direct,10,1
91510108MABMFLRQ0T,四川西野南途贸易有限公司,5242,零售户外用品,零售 户外用品,户外用品;零售,,是,体育用品,0.75,direct,6,0
91510107MA6CRB2761,四川天韵远瞩户外用品有限公司,5242,户外用品零售服务,户外用品 零售 服务,户外用品;零售;服务,,是,体育用品,0.75,direct,8,0
915101075800052968,成都凯瑞环境工程有限公司,5242,健身器材零售,健身器材 零售,健身器材;零售,健身器材,是,体育用品,0.95,direct,6,1
91510107MA6CNDD29T,成都跃航体育文化传播有限公司,9052,体育赛事策划,体育 赛事策划,赛事策划;体育,赛事策划,是,体育赛事,0.6,none,6,1
91510107MA67CBQ13W,成都行树户外运动有限公司,8930,户外活动,户外活动,户外活动,,是,健身休闲,0.75,direct,4,0
91510107MAACJJPN96,成都四和茶楼有限公司,8930,棋牌娱乐服务,棋牌 娱乐 服务,棋牌;娱乐;服务,,是,健身休闲,0.75,direct,6,0
91510107MACQD4YG1E,四川乐汇鑫体育文化发展有限公司,8911,体育赛事策划,体育 赛事策划,赛事策划;体育,赛事策划,是,体育赛事,0.95,direct,6,1
91510107MA643BBK12,成都羽你相约体育科技有限公司,8921,体育场馆管理,体育场馆 管理,体育场馆;管理,体育场馆,是,体育场馆,0.95,direct,6,1
91510107MA674A0E8C,成都赫普体育文化传播有限公司,8930,健身休闲活动,健身 休闲活动,休闲活动;健身,,是,健身休闲,0.75,direct,6,0
91510107MA61RRWL5P,四川胜欧体育用品有限公司,5242,体育用品零售,体育用品零售,体育用品零售,体育用品零售,是,体育用品,0.95,direct,6,1
91510107MAC6BL036U,乐琪多体育场馆管理成都有限公司,8930,健身休闲活动,健身 休闲活动,休闲活动;健身,,是,健身休闲,0.75,direct,6,0
91510107MA6C8X0W4K,成都泳力体育文化传播有限公司,8930,健身休闲服务,健身 休闲 服务,健身;休闲;服务,,是,健身休闲,0.75,direct,6,0
91510107MABN6WWW3H,四川省顺飞扬渔具有限公司,5242,渔具鱼料零售,渔具 鱼料 零售,鱼料;渔具;零售,渔具,是,体育用品,0.95,direct,6,1
91510107MA6CCBTY7F,四川行者居文化传播有限公司,5242,体育器材零售,体育器材 零售,体育器材;零售,体育器材,是,体育用品,0.95,direct,6,1
91510000789101860E,四川省鸿川建设工程有限公司,4892,园林绿化工程施工,园林绿化 工程施工,园林绿化;工程施工,,是,体育场馆,0.75,direct,8,0
91510107MA6AT6212W,成都升川体育工程有限公司,4720,体育场馆建筑,体育场馆 建筑,体育场馆;建筑,体育场馆,是,体育场馆,0.6,none,6,1
91510107069754417T,成都优潜户外运动有限公司,8930,户外运动培训,户外运动 培训,户外运动;培训,户外运动,是,健身休闲,0.95,direct,6,1
91510107MA62P37H8T,四川中体博美体育设施工程有限公司,9052,体育赛事策划,体育 赛事策划,赛事策划;体育,赛事策划,是,体育赛事,0.6,none,6,1
91510107092827725J,成都慧灵体育用品有限责任公司,5142,批发体育用品,批发 体育用品,体育用品;批发,体育用品,是,体育用品,0.95,direct,6,1
91510107MA65TF706Q,四川余康体育设施管理有限公司,5242,体育用品零售,体育用品零售,体育用品零售,体育用品零售,是,体育用品,0.95,direct,6,1
91510107556426832P,成都力欧体育用品有限公司,5142,体育用品批发,体育用品批发,体育用品批发,体育用品批发,是,体育用品,0.95,direct,6,1
91510107MAACHHC019,四川准者体育用品有限公司,5142,体育用品及器材批发,体育用品 器材 批发,体育用品;器材;批发,体育用品,是,体育用品,0.95,direct,9,1
91510107MA63BJHK4B,成都引力佰星科技有限公司,8930,健身休闲服务,健身 休闲 服务,健身;休闲;服务,,是,健身休闲,0.75,direct,6,0
91510107MABPY3QP3D,三界行住房租赁成都有限公司,8999,一般项目：住房租赁；组织文化艺术交流活动；技术服务、技术开发、技术咨询、技术交流、技术转让、技术推广；软件开发；信息技术咨询服务；项目策划与公关服务；广告制作；广告设计、代理；广告发布；摄像及视频制作服务；网络技术服务；仓储设备租赁服务；低温仓储（不含危险化学品等需许可审批的项目）；土地整治服务；文化用品设备出租；电影摄制服务；礼仪服务；会议及展览服务；计算机系统服务；数据处理和存储支持服务；集成电路设计；体育竞赛组织；包装服务；计算机软硬件及辅助设备零售；电子产品销售；针纺织品销售；销售代理；非居住房地产租赁。（除依法须经批准的项目外，凭营业执照依法自主开展经营活动）许可项目：演出经纪；电影,一般 项目 住房 租赁 组织 文化 艺术交流 活动 技术 服务 技术开发 技术咨询 技术 交流 技术转让 技术推广 软件开发 信息技术 咨询服务 项目 策划 公关 服务 广告 制作 广告设计 代理 广告 发布 摄像 视频 制作 服务 网络 技术 服务 仓储 设备 租赁 服务 低温 仓储 危险 化学品 许可 审批 项目 土地 整治 服务 文化用品 设备 出租 电影 摄制 服务 礼仪 服务 会议 展览 服务 计算机系统 服务 数据处理 存储 支持 服务 集成电路 设计 体育竞赛 组织 包装 服务 计算机 软硬件 辅助 设备 零售 电子产品 销售 针纺织品 销售 销售 代理 居住 房地产 租赁 依法 批准 项目 营业执照 依法 自主 开展 经营 活动 许可 项目 演出 经纪 电影,服务;项目;租赁;仓储;设备;许可;销售;广告;代理;依法,体育竞赛,是,体育赛事,0.6,none,300,1
91510107MA6BL00884,成都沧海月明文化传播有限公司,8919,一般项目：组织文化艺术交流活动；国内贸易代理；广告设计、代理；广告制作；平面设计；市场营销策划；互联网销售（除销售需要许可的商品）；会议及展览服务；信息咨询服务（不含许可类信息咨询服务）；技术服务、技术开发、技术咨询、技术交流、技术转让、技术推广；销售代理；礼品花卉销售；婚庆礼仪服务；专业设计服务；日用百货销售；化妆品零售；化妆品批发；家具销售；家用电器销售；文艺创作；数字内容制作服务（不含出版发行）；个人互联网直播服务。（除依法须经批准的项目外，凭营业执照依法自主开展经营活动）许可项目：互联网直播技术服务。（依法须经批准的项目，经相关部门批准后方可开展经营活动，具体经营项目以相关部门批准文件,一般 项目 组织 文化 艺术交流 活动 国内贸易 代理 广告设计 代理 广告 制作 平面设计 市场 营销策划 互联网 销售 销售 需要 许可 商品 会议 展览 服务 信息 咨询服务 许可 信息 咨询服务 技术 服务 技术开发 技术咨询 技术 交流 技术转让 技术推广 销售 代理 礼品 花卉 销售 婚庆 礼仪 服务 专业 设计 服务 日用百货 销售 化妆品 零售 化妆品 批发 家具 销售 家用电器 销售 文艺创作 数字 内容 制作 服务 出版发行 个人 互联网 直播 服务 依法 批准 项目 营业执照 依法 自主 开展 经营 活动 许可 项目 互联网 直播 技术 服务 依法 批准 项目 相关 部门 批准 后方 开展 经营 活动 具体 经营项目 相关 部门 批准 文件,服务;销售;批准;许可;代理;互联网;依法;项目;咨询服务;直播,,是,体育管理,0.75,direct,300,0
91510107072401372E,成都金亿瑞商贸有限公司,5142,办公用品,办公用品,办公用品,,是,体育用品,0.75,direct,4,0
91510107MA635NQD25,成都娇阳娱乐有限公司,8930,许可项目：歌舞娱乐活动；食品销售。（依法须经批准的项目，经相关部门批准后方可开展经营活动，具体经营项目以相关部门批准文件或许可证件为准）一般项目：健身休闲活动；娱乐性展览；组织文化艺术交流活动；商业综合体管理服务；会议及展览服务；物业管理；集贸市场管理服务。（除依法须经批准的项目外，凭营业执照依法自主开展经营活动）,许可 项目 歌舞 娱乐活动 食品 销售 依法 批准 项目 相关 部门 批准 后方 开展 经营 活动 具体 经营项目 相关 部门 批准 文件 许可证 为准 一般 项目 健身 休闲活动 娱乐性 展览 组织 文化 艺术交流 活动 商业 综合体 管理 服务 会议 展览 服务 物业管理 集贸市场 管理 服务 依法 批准 项目 营业执照 依法 自主 开展 经营 活动,批准;依法;项目;展览;服务;活动;休闲活动;经营项目;开展;集贸市场,,是,健身休闲,0.75,direct,158,0
91510107MA7GCC5D0Q,成都壹之豹科技有限公司,5142,许可项目：水利工程建设监理。（依法须经批准的项目，经相关部门批准后方可开展经营活动，具体经营项目以相关部门批准文件或许可证件为准）一般项目：软件开发；网络技术服务；办公设备耗材销售；办公设备销售；计算机软硬件及辅助设备批发；计算机软硬件及辅助设备零售；电子产品销售；人工智能硬件销售；信息系统集成服务；数据处理和存储支持服务；企业管理咨询；信息咨询服务（不含许可类信息咨询服务）；市场营销策划；汽车零配件零售；发电机及发电机组销售；摩托车及零部件研发；木制容器销售；光通信设备销售；新能源汽车生产测试设备销售；汽车零配件批发；五金产品批发；海上风力发电机组销售；安全系统监控服务；自行车及零配件批发；,许可 项目 水利工程 建设 监理 依法 批准 项目 相关 部门 批准 后方 开展 经营 活动 具体 经营项目 相关 部门 批准 文件 许可证 为准 一般 项目 软件开发 网络 技术 服务 办公设备 耗材 销售 办公设备 销售 计算机 软硬件 辅助 设备 批发 计算机 软硬件 辅助 设备 零售 电子产品 销售 人工智能 硬件 销售 信息系统 集成 服务 数据处理 存储 支持 服务 企业 管理 咨询 信息 咨询服务 许可 信息 咨询服务 市场 营销策划 汽车 零配件 零售 发电机 发电机组 销售 摩托车 零部件 研发 木制 容器 销售 光通信 设备 销售 新能源 汽车 生产 测试 设备 销售 汽车 零配件 批发 五金产品 批发 海上 风力 发电机组 销售 安全 系统监控 服务 自行车 零配件 批发,销售;批发;零配件;设备;办公设备;服务;软硬件;咨询服务;发电机组;批准,,是,体育用品,0.75,direct,300,0
91510107MAACHH3A60,成都伊诺豪尔体育发展有限公司,8999,健身服务,健身服务,健身服务,健身服务,是,健身休闲,0.6,none,4,1
91510107MAC7J0500T,成都双圆满文化传播有限公司,8999,一般项目：组织文化艺术交流活动；体验式拓展活动及策划；会议及展览服务；教育咨询服务（不含涉许可审批的教育培训活动）；招生辅助服务；广告设计、代理；广告制作；广告发布；信息咨询服务（不含许可类信息咨询服务）；市场营销策划；礼仪服务；文艺创作；家政服务；体育竞赛组织；组织体育表演活动。（除依法须经批准的项目外，凭营业执照依法自主开展经营活动）许可项目：演出经纪；营业性演出。（依法须经批准的项目，经相关部门批准后方可开展经营活动，具体经营项目以相关部门批准文件或许可证件为准）,一般 项目 组织 文化 艺术交流 活动 体验式 拓展 活动 策划 会议 展览 服务 教育 咨询服务 含涉 许可 审批 教育 培训 活动 招生 辅助 服务 广告设计 代理 广告 制作 广告 发布 信息 咨询服务 许可 信息 咨询服务 市场 营销策划 礼仪 服务 文艺创作 家政 服务 体育竞赛 组织 组织 体育表演 活动 依法 批准 项目 营业执照 依法 自主 开展 经营 活动 许可 项目 演出 经纪 营业性 演出 依法 批准 项目 相关 部门 批准 后方 开展 经营 活动 具体 经营项目 相关 部门 批准 文件 许可证 为准,咨询服务;活动;批准;许可;服务;依法;项目;广告;组织;广告设计,体育竞赛;体育表演,是,体育赛事,0.6,none,237,2
91510107MA7M05978F,四川家乐翱翔文化传媒有限公司,8999,一般项目：文艺创作；组织文化艺术交流活动；企业形象策划；专业设计服务；会议及展览服务；体育竞赛组织；组织体育表演活动；体育中介代理服务。（除依法须经批准的项目外，凭营业执照依法自主开展经营活动）,一般 项目 文艺创作 组织 文化 艺术交流 活动 企业形象 策划 专业 设计 服务 会议 展览 服务 体育竞赛 组织 组织 体育表演 活动 体育 中介代理 服务 依法 批准 项目 营业执照 依法 自主 开展 经营 活动,服务;组织;依法;活动;中介代理;体育表演;艺术交流;体育竞赛;文艺创作;企业形象,体育竞赛;体育表演,是,体育赛事,0.6,none,97,2
91510107MA6BT85H95,成都卿予健身服务有限公司,8930,一般项目：健身休闲活动；体育赛事策划；健康咨询服务（不含诊疗服务）；个人卫生用品销售；保健食品（预包装）销售；服装服饰零售。（除依法须经批准的项目外，凭营业执照依法自主开展经营活动）许可项目：生活美容服务。（依法须经批准的项目，经相关部门批准后方可开展经营活动，具体经营项目以相关部门批准文件或许可证件为准）,一般 项目 健身 休闲活动 体育 赛事策划 健康 咨询服务 诊疗 服务 个人 卫生用品 销售 保健食品 包装 销售 服装服饰 零售 依法 批准 项目 营业执照 依法 自主 开展 经营 活动 许可 项目 生活 美容 服务 依法 批准 项目 相关 部门 批准 后方 开展 经营 活动 具体 经营项目 相关 部门 批准 文件 许可证 为准,批准;依法;项目;休闲活动;经营项目;开展;赛事策划;卫生用品;服装服饰;服务,赛事策划,是,体育赛事,0.95,direct,154,1
91510107MAC4YDREXP,四川影子之书文化传媒有限公司,8919,一般项目：剧本娱乐活动；文艺创作；组织文化艺术交流活动；服装、服饰检验、整理服务；服装服饰出租；服装服饰零售；鞋帽零售；办公用品销售；会议及展览服务；广告设计、代理；广告发布；销售代理；体育用品及器材零售；体育用品及器材批发；珠宝首饰批发；珠宝首饰零售；礼品花卉销售；日用品销售；技术服务、技术开发、技术咨询、技术交流、技术转让、技术推广；企业形象策划；食品销售（仅销售预包装食品）。（除依法须经批准的项目外，凭营业执照依法自主开展经营活动）许可项目：游艺娱乐活动；营业性演出；音像制品制作；出版物零售。（依法须经批准的项目，经相关部门批准后方可开展经营活动，具体经营项目以相关部门批准文件或许可证件,一般 项目 剧本 娱乐活动 文艺创作 组织 文化 艺术交流 活动 服装 服饰 检验 整理 服务 服装服饰 出租 服装服饰 零售 鞋帽 零售 办公用品 销售 会议 展览 服务 广告设计 代理 广告 发布 销售 代理 体育用品 器材 零售 体育用品 器材 批发 珠宝首饰 批发 珠宝首饰 零售 礼品 花卉 销售 日用品 销售 技术 服务 技术开发 技术咨询 技术 交流 技术转让 技术推广 企业形象 策划 食品 销售 销售 包装 食品 依法 批准 项目 营业执照 依法 自主 开展 经营 活动 许可 项目 游艺 娱乐活动 营业性 演出 音像制品 制作 出版物 零售 依法 批准 项目 相关 部门 批准 后方 开展 经营 活动 具体 经营项目 相关 部门 批准 文件 许可证,零售;销售;批准;服装服饰;体育用品;依法;珠宝首饰;娱乐活动;项目;器材,体育用品,是,体育用品,0.95,direct,300,1
91510107MA6A9RD37J,四川俊如商贸有限公司,8919,许可项目：建设工程施工；建设工程设计；建设工程勘察；施工专业作业；建设工程监理；认证服务；安全评价业务；水利工程质量检测；安全生产检验检测。（依法须经批准的项目，经相关部门批准后方可开展经营活动，具体经营项目以相关部门批准文件或许可证件为准）一般项目：园林绿化工程施工；工程管理服务；采购代理服务；政府采购代理服务；招投标代理服务；企业管理咨询；安全咨询服务；社会经济咨询服务；认证咨询；工程造价咨询业务；会议及展览服务；规划设计管理；城市绿化管理；技术服务、技术开发、技术咨询、技术交流、技术转让、技术推广；信息咨询服务（不含许可类信息咨询服务）；土石方工程施工；林草种子质量检验；体育场地设施工程,许可 项目 建设 工程施工 建设工程 设计 建设工程 勘察 施工 专业 作业 建设工程 监理 认证 服务 安全 评价 业务 水利工程 质量 检测 安全 生产 检验 检测 依法 批准 项目 相关 部门 批准 后方 开展 经营 活动 具体 经营项目 相关 部门 批准 文件 许可证 为准 一般 项目 园林绿化 工程施工 工程 管理 服务 采购 代理服务 政府 采购 代理服务 招投标 代理服务 企业 管理 咨询 安全 咨询服务 社会 经济 咨询服务 认证咨询 工程造价 咨询 业务 会议 展览 服务 规划设计 管理 城市绿化 管理 技术 服务 技术开发 技术咨询 技术 交流 技术转让 技术推广 信息 咨询服务 许可 信息 咨询服务 土石方 工程施工 林草 种子 质量检验 体育场地设施 工程,咨询服务;代理服务;工程施工;建设工程;服务;批准;管理;安全;许可;项目,体育场地设施,是,体育场馆,0.95,direct,300,1
91510107MA7JTXGL9N,成都佳佑体育发展有限公司,8911,一般项目：体育竞赛组织；体育场地设施经营（不含高危险性体育运动）；组织文化艺术交流活动；组织体育表演活动；体育赛事策划；教育咨询服务（不含涉许可审批的教育培训活动）；社会经济咨询服务；业务培训（不含教育培训、职业技能培训等需取得许可的培训）；信息咨询服务（不含许可类信息咨询服务）；体育经纪人服务；广告制作；广告发布；广告设计、代理；品牌管理；体育保障组织；会议及展览服务；体育用品及器材零售；体育用品及器材批发；体育用品设备出租；户外用品销售；体育健康服务；体育中介代理服务；鞋帽零售；服装服饰零售；日用品销售；文具用品零售；玩具销售；玩具、动漫及游艺用品销售（除依法须经批准的项目外，凭营业执照依,一般 项目 体育竞赛 组织 体育场地设施 经营 不含 危险性 体育运动 组织 文化 艺术交流 活动 组织 体育表演 活动 体育 赛事策划 教育 咨询服务 含涉 许可 审批 教育 培训 活动 社会 经济 咨询服务 业务培训 教育 培训 职业技能 培训 取得 许可 培训 信息 咨询服务 许可 信息 咨询服务 体育 经纪人 服务 广告 制作 广告 发布 广告设计 代理 品牌 管理 体育 保障 组织 会议 展览 服务 体育用品 器材 零售 体育用品 器材 批发 体育用品 设备 出租 户外用品 销售 体育 健康 服务 体育 中介代理 服务 鞋帽 零售 服装服饰 零售 日用品 销售 文具用品 零售 玩具 销售 玩具 动漫 游艺 用品 销售 依法 批准 项目 营业执照,咨询服务;体育;体育用品;培训;零售;许可;服务;销售;组织;教育,体育竞赛;体育场地设施;体育表演;赛事策划;体育用品,是,体育赛事,0.95,direct,300,5
91510107MAC9PTY41P,成都凯儿星动体育文化传播有限公司,8999,一般项目：组织文化艺术交流活动；体育场地设施经营（不含高危险性体育运动）；体育用品及器材批发；体育用品及器材零售；体育赛事策划；体育竞赛组织；会议及展览服务；健身休闲活动；软件开发；信息咨询服务（不含许可类信息咨询服务）；教育咨询服务（不含涉许可审批的教育培训活动）；社会经济咨询服务；计算机软硬件及辅助设备零售；计算机软硬件及辅助设备批发；日用品销售；建筑材料销售。（除依法须经批准的项目外，凭营业执照依法自主开展经营活动）,一般 项目 组织 文化 艺术交流 活动 体育场地设施 经营 不含 危险性 体育运动 体育用品 器材 批发 体育用品 器材 零售 体育 赛事策划 体育竞赛 组织 会议 展览 服务 健身 休闲活动 软件开发 信息 咨询服务 许可 信息 咨询服务 教育 咨询服务 含涉 许可 审批 教育 培训 活动 社会 经济 咨询服务 计算机 软硬件 辅助 设备 零售 计算机 软硬件 辅助 设备 批发 日用品 销售 建筑材料 销售 依法 批准 项目 营业执照 依法 自主 开展 经营 活动,咨询服务;体育用品;软硬件;器材;批发;许可;辅助;依法;活动;休闲活动,体育场地设施;体育用品;赛事策划;体育竞赛,是,体育场馆,0.6,none,213,4
91510107MAC4GHQ878,成都壹叁肆肆体育发展有限公司,9052,体育赛事策划,体育 赛事策划,赛事策划;体育,赛事策划,是,体育赛事,0.6,none,6,1
915101070669564785,成都市雅玉包装有限公司,5142,体育用品及器材批发,体育用品 器材 批发,体育用品;器材;批发,体育用品,是,体育用品,0.95,direct,9,1
91510107MAC5F3A23U,四川省大吉文化传播有限公司,8999,许可项目：广播电视节目制作经营；营业性演出；互联网信息服务。（依法须经批准的项目，经相关部门批准后方可开展经营活动，具体经营项目以相关部门批准文件或许可证件为准）一般项目：组织文化艺术交流活动；文艺创作；组织体育表演活动；会议及展览服务；体育赛事策划；体育竞赛组织；项目策划与公关服务；企业形象策划；信息咨询服务（不含许可类信息咨询服务）；企业管理咨询；广播电视设备制造（不含广播电视传输设备）【分支机构经营】；人力资源服务（不含职业中介活动、劳务派遣服务）；信息技术咨询服务；软件开发；网络与信息安全软件开发；技术服务、技术开发、技术咨询、技术交流、技术转让、技术推广；计算机软硬件及辅助设备零售；,许可 项目 广播 电视节目 制作 经营 营业性 演出 互联网 信息 服务 依法 批准 项目 相关 部门 批准 后方 开展 经营 活动 具体 经营项目 相关 部门 批准 文件 许可证 为准 一般 项目 组织 文化 艺术交流 活动 文艺创作 组织 体育表演 活动 会议 展览 服务 体育 赛事策划 体育竞赛 组织 项目 策划 公关 服务 企业形象 策划 信息 咨询服务 许可 信息 咨询服务 企业 管理 咨询 广播电视 设备 制造 广播电视 传输 设备 分支机构 经营 人力资源 服务 职业 中介 活动 劳务 派遣 服务 信息技术 咨询服务 软件开发 网络 信息安全 软件开发 技术 服务 技术开发 技术咨询 技术 交流 技术转让 技术推广 计算机 软硬件 辅助 设备 零售,服务;咨询服务;软件开发;项目;广播电视;活动;批准;设备;许可;经营,体育表演;赛事策划;体育竞赛,是,体育赛事,0.6,none,300,3
91510107MAC93PX360,成都蓝汐文化传媒有限公司,8999,一般项目：组织文化艺术交流活动；广告发布；广告设计、代理；文艺创作；软件开发；电影摄制服务；组织体育表演活动；个人商务服务；礼仪服务；企业形象策划；办公服务；图文设计制作；会议及展览服务；娱乐性展览；体育经纪人服务；体育竞赛组织；体验式拓展活动及策划；市场营销策划；文化娱乐经纪人服务；婚庆礼仪服务；互联网销售（除销售需要许可的商品）。（除依法须经批准的项目外，凭营业执照依法自主开展经营活动）许可项目：电影发行；电视剧发行；演出经纪；网络文化经营；游艺娱乐活动；互联网直播技术服务；互联网新闻信息服务。（依法须经批准的项目，经相关部门批准后方可开展经营活动，具体经营项目以相关部门批准文件或许可证件,一般 项目 组织 文化 艺术交流 活动 广告 发布 广告设计 代理 文艺创作 软件开发 电影 摄制 服务 组织 体育表演 活动 个人 商务 服务 礼仪 服务 企业形象 策划 办公 服务 图文 设计 制作 会议 展览 服务 娱乐性 展览 体育 经纪人 服务 体育竞赛 组织 体验式 拓展 活动 策划 市场 营销策划 文化娱乐 经纪人 服务 婚庆 礼仪 服务 互联网 销售 销售 需要 许可 商品 依法 批准 项目 营业执照 依法 自主 开展 经营 活动 许可 项目 电影 发行 电视剧 发行 演出 经纪 网络 文化 经营 游艺 娱乐活动 互联网 直播 技术 服务 互联网 新闻 信息 服务 依法 批准 项目 相关 部门 批准 后方 开展 经营 活动 具体 经营项目 相关 部门 批准 文件 许可证,服务;批准;活动;互联网;依法;项目;展览;经纪人;许可;经营,体育表演;体育竞赛,是,体育赛事,0.6,none,300,2
91510107MA61U55F0F,成都可彩可贝轮滑有限公司,5142,批发兼零售：体育文化用品、服装、鞋帽、玩具、办公用品、日用百货、电子产品。（依法须经批准的项目，经相关部门批准后方可开展经营活动）。,批发 零售 体育 文化用品 服装 鞋帽 玩具 办公用品 日用百货 电子产品 依法 批准 项目 相关 部门 批准 后方 开展 经营 活动,批准;文化用品;日用百货;办公用品;鞋帽;电子产品;玩具;批发;体育;后方,,是,体育用品,0.75,direct,66,0
91510107MA66YXDK52,成都宜慧轩贸易有限公司,5142,体育用品批发,体育用品批发,体育用品批发,体育用品批发,是,体育用品,0.95,direct,6,1
915101070912769092,成都旭日体育设施工程有限公司,4720,体育场设施工程施工,体育场 设施 工程施工,工程施工;体育场;设施,体育场,是,体育场馆,0.6,none,9,1
91510107MAACPJ573L,四川诚茂世家建筑工程有限公司,4892,建筑劳务,建筑 劳务,劳务;建筑,,是,体育场馆,0.75,direct,4,0
91510107MA66A2G997,成都乐享蜂动体育管理有限公司,8911,体育活动策划,体育 活动 策划,策划;体育;活动,,是,体育管理,0.75,direct,6,0
91510107MA7HQ94075,成都锦熙互娱文化传媒有限公司,8919,文艺创作与表演,文艺创作 表演,文艺创作;表演,,是,体育管理,0.75,direct,7,0
91510107MA67FXWC8P,成都吉母仕健身服务有限公司,8930,食品销售,食品 销售,食品;销售,,是,健身休闲,0.75,direct,4,0
91510107MAACMQA867,成都鲸遨格斗体育文化传播有限公司,8930,健身,健身,健身,,是,健身休闲,0.75,direct,2,0
91510107MA6796XC8Q,成都中体力健体育发展有限公司,9052,体育赛事活动策划,体育赛事 活动 策划,体育赛事;策划;活动,体育赛事,是,体育赛事,0.6,none,8,1
91510107MA69G3968N,成都潇文健身服务有限公司,8930,健身休闲活动,健身 休闲活动,休闲活动;健身,,是,健身休闲,0.75,direct,6,0
91510107MA7LX3JM8G,四川顺为体育发展有限公司,5242,体育器材销售,体育器材 销售,体育器材;销售,体育器材,是,体育用品,0.95,direct,6,1
91510107MA69XNU18M,四川墨唐子体育用品有限公司,5142,体育用品及器材批发,体育用品 器材 批发,体育用品;器材;批发,体育用品,是,体育用品,0.95,direct,9,1
91510107MA65LKT656,四川省七桥项目管理有限公司,8392,组织培训活动,组织 培训 活动,培训;组织;活动,,是,体育培训,0.75,direct,6,0
91510107MA7KL9EN4H,成都嘉奈尔芭蕾舞蹈有限公司,8919,文艺创作与表演,文艺创作 表演,文艺创作;表演,,是,体育管理,0.75,direct,7,0
91510107MA69K28G2Q,成都奥林云图体育文化传播有限公司,8921,体育场馆管理,体育场馆 管理,体育场馆;管理,体育场馆,是,体育场馆,0.95,direct,6,1
91510107MAACF2QA0Q,成都谷力户外用品有限公司,5242,运动类器材零售,运动 器材 零售,器材;零售;运动,,是,体育用品,0.75,direct,7,0
91510107MA6AQL1459,成都梦泪健康科技有限责任公司,8930,健康服务,健康 服务,健康;服务,,是,健身休闲,0.75,direct,4,0
91510107MA6CDQ1G8U,四川澎湃致远文化传播有限公司,8392,游泳培训,游泳培训,游泳培训,游泳培训,是,体育培训,0.95,direct,4,1
91510107MA6CLHHAX5,成都索科游泳池管理有限公司,8921,泳池管理,泳池 管理,泳池;管理,,是,体育场馆,0.75,direct,4,0
91510107MABTTN944R,四川康倍德圣体育科技有限公司,8911,其他未列明专业技术服务业,其他 列明 专业 技术 服务业,列明;服务业;专业;技术;其他,,是,体育管理,0.75,direct,12,0
91510107MAACFQ7704,成都一畅体育文化传播有限公司,8911,体育竞赛组织,体育竞赛 组织,体育竞赛;组织,体育竞赛,是,体育赛事,0.95,direct,6,1
915101075620200621,成都华威体育文化传播有限公司,8911,体育赛事策划,体育 赛事策划,赛事策划;体育,赛事策划,是,体育赛事,0.95,direct,6,1
91510100083348597D,四川知合商贸有限公司,5142,体育器材批发,体育器材 批发,体育器材;批发,体育器材,是,体育用品,0.95,direct,6,1
91510107679684081K,成都龙雨体育场馆设施工程有限公司,4720,体育场馆建设施工,体育场馆 建设 施工,体育场馆;施工;建设,体育场馆,是,体育场馆,0.6,none,8,1
91510107MA6AER9A6N,成都畅想时代体育文化传播有限公司,9052,体育表演服务,体育表演 服务,体育表演;服务,体育表演,是,体育赛事,0.6,none,6,1
91510107MA661PFU83,成都聚创瑞禾体育文化传播有限公司,8911,体育赛事组织,体育赛事 组织,体育赛事;组织,体育赛事,是,体育赛事,0.95,direct,6,1
915100000993865203,四川恒煜建设工程有限公司,4892,体育总坪建设施工,体育 总坪 建设 施工,总坪;体育;施工;建设,,是,体育场馆,0.75,direct,8,0
91510107MAACQ2W74E,四川昊克天程工程建设有限公司,4892,体育场地设施工程施工,体育场地设施 工程施工,体育场地设施;工程施工,体育场地设施,是,体育场馆,0.95,direct,10,1
91510107MAACHY810E,四川卓航户外拓展有限公司,8930,健身休闲服务,健身 休闲 服务,健身;休闲;服务,,是,健身休闲,0.75,direct,6,0
91510107MA7FM9NK8M,成都圣西罗卡体育文化发展有限公司,8921,运动场所运营,运动 场所 运营,场所;运营;运动,,是,体育场馆,0.75,direct,6,0
91510107MA6CY5999F,四川乐鱼水商贸有限公司,5242,渔具零售,渔具 零售,渔具;零售,渔具,是,体育用品,0.95,direct,4,1
91510107MA69YWGL2B,四川嘉丽邦七色体育文化发展有限公司,5142,体育用品批发,体育用品批发,体育用品批发,体育用品批发,是,体育用品,0.95,direct,6,1
9151010759726290X9,四川同誉体育设施工程有限公司,4892,体育场地设施工程施工,体育场地设施 工程施工,体育场地设施;工程施工,体育场地设施,是,体育场馆,0.95,direct,10,1
915101070549361382,成都厚三箭体育用品有限公司,5142,健身器材批发,健身器材 批发,健身器材;批发,健身器材,是,体育用品,0.95,direct,6,1
91510107MA6CUMGX4Q,成都熵度科技有限公司,7122,健身器材租赁,健身器材 租赁,健身器材;租赁,健身器材,是,体育用品,0.6,none,6,1
91510107MA7KMDK51P,成都汀安格体育发展有限公司,8911,体育比赛策划,体育比赛 策划,体育比赛;策划,体育比赛,是,体育赛事,0.95,direct,6,1
91510100MA68F1FG6Y,四川战神联盟体育文化传播有限公司,8911,体育竞赛组织,体育竞赛 组织,体育竞赛;组织,体育竞赛,是,体育赛事,0.95,direct,6,1
915100007712433775,四川杰出体育设施工程有限公司,4892,体育场地工程施工,体育场地 工程施工,体育场地;工程施工,体育场地,是,体育场馆,0.95,direct,8,1
91510107MA644PJM2D,四川叙州茶楼有限公司,8930,棋牌室服务,棋牌室 服务,棋牌室;服务,,是,健身休闲,0.75,direct,5,0
91510107MABLYUQGXC,成都泰格尔体育文化发展有限公司,8911,体育赛事策划,体育 赛事策划,赛事策划;体育,赛事策划,是,体育赛事,0.95,direct,6,1
91510100MA65MJD580,成都已己文化用品有限公司,5242,体育用品及器材零售,体育用品 器材 零售,体育用品;器材;零售,体育用品,是,体育用品,0.95,direct,9,1
91510107MACGU4W44P,成都有玉健康管理有限公司,8392,健康咨询服务,健康 咨询服务,咨询服务;健康,,是,体育培训,0.75,direct,6,0
91510107MA7H41G28R,成都小伴天芙蓉园户外拓展有限公司,8930,户外拓展,户外拓展,户外拓展,户外拓展,是,健身休闲,0.95,direct,4,1
91510107MA6CF1LE19,成都布拉沃健身服务有限公司,8930,健身休闲活动,健身 休闲活动,休闲活动;健身,,是,健身休闲,0.75,direct,6,0
91510107MA6CTKGF6A,成都尚美聚合体育发展有限公司,8919,体育组织,体育组织,体育组织,体育组织,是,体育管理,0.95,direct,4,1
91510107MA7LTX808N,成都吴限户外运动策划有限公司,8930,健身休闲活动,健身 休闲活动,休闲活动;健身,,是,健身休闲,0.75,direct,6,0
91510107MA6CMLFNXK,成都闹腾体育文化传播有限公司,8392,网球培训,网球培训,网球培训,网球培训,是,体育培训,0.95,direct,4,1
91510107MA69FF922Y,成都小壳体育文化有限公司,5242,体育用品零售,体育用品零售,体育用品零售,体育用品零售,是,体育用品,0.95,direct,6,1
91510100MA67KJWU45,成都圣搏体育场馆管理有限公司,8392,体校及体育培训,体校 体育培训,体育培训;体校,体育培训,是,体育培训,0.95,direct,7,1
91510107MABN1M935Q,成都奕津体育场馆管理有限公司,8921,运动场馆管理服务,运动场馆 管理 服务,运动场馆;服务;管理,运动场馆,是,体育场馆,0.95,direct,8,1
91510107MA67ED2E3B,四川乐堂游乐设备有限公司,5142,体育器材及配件批发,体育器材 配件 批发,体育器材;配件;批发,体育器材,是,体育用品,0.95,direct,9,1
91510107099877549P,成都健佳游泳场管理有限公司,8921,体育场馆管理,体育场馆 管理,体育场馆;管理,体育场馆,是,体育场馆,0.95,direct,6,1
915101073319573923,成都依瑞德体育文化传播有限责任公司,9052,体育表演服务,体育表演 服务,体育表演;服务,体育表演,是,体育赛事,0.6,none,6,1
91510107066979872E,成都锦欣泰建筑工程技术有限公司,4892,体育场地设施工程施工,体育场地设施 工程施工,体育场地设施;工程施工,体育场地设施,是,体育场馆,0.95,direct,10,1
91510107MA61WCL69H,成都琰琳体育文化传播有限公司,8930,健身房服务,健身房 服务,健身房;服务,健身房,是,健身休闲,0.95,direct,5,1
91510107MA7GFBA77L,成都持凡体育科技有限公司,8911,体育竞赛组织,体育竞赛 组织,体育竞赛;组织,体育竞赛,是,体育赛事,0.95,direct,6,1
91510107MA61T7RC67,四川省文武简爱文化传播有限公司,8911,体育运动训练指导服务,体育运动 训练 指导 服务,体育运动;训练;指导;服务,,是,体育管理,0.75,direct,10,0
915101070806152829,四川泰尔乐康体设备有限公司,5142,体育用品及器材批发,体育用品 器材 批发,体育用品;器材;批发,体育用品,是,体育用品,0.95,direct,9,1
91510107MA6B8FBP7E,成都军胜羽毛球俱乐部有限公司,8930,羽毛球健身服务,羽毛球 健身服务,健身服务;羽毛球,羽毛球;健身服务,是,体育用品,0.95,direct,7,2
9151010709126158XM,成都奥尚汐搏体育文化传播有限公司,8921,体育场馆管理,体育场馆 管理,体育场馆;管理,体育场馆,是,体育场馆,0.95,direct,6,1
91510107MACA37T674,四川绅锐体育用品有限公司,5142,体育用品及器材批发,体育用品 器材 批发,体育用品;器材;批发,体育用品,是,体育用品,0.95,direct,9,1
91510107MACYE8H14J,成都悦街芈亚瑜伽健身有限责任公司,8930,健身休闲运动服务,健身 休闲 运动 服务,健身;休闲;服务;运动,,是,健身休闲,0.75,direct,8,0
91510107MA6APRK12F,四川正火梵木足球俱乐部有限公司,8392,体育培训教育,体育培训 教育,体育培训;教育,体育培训,是,体育培训,0.95,direct,6,1
91510107575284817X,四川御翔企业管理有限公司,8921,体育场馆管理,体育场馆 管理,体育场馆;管理,体育场馆,是,体育场馆,0.95,direct,6,1
91510107MA61R8LA3Y,成都大松果体育文化传播有限责任公司,8392,体校及体育培训,体校 体育培训,体育培训;体校,体育培训,是,体育培训,0.95,direct,7,1
91510104MA7MAP2M51,成都爱蕾体育文化传播有限公司,8930,室外活动服务,室外 活动 服务,室外;服务;活动,,是,健身休闲,0.75,direct,6,0
91510107MA655Y3B1P,四川育成云帆体育文化传播有限公司,8392,体育培训,体育培训,体育培训,体育培训,是,体育培训,0.95,direct,4,1
91510107MAC4LCN9XW,四川瑞美鑫胜电子商务有限公司,5242,体育用品零售,体育用品零售,体育用品零售,体育用品零售,是,体育用品,0.95,direct,6,1
91510107MA7KAK234L,成都索林龙腾体育发展有限公司,8930,健身休闲活动,健身 休闲活动,休闲活动;健身,,是,健身休闲,0.75,direct,6,0
91510107MA64RRPNXF,成都一木青舍健身服务有限公司,8930,健身服务,健身服务,健身服务,健身服务,是,健身休闲,0.95,direct,4,1
91510107MAC3LU825M,成都韦德伍斯悦动健身有限公司,8930,健身服务,健身服务,健身服务,健身服务,是,健身休闲,0.95,direct,4,1
91510107MA65LEFG1H,成都市傲森健康科技有限公司,8992,健身服务,健身服务,健身服务,健身服务,是,健身休闲,0.6,none,4,1
91510107MAC4PLYN0Y,成都市天成凯翔体育发展有限公司,8392,体育培训服务,体育培训 服务,体育培训;服务,体育培训,是,体育培训,0.95,direct,6,1
91510107MA6CC2EF18,四川美瑞体育设备有限公司,5142,体育用品批发,体育用品批发,体育用品批发,体育用品批发,是,体育用品,0.95,direct,6,1
91510107771220888T,四川省金牌康体设备有限公司,8930,健身服务,健身服务,健身服务,健身服务,是,健身休闲,0.95,direct,4,1
91510107MA6900MJ10,成都梓辛体育场馆管理有限公司,8921,体育场馆管理,体育场馆 管理,体育场馆;管理,体育场馆,是,体育场馆,0.95,direct,6,1
91510107MA652C1A4B,四川智尔创航体育用品有限公司,5242,体育器材零售,体育器材 零售,体育器材;零售,体育器材,是,体育用品,0.95,direct,6,1
91510107MA69E2EU2F,成都世纪星冰雪体育文化传播有限公司,9052,体育文化策划活动,体育文化 策划 活动,体育文化;策划;活动,体育文化,是,体育管理,0.6,none,8,1
91510107MA6C7PLU41,四川瑞永盛消防工程有限公司,4991,体育场馆安装,体育场馆 安装,体育场馆;安装,体育场馆,是,体育场馆,0.6,none,6,1
91510107MA6AT7TC77,成都华兴蓉创遮阳蓬有限公司,5142,户外用品批发,户外用品 批发,户外用品;批发,,是,体育用品,0.75,direct,6,0
91510107MA6CHHNQ7L,四川省欧弗朗特尔创新科技有限公司,9052,体育赛事策划服务,体育 赛事策划 服务,赛事策划;体育;服务,赛事策划,是,体育赛事,0.6,none,8,1
91510107MA67WEJE2N,瓦鲁瑞克智能技术成都有限公司,4720,体育场地施工,体育场地 施工,体育场地;施工,体育场地,是,体育场馆,0.6,none,6,1
91510108350575365C,成都育成凯达体育科技有限公司,9052,体育赛事活动策划,体育赛事 活动 策划,体育赛事;策划;活动,体育赛事,是,体育赛事,0.6,none,8,1
91510107MA7E9FU11M,四川凯睿莱特体育文化传播有限公司,8930,健身服务,健身服务,健身服务,健身服务,是,健身休闲,0.95,direct,4,1
91510107MA63F3GE7C,成都万顺飞鸟健身服务有限公司,8930,健身课程服务,健身 课程 服务,健身;课程;服务,,是,健身休闲,0.75,direct,6,0
91510107MACRJ0DD6N,言玺文化传播成都有限公司,8392,体育舞蹈培训服务,体育 舞蹈培训 服务,舞蹈培训;体育;服务,舞蹈培训,是,体育培训,0.95,direct,8,1
91510107MA634TLF88,四川锦发体育发展中心,9052,体育赛事组织,体育赛事 组织,体育赛事;组织,体育赛事,是,体育赛事,0.6,none,6,1
91510107MACXWG090H,成都魔豆智能体育发展有限责任公司,9052,体育赛事策划,体育 赛事策划,赛事策划;体育,赛事策划,是,体育赛事,0.6,none,6,1
91510107MAC16BL06M,四川锦尚睿博体育文化发展有限公司,9052,体育赛事表演服务,体育赛事 表演 服务,体育赛事;表演;服务,体育赛事,是,体育赛事,0.6,none,8,1
91510107MA6C8W2F5D,成都市缔康美健身服务有限公司,8930,健身服务,健身服务,健身服务,健身服务,是,健身休闲,0.95,direct,4,1
91510107MAC1D7BR03,四川省动络添篮球俱乐部有限公司,8921,篮球场所管理服务,篮球场 管理 服务,篮球场;服务;管理,篮球场,是,体育场馆,0.95,direct,8,1
91510107350529799A,四川美凯体育文化产业有限公司,8911,组织体育赛事及文化交流活动,组织 体育赛事 文化 交流活动,体育赛事;交流活动;文化;组织,体育赛事,是,体育赛事,0.95,direct,13,1
91510107MAC7CMML2R,四川恒星晨体育俱乐部有限公司,8930,健身休闲活动,健身 休闲活动,休闲活动;健身,,是,健身休闲,0.75,direct,6,0
91510107MAACK7CX0B,成都全体体育文化传播有限公司,8392,体育训练,体育训练,体育训练,,是,体育培训,0.75,direct,4,0
91510107MA7FU1CP0W,成都吴宪户外运动策划有限公司,8930,户外运动策划,户外运动 策划,户外运动;策划,户外运动,是,健身休闲,0.95,direct,6,1
915101075920780387,四川文瀚科技有限公司,5142,体育用品及器材批发,体育用品 器材 批发,体育用品;器材;批发,体育用品,是,体育用品,0.95,direct,9,1
91510107MAD6RPHQ2X,成都荣茂梵乐健身服务有限公司,8930,健身休闲活动,健身 休闲活动,休闲活动;健身,,是,健身休闲,0.75,direct,6,0
91510107086673205F,成都帕布利克体育文化传播有限公司,8921,体育场管理服务,体育场 管理 服务,体育场;服务;管理,体育场,是,体育场馆,0.95,direct,7,1
91510107MACEWTHK7K,成都肖智斌文化传媒有限公司,8930,组织文化艺术交流活动健身休闲活动,组织 文化 艺术交流 活动 健身 休闲活动,休闲活动;艺术交流;健身;文化;组织;活动,,是,健身休闲,0.75,direct,16,0
915101070697777588,成都瑞博晟国际贸易有限公司,5142,体育用品批发,体育用品批发,体育用品批发,体育用品批发,是,体育用品,0.95,direct,6,1
91510107MABQ14L00Y,四川托翔体育科技有限公司,5242,体育用品零售,体育用品零售,体育用品零售,体育用品零售,是,体育用品,0.95,direct,6,1
91510107MACBLE8J86,四川麓极体育公园管理有限公司,8911,滑板滑雪体育运动,滑板 滑雪 体育运动,滑板;滑雪;体育运动,滑雪,是,健身休闲,0.95,direct,8,1
91510107MAC2K06U3G,成都运达星商贸有限公司,5142,体育用品及器材批发,体育用品 器材 批发,体育用品;器材;批发,体育用品,是,体育用品,0.95,direct,9,1
91510107MACAGC2HX4,成都泰乙健康管理有限公司,8930,健康咨询服务,健康 咨询服务,咨询服务;健康,,是,健身休闲,0.75,direct,6,0
91510106MA61XPYA5T,成都兰途健身服务有限公司,8930,休闲健身服务,休闲 健身服务,健身服务;休闲,健身服务,是,健身休闲,0.95,direct,6,1
91510107MA6ABXMA9R,成都傲魂体育管理有限公司,8921,场地管理,场地 管理,场地;管理,,是,体育场馆,0.75,direct,4,0
91510107MA6747J49M,成都启霖行体育用品有限公司,5242,体育用品及器材零售,体育用品 器材 零售,体育用品;器材;零售,体育用品,是,体育用品,0.95,direct,9,1
91510107MAD21BPU28,成都琥珀川健身服务有限公司,8930,健身休闲,健身 休闲,健身;休闲,,是,健身休闲,0.75,direct,4,0
91510107MA65WPRQX8,四川健泳诚体育发展有限公司,8930,健身休闲活动,健身 休闲活动,休闲活动;健身,,是,健身休闲,0.75,direct,6,0
91510107MAACMLPE7D,四川能语商贸有限公司,5242,体育用品及器材零售,体育用品 器材 零售,体育用品;器材;零售,体育用品,是,体育用品,0.95,direct,9,1
91510107MA6CNNXM74,四川朗文陆杰体育文化传播有限公司,9052,体育赛事活动策划,体育赛事 活动 策划,体育赛事;策划;活动,体育赛事,是,体育赛事,0.6,none,8,1
91510107MA6CFUD729,成都揽创贸易有限公司,5142,体育用品批发,体育用品批发,体育用品批发,体育用品批发,是,体育用品,0.95,direct,6,1
91510107MA6B2G7R8M,四川海比利教育咨询有限公司,8930,健身休息活动,健身 休息 活动,健身;休息;活动,,是,健身休闲,0.75,direct,6,0
91510107MA6C7PM566,四川骁兔体育文化传播有限公司,5242,体育器材零售,体育器材 零售,体育器材;零售,体育器材,是,体育用品,0.95,direct,6,1
91510107MABM8RMQ79,四川篮冠体育设施有限公司,5142,体育用品及器材批发,体育用品 器材 批发,体育用品;器材;批发,体育用品,是,体育用品,0.95,direct,9,1
91510107MABU8F8P4C,成都迦也文化传播有限公司,8930,休闲健身活动,休闲 健身活动,健身活动;休闲,,是,健身休闲,0.75,direct,6,0
91510107057475795E,四川巨浪体育设施工程有限公司,4892,体育场地设施工程施工,体育场地设施 工程施工,体育场地设施;工程施工,体育场地设施,是,体育场馆,0.95,direct,10,1
91510107MA7N7FL893,成都未来蜀途体育俱乐部有限公司,8911,体育宣传服务,体育 宣传 服务,体育;宣传;服务,,是,体育管理,0.75,direct,6,0
91510107MA674L2L86,成都捷芙斯文化传播有限公司,8930,健身休闲活动,健身 休闲活动,休闲活动;健身,,是,健身休闲,0.75,direct,6,0
91510107MA68B7D07P,成都弗佑绅健身服务有限公司,8930,健身服务,健身服务,健身服务,健身服务,是,健身休闲,0.95,direct,4,1
91510107MA6B5DYQXR,成都悦沐禾健身管理有限公司,8930,健身休闲活动,健身 休闲活动,休闲活动;健身,,是,健身休闲,0.75,direct,6,0
91510107MA68BB9964,四川多平建筑工程有限公司,4892,体育场馆建筑工程施工,体育场馆 建筑 工程施工,体育场馆;工程施工;建筑,体育场馆,是,体育场馆,0.95,direct,10,1
91510107MABNXKG63P,雷考旦体育设施成都有限公司,5142,体育用品及器材批发,体育用品 器材 批发,体育用品;器材;批发,体育用品,是,体育用品,0.95,direct,9,1
91510107MACDGFHU2D,四川奥学建筑工程有限公司,5142,体育用品及器材批发,体育用品 器材 批发,体育用品;器材;批发,体育用品,是,体育用品,0.95,direct,9,1
91510107MA6B4MWN1P,四川优赛乐体育文化传播有限公司,8911,体育赛事的筹备举办办,体育赛事 筹备 举办,体育赛事;筹备;举办,体育赛事,是,体育赛事,0.95,direct,10,1
9151010706008076XM,四川园丁科教设备有限公司,5142,体育用品及器材批发,体育用品 器材 批发,体育用品;器材;批发,体育用品,是,体育用品,0.95,direct,9,1
91510107MA64Q7KBXK,四川鑫超意户外用品有限公司,5242,帐篷零售,帐篷 零售,帐篷;零售,帐篷,是,体育用品,0.95,direct,4,1
91510107MA67K1ER64,成都焱泽霖科技有限公司,5142,体育用品批发,体育用品批发,体育用品批发,体育用品批发,是,体育用品,0.95,direct,6,1
91510107MA6AD4J42P,成都启程健身服务有限公司,8930,健身休闲服务,健身 休闲 服务,健身;休闲;服务,,是,健身休闲,0.75,direct,6,0
91510107MACU5AEG0M,四川金腾泳健体育发展有限公司,8911,体育赛事策划,体育 赛事策划,赛事策划;体育,赛事策划,是,体育赛事,0.95,direct,6,1
91510107MA65HX38X1,成都星泽佑网络科技有限公司,8911,电子竞技职业俱乐部的运营,电子竞技 职业 俱乐部 运营,电子竞技;俱乐部;运营;职业,电子竞技,是,电子竞技,0.95,direct,12,1
91510107MAACGCAQ2X,四川极虎体育文化发展集团有限公司,8921,体育场馆管理,体育场馆 管理,体育场馆;管理,体育场馆,是,体育场馆,0.95,direct,6,1
91510107098893934A,四川丰谷乒乓球俱乐部有限责任公司,8911,体育竞赛组织,体育竞赛 组织,体育竞赛;组织,体育竞赛,是,体育赛事,0.95,direct,6,1
91510107MA69GP4P1N,成都梦马体育文化发展有限公司,9052,体育赛事策划,体育 赛事策划,赛事策划;体育,赛事策划,是,体育赛事,0.6,none,6,1
91510107MA64NTJD39,四川睿哲弈博体育文化发展有限公司,9052,体育赛事策划,体育 赛事策划,赛事策划;体育,赛事策划,是,体育赛事,0.6,none,6,1
91510107MABLUMJU6U,四川鸿辰户外拓展有限公司,8392,体育拓展培训,体育 拓展 培训,体育;培训;拓展,,是,体育培训,0.75,direct,6,0
9151010720217069XL,成都月亮湾体育活动中心,8930,体育休闲,体育休闲,体育休闲,体育休闲,是,健身休闲,0.95,direct,4,1
91510107MABX3A81XD,成都全煋煋体育俱乐部有限公司,8392,跆拳道培训,跆拳道培训,跆拳道培训,跆拳道培训,是,体育培训,0.95,direct,5,1
91510107MA6AHDE711,成都横断之心户外运动有限公司,8919,组织户外活动,组织 户外活动,户外活动;组织,,是,体育管理,0.75,direct,6,0
91510107MAACG03D9R,成都墨图电子商务有限公司,5242,体育用品零售,体育用品零售,体育用品零售,体育用品零售,是,体育用品,0.95,direct,6,1
915101006796681962,四川浪体教学设备有限公司,5242,体育用品及器材零售,体育用品 器材 零售,体育用品;器材;零售,体育用品,是,体育用品,0.95,direct,9,1
91510107MA6ADH7C7Y,四川探视界户外运动有限公司,8930,健身休闲活动,健身 休闲活动,休闲活动;健身,,是,健身休闲,0.75,direct,6,0
91510107MA6D0MHM84,成都速帆体育文化有限公司,8392,体校及体育培训,体校 体育培训,体育培训;体校,体育培训,是,体育培训,0.95,direct,7,1
91510108MADMBQ3R1C,成都肆潮健身俱乐部有限公司,8930,健身休闲活动,健身 休闲活动,休闲活动;健身,,是,健身休闲,0.75,direct,6,0
91510108MADJDFXG0A,成都袋鼠拳力体育俱乐部有限公司,8911,体育竞赛组织,体育竞赛 组织,体育竞赛;组织,体育竞赛,是,体育赛事,0.95,direct,6,1
91510108MADAPNT898,四川圣钧体育器材有限公司,5242,体育用品及器材零售,体育用品 器材 零售,体育用品;器材;零售,体育用品,是,体育用品,0.95,direct,9,1
91510108MA63625C9K,成都安仲呈体育用品店,5142,体育用品及器材批发,体育用品 器材 批发,体育用品;器材;批发,体育用品,是,体育用品,0.95,direct,9,1
91510108MA7M45C87U,成都昶刚悦体育用品店,5142,一般项目：体育用品及器材批发；体育用品及器材零售；互联网销售（除销售需要许可的商品）（除依法须经批准的项目外，凭营业执照依法自主开展经营活动）。,一般 项目 体育用品 器材 批发 体育用品 器材 零售 互联网 销售 销售 需要 许可 商品 依法 批准 项目 营业执照 依法 自主 开展 经营 活动,体育用品;器材;依法;销售;项目;营业执照;批发;许可;互联网;零售,体育用品,是,体育用品,0.95,direct,72,1
91510108MA7J0Q7A4T,成都讯文兆体育用品店,5142,一般项目：体育用品及器材批发；体育用品及器材零售；互联网销售（除销售需要许可的商品）（除依法须经批准的项目外，凭营业执照依法自主开展经营活动）。,一般 项目 体育用品 器材 批发 体育用品 器材 零售 互联网 销售 销售 需要 许可 商品 依法 批准 项目 营业执照 依法 自主 开展 经营 活动,体育用品;器材;依法;销售;项目;营业执照;批发;许可;互联网;零售,体育用品,是,体育用品,0.95,direct,72,1
91510108MA7JR3BM2G,成都垒尤洋体育用品店,5142,一般项目：体育用品及器材批发；体育用品及器材零售；互联网销售（除销售需要许可的商品）（除依法须经批准的项目外，凭营业执照依法自主开展经营活动）。,一般 项目 体育用品 器材 批发 体育用品 器材 零售 互联网 销售 销售 需要 许可 商品 依法 批准 项目 营业执照 依法 自主 开展 经营 活动,体育用品;器材;依法;销售;项目;营业执照;批发;许可;互联网;零售,体育用品,是,体育用品,0.95,direct,72,1
91510108MA7K4KCB09,成都韶权觅体育用品店,5142,一般项目：体育用品及器材批发；体育用品及器材零售；互联网销售（除销售需要许可的商品）（除依法须经批准的项目外，凭营业执照依法自主开展经营活动）。,一般 项目 体育用品 器材 批发 体育用品 器材 零售 互联网 销售 销售 需要 许可 商品 依法 批准 项目 营业执照 依法 自主 开展 经营 活动,体育用品;器材;依法;销售;项目;营业执照;批发;许可;互联网;零售,体育用品,是,体育用品,0.95,direct,72,1
91510108MA6C87MP6B,成都成华世茂美嘉健身服务有限责任公司,8930,健身休闲活动,健身 休闲活动,休闲活动;健身,,是,健身休闲,0.75,direct,6,0
91510108MA6C82B408,成都加玩拳创文化传播有限责任公司,8930,健身休闲活动,健身 休闲活动,休闲活动;健身,,是,健身休闲,0.75,direct,6,0
91510108MA7JJGH452,成都莹志莱体育用品店,5142,一般项目：体育用品及器材批发；体育用品及器材零售；互联网销售（除销售需要许可的商品）（除依法须经批准的项目外，凭营业执照依法自主开展经营活动）。,一般 项目 体育用品 器材 批发 体育用品 器材 零售 互联网 销售 销售 需要 许可 商品 依法 批准 项目 营业执照 依法 自主 开展 经营 活动,体育用品;器材;依法;销售;项目;营业执照;批发;许可;互联网;零售,体育用品,是,体育用品,0.95,direct,72,1
91510108MA61T6MW55,成都伍德易佳体育文化传播有限公司,8930,健身服务,健身服务,健身服务,健身服务,是,健身休闲,0.95,direct,4,1
91510108MA6C66BD4B,成都沃登健身服务有限公司,8930,健身服务,健身服务,健身服务,健身服务,是,健身休闲,0.95,direct,4,1
91510108MA7NHHE33K,成都奇迹鸿运健身服务有限公司,8930,一般项目：健身休闲活动；体育健康服务；体育保障组织；产业用纺织制成品销售；服装服饰零售；体育用品及器材零售（除依法须经批准的项目外，凭营业执照依法自主开展经营活动）。,一般 项目 健身 休闲活动 体育 健康 服务 体育 保障 组织 产业 纺织 制成品 销售 服装服饰 零售 体育用品 器材 零售 依法 批准 项目 营业执照 依法 自主 开展 经营 活动,体育;依法;休闲活动;零售;服装服饰;体育用品;项目;营业执照;制成品;健身,体育用品,是,体育用品,0.95,direct,83,1
91510108MA7M45WL0D,成都阑东阅体育用品店,5142,一般项目：体育用品及器材批发；体育用品及器材零售；互联网销售（除销售需要许可的商品）（除依法须经批准的项目外，凭营业执照依法自主开展经营活动）。,一般 项目 体育用品 器材 批发 体育用品 器材 零售 互联网 销售 销售 需要 许可 商品 依法 批准 项目 营业执照 依法 自主 开展 经营 活动,体育用品;器材;依法;销售;项目;营业执照;批发;许可;互联网;零售,体育用品,是,体育用品,0.95,direct,72,1
915101085671941099,成都快乐体育文化有限公司,9052,体育赛事策划,体育 赛事策划,赛事策划;体育,赛事策划,是,体育赛事,0.6,none,6,1
91510108MA61XUDY1C,成都瑞西健康管理有限公司,8930,健身服务,健身服务,健身服务,健身服务,是,健身休闲,0.95,direct,4,1
91510107MA61T7A695,四川洪卓企业管理咨询有限公司,5142,体育用品批发,体育用品批发,体育用品批发,体育用品批发,是,体育用品,0.95,direct,6,1
91510108771216723H,成都市麦斯卡体育用品有限公司,5142,体育用品批发,体育用品批发,体育用品批发,体育用品批发,是,体育用品,0.95,direct,6,1
91510108MA67AKTR9C,成都市骏宁健身有限公司,8930,健身管理,健身 管理,健身;管理,,是,健身休闲,0.75,direct,4,0
91510108MA63J3CL0U,成都巴啦啦体育发展有限公司,8392,体育培训服务,体育培训 服务,体育培训;服务,体育培训,是,体育培训,0.95,direct,6,1
91510108MA68758P2L,成都舞艾灵文化传媒有限公司,8930,健身休闲活动,健身 休闲活动,休闲活动;健身,,是,健身休闲,0.75,direct,6,0
91510108395576046T,成都美力邦科技有限公司,5142,体育用品及器材批发,体育用品 器材 批发,体育用品;器材;批发,体育用品,是,体育用品,0.95,direct,9,1
91510108080626707A,成都毛毛球体育用品有限公司,5242,体育用品零售,体育用品零售,体育用品零售,体育用品零售,是,体育用品,0.95,direct,6,1
91510108782685314E,成都威腾体育发展有限责任公司,8921,体育场馆管理,体育场馆 管理,体育场馆;管理,体育场馆,是,体育场馆,0.95,direct,6,1
91510108MA679NL0XC,成都铂水健身服务有限公司,8930,健身服务,健身服务,健身服务,健身服务,是,健身休闲,0.95,direct,4,1
91510108569689287N,成都婵院健身服务有限公司,8930,健身服务,健身服务,健身服务,健身服务,是,健身休闲,0.95,direct,4,1
91510108MA635FJH9Q,成都优胜特体育运动有限公司,8911,体育运动训练指导服务,体育运动 训练 指导 服务,体育运动;训练;指导;服务,,是,体育管理,0.75,direct,10,0
91510100MA7EUA10XR,四川闪电雄体育文化发展有限公司,8392,少儿体育培训,少儿 体育培训,体育培训;少儿,体育培训,是,体育培训,0.95,direct,6,1
91510100MA6CRCG436,四川大舞门文化传播有限公司,8392,成人体育培训,成人 体育培训,体育培训;成人,体育培训,是,体育培训,0.95,direct,6,1
91510108551067105H,成都玩味文化传播有限公司,8930,健身休闲活动,健身 休闲活动,休闲活动;健身,,是,健身休闲,0.75,direct,6,0
91510108MA6BD79D1H,成都肌械师健身管理有限公司,8930,健身房健身活动,健身房 健身活动,健身活动;健身房,健身房,是,健身休闲,0.95,direct,7,1
91510108MAC9KWQK26,成都骄傲羚羊体育发展有限公司,9052,体育表演服务,体育表演 服务,体育表演;服务,体育表演,是,体育赛事,0.6,none,6,1
91510108MA61YRUN7F,成都翌航文化传媒有限公司,8992,户外拓展服务,户外拓展 服务,户外拓展;服务,户外拓展,是,健身休闲,0.6,none,6,1
91510108MA64LYQ47A,文氏华承（成都）体育俱乐部有限公司,8392,体校及体育培训,体校 体育培训,体育培训;体校,体育培训,是,体育培训,0.95,direct,7,1
91510108MA6CX83G05,成都众星力行体育有限公司,8921,体育场馆管理,体育场馆 管理,体育场馆;管理,体育场馆,是,体育场馆,0.95,direct,6,1
9151010856968438XC,成都大唐户外体育用品有限公司,5242,体育用品及器材零售,体育用品 器材 零售,体育用品;器材;零售,体育用品,是,体育用品,0.95,direct,9,1
91510108MA6AF00762,成都脉谱健身服务有限公司,8930,健身房健身活动,健身房 健身活动,健身活动;健身房,健身房,是,健身休闲,0.95,direct,7,1
91510108MA69UPYR5C,成都魔星体育科技有限公司,8930,健身休闲活动,健身 休闲活动,休闲活动;健身,,是,健身休闲,0.75,direct,6,0
91510108MA61THRL79,成都迦南户外运动有限公司,8930,健身休闲活动,健身 休闲活动,休闲活动;健身,,是,健身休闲,0.75,direct,6,0
91510108MA61TBED2Q,成都蓝幼教育咨询有限公司,8392,幼儿园体智能课程服务,幼儿园 智能 课程 服务,幼儿园;课程;智能;服务,,是,体育培训,0.75,direct,10,0
91510108MA68JD1Q30,成都小倩健身服务有限公司,8930,健身休闲活动,健身 休闲活动,休闲活动;健身,,是,健身休闲,0.75,direct,6,0
91510108MA6CUHN64L,四川蓝雨体育文化传播有限公司,8921,体育场馆管理,体育场馆 管理,体育场馆;管理,体育场馆,是,体育场馆,0.95,direct,6,1
91510108077692500U,成都迈杰诺体育用品有限公司,5142,销售体育用品等,销售 体育用品,体育用品;销售,体育用品,是,体育用品,0.95,direct,7,1
91510108587593270H,德馨舞瑜成都健身有限公司,8930,健身休闲活动,健身 休闲活动,休闲活动;健身,,是,健身休闲,0.75,direct,6,0
91510108MA65QXC6XN,成都叁叁壹健身有限公司,8930,健身休闲活动,健身 休闲活动,休闲活动;健身,,是,健身休闲,0.75,direct,6,0
91510108720309399L,成都奥兰多体育发展有限公司,5142,体育用品批发,体育用品批发,体育用品批发,体育用品批发,是,体育用品,0.95,direct,6,1
91510100MA62TTL19F,夸父成都体育发展有限公司,7246,体育咨询,体育咨询,体育咨询,体育咨询,是,体育管理,0.6,none,4,1
91510108MA6CEJUQ0R,成都泽一瑜伽有限公司,8930,健身休闲活动,健身 休闲活动,休闲活动;健身,,是,健身休闲,0.75,direct,6,0
91510108MA61WHH24F,成都恒彩健康管理有限责任公司,8392,体校及体育培训,体校 体育培训,体育培训;体校,体育培训,是,体育培训,0.95,direct,7,1
91510108MA6APB6YXG,成都布库体育文化传播有限公司,8930,健身休闲活动,健身 休闲活动,休闲活动;健身,,是,健身休闲,0.75,direct,6,0
91510108MA61X99R1E,成都寿云电子科技有限公司,5242,体育用品零售,体育用品零售,体育用品零售,体育用品零售,是,体育用品,0.95,direct,6,1
91510108MA6APGB23K,四川椿天健身有限公司,8930,健身休闲活动,健身 休闲活动,休闲活动;健身,,是,健身休闲,0.75,direct,6,0
91510104MAACJL840M,四川乐动万奥体育科技有限公司,8392,少儿体育培训,少儿 体育培训,体育培训;少儿,体育培训,是,体育培训,0.95,direct,6,1
91510108MA6CATC84B,成都鼎骋体育科技有限公司,8921,体育场馆管理,体育场馆 管理,体育场馆;管理,体育场馆,是,体育场馆,0.95,direct,6,1
91510108MA6BRGAE7Q,四川云吉体育文化发展有限公司,9054,体育组织服务,体育组织 服务,体育组织;服务,体育组织,是,体育管理,0.6,none,6,1
91510108MA6436R06P,成都市骏腾健身有限公司,8930,健身休闲服务,健身 休闲 服务,健身;休闲;服务,,是,健身休闲,0.75,direct,6,0
915101086890091192,成都九元渔具有限公司,5242,渔具零售,渔具 零售,渔具;零售,渔具,是,体育用品,0.95,direct,4,1
91510108MA6CPEA15R,成都武铭文化传播有限公司,8930,健身休闲活动,健身 休闲活动,休闲活动;健身,,是,健身休闲,0.75,direct,6,0
91510108MA61WBF84Y,成都市诚武体育用品有限公司,5242,太极扇零售,太极 零售,太极;零售,,是,体育用品,0.75,direct,5,0
91510108689018963J,成都康瑞达健身器材有限公司,5142,健身器材批发,健身器材 批发,健身器材;批发,健身器材,是,体育用品,0.95,direct,6,1
91510108MA69Y1PY1M,成都野草蛮生体育文化传播有限公司,5242,体育用品零售,体育用品零售,体育用品零售,体育用品零售,是,体育用品,0.95,direct,6,1
91510108MA6AGH385K,成都红彩江游乐设备有限公司,5242,体育用品零售,体育用品零售,体育用品零售,体育用品零售,是,体育用品,0.95,direct,6,1
91510108MA6A6C0H1X,四川乘洋健身有限公司,8930,健身休闲活动,健身 休闲活动,休闲活动;健身,,是,健身休闲,0.75,direct,6,0
91510108MA7DEGK415,萌踪文化创意（成都）有限公司,8930,健身休闲活动,健身 休闲活动,休闲活动;健身,,是,健身休闲,0.75,direct,6,0
91510108MAC2R9PW30,成都市苏安文化传播有限公司,5142,体育用品批发,体育用品批发,体育用品批发,体育用品批发,是,体育用品,0.95,direct,6,1
91510108MA635DNY8B,成都新银锐科技有限公司,8930,健身休闲活动,健身 休闲活动,休闲活动;健身,,是,健身休闲,0.75,direct,6,0
91510107MA61TNCKX8,奇迹天地成都健身服务有限公司,8930,健身服务,健身服务,健身服务,健身服务,是,健身休闲,0.95,direct,4,1
91510100MA61RKQ81P,四川金源鸿鑫时代实业有限公司,5242,零售文化和体育用品,零售 文化 体育用品,体育用品;零售;文化,体育用品,是,体育用品,0.95,direct,9,1
91510108MABTF28L3A,成都长卿健身服务有限责任公司,8930,健身休闲活动,健身 休闲活动,休闲活动;健身,,是,健身休闲,0.75,direct,6,0
91510108MA635TCB3D,四川阿虎体育文化传播有限公司,8930,搏击类运动健身活动,搏击 运动 健身活动,健身活动;搏击;运动,,是,健身休闲,0.75,direct,9,0
91510108MA69M2HF2Q,四川优体体育文化发展有限公司,5242,体育用品零售,体育用品零售,体育用品零售,体育用品零售,是,体育用品,0.95,direct,6,1
91510108MA6DDYME8P,四川匹克体育文化传播有限公司,5242,体育用品零售,体育用品零售,体育用品零售,体育用品零售,是,体育用品,0.95,direct,6,1
91510108MA69TK7G4Q,成都劲源傲天体育文化传播有限公司,8392,体校及体育培训,体校 体育培训,体育培训;体校,体育培训,是,体育培训,0.95,direct,7,1
91510100MA6BFP8N77,四川橙仁亦美信息科技有限公司,8392,职业技能培训服务,职业技能 培训 服务,职业技能;培训;服务,,是,体育培训,0.75,direct,8,0
91510108MAACKH5F6E,四川雄冠体育文化发展有限公司,8930,健身休闲活动,健身 休闲活动,休闲活动;健身,,是,健身休闲,0.75,direct,6,0
91510108MACG10JR0G,成都优力体育文化传播有限公司,8930,健身休闲活动,健身 休闲活动,休闲活动;健身,,是,健身休闲,0.75,direct,6,0
91510108MACGAEB147,成都普瑞儿文化传播有限公司,8930,健身休闲活动,健身 休闲活动,休闲活动;健身,,是,健身休闲,0.75,direct,6,0
91510104MA6CPN4Y19,成都神秘人文化传播有限公司,8930,健身休闲活动,健身 休闲活动,休闲活动;健身,,是,健身休闲,0.75,direct,6,0
91510108MA6A5BRY4K,四川省春润供应链管理有限公司,8911,赛事组织,赛事组织,赛事组织,赛事组织,是,体育赛事,0.95,direct,4,1
91510104MACHJP2C7G,成都途斯搏户外运动有限公司,5242,一般项目体育竞赛组织,一般 项目 体育竞赛 组织,体育竞赛;项目;组织;一般,体育竞赛,是,体育赛事,0.95,direct,10,1
91510108MACUGADC1J,成都源宇瑜伽健身有限公司,8930,健身休闲活动,健身 休闲活动,休闲活动;健身,,是,健身休闲,0.75,direct,6,0
91510108MA6B2W3644,成都鼎成尚丰文化传播有限公司,8930,健身休闲活动,健身 休闲活动,休闲活动;健身,,是,健身休闲,0.75,direct,6,0
91510108MA671TRHX9,成都奇航吉业教育咨询有限公司,8930,健身休闲活动,健身 休闲活动,休闲活动;健身,,是,健身休闲,0.75,direct,6,0
91510108684556586M,成都风之翼户外运动有限公司,5242,户外运动用品零售,户外运动 用品 零售,户外运动;用品;零售,户外运动,是,健身休闲,0.95,direct,8,1
91510108MA62U4KP6K,四川嘉建佳健身俱乐部有限责任公司,8930,健身休闲活动,健身 休闲活动,休闲活动;健身,,是,健身休闲,0.75,direct,6,0
91510108MAC6AF739F,泰美盈瑞（成都）体育文化发展有限公司,8930,健身休闲活动,健身 休闲活动,休闲活动;健身,,是,健身休闲,0.75,direct,6,0
91510108MACJJ6YK65,四川雄冠优克体育发展有限公司,5242,体育用品零售,体育用品零售,体育用品零售,体育用品零售,是,体育用品,0.95,direct,6,1
91510108MA61UE81XB,成都汇盛康体育用品有限公司,5142,体育用品及器材批发,体育用品 器材 批发,体育用品;器材;批发,体育用品,是,体育用品,0.95,direct,9,1
91510108MAC6CUFP1Y,四川志祥玄达教育咨询有限公司,8999,一般项目：企业形象策划；市场营销策划；组织文化艺术交流活动；组织体育表演活动；体育竞赛组织；信息咨询服务（不含许可类信息咨询服务）；信息系统集成服务；礼仪服务；个人商务服务；婚庆礼仪服务；租赁服务（不含许可类租赁服务）；文化用品设备出租；企业管理咨询；数字内容制作服务（不含出版发行）；图文设计制作；数字创意产品展览展示服务；会议及展览服务；包装服务；广告制作；平面设计；文艺创作；专业设计服务；娱乐性展览。（除依法须经批准的项目外，凭营业执照依法自主开展经营活动）,一般 项目 企业形象 策划 市场 营销策划 组织 文化 艺术交流 活动 组织 体育表演 活动 体育竞赛 组织 信息 咨询服务 许可 信息 咨询服务 信息系统 集成 服务 礼仪 服务 个人 商务 服务 婚庆 礼仪 服务 租赁 服务 许可 租赁 服务 文化用品 设备 出租 企业 管理 咨询 数字 内容 制作 服务 出版发行 图文 设计 制作 数字 创意 产品 展览 展示 服务 会议 展览 服务 包装 服务 广告 制作 平面设计 文艺创作 专业 设计 服务 娱乐性 展览 依法 批准 项目 营业执照 依法 自主 开展 经营 活动,服务;展览;制作;咨询服务;许可;租赁;礼仪;组织;依法;活动,体育表演;体育竞赛,是,体育赛事,0.6,none,233,2
91510108MAC43GP950,四川安茁体育发展有限公司,8911,体育竞赛组织,体育竞赛 组织,体育竞赛;组织,体育竞赛,是,体育赛事,0.95,direct,6,1
91510100MA61UM5D0U,成都净梵瑜伽健身服务有限公司,8930,瑜伽健身服务,瑜伽 健身服务,健身服务;瑜伽,瑜伽;健身服务,是,健身休闲,0.95,direct,6,2
91510108395136358R,成都天沐商贸有限公司,5142,玩具批发,玩具 批发,玩具;批发,,是,体育用品,0.75,direct,4,0
9151010839525774XR,成都明心康健体育用品有限公司,5142,户外用品批发,户外用品 批发,户外用品;批发,,是,体育用品,0.75,direct,6,0
91510108MA61T3WL0F,成都力米特体育用品有限公司,5142,销售体育用品,销售 体育用品,体育用品;销售,体育用品,是,体育用品,0.95,direct,6,1
91510108MA61WCMF9Y,四川百巨业体育设施工程有限公司,4892,体育场地设施施工,体育场地设施 施工,体育场地设施;施工,体育场地设施,是,体育场馆,0.95,direct,8,1
91510108MA6BWPHY7T,四川宇搏体育文化传播有限公司,9052,体育赛事活动策划,体育赛事 活动 策划,体育赛事;策划;活动,体育赛事,是,体育赛事,0.6,none,8,1
91510108MA67TEDF6N,成都欢乐福尼体育发展有限公司,9052,体育赛事活动策划,体育赛事 活动 策划,体育赛事;策划;活动,体育赛事,是,体育赛事,0.6,none,8,1
91510105MABTFMQ51D,成都林宸健身服务有限公司,8930,健身休闲活动,健身 休闲活动,休闲活动;健身,,是,健身休闲,0.75,direct,6,0
91510124MA6B5J1F6C,四川鹏飞乐享健身服务有限公司,8930,健身服务,健身服务,健身服务,健身服务,是,健身休闲,0.95,direct,4,1
915101087622942956,成都康尔美健康科技有限公司,5242,零售健身用品,零售 健身 用品,健身;用品;零售,,是,体育用品,0.75,direct,6,0
91510108MA6CMTF54E,成都传艺道文化传播有限公司,8392,武术培训,武术培训,武术培训,武术培训,是,体育培训,0.95,direct,4,1
91510108MA6B6MKY6A,四川星海新知体育文化传播有限公司,8930,健身休闲活动,健身 休闲活动,休闲活动;健身,,是,健身休闲,0.75,direct,6,0
91510108MABTWX3R8A,四川白色元素体育用品有限公司,5242,一般项目：体育用品及器材零售；户外用品销售；鞋帽批发；眼镜销售（不含隐形眼镜）；鞋帽零售；图文设计制作；文艺创作；服装服饰批发；服装服饰零售；互联网销售（除销售需要许可的商品）；组织文化艺术交流活动；国内贸易代理；其他文化艺术经纪代理；组织体育表演活动。（除依法须经批准的项目外，凭营业执照依法自主开展经营活动）,一般 项目 体育用品 器材 零售 户外用品 销售 鞋帽 批发 眼镜 销售 隐形眼镜 鞋帽 零售 图文 设计 制作 文艺创作 服装服饰 批发 服装服饰 零售 互联网 销售 销售 需要 许可 商品 组织 文化 艺术交流 活动 国内贸易 代理 其他 文化 艺术 经纪 代理 组织 体育表演 活动 依法 批准 项目 营业执照 依法 自主 开展 经营 活动,服装服饰;鞋帽;销售;零售;批发;代理;依法;活动;户外用品;体育表演,体育用品;体育表演,是,体育用品,0.95,direct,156,2
915101080697776783,成都明健体育场馆管理有限公司,9052,策划体育赛事活动,策划 体育赛事 活动,体育赛事;策划;活动,体育赛事,是,体育赛事,0.6,none,8,1
91510108MA635J2Y05,成都蔚素仕体育用品店,5142,体育用品及器材销售,体育用品 器材 销售,体育用品;器材;销售,体育用品,是,体育用品,0.95,direct,9,1
91510108MA6AB3DX8F,成都豪宇君达健身服务有限公司,8930,健身服务,健身服务,健身服务,健身服务,是,健身休闲,0.95,direct,4,1
91510108MA64R1GU90,成都悦享健身服务有限公司,8930,健身休闲活动,健身 休闲活动,休闲活动;健身,,是,健身休闲,0.75,direct,6,0
91510108MA635P6203,成都彬潮立体育用品店,5142,体育用品及器材销售,体育用品 器材 销售,体育用品;器材;销售,体育用品,是,体育用品,0.95,direct,9,1
915101085920603486,成都威尔斯健身服务有限责任公司,8930,室内健身房健身活动,室内 健身房 健身活动,健身活动;健身房;室内,健身房,是,健身休闲,0.95,direct,9,1
91510108MAACJ4H84F,成都辰铭体育文化发展有限公司,9052,体育赛事策划,体育 赛事策划,赛事策划;体育,赛事策划,是,体育赛事,0.6,none,6,1
91510108MA7HYFBP6R,成都四九城健身服务有限公司,8930,健身休闲活动,健身 休闲活动,休闲活动;健身,,是,健身休闲,0.75,direct,6,0
91510108MA6431P77J,四川君安康爱尚健康科技有限公司,8930,健康咨询服务,健康 咨询服务,咨询服务;健康,,是,健身休闲,0.75,direct,6,0
91510108MA65UU8E3G,成都赛乐健身服务有限公司,8930,健身休闲活动,健身 休闲活动,休闲活动;健身,,是,健身休闲,0.75,direct,6,0
91510108MABU3BEU5G,四川力量引擎体育文化发展有限公司,8930,体育竞赛组织,体育竞赛 组织,体育竞赛;组织,体育竞赛,是,体育赛事,0.95,direct,6,1
91510108MABRA1A02D,成都蔻动扳机体育俱乐部有限公司,5242,体育用品零售,体育用品零售,体育用品零售,体育用品零售,是,体育用品,0.95,direct,6,1
91510104MA6CFXMU6T,成都众合鑫体育文化有限公司,8911,体育竞赛组织,体育竞赛 组织,体育竞赛;组织,体育竞赛,是,体育赛事,0.95,direct,6,1
91510108MA6ABE2X8G,成都澈恬辰体育用品店,5242,乒乓球专用,乒乓球 专用,乒乓球;专用,乒乓球,是,体育用品,0.95,direct,5,1
91510108MA673XDK78,四川君体飞腾体育用品有限公司,5142,体育用品,体育用品,体育用品,体育用品,是,体育用品,0.95,direct,4,1
91510108MA635BDJ67,成都具诚禾体育用品店,5142,体育用品及器材销售,体育用品 器材 销售,体育用品;器材;销售,体育用品,是,体育用品,0.95,direct,9,1
91510108096146767A,成都水精灵瑜伽有限公司,8930,健身房健身活动,健身房 健身活动,健身活动;健身房,健身房,是,健身休闲,0.95,direct,7,1
91510107MA6CNLUG3Q,四川皓月繁星体育文化传播有限公司,8911,体育竞赛组织,体育竞赛 组织,体育竞赛;组织,体育竞赛,是,体育赛事,0.95,direct,6,1
91510108MA635RNLXQ,成都克钰呈体育用品店,5142,体育用品及器材销售,体育用品 器材 销售,体育用品;器材;销售,体育用品,是,体育用品,0.95,direct,9,1
91510108MA6BGXKD99,成都锋翔洋体育用品店,5242,排球运动用品,排球 运动用品,运动用品;排球,排球,是,体育用品,0.95,direct,6,1
91510108MA6ACKAHXE,成都琉文淑体育用品店,5142,体育用品及器材销售,体育用品 器材 销售,体育用品;器材;销售,体育用品,是,体育用品,0.95,direct,9,1
91510108MACFUB8J2W,成都酷动空间健身管理有限公司,8930,健身房健身活动,健身房 健身活动,健身活动;健身房,健身房,是,健身休闲,0.95,direct,7,1
91510108MA69HEP14A,成都奥旗盛商贸有限公司,5242,体育用品,体育用品,体育用品,体育用品,是,体育用品,0.95,direct,4,1
91510108MA7HK2W036,成都小冰花体育文化发展有限公司,8392,青少年体育培训服务,青少年体育 培训 服务,青少年体育;培训;服务,青少年体育,是,体育培训,0.95,direct,9,1
91510000660250996L,四川挚友众力体育文化传播有限公司,8919,体育组织服务,体育组织 服务,体育组织;服务,体育组织,是,体育管理,0.95,direct,6,1
91510108MA63591W0C,成都果萌霖体育用品店,5242,体育用品,体育用品,体育用品,体育用品,是,体育用品,0.95,direct,4,1
91510108MA6AGT2572,成都金色橘子瑜伽健身有限公司,8930,瑜伽健身,瑜伽 健身,瑜伽;健身,瑜伽,是,健身休闲,0.95,direct,4,1
91510108MABWU2AK2K,成都荣辰锦都游泳俱乐部有限公司,8921,游泳馆服务,游泳馆 服务,游泳馆;服务,游泳馆,是,体育场馆,0.95,direct,5,1
91510108MAC8UB7F7H,成都市戴氏八面文化传播有限公司,9052,体育文化活动组织,体育文化 活动 组织,体育文化;组织;活动,体育文化,是,体育管理,0.6,none,8,1
91510108394602716Q,成都冠华体育文化传播有限公司,8911,体育竞赛组织,体育竞赛 组织,体育竞赛;组织,体育竞赛,是,体育赛事,0.95,direct,6,1
91510108MAC5RPE59L,成都道珞健身服务有限公司,8930,健身馆服务,健身 服务,健身;服务,,是,健身休闲,0.75,direct,5,0
915101080669892961,成都蜀航体育文化传播有限公司,5142,体育器材批发,体育器材 批发,体育器材;批发,体育器材,是,体育用品,0.95,direct,6,1
91510108MA65LA0Y2F,成都市赫冉柔道俱乐部有限公司,8911,体育竞赛组织,体育竞赛 组织,体育竞赛;组织,体育竞赛,是,体育赛事,0.95,direct,6,1
91510108MA6CD6F60L,成都市纱妃健身服务有限公司,8930,健身休闲活动,健身 休闲活动,休闲活动;健身,,是,健身休闲,0.75,direct,6,0
91510108MA6BLRK709,四川爱健体育设施工程有限公司,4892,体育场地设施工程施工,体育场地设施 工程施工,体育场地设施;工程施工,体育场地设施,是,体育场馆,0.95,direct,10,1
91510108MA67E08K59,成都飞扬米高体育俱乐部有限公司,8911,体育竞赛组织,体育竞赛 组织,体育竞赛;组织,体育竞赛,是,体育赛事,0.95,direct,6,1
91510108MA61TG3D6T,成都腾飞经典足球俱乐部有限公司,8911,民间足球俱乐部,民间 足球 俱乐部,足球;俱乐部;民间,足球,是,体育用品,0.95,direct,7,1
91510100MA6C7L0M4E,成都谊搏体育文化传播有限公司,8930,体育健身活动,体育 健身活动,健身活动;体育,,是,健身休闲,0.75,direct,6,0
91510100MA7FX5FB2Y,成都谊搏八里体育文化发展有限公司,8930,乒乓球健身服务,乒乓球 健身服务,健身服务;乒乓球,乒乓球;健身服务,是,体育用品,0.95,direct,7,2
91510108MADHRN8J28,成都市喜象瑜伽健身有限公司,8930,健身休闲活动,健身 休闲活动,休闲活动;健身,,是,健身休闲,0.75,direct,6,0
91510108MAC8LGDE1X,成都茅苍悦体育用品店,5142,一般项目：体育用品及器材批发；会议及展览服务；体育用品及器材零售；互联网销售（除销售需要许可的商品）。（除依法须经批准的项目外，凭营业执照依法自主开展经营活动）,一般 项目 体育用品 器材 批发 会议 展览 服务 体育用品 器材 零售 互联网 销售 销售 需要 许可 商品 依法 批准 项目 营业执照 依法 自主 开展 经营 活动,体育用品;器材;依法;销售;项目;营业执照;展览;批发;许可;互联网,体育用品,是,体育用品,0.95,direct,80,1
91510108MA643U1C4D,成都深白领跑健身服务有限公司,8930,健身休闲活动,健身 休闲活动,休闲活动;健身,,是,健身休闲,0.75,direct,6,0
91510108MA635PKB3F,成都哆啦宝箱贸易有限公司,5142,销售：建筑材料、五金交电、日用品、建材、金属制品、石材、阀门、电线电缆、环保设备、灯具、塑料制品、橡胶制品、木制品、机械设备及配件、办公用品、电气设备、体育用品、电子产品、户外用品。（依法须经批准的项目，经相关部门批准后方可展开经营活动）。,销售 建筑材料 五金交电 日用品 建材 金属制品 石材 阀门 电线电缆 环保 设备 灯具 塑料制品 橡胶制品 木制品 机械设备 配件 办公用品 电气设备 体育用品 电子产品 户外用品 依法 批准 项目 相关 部门 批准 后方 展开 经营 活动,五金交电;批准;户外用品;电线电缆;木制品;办公用品;体育用品;塑料制品;橡胶制品;石材,体育用品,是,体育用品,0.95,direct,120,1
91510108MA6AQ05HXM,成都市成华区维依歌舞厅,8911,歌舞娱乐活动,歌舞 娱乐活动,娱乐活动;歌舞,,是,体育管理,0.75,direct,6,0
91510108MAC6RPK22X,CD,8911,体育竞赛组织,体育竞赛 组织,体育竞赛;组织,体育竞赛,是,体育赛事,0.95,direct,6,1
91510108MA7GJCNK0C,成都威客阿普文化传播有限公司,8919,组织文化艺术交流活动,组织 文化 艺术交流 活动,艺术交流;文化;组织;活动,,是,体育管理,0.75,direct,10,0
91510108MAC6RPK23X,成都梦竞技文化传媒有限公司,8911,体育竞赛组织,体育竞赛 组织,体育竞赛;组织,体育竞赛,是,体育赛事,0.95,direct,6,1
91510108MABY3GL609,成都梦达成体育文化发展有限公司,8392,体育培训,体育培训,体育培训,体育培训,是,体育培训,0.95,direct,4,1
91510108MA6908QY1M,四川百炼体育文化传播有限公司,8392,体校及体育培训,体校 体育培训,体育培训;体校,体育培训,是,体育培训,0.95,direct,7,1
91510108MA652H608C,成都圣火体育文化传播有限公司,8930,跆拳道健身,跆拳道 健身,跆拳道;健身,跆拳道,是,健身休闲,0.95,direct,5,1
91510100MA6CUWCKXJ,成都鸿兴盛体育用品有限公司,5242,体育用品零售,体育用品零售,体育用品零售,体育用品零售,是,体育用品,0.95,direct,6,1
91510108MA64P1K83B,成都即刻行动体育文化传播有限公司,8392,篮球培训教育,篮球培训 教育,篮球培训;教育,篮球培训,是,体育培训,0.95,direct,6,1
91510108MAC45H3489,成都诗克莲体育用品店,5242,足球用品零售,足球 用品 零售,用品;足球;零售,足球,是,体育用品,0.95,direct,6,1
91510108MAC301X985,成都春戎鹏体育用品店,5242,足球零售,足球 零售,足球;零售,足球,是,体育用品,0.95,direct,4,1
91510108MAC351P00P,成都贝赫明体育用品店,5242,篮球运动用品零售,篮球运动 用品 零售,篮球运动;用品;零售,,是,体育用品,0.75,direct,8,0
91510108MABYWBHR1C,成都河秋全体育用品店,5142,,,,,是,体育用品,0.75,direct,0,0
91510108MA7F2E9691,四川梅宝体育科技有限公司,5242,体育器械零售,体育 器械 零售,器械;体育;零售,,是,体育用品,0.75,direct,6,0
91510108MA663E390G,成都市华之茵杰体育文化传播有限公司,5142,体育用品批发,体育用品批发,体育用品批发,体育用品批发,是,体育用品,0.95,direct,6,1
91510108MACJA2W85G,成都人生营佳企业管理有限公司,8919,户外活动组织,户外活动 组织,户外活动;组织,,是,体育管理,0.75,direct,6,0
91510108332001667U,成都华狼文化传播有限公司,8930,青少年拓展培训,青少年 拓展 培训,青少年;培训;拓展,,是,健身休闲,0.75,direct,7,0
91510100MA6BWLQD15,成都冠篮盛世体育文化传播有限公司,8392,体校及体育培训,体校 体育培训,体育培训;体校,体育培训,是,体育培训,0.95,direct,7,1
91510108MACF2GHM5Y,松涛馆成都体育发展有限公司,9052,体育用品制造服务,体育用品制造 服务,体育用品制造;服务,体育用品制造,是,体育用品,0.6,none,8,1
91510108MA6ALXE6X0,成都稻谷智投品牌管理有限公司,9052,体育赛事活动策划,体育赛事 活动 策划,体育赛事;策划;活动,体育赛事,是,体育赛事,0.6,none,8,1
91510108MA6A08AX2T,四川菲尔德利健身俱乐部有限公司,8930,健身器材制造,健身器材 制造,健身器材;制造,健身器材,是,体育用品,0.95,direct,6,1
91510108MA6B2XNW77,成都鼎盛广和体育文化发展有限公司,8911,体育竞赛组织服务,体育竞赛 组织 服务,体育竞赛;服务;组织,体育竞赛,是,体育赛事,0.95,direct,8,1
91510108MAC3L11B5R,成都象野户外用品有限公司,5242,户外用品销售,户外用品 销售,户外用品;销售,,是,体育用品,0.75,direct,6,0
91510108MAACF2BL57,四川少年川起体育科技有限公司,9052,体育赛事策划服务,体育 赛事策划 服务,赛事策划;体育;服务,赛事策划,是,体育赛事,0.6,none,8,1
91510108MA6DFEN14F,成都米特健身服务有限公司,8930,健身服务,健身服务,健身服务,健身服务,是,健身休闲,0.95,direct,4,1
91510108MAC43D3894,成都沃文羽体育用品店,5242,篮球运动用品批发,篮球运动 用品 批发,篮球运动;用品;批发,,是,体育用品,0.75,direct,8,0
91510108MAC1MUM28R,成都悠勤惠体育用品店,5242,足球运动用品零售,足球 运动用品 零售,运动用品;足球;零售,足球,是,体育用品,0.95,direct,8,1
91510108MAC3EX7E71,成都速开荣体育用品店,5242,篮球零售,篮球 零售,篮球;零售,篮球,是,体育用品,0.95,direct,4,1
91510108MAC049347A,四川壹玖玖壹健身管理有限公司,8930,商业综合体管理服务,商业 综合体 管理 服务,综合体;商业;服务;管理,,是,健身休闲,0.75,direct,9,0
91510108MAC4J2LX5J,成都达笛仕体育用品店,5242,篮球运动用品零售,篮球运动 用品 零售,篮球运动;用品;零售,,是,体育用品,0.75,direct,8,0
91510108MAC20EHK0X,成都衍笛才体育用品店,5242,篮球运动用品零售,篮球运动 用品 零售,篮球运动;用品;零售,,是,体育用品,0.75,direct,8,0
91510108MA7G72462H,四川泳澎德瑞克园区运营管理有限公司,8921,体育场地设施经营服务,体育场地设施 经营 服务,体育场地设施;服务;经营,体育场地设施,是,体育场馆,0.95,direct,10,1
91510108MABWUUP008,成都莲恩驰体育用品店,5242,篮球零售,篮球 零售,篮球;零售,篮球,是,体育用品,0.95,direct,4,1
91510108MABUGNN19K,成都倘宪孚体育用品店,5242,篮球零售,篮球 零售,篮球;零售,篮球,是,体育用品,0.95,direct,4,1
91510108MA6C98CKXA,成都惠分享文化传播有限公司,8930,健身服务,健身服务,健身服务,健身服务,是,健身休闲,0.95,direct,4,1
91510108MA7E20RQ8K,成都越航体育设施有限公司,5242,体育用品及器材批发,体育用品 器材 批发,体育用品;器材;批发,体育用品,是,体育用品,0.95,direct,9,1
91510108MA68D09623,成都优体健身服务有限公司,8930,健身服务,健身服务,健身服务,健身服务,是,健身休闲,0.95,direct,4,1
91510108MAC20KGK0C,成都弗依觅体育用品店,5242,体育用品零售,体育用品零售,体育用品零售,体育用品零售,是,体育用品,0.95,direct,6,1
91510108MAC32K6C3P,成都碧菘波体育用品店,5142,体育用品及器材批发,体育用品 器材 批发,体育用品;器材;批发,体育用品,是,体育用品,0.95,direct,9,1
91510108MABW5K9M5R,成都度康秋体育用品店,5242,体育用品零售,体育用品零售,体育用品零售,体育用品零售,是,体育用品,0.95,direct,6,1
91510108MA6B5LKXXH,成都无限上升健身工作室,8930,健身服务,健身服务,健身服务,健身服务,是,健身休闲,0.95,direct,4,1
915101083431387575,成都仕艾康健身服务有限公司,8930,健身服务,健身服务,健身服务,健身服务,是,健身休闲,0.95,direct,4,1
91510108MA65XUB398,奇迹汇聚（成都）健身服务有限公司,8930,健身服务,健身服务,健身服务,健身服务,是,健身休闲,0.95,direct,4,1
91510108MA62TRB527,成都快攻体育文化传播有限公司,8999,一般项目：组织文化艺术交流活动；体育场地设施经营（不含高危险性体育运动）；体育竞赛组织；健身休闲活动；会议及展览服务；广告制作；广告发布；广告设计、代理；企业管理；商务代理代办服务；企业管理咨询；文化场馆管理服务；体育用品及器材零售；针纺织品销售；服装服饰零售；服装服饰批发；体育用品及器材批发；工艺美术品及礼仪用品销售（象牙及其制品除外）；建筑材料销售（除依法须经批准的项目外，凭营业执照依法自主开展经营活动）。,一般 项目 组织 文化 艺术交流 活动 体育场地设施 经营 不含 危险性 体育运动 体育竞赛 组织 健身 休闲活动 会议 展览 服务 广告 制作 广告 发布 广告设计 代理 企业 管理 商务 代理 代办 服务 企业 管理 咨询 文化 场馆 管理 服务 体育用品 器材 零售 针纺织品 销售 服装服饰 零售 服装服饰 批发 体育用品 器材 批发 工艺美术品 礼仪 用品 销售 象牙 及其 制品 除外 建筑材料 销售 依法 批准 项目 营业执照 依法 自主 开展 经营 活动,服装服饰;体育用品;器材;批发;服务;销售;广告;代理;依法;管理,体育场地设施;体育竞赛;体育用品,是,体育场馆,0.6,none,207,3
91510108592097167K,四川思锐鼎尚体育文化传播有限公司,8930,健身房经营,健身房 经营,健身房;经营,健身房,是,健身休闲,0.95,direct,5,1
91510106MA62L18593,成都文氏道承体育文化传播有限公司,8392,跆拳道培训,跆拳道培训,跆拳道培训,跆拳道培训,是,体育培训,0.95,direct,5,1
91510108MA6CGYLY0E,成都每时星辰星体育文化传播有限公司,9052,体育赛事活动策划,体育赛事 活动 策划,体育赛事;策划;活动,体育赛事,是,体育赛事,0.6,none,8,1
91510108MA6CNWB44W,成都清弢文化传播有限公司,8392,跆拳道培训,跆拳道培训,跆拳道培训,跆拳道培训,是,体育培训,0.95,direct,5,1
91510108771217689U,四川华世普焊接设备有限公司,2442,制造非标准零配件,制造 非标准 零配件,非标准;零配件;制造,,是,体育用品,0.75,direct,8,0
91510108399428921A,成都海乐体育场馆管理有限公司,8921,体育场地设施管理,体育场地设施 管理,体育场地设施;管理,体育场地设施,是,体育场馆,0.95,direct,8,1
91510108MA6CADC56G,成都日有利盛体育文化传播有限责任公司,5242,组织文化艺术交流活动（不含演出）；体育用品及器材销售与维修；计算机、软件及辅助设备销售；服装销售；健身器材的销售与维修；体育赛事活动策划；市场营销策划；企业形象策划；设计、制作、代理、发布各类广告；多媒体设计；图文设计；动漫设计；商务信息咨询；体育经纪人服务；会议及展览服务；健身服务。（依法须经批准的项目，经相关部门批准后方可开展经营活动）。,组织 文化 艺术交流 活动 演出 体育用品 器材 销售 维修 计算机 软件 辅助 设备 销售 服装 销售 健身器材 销售 维修 体育赛事 活动 策划 市场 营销策划 企业形象 策划 设计 制作 代理 发布 各类 广告 多媒体 设计 图文 设计 动漫 设计 商务信息 咨询 体育 经纪人 服务 会议 展览 服务 健身服务 依法 批准 项目 相关 部门 批准 后方 开展 经营 活动,设计;销售;策划;维修;活动;健身器材;商务信息;营销策划;批准;体育赛事,体育用品;健身器材;体育赛事;健身服务,是,体育用品,0.95,direct,172,4
91510104MA6C748Q1U,成都爱动健身服务有限公司,8930,健身服务,健身服务,健身服务,健身服务,是,健身休闲,0.95,direct,4,1
91510108MABP84R49D,成都星三问文化传媒有限公司,8999,一般项目：组织文化艺术交流活动；文艺创作；市场营销策划；旅游开发项目策划咨询；体育用品及器材批发；会议及展览服务；服装服饰零售；技术服务、技术开发、技术咨询、技术交流、技术转让、技术推广；信息咨询服务（不含许可类信息咨询服务）；企业管理咨询。（除依法须经批准的项目外，凭营业执照依法自主开展经营活动）,一般 项目 组织 文化 艺术交流 活动 文艺创作 市场 营销策划 旅游 开发 项目 策划 咨询 体育用品 器材 批发 会议 展览 服务 服装服饰 零售 技术 服务 技术开发 技术咨询 技术 交流 技术转让 技术推广 信息 咨询服务 许可 信息 咨询服务 企业 管理 咨询 依法 批准 项目 营业执照 依法 自主 开展 经营 活动,咨询服务;项目;依法;咨询;营销策划;技术推广;服装服饰;艺术交流;技术咨询;服务,体育用品,是,体育用品,0.6,none,150,1
91510108MA6CD0MJ57,成都一拳屋体育文化传播有限公司,8911,组织策划文化交流活动,组织 策划 文化 交流活动,交流活动;策划;文化;组织,,是,体育管理,0.75,direct,10,0
91510108MA66FL3440,成都帝恩健身服务有限责任公司,8930,健身休闲活动,健身 休闲活动,休闲活动;健身,,是,健身休闲,0.75,direct,6,0
91510108MA6AH8PL2Y,成都蜀汉柒文化传播有限公司,8930,健身休闲活动,健身 休闲活动,休闲活动;健身,,是,健身休闲,0.75,direct,6,0
91510108MA6ABG449K,成都晟轩体育用品有限公司,5242,体育用品零售,体育用品零售,体育用品零售,体育用品零售,是,体育用品,0.95,direct,6,1
91510108MABQ9JB1X8,爱极限成都体育文化传播有限公司,8392,体育课程培训,体育 课程 培训,课程;体育;培训,,是,体育培训,0.75,direct,6,0
91510108MACHX0K79T,成都成华区艾弗易健身服务有限公司,8930,体育健身服务,体育 健身服务,健身服务;体育,健身服务,是,健身休闲,0.95,direct,6,1
91510108MACTMQUFX5,成都豪群佳翼体育发展有限责任公司,8911,体育竞赛组织,体育竞赛 组织,体育竞赛;组织,体育竞赛,是,体育赛事,0.95,direct,6,1
91510108MA66YC1830,成都大佬健身服务有限公司,8930,健身服务,健身服务,健身服务,健身服务,是,健身休闲,0.95,direct,4,1
91510108MA62U8961N,成都奥普斯体育文化传播有限公司,8392,游泳培训,游泳培训,游泳培训,游泳培训,是,体育培训,0.95,direct,4,1
91510108MAACMG6T5L,成都掌心体育文化传播有限公司,8392,体育教学,体育 教学,体育;教学,,是,体育培训,0.75,direct,4,0
91510108MA6A9P653G,成都百力科技有限公司,5242,体育用品零售,体育用品零售,体育用品零售,体育用品零售,是,体育用品,0.95,direct,6,1
91510108075357717Y,成都伊蒂丝体育器材有限公司,5142,体育用品及器材批发,体育用品 器材 批发,体育用品;器材;批发,体育用品,是,体育用品,0.95,direct,9,1
91510802MA673JD72A,广元吾同体育文化传播有限公司,8921,体育场地设施管理,体育场地设施 管理,体育场地设施;管理,体育场地设施,是,体育场馆,0.95,direct,8,1
91510108MAACJ4502W,成都温能体育文化传播有限责任公司,8930,网球授课,网球 授课,授课;网球,网球,是,体育用品,0.95,direct,4,1
91510104MA64FMGEXR,芮坤成都体育文化发展有限公司,9052,体育赛事策划服务,体育 赛事策划 服务,赛事策划;体育;服务,赛事策划,是,体育赛事,0.6,none,8,1
91510108MA6C916Y7W,成都弧线体育文化传播有限公司,8911,组织体育活动竞赛,组织 体育 活动 竞赛,竞赛;体育;组织;活动,,是,体育管理,0.75,direct,8,0
91510108MA65X01K27,成都市魔方健身有限责任公司,8930,健身服务活动,健身服务 活动,健身服务;活动,健身服务,是,健身休闲,0.95,direct,6,1
91510108MAACKXB3X2,成都合木优伽瑜伽健身有限公司,8930,健身休闲,健身 休闲,健身;休闲,,是,健身休闲,0.75,direct,4,0
91510108MA7NBEN3XD,成都贞观松立体育文化传播有限公司,8392,跆拳道培训,跆拳道培训,跆拳道培训,跆拳道培训,是,体育培训,0.95,direct,5,1
91510108MA627MWCXJ,四川一鸣恒康体育文化传播有限公司,5242,体育用品零售,体育用品零售,体育用品零售,体育用品零售,是,体育用品,0.95,direct,6,1
9151010809282281XU,四川弘森体育设施工程有限公司,4892,运动场施工服务,运动场 施工 服务,运动场;施工;服务,,是,体育场馆,0.75,direct,7,0
91510108MA6AD8TY2B,四川西禾体育设施有限公司,8392,体育文化培训,体育文化 培训,体育文化;培训,体育文化,是,体育管理,0.95,direct,6,1
91510108MACQD9454B,成都倍胜肌械师健身有限责任公司,8930,身体锻炼休闲健身,身体 锻炼 休闲 健身,健身;休闲;锻炼;身体,,是,健身休闲,0.75,direct,8,0
91511521MA6A4Q886K,宜宾吾帮体育文化传播有限公司,8921,体育场地设施管理,体育场地设施 管理,体育场地设施;管理,体育场地设施,是,体育场馆,0.95,direct,8,1
91510108MABT5A4A5U,成都吉姆叔叔教学设备有限公司,5242,中小学运动草坪零售,中小学 运动 草坪 零售,草坪;中小学;零售;运动,,是,体育用品,0.75,direct,9,0
91510108MA63HFE97G,成都费乐尼体育运动有限公司,8930,健身服务,健身服务,健身服务,健身服务,是,健身休闲,0.95,direct,4,1
91510108MACTNF9L01,成都初幸体育俱乐部有限公司,8392,体育舞蹈,体育 舞蹈,体育;舞蹈,,是,体育培训,0.75,direct,4,0
91510108MAC425437W,华爱羽成都体育文化传播有限公司,8392,羽毛球培训,羽毛球培训,羽毛球培训,羽毛球培训,是,体育培训,0.95,direct,5,1
91510300MA673HK47T,自贡吾同体育文化传播有限公司,8921,体育场地设施管理,体育场地设施 管理,体育场地设施;管理,体育场地设施,是,体育场馆,0.95,direct,8,1
91510108MACXD8KH8Y,成都斯脉健身管理有限公司,8930,健身娱乐服务,健身 娱乐 服务,健身;娱乐;服务,,是,健身休闲,0.75,direct,6,0
91510108MA61T5L39T,四川谷创建筑工程有限公司,8392,体育文化培训,体育文化 培训,体育文化;培训,体育文化,是,体育管理,0.95,direct,6,1
91510100MA64RG8G4G,四川嗨体体育有限责任公司,9052,体育赛事策划,体育 赛事策划,赛事策划;体育,赛事策划,是,体育赛事,0.6,none,6,1
91510108MA7J9A4E3B,成都本念健身服务有限公司,8930,健身休闲活动,健身 休闲活动,休闲活动;健身,,是,健身休闲,0.75,direct,6,0
91510108MA6CJ2489X,成都吾畏体育文化传播有限公司,8392,青少年体育培训,青少年体育 培训,青少年体育;培训,青少年体育,是,体育培训,0.95,direct,7,1
91511304MA68KPQD47,南充吾同猩动体育文化传播有限公司,8921,体育场所设施管理,体育场 设施 管理,体育场;设施;管理,体育场,是,体育场馆,0.95,direct,8,1
91510108MAACH1511D,成都赛尚健身服务有限公司,8930,健身服务,健身服务,健身服务,健身服务,是,健身休闲,0.95,direct,4,1
91510108MA69UMDE78,成都科恩菲特吉姆体育文化传播有限公司,8930,健身服务,健身服务,健身服务,健身服务,是,健身休闲,0.95,direct,4,1
91511703MA695117X9,达州吾同体育文化传播有限公司,8921,体育场地设施管理,体育场地设施 管理,体育场地设施;管理,体育场地设施,是,体育场馆,0.95,direct,8,1
91510108MA6AAW8N8Q,成都茂何壹健身管理有限公司,8930,健身服务,健身服务,健身服务,健身服务,是,健身休闲,0.95,direct,4,1
91510100MA61R0C29W,成都艾克奇文化传播有限公司,8911,体育赛事策划,体育 赛事策划,赛事策划;体育,赛事策划,是,体育赛事,0.95,direct,6,1
91510108MAC3T4713F,成都壹捌零体育文化传播有限公司,8911,体育竞赛组,体育竞赛,体育竞赛,体育竞赛,是,体育赛事,0.95,direct,5,1
91510108MA6B5DTK9E,成都象新力健身服务有限公司,8930,健身服务,健身服务,健身服务,健身服务,是,健身休闲,0.95,direct,4,1
91510100MABLXBNTXT,四川星屹都行文化传媒有限公司,9052,体育组织服务,体育组织 服务,体育组织;服务,体育组织,是,体育管理,0.6,none,6,1
91530111MA6QGLTF3K,昆明吾同体育文化传播有限公司,8921,体育场地设施管理,体育场地设施 管理,体育场地设施;管理,体育场地设施,是,体育场馆,0.95,direct,8,1
91510108MA62TU8M0Y,成都吾同星动体育文化传播有限公司,8921,体育场地设施管理,体育场地设施 管理,体育场地设施;管理,体育场地设施,是,体育场馆,0.95,direct,8,1
91510108MA6A36XQ2A,成都量子互娱体育有限公司,8919,其他体育组织,其他 体育组织,体育组织;其他,体育组织,是,体育管理,0.95,direct,6,1
91510108MA6BW0DD1R,成都苏里瑜伽健身有限公司,8930,瑜伽培训,瑜伽 培训,瑜伽;培训,瑜伽,是,健身休闲,0.95,direct,4,1
91510108MA68YPNN3A,成都大洋白鲨体育文化传播有限责任公司,8930,健身服务,健身服务,健身服务,健身服务,是,健身休闲,0.95,direct,4,1
91510108MAC33N4B62,成都东郊聚成体育发展有限公司,8930,体育健身服务,体育 健身服务,健身服务;体育,健身服务,是,健身休闲,0.95,direct,6,1
91510108MAACPC240A,成都香霖阁茶楼有限公司,8930,茶楼棋牌服务,茶楼 棋牌 服务,棋牌;茶楼;服务,,是,健身休闲,0.75,direct,6,0
91510108MA61TKRE8L,成都迈驰体育用品有限公司,5142,健身器材批发,健身器材 批发,健身器材;批发,健身器材,是,体育用品,0.95,direct,6,1
91510108MA6CT6TWX8,四川言擎建筑工程有限公司,4892,塑胶道路施工,塑胶 道路 施工,塑胶;施工;道路,,是,体育场馆,0.75,direct,6,0
91510108MA6DG84F7D,成都游镜户外运动有限公司,8930,文化娱乐,文化娱乐,文化娱乐,,是,健身休闲,0.75,direct,4,0
91510108MABNLKY38C,四川和美达人体育文化传播有限公司,7122,体育设施场地租赁,体育设施 场地租赁,场地租赁;体育设施,体育设施;场地租赁,是,体育场馆,0.6,none,8,2
91510100MA6C4X5C0Y,伊比利亚成都体育文化传播有限公司,9052,体育赛事策划,体育 赛事策划,赛事策划;体育,赛事策划,是,体育赛事,0.6,none,6,1
91510108MABPRFB67W,四川德艺集禾商贸有限公司,5242,户外用品零售,户外用品 零售,户外用品;零售,,是,体育用品,0.75,direct,6,0
91510108MA6CHEHP2G,成都纽英帆健康管理有限公司,8930,游泳服务,游泳 服务,游泳;服务,游泳,是,健身休闲,0.95,direct,4,1
91510108MA6ACWPJ4W,成都斯塔克商贸有限公司,5242,体育用品零售,体育用品零售,体育用品零售,体育用品零售,是,体育用品,0.95,direct,6,1
91510108MA6CXFHT51,成都育成全速体育文化传播有限公司,9052,体育赛事活动策划,体育赛事 活动 策划,体育赛事;策划;活动,体育赛事,是,体育赛事,0.6,none,8,1
92510108MAC3A2LJ04,成都义武体育文化传播有限公司,8930,还健身休闲活动,健身 休闲活动,休闲活动;健身,,是,健身休闲,0.75,direct,7,0
91510108MAACQ6M20G,成都金锋百羿体育俱乐部有限责任公司,8930,射箭运动服务,射箭 运动 服务,射箭;服务;运动,射箭,是,健身休闲,0.95,direct,6,1
915100000931787713,四川皇家老年产业发展有限公司,8392,体育文化培训,体育文化 培训,体育文化;培训,体育文化,是,体育管理,0.95,direct,6,1
91510108MA6AHGKG1T,四川奥特体育文化传播有限公司,8930,健身服务,健身服务,健身服务,健身服务,是,健身休闲,0.95,direct,4,1
91510108MABNHTWW5W,成都逗号起源体育发展有限公司,8930,健身体育服务,健身 体育服务,体育服务;健身,体育服务,是,体育管理,0.95,direct,6,1
91510108MA61UQDP0W,四川龙行邦克体育文化传播有限公司,8911,户外策划,户外 策划,户外;策划,,是,体育管理,0.75,direct,4,0
91510108MA6CDYEP6G,成都凡人汇体育文化传播有限公司,8930,健身服务,健身服务,健身服务,健身服务,是,健身休闲,0.95,direct,4,1
91510108MA6AJ2J4X2,四川龙魄文化传播有限公司,8392,成人跆拳道培训,成人 跆拳道培训,跆拳道培训;成人,跆拳道培训,是,体育培训,0.95,direct,7,1
91510108350603223A,成都伟祥天成体育文化传播有限公司,8392,儿童游泳培训,儿童 游泳培训,游泳培训;儿童,游泳培训,是,体育培训,0.95,direct,6,1
91510108MAACMQ7W30,成都撒格来福文化传播有限公司,8392,体育文化培训,体育文化 培训,体育文化;培训,体育文化,是,体育管理,0.95,direct,6,1
91510108MA6BUGMR6Y,成都莫树文化传播有限公司,8392,体育文化培训,体育文化 培训,体育文化;培训,体育文化,是,体育管理,0.95,direct,6,1
91510108321575825L,成都明鑫颖商贸有限公司,5142,销售体育用品,销售 体育用品,体育用品;销售,体育用品,是,体育用品,0.95,direct,6,1
91510107MA67BP3F46,成都市杰成盛世体育文化发展有限公司,8392,篮球体育培训,篮球 体育培训,体育培训;篮球,篮球;体育培训,是,体育用品,0.95,direct,6,2
91510108MABU4CJ93D,四川红枕科技有限公司,8930,台球娱乐服务,台球 娱乐 服务,台球;娱乐;服务,台球,是,健身休闲,0.95,direct,6,1
91510108MA7H5Y8U18,四川元度体育文化传播有限公司,8930,健身休闲活动,健身 休闲活动,休闲活动;健身,,是,健身休闲,0.75,direct,6,0
91510108MA7DX7C587,成都思普锦轩体育文化传播有限公司,8392,体育舞蹈服务,体育 舞蹈 服务,体育;舞蹈;服务,,是,体育培训,0.75,direct,6,0
91510108MA7EXF7082,四川训练星球健身服务有限公司,8930,健身服务,健身服务,健身服务,健身服务,是,健身休闲,0.95,direct,4,1
91510108MA61RJYF70,成都辛巴教育咨询有限公司,5142,教育信息咨询,教育 信息 咨询,咨询;教育;信息,,是,体育用品,0.75,direct,6,0
91510108MA6D0PTY0L,成都传百健身服务有限公司,8930,健身服务,健身服务,健身服务,健身服务,是,健身休闲,0.95,direct,4,1
915101083215563175,四川瑞动艺琳体育文化传播有限公司,4892,塑胶跑道工程施工,塑胶跑道 工程施工,塑胶跑道;工程施工,塑胶跑道,是,体育用品,0.95,direct,8,1
91510105327502723N,成都鑫国辉商贸有限公司,5242,文化体育用品零售,文化 体育用品零售,体育用品零售;文化,体育用品零售,是,体育用品,0.95,direct,8,1
91510108MA681MBX0T,成都卓誉博瑞商贸有限公司,8392,一般项目：互联网销售（除销售需要许可的商品）；食品互联网销售（仅销售预包装食品）；离岸贸易经营；货物进出口；进出口代理；国内贸易代理；贸易经纪；销售代理；日用品销售；日用百货销售；移动终端设备销售；电子产品销售；家用电器销售；母婴用品销售；服装服饰零售；针纺织品销售；体育用品及器材零售；宠物食品及用品零售；办公用品销售；珠宝首饰零售；箱包销售；钟表与计时仪器销售；家具销售；办公设备销售；玩具、动漫及游艺用品销售；游艺用品及室内游艺器材销售；机械电气设备销售；金属制品销售；五金产品零售；工艺美术品及礼仪用品销售（象牙及其制品除外）；地产中草药(不含中药饮片）购销（除依法须经批准的项目外，凭营业执,一般 项目 互联网 销售 销售 需要 许可 商品 食品 互联网 销售 销售 包装 食品 离岸 贸易 经营 货物 进出口 进出口 代理 国内贸易 代理 贸易 经纪 销售 代理 日用品 销售 日用百货 销售 移动 终端设备 销售 电子产品 销售 家用电器 销售 母婴 用品 销售 服装服饰 零售 针纺织品 销售 体育用品 器材 零售 宠物食品 用品 零售 办公用品 销售 珠宝首饰 零售 箱包 销售 钟表 计时 仪器 销售 家具 销售 办公设备 销售 玩具 动漫 游艺 用品 销售 游艺 用品 室内 游艺 器材 销售 机械 电气设备 销售 金属制品 销售 五金产品 零售 工艺美术品 礼仪 用品 销售 象牙 及其 制品 除外 地产 中草药 中药饮片 购销 依法 批准 项目 营业,销售;用品;零售;游艺;代理;器材;进出口;互联网;五金产品;针纺织品,体育用品,是,体育用品,0.95,direct,300,1
91510108MABRWRM263,四川巧猫毅远体育科技有限公司,8392,体育技能服务,体育 技能 服务,技能;体育;服务,,是,体育培训,0.75,direct,6,0
91510108MA6A9P5A8F,四川漫涂艺画文化创意有限公司,8919,文艺创作,文艺创作,文艺创作,,是,体育管理,0.75,direct,4,0
91510107MA67FC9F97,成都锐速体育文化传播有限公司,9052,组织体育表演活动,组织 体育表演 活动,体育表演;组织;活动,体育表演,是,体育赛事,0.6,none,8,1
91510108MA61X3971G,成都韩瑞克体育运动有限公司,8911,体育竞赛组织,体育竞赛 组织,体育竞赛;组织,体育竞赛,是,体育赛事,0.95,direct,6,1
91510108MAC3570U3M,成都噢克体育文化传播有限公司,8911,体育竞赛组织,体育竞赛 组织,体育竞赛;组织,体育竞赛,是,体育赛事,0.95,direct,6,1
91510108086663939D,成都勇帆体育用品有限公司,5242,体育用品零售,体育用品零售,体育用品零售,体育用品零售,是,体育用品,0.95,direct,6,1
91510108MA69975X6N,四川超逸翔健康科技有限公司,8930,健身技术服务,健身 技术 服务,健身;服务;技术,,是,健身休闲,0.75,direct,6,0
91510108331975224U,成都科文体育设施工程有限公司,4892,体育场地设施工程设计施工,体育场地设施 工程设计 施工,体育场地设施;工程设计;施工,体育场地设施,是,体育场馆,0.95,direct,12,1
91510108350634863Y,成都来跑体育用品有限公司,5142,体育用品批发,体育用品批发,体育用品批发,体育用品批发,是,体育用品,0.95,direct,6,1
91510108MA68L6UB7F,成都世鹏棍悟体育文化传播有限公司,9052,体育赛事活动策划,体育赛事 活动 策划,体育赛事;策划;活动,体育赛事,是,体育赛事,0.6,none,8,1
91510108MAC8N3TP9B,成都以礼体育俱乐部有限责任公司,9052,体育赛事策划,体育 赛事策划,赛事策划;体育,赛事策划,是,体育赛事,0.6,none,6,1
91510108MA6600YW14,四川睿力体育文化发展有限公司,9052,体育赛事策划,体育 赛事策划,赛事策划;体育,赛事策划,是,体育赛事,0.6,none,6,1
91510106MA61UH2CXD,成都东享体育文化传播有限公司,8911,体育项目服务,体育项目 服务,体育项目;服务,,是,体育管理,0.75,direct,6,0
91510106MA6DE4KQ7J,成都奥尔达科技有限公司,5242,运动器材零售,运动器材 零售,运动器材;零售,运动器材,是,体育用品,0.95,direct,6,1
91510100394484334H,四川鑫瑞濠晨贸易有限公司,5242,体育用品零售,体育用品零售,体育用品零售,体育用品零售,是,体育用品,0.95,direct,6,1
915101080992305772,成都华韵乐器有限公司,5142,器材批发,器材 批发,器材;批发,,是,体育用品,0.75,direct,4,0
915101083215977765,四川金康利体育用品有限公司,5142,体育用品批发,体育用品批发,体育用品批发,体育用品批发,是,体育用品,0.95,direct,6,1
91510108MA7LD9H02G,成都青凌体育文化发展有限公司,8911,体育竞赛组织,体育竞赛 组织,体育竞赛;组织,体育竞赛,是,体育赛事,0.95,direct,6,1
91510108MA66EG0Y1U,四川泊康体育设施工程有限公司,4892,体育场地施工,体育场地 施工,体育场地;施工,体育场地,是,体育场馆,0.95,direct,6,1
91510108MACT2K393Y,成都梦琴星凡健身服务有限公司,8930,健身服务,健身服务,健身服务,健身服务,是,健身休闲,0.95,direct,4,1
91510108394184606H,成都天驰誉铭商贸有限公司,5142,批发兼零售预包装食品及散装食品,批发 零售 包装 食品 散装 食品,食品;散装;批发;包装;零售,,是,体育用品,0.75,direct,15,0
91510108MA61R79F53,成都金满鸿商贸有限公司,5242,服装服饰零售,服装服饰 零售,服装服饰;零售,,是,体育用品,0.75,direct,6,0
91510108MA6CGYQF7B,四川尘耀体育用品有限公司,8930,健身咨询服务,健身 咨询服务,咨询服务;健身,,是,健身休闲,0.75,direct,6,0
91510108MA7HA61C07,成都市舞知星舞蹈健身工作室,8930,健身休闲活动,健身 休闲活动,休闲活动;健身,,是,健身休闲,0.75,direct,6,0
91510108MA6705F46C,成都满贯体育文化发展有限公司,8911,体育竞赛组织,体育竞赛 组织,体育竞赛;组织,体育竞赛,是,体育赛事,0.95,direct,6,1
91510100343118772L,成都康尔特体育用品有限公司,5142,批发体育用品,批发 体育用品,体育用品;批发,体育用品,是,体育用品,0.95,direct,6,1
915101083430701236,四川坤和体育设备有限公司,5142,体育设施设备批发,体育设施 设备 批发,体育设施;批发;设备,体育设施,是,体育场馆,0.95,direct,8,1
91510108MA7F7XBP6P,成都市成华区问动体育文化发展有限公司,8911,体育赛事策划,体育 赛事策划,赛事策划;体育,赛事策划,是,体育赛事,0.95,direct,6,1
91510105343056188C,成都科力美商贸有限公司,5242,文化体育用品零售,文化 体育用品零售,体育用品零售;文化,体育用品零售,是,体育用品,0.95,direct,8,1
915101080833026363,四川浩海体育设施工程有限公司,5142,体育用品批发,体育用品批发,体育用品批发,体育用品批发,是,体育用品,0.95,direct,6,1
915101083215267402,四川赛康体育设施工程有限公司,5142,体育器材批发,体育器材 批发,体育器材;批发,体育器材,是,体育用品,0.95,direct,6,1
91510108332011523D,成都顶峰浩瀚户外运动有限责任公司,8930,户外运动策划,户外运动 策划,户外运动;策划,户外运动,是,健身休闲,0.95,direct,6,1
91510108MA7H7CD41A,成都恒动体育文化发展有限公司,8911,体育竞赛组织,体育竞赛 组织,体育竞赛;组织,体育竞赛,是,体育赛事,0.95,direct,6,1
91510000056084020M,四川亚力亚体育器材有限公司,5142,体育器材及配件批发,体育器材 配件 批发,体育器材;配件;批发,体育器材,是,体育用品,0.95,direct,9,1
91510108396410160R,四川天狼体育设施工程有限公司,4892,体育场地施工,体育场地 施工,体育场地;施工,体育场地,是,体育场馆,0.95,direct,6,1
91510108MA65WTQ797,四川今朝体育设施有限公司,5242,体育设施零售,体育设施 零售,体育设施;零售,体育设施,是,体育场馆,0.95,direct,6,1
91510108MAC3AQGY7H,四川管德宽户外用品有限公司,5242,户外用品销售,户外用品 销售,户外用品;销售,,是,体育用品,0.75,direct,6,0
91510108MA6AYTK41B,四川尚宸寰宇体育文化发展有限公司,8999,许可项目：高危险性体育运动（潜水）；体育场地设施经营（不含高危险性体育运动）；高危险性体育运动（滑雪）；通用航空服务；演出经纪；演出场所经营；互联网信息服务（依法须经批准的项目，经相关部门批准后方可开展经营活动，具体经营项目以相关部门批准文件或许可证件为准）一般项目：体育赛事策划；体育保障组织；体育场地设施工程施工；体育用品及器材零售；体育用品及器材批发；体育竞赛组织；体育健康服务；体育用品设备出租；体育中介代理服务；体育经纪人服务；组织体育表演活动；渔具销售；户外用品销售；组织文化艺术交流活动；游览景区管理；日用品销售；会议及展览服务；服装服饰零售；鞋帽批发；信息咨询服务（不含许可类信息咨询,许可 项目 危险性 体育运动 潜水 体育场地设施 经营 不含 危险性 体育运动 危险性 体育运动 滑雪 通用 航空 服务 演出 经纪 演出 场所 经营 互联网 信息 服务 依法 批准 项目 相关 部门 批准 后方 开展 经营 活动 具体 经营项目 相关 部门 批准 文件 许可证 为准 一般 项目 体育 赛事策划 体育 保障 组织 体育场地设施 工程施工 体育用品 器材 零售 体育用品 器材 批发 体育竞赛 组织 体育 健康 服务 体育用品 设备 出租 体育 中介代理 服务 体育 经纪人 服务 组织 体育表演 活动 渔具 销售 户外用品 销售 组织 文化 艺术交流 活动 游览 景区 管理 日用品 销售 会议 展览 服务 服装服饰 零售 鞋帽 批发 信息 咨询服务 许可 信息 咨询,体育;服务;体育用品;危险性;体育运动;体育场地设施;组织;批准;器材;批发,潜水;体育场地设施;滑雪;赛事策划;体育用品;体育竞赛;体育表演;渔具,是,健身休闲,0.6,none,300,8
91510108358677032H,成都明武体育文化传播有限公司,9052,体育赛事活动策划,体育赛事 活动 策划,体育赛事;策划;活动,体育赛事,是,体育赛事,0.6,none,8,1
91510108MA6C9RQW9L,四川新爱动体育文化传播有限公司,5242,体育用品零售,体育用品零售,体育用品零售,体育用品零售,是,体育用品,0.95,direct,6,1
91510108MA6CBYL21X,成都乐体尚锦贸易有限公司,8911,体育赛事活动策划,体育赛事 活动 策划,体育赛事;策划;活动,体育赛事,是,体育赛事,0.95,direct,8,1
91510108394487236B,四川鼎盛天祥商贸有限公司,9052,体育文化活动策划,体育文化 活动 策划,体育文化;策划;活动,体育文化,是,体育管理,0.6,none,8,1
91510100MA6CGGLN1G,四川锦运兴蓉体育文化传播有限公司,8911,体育赛事活动策划,体育赛事 活动 策划,体育赛事;策划;活动,体育赛事,是,体育赛事,0.95,direct,8,1
91510108MA6CNXW83M,成都度优佳健身服务有限公司,8930,健身服务,健身服务,健身服务,健身服务,是,健身休闲,0.95,direct,4,1
91510100MA61U9KK8K,成都藏行户外运动有限公司,8930,户外具乐部,户外 具乐部,具乐部;户外,,是,健身休闲,0.75,direct,5,0
91510108MA6CG1YF8Y,成都曾与陈健身有限公司,8930,健身服务,健身服务,健身服务,健身服务,是,健身休闲,0.95,direct,4,1
91510108MADHWGN19P,成都晶匠健身服务有限公司,8930,健身休闲活动,健身 休闲活动,休闲活动;健身,,是,健身休闲,0.75,direct,6,0
91510108MA6CEM689K,成都东威健身服务有限公司,8930,健身服务,健身服务,健身服务,健身服务,是,健身休闲,0.95,direct,4,1
91510108MA6DEEX984,四川力合创享体育文化传播有限公司,9052,体育赛事活动策划,体育赛事 活动 策划,体育赛事;策划;活动,体育赛事,是,体育赛事,0.6,none,8,1
91510108MADK6K0P06,成都悦星蓝体育场馆管理有限公司,8921,体育场地设施经营,体育场地设施 经营,体育场地设施;经营,体育场地设施,是,体育场馆,0.95,direct,8,1
91510108MA6ANHKB63,成都蓬勃少年体育俱乐部有限公司,8930,健身服务,健身服务,健身服务,健身服务,是,健身休闲,0.95,direct,4,1
92510108MA6ARUK11M,四川净梵优伽瑜伽健身有限公司,8930,健身服务,健身服务,健身服务,健身服务,是,健身休闲,0.95,direct,4,1
91510108MA7KQE0T5T,四川嘉乐佳兰瑜伽健身有限责任公司,8930,健身休闲活动,健身 休闲活动,休闲活动;健身,,是,健身休闲,0.75,direct,6,0
91510108MA6BG1AU74,成都君墨虎健身服务有限公司,8930,健身活动,健身活动,健身活动,,是,健身休闲,0.75,direct,4,0
91510108MA67J7H05A,成都魔方双林健身有限公司,2443,健身活动,健身活动,健身活动,,是,体育用品,0.75,direct,4,0
91510108MA6A010260,宇辰兴科技（成都）有限公司,8930,健身服务,健身服务,健身服务,健身服务,是,健身休闲,0.95,direct,4,1
9151010866046672XA,成都骏驰体育用品有限公司,5142,体育用品及器材批发,体育用品 器材 批发,体育用品;器材;批发,体育用品,是,体育用品,0.95,direct,9,1
91510108MA69X5LU9F,四川奥远体育俱乐部有限公司,8930,健身休闲活动服务,健身 休闲活动 服务,休闲活动;健身;服务,,是,健身休闲,0.75,direct,8,0
91510108MA61T5LN2Q,四川安纳普尔那体育发展有限公司,8911,足球俱乐部服务,足球 俱乐部 服务,足球;俱乐部;服务,足球,是,体育用品,0.95,direct,7,1
91510108MA67TADG3H,成都汐恩商贸有限公司,5242,体育用品及器材零售,体育用品 器材 零售,体育用品;器材;零售,体育用品,是,体育用品,0.95,direct,9,1
91510108MAC761FB6A,四川心艺空翻毯功艺术发展有限公司,8392,体育技能培训,体育 技能 培训,技能;体育;培训,,是,体育培训,0.75,direct,6,0
91510108MACAGFUU2W,四川金飞鸿体育发展有限公司,5142,体育用品批发,体育用品批发,体育用品批发,体育用品批发,是,体育用品,0.95,direct,6,1
91510108057481642K,成都领冠蜀兴建设工程有限公司,4892,体育场地设施工程施工,体育场地设施 工程施工,体育场地设施;工程施工,体育场地设施,是,体育场馆,0.95,direct,10,1
91510108MA61T8FD0J,四川西莱莉建筑劳务有限公司,4892,暖道工程施工,暖道 工程施工,暖道;工程施工,,是,体育场馆,0.75,direct,6,0
91510108MACGYMB92N,成都海豚体育文化发展有限公司,8930,棋牌竞技,棋牌 竞技,棋牌;竞技,,是,健身休闲,0.75,direct,4,0
91510108MABR67M971,成都汐泳体育场馆管理有限公司,8921,体育场馆管理,体育场馆 管理,体育场馆;管理,体育场馆,是,体育场馆,0.95,direct,6,1
91510108MA6DHEQT31,四川红侠体育文化传播有限公司,5242,体育用品零售服务,体育用品零售 服务,体育用品零售;服务,体育用品零售,是,体育用品,0.95,direct,8,1
91510106734823284D,成都倍腾旅游用品发展有限公司,5242,体育器材零售,体育器材 零售,体育器材;零售,体育器材,是,体育用品,0.95,direct,6,1
91510108MABMTQ2P3J,成都其宏健身服务有限公司,8930,健身房健身服务,健身房 健身服务,健身服务;健身房,健身房;健身服务,是,健身休闲,0.95,direct,7,2
91510104MA6730AF7P,四川骏虹体育设施有限公司,5242,体育场地设施零售,体育场地设施 零售,体育场地设施;零售,体育场地设施,是,体育场馆,0.95,direct,8,1
91510108MA62L9Y3XJ,成都弘极体育文化传播有限公司,8392,体育运动职业技能培训,体育运动 职业技能 培训,职业技能;体育运动;培训,,是,体育培训,0.75,direct,10,0
915101083274372985,四川炬浪体育场馆管理有限公司,8921,体育场馆管理,体育场馆 管理,体育场馆;管理,体育场馆,是,体育场馆,0.95,direct,6,1
91510108MA61RQ5J47,成都涛澜体育文化传播有限公司,5142,体育器材批发,体育器材 批发,体育器材;批发,体育器材,是,体育用品,0.95,direct,6,1
91510108MACHHCCA8W,成都市梵心一瑜伽健身有限公司,8930,瑜伽健身,瑜伽 健身,瑜伽;健身,瑜伽,是,健身休闲,0.95,direct,4,1
91510108MA663BUY9L,四川万奥体育运动有限责任公司,9052,体育赛事活动策划,体育赛事 活动 策划,体育赛事;策划;活动,体育赛事,是,体育赛事,0.6,none,8,1
91510108MA64GLDN77,成都霏筱俪商贸部,5242,户外休闲娱乐用品零售,户外 休闲 娱乐 用品 零售,户外;休闲;用品;娱乐;零售,,是,体育用品,0.75,direct,10,0
91510108MA69JRWB7H,成都炳迪霖商贸部,5242,户外休闲娱乐用品零售,户外 休闲 娱乐 用品 零售,户外;休闲;用品;娱乐;零售,,是,体育用品,0.75,direct,10,0
91510108MA674UPM7C,成都拓亚汇实业有限公司,8930,健身房健身服务,健身房 健身服务,健身服务;健身房,健身房;健身服务,是,健身休闲,0.95,direct,7,2
91510108MA6DH8LR9G,成都盛世嘉蓝体育设施有限公司,4892,体育场地设施工程施工,体育场地设施 工程施工,体育场地设施;工程施工,体育场地设施,是,体育场馆,0.95,direct,10,1
91510108MA6DELGF8U,四川人青体育文化传播有限公司,8921,体育场馆运营,体育场馆 运营,体育场馆;运营,体育场馆,是,体育场馆,0.95,direct,6,1
91510108MA6CG9LY2W,成都梵音瑜伽有限公司,8930,健身服务,健身服务,健身服务,健身服务,是,健身休闲,0.95,direct,4,1
91510100394352630X,成都金陵时代贸易有限公司,5142,体育用品批发,体育用品批发,体育用品批发,体育用品批发,是,体育用品,0.95,direct,6,1
91510108MABR67HJ7K,成都雷晟体育文化发展有限公司,8930,健身服务,健身服务,健身服务,健身服务,是,健身休闲,0.95,direct,4,1
91510108MA65TWQ38Y,四川三骥体育发展有限公司,8930,健身休闲活动,健身 休闲活动,休闲活动;健身,,是,健身休闲,0.75,direct,6,0
91510108MA62P9F9XT,成都捷腾体育用品有限公司,5142,体育用品批发,体育用品批发,体育用品批发,体育用品批发,是,体育用品,0.95,direct,6,1
91510108MABN307A0B,四川省伍佰卡体育文化传播有限责任公司,8930,健身休闲活动,健身 休闲活动,休闲活动;健身,,是,健身休闲,0.75,direct,6,0
91510108MACDB4QW94,成都元生瑜伽健身有限公司,8930,瑜伽健身,瑜伽 健身,瑜伽;健身,瑜伽,是,健身休闲,0.95,direct,4,1
91510108MACLABTU2M,成都润恒瑜伽健身有限公司,8930,健身休闲活动,健身 休闲活动,休闲活动;健身,,是,健身休闲,0.75,direct,6,0
91510108MA6CN3Y09F,成都体恩体健身服务有限公司,8930,健身服务,健身服务,健身服务,健身服务,是,健身休闲,0.95,direct,4,1
91510108MA64RWM813,成都韦德伍斯悦活健身有限公司,8930,健身服务,健身服务,健身服务,健身服务,是,健身休闲,0.95,direct,4,1
91510108MA67FF5J48,成都水金金金健身服务有限公司,8930,健身房健身活动,健身房 健身活动,健身活动;健身房,健身房,是,健身休闲,0.95,direct,7,1
91510100MAACJMPGXE,四川多沃普拉提健身有限公司,8930,健身休闲活动,健身 休闲活动,休闲活动;健身,,是,健身休闲,0.75,direct,6,0
91510108MAC1434L7P,成都玺悦荟健身服务有限公司,8930,健身休闲活动,健身 休闲活动,休闲活动;健身,,是,健身休闲,0.75,direct,6,0
91510108MACHTQXY1Q,成都趣骑体育科技有限公司,5242,运动器材零售,运动器材 零售,运动器材;零售,运动器材,是,体育用品,0.95,direct,6,1
91510107MA66XXW31J,彩兰娱乐成都有限公司,8912,游艺娱乐活动,游艺 娱乐活动,游艺;娱乐活动,,是,体育管理,0.75,direct,6,0
91510108MA6BRDRD9D,成都石米多健身服务有限公司,8930,健身休闲活动,健身 休闲活动,休闲活动;健身,,是,健身休闲,0.75,direct,6,0
91510108MA7N8JJJ28,成都泳欣源体育文化传播有限公司,8999,一般项目：组织体育表演活动；体育场地设施经营（不含高危险性体育运动）；教育咨询服务（不含涉许可审批的教育培训活动）；体育竞赛组织；体育赛事策划；中小学生校外托管服务；信息技术咨询服务；体育经纪人服务；体育中介代理服务；体育用品及器材零售；互联网销售（除销售需要许可的商品）；服装服饰零售；鞋帽零售；服装服饰批发；鞋帽批发；体育用品及器材批发；健身休闲活动；体育用品设备出租。（除依法须经批准的项目外，凭营业执照依法自主开展经营活动）许可项目：高危险性体育运动（游泳）；高危险性体育运动（潜水）。（依法须经批准的项目，经相关部门批准后方可开展经营活动，具体经营项目以相关部门批准文件或许可证件为准）,一般 项目 组织 体育表演 活动 体育场地设施 经营 不含 危险性 体育运动 教育 咨询服务 含涉 许可 审批 教育 培训 活动 体育竞赛 组织 体育 赛事策划 中小学生 校外 托管 服务 信息技术 咨询服务 体育 经纪人 服务 体育 中介代理 服务 体育用品 器材 零售 互联网 销售 销售 需要 许可 商品 服装服饰 零售 鞋帽 零售 服装服饰 批发 鞋帽 批发 体育用品 器材 批发 健身 休闲活动 体育用品 设备 出租 依法 批准 项目 营业执照 依法 自主 开展 经营 活动 许可 项目 危险性 体育运动 游泳 危险性 体育运动 潜水 依法 批准 项目 相关 部门 批准 后方 开展 经营 活动 具体 经营项目 相关 部门 批准 文件 许可证 为准,体育用品;危险性;体育运动;批准;批发;许可;体育;服装服饰;鞋帽;依法,体育表演;体育场地设施;体育竞赛;赛事策划;体育用品;游泳;潜水,是,体育赛事,0.6,none,298,7
91510108MA7E9HJGXM,成都内驱力体育发展合伙企业（有限合伙）,8919,一般项目：体育保障组织；体育健康服务；体育赛事策划；体育竞赛组织；体育用品设备出租；体育中介代理服务；组织体育表演活动；会议及展览服务；企业管理咨询；咨询策划服务；信息咨询服务（不含许可类信息咨询服务）；企业形象策划；组织文化艺术交流活动；专业设计服务；企业管理；体育场地设施经营（不含高危险性体育运动）；体育用品及器材批发；体育用品及器材零售；鞋帽批发（除依法须经批准的项目外，凭营业执照依法自主开展经营活动）。,一般 项目 体育 保障 组织 体育 健康 服务 体育 赛事策划 体育竞赛 组织 体育用品 设备 出租 体育 中介代理 服务 组织 体育表演 活动 会议 展览 服务 企业 管理 咨询 咨询 策划 服务 信息 咨询服务 许可 信息 咨询服务 企业形象 策划 组织 文化 艺术交流 活动 专业 设计 服务 企业 管理 体育场地设施 经营 不含 危险性 体育运动 体育用品 器材 批发 体育用品 器材 零售 鞋帽 批发 依法 批准 项目 营业执照 依法 自主 开展 经营 活动,体育用品;体育;服务;咨询服务;组织;器材;批发;策划;依法;活动,赛事策划;体育竞赛;体育用品;体育表演;体育场地设施,是,体育赛事,0.95,direct,207,5
91510108MAC3XHLK57,成都大漠荒野文化传播有限公司,8999,一般项目：组织文化艺术交流活动；采购代理服务；摄像及视频制作服务；销售代理；体育保障组织；市场营销策划；旅游开发项目策划咨询；幼儿园外托管服务；体育赛事策划；寄卖服务；木炭、薪柴销售；科普宣传服务；日用品出租；贸易经纪；文化用品设备出租；办公设备租赁服务；柜台、摊位出租。（除依法须经批准的项目外，凭营业执照依法自主开展经营活动）,一般 项目 组织 文化 艺术交流 活动 采购 代理服务 摄像 视频 制作 服务 销售 代理 体育 保障 组织 市场 营销策划 旅游 开发 项目 策划 咨询 幼儿园 托管 服务 体育 赛事策划 寄卖 服务 木炭 薪柴 销售 科普 宣传 服务 日用品 出租 贸易 经纪 文化用品 设备 出租 办公设备 租赁 服务 柜台 摊位 出租 依法 批准 项目 营业执照 依法 自主 开展 经营 活动,服务;出租;体育;项目;依法;代理服务;寄卖;营销策划;赛事策划;文化用品,赛事策划,是,体育赛事,0.6,none,165,1
91510108MA61RU1X4H,成都倾力体育文化传播有限公司,8930,健身服务,健身服务,健身服务,健身服务,是,健身休闲,0.95,direct,4,1
91510100MA6DFYF34R,成都龙迈体育产业发展有限公司,8911,体育赛事活动组织和策划,体育赛事 活动 组织 策划,体育赛事;策划;组织;活动,体育赛事,是,体育赛事,0.95,direct,11,1
91510108396149089J,成都一品聚和科技有限责任公司,5142,体育用品及器材批发,体育用品 器材 批发,体育用品;器材;批发,体育用品,是,体育用品,0.95,direct,9,1
91510104MA66YXHC56,成都骑骑骑彩体育文化传播有限公司,8930,健身休闲活动,健身 休闲活动,休闲活动;健身,,是,健身休闲,0.75,direct,6,0
91510108MA674LHT93,成都理想赛斯体育设施有限公司,5242,体育用品及器材零售,体育用品 器材 零售,体育用品;器材;零售,体育用品,是,体育用品,0.95,direct,9,1
915101003215481571,成都众邦体育设施有限公司,5142,体育用品及器材批发,体育用品 器材 批发,体育用品;器材;批发,体育用品,是,体育用品,0.95,direct,9,1
92510108MA7JTKN576,成都超级能量健身服务有限公司,8930,健身休闲服务,健身 休闲 服务,健身;休闲;服务,,是,健身休闲,0.75,direct,6,0
91510108MA61WD3D4E,成都朝阳晨曦体育设施工程有限公司,5242,体育跑道设施零售,体育 跑道 设施 零售,跑道;体育;零售;设施,,是,体育用品,0.75,direct,8,0
91510108MAC2GD9279,成都奥美氧舱健身服务有限公司,8930,健身休闲活动,健身 休闲活动,休闲活动;健身,,是,健身休闲,0.75,direct,6,0
91510108MA6CRXFD8P,成都隆迈足球俱乐部有限公司,8911,体育竞赛组织,体育竞赛 组织,体育竞赛;组织,体育竞赛,是,体育赛事,0.95,direct,6,1
91510108MA6CH5XT2N,青瑜企业管理成都有限公司,8930,瑜伽休闲健身活动,瑜伽 休闲 健身活动,健身活动;瑜伽;休闲,瑜伽,是,健身休闲,0.95,direct,8,1
91510108MA7H759H3L,成都遇见蜗牛文化艺术有限公司,8930,健身休闲活动,健身 休闲活动,休闲活动;健身,,是,健身休闲,0.75,direct,6,0
91510100MA65W2HR18,四川优幼智慧体育科技有限公司,5242,体育用品器材零售,体育用品 器材 零售,体育用品;器材;零售,体育用品,是,体育用品,0.95,direct,8,1
91510105582626993C,成都世成文化传播有限公司,8992,体校及体育服务,体校 体育服务,体育服务;体校,体育服务,是,体育管理,0.6,none,7,1
91510112MA62N9QEX4,成都市龙腾武悦体育文化传播有限公司,8930,健身体育培训,健身 体育培训,体育培训;健身,体育培训,是,体育培训,0.95,direct,6,1
91510108MA7EBDY04E,四川长诺新材料有限公司,5242,体育用品零售,体育用品零售,体育用品零售,体育用品零售,是,体育用品,0.95,direct,6,1
91510108343153084J,成都那玛峰登山运动服务有限公司,8930,健身服务,健身服务,健身服务,健身服务,是,健身休闲,0.95,direct,4,1
91510107MA6359EQ40,成都全技体育文化发展有限公司,8911,体育竞赛组织,体育竞赛 组织,体育竞赛;组织,体育竞赛,是,体育赛事,0.95,direct,6,1
91510108MA65Y03X74,成都全胜体育文化发展有限公司,8911,体育竞赛组织,体育竞赛 组织,体育竞赛;组织,体育竞赛,是,体育赛事,0.95,direct,6,1
92510108MA660EU961,成都曼妙雅文化传播有限公司,8930,健身休闲活动,健身 休闲活动,休闲活动;健身,,是,健身休闲,0.75,direct,6,0
91510108MA6BG5J18N,成都润搏健身服务有限公司,8930,健身休闲活动,健身 休闲活动,休闲活动;健身,,是,健身休闲,0.75,direct,6,0
91510108MA6BK2JE8M,成都森峰健身服务有限公司,8930,健身休闲活动,健身 休闲活动,休闲活动;健身,,是,健身休闲,0.75,direct,6,0
91510108MA7N7RBTX7,成都银之河体育俱乐部有限公司,5242,体育用品及器材零售,体育用品 器材 零售,体育用品;器材;零售,体育用品,是,体育用品,0.95,direct,9,1
91510100MABR0YWB82,成都全博体育文化发展有限公司,8911,体育竞技组织,体育竞技 组织,体育竞技;组织,,是,体育管理,0.75,direct,6,0
91510108MAACLFDT11,四川芳华之迦健身服务有限公司,8930,室内健身运动,室内 健身运动,健身运动;室内,,是,健身休闲,0.75,direct,6,0
91510108MA67FQ6215,成都金色伯林健身服务有限公司,8930,健身休闲活动,健身 休闲活动,休闲活动;健身,,是,健身休闲,0.75,direct,6,0
91510100MA7NEM4379,成都锲超体育发展有限公司,9052,体育赛事策划,体育 赛事策划,赛事策划;体育,赛事策划,是,体育赛事,0.6,none,6,1
91510108MA7N3PNM1C,四川千里瑞湘文化传媒有限公司,8911,体育竞技组织,体育竞技 组织,体育竞技;组织,,是,体育管理,0.75,direct,6,0
91510100MA634CFD7C,成都全竞体育文化发展有限公司,8911,体育竞赛组织,体育竞赛 组织,体育竞赛;组织,体育竞赛,是,体育赛事,0.95,direct,6,1
91510108MA64P3QK5P,成都市成华区菲丽西艺术培训学校有限公司,8392,体校及体育培训,体校 体育培训,体育培训;体校,体育培训,是,体育培训,0.95,direct,7,1
91510108MA6BNN6A6Y,成都青体培体育文化发展有限公司,8392,体育培训,体育培训,体育培训,体育培训,是,体育培训,0.95,direct,4,1
91510108MAACGJJR7M,四川熊猫元元体育文化传播有限公司,5242,体育用品零售,体育用品零售,体育用品零售,体育用品零售,是,体育用品,0.95,direct,6,1
91510108MA61UKMQX1,四川觅行户外运动有限公司,9052,体育赛事活动策划,体育赛事 活动 策划,体育赛事;策划;活动,体育赛事,是,体育赛事,0.6,none,8,1
91510108MA63DGJN4K,成都六角健身服务有限责任公司,8930,健身休闲活动,健身 休闲活动,休闲活动;健身,,是,健身休闲,0.75,direct,6,0
91510108MA61T3KN0E,四川中创智联商贸有限公司,5142,体育用品批发,体育用品批发,体育用品批发,体育用品批发,是,体育用品,0.95,direct,6,1
91510105MA7EA3WQ17,成都全勤体育文化发展有限公司,8911,体育竞赛组织,体育竞赛 组织,体育竞赛;组织,体育竞赛,是,体育赛事,0.95,direct,6,1
91510108MA7NGJM188,成都骏琇体育文化发展有限公司,8392,体育培训,体育培训,体育培训,体育培训,是,体育培训,0.95,direct,4,1
91510108MA6CPFJT45,成都兰途印象健身服务有限公司,8930,健身休闲活动,健身 休闲活动,休闲活动;健身,,是,健身休闲,0.75,direct,6,0
915101077900031680,成都新运动文化发展有限公司,5242,体育用品及器材零售,体育用品 器材 零售,体育用品;器材;零售,体育用品,是,体育用品,0.95,direct,9,1
91510108MA61WN8QXL,成都黛芙艾雅商贸有限公司,5242,体育跑道设施零售,体育 跑道 设施 零售,跑道;体育;零售;设施,,是,体育用品,0.75,direct,8,0
91510108MA7LTFA368,成都乐克体育发展有限公司,8392,少儿体育培训,少儿 体育培训,体育培训;少儿,体育培训,是,体育培训,0.95,direct,6,1
91510108MACDB7309M,成都舞柒健身有限责任公司,8930,健身休闲活动,健身 休闲活动,休闲活动;健身,,是,健身休闲,0.75,direct,6,0
91510108MA6CN6J52G,四川健博锐健身服务有限公司,8921,体育场馆管理,体育场馆 管理,体育场馆;管理,体育场馆,是,体育场馆,0.95,direct,6,1
91510108MACGJTUG8J,成都雷霆健身有限公司,8930,健身休闲活动,健身 休闲活动,休闲活动;健身,,是,健身休闲,0.75,direct,6,0
91510108MA634XKG0Y,成都市运则美健身服务有限公司,8930,健身休闲活动,健身 休闲活动,休闲活动;健身,,是,健身休闲,0.75,direct,6,0
91510108MA6CT2J62K,成都青天霹雳体育文化传播有限公司,8921,体育训练,体育训练,体育训练,,是,体育场馆,0.75,direct,4,0
91510108MACJFAFX0D,成都捷思舞汇健身服务有限公司,8930,一般项目：组织文化艺术交流活动；健身休闲活动；会议及展览服务；教育咨询服务（不含涉许可审批的教育培训活动）；专业设计服务；市场营销策划；文艺创作；文化用品设备出租；组织体育表演活动；鞋帽零售；服装服饰零售；音响设备销售；体育用品及器材零售。（除依法须经批准的项目外，凭营业执照依法自主开展经营活动）许可项目：营业性演出。（依法须经批准的项目，经相关部门批准后方可开展经营活动，具体经营项目以相关部门批准文件或许可证件为准）,一般 项目 组织 文化 艺术交流 活动 健身 休闲活动 会议 展览 服务 教育 咨询服务 含涉 许可 审批 教育 培训 活动 专业 设计 服务 市场 营销策划 文艺创作 文化用品 设备 出租 组织 体育表演 活动 鞋帽 零售 服装服饰 零售 音响设备 销售 体育用品 器材 零售 依法 批准 项目 营业执照 依法 自主 开展 经营 活动 许可 项目 营业性 演出 依法 批准 项目 相关 部门 批准 后方 开展 经营 活动 具体 经营项目 相关 部门 批准 文件 许可证 为准,批准;活动;依法;零售;项目;许可;休闲活动;营销策划;经营项目;开展,体育表演;体育用品,是,体育赛事,0.95,direct,211,2
91510108MA670GBF0X,四川奥瑞斯体育文化发展有限公司,8919,体育组织,体育组织,体育组织,体育组织,是,体育管理,0.95,direct,4,1
91510108MA6AT6669W,四川煜铂体育文化传播有限责任公司,9052,组织体育表演活动,组织 体育表演 活动,体育表演;组织;活动,体育表演,是,体育赛事,0.6,none,8,1
91510108MA7LYUK387,成都市兴旺艾熙体育文化发展有限公司,8919,基层体育组织,基层 体育组织,体育组织;基层,体育组织,是,体育管理,0.95,direct,6,1
91510108MA64MGR66H,四川倍力鸿程体育设施工程有限公司,4892,体育场地施工,体育场地 施工,体育场地;施工,体育场地,是,体育场馆,0.95,direct,6,1
91510108MA6CM70162,四川伯利联合体育文化传播有限公司,8911,体育赛事策划,体育 赛事策划,赛事策划;体育,赛事策划,是,体育赛事,0.95,direct,6,1
91510108327506388X,成都荣丰体育文化传播有限公司,8392,市场化体育培训,市场化 体育培训,体育培训;市场化,体育培训,是,体育培训,0.95,direct,7,1
91510108MA65QCL35U,成都艾恩博迪健身服务有限公司,8930,健身馆服务,健身 服务,健身;服务,,是,健身休闲,0.75,direct,5,0
91510108MAACK3DU1K,成都立刻空间健身有限公司,8930,健身休闲活动,健身 休闲活动,休闲活动;健身,,是,健身休闲,0.75,direct,6,0
91510108MACJTPME7Q,四川爱健体育用品销售有限公司,5142,一般项目：体育用品及器材零售；体育用品及器材批发；体育用品设备出租；体育场地设施工程施工；健身休闲活动；电子测量仪器销售；户外用品销售；信息安全设备销售；光通信设备销售；特种设备销售；第一类医疗器械销售；第二类医疗器械销售；家用电器销售；电子产品销售；文具用品零售；办公用品销售；服装服饰零售；针纺织品销售；橡胶制品销售；教学用模型及教具销售；颜料销售；家具安装和维修服务；普通机械设备安装服务；货物进出口；组织文化艺术交流活动；会议及展览服务；日用电器修理；信息咨询服务（不含许可类信息咨询服务）；信息技术咨询服务；道路货物运输站经营；总质量4.5吨及以下普通货运车辆道路货物运输（除网络货运和危险,一般 项目 体育用品 器材 零售 体育用品 器材 批发 体育用品 设备 出租 体育场地设施 工程施工 健身 休闲活动 电子 测量 仪器 销售 户外用品 销售 信息安全 设备 销售 光通信 设备 销售 特种设备 销售 第一类 医疗器械 销售 第二类 医疗器械 销售 家用电器 销售 电子产品 销售 文具用品 零售 办公用品 销售 服装服饰 零售 针纺织品 销售 橡胶制品 销售 教学 模型 教具 销售 颜料 销售 家具 安装 维修服务 普通 机械设备 安装 服务 货物 进出口 组织 文化 艺术交流 活动 会议 展览 服务 日用电器 修理 信息 咨询服务 许可 信息 咨询服务 信息技术 咨询服务 道路 货物运输 经营 质量 以下 普通 货运 车辆 道路 货物运输 网络 货运 危险,销售;体育用品;咨询服务;零售;货物运输;医疗器械;设备;货运;器材;休闲活动,体育用品;体育场地设施,是,体育用品,0.95,direct,300,2
91510108MABNBEJD39,成都麻酱君商贸有限公司,8930,经营棋牌娱乐室,经营 棋牌 娱乐室,娱乐室;棋牌;经营,,是,健身休闲,0.75,direct,7,0
91510106MA6D0AXR8E,成都潇然盛新商贸有限公司,5242,体育用品及器材零售,体育用品 器材 零售,体育用品;器材;零售,体育用品,是,体育用品,0.95,direct,9,1
91510108MA67FL9X02,成都守义教育科技有限责任公司,8919,体育组织,体育组织,体育组织,体育组织,是,体育管理,0.95,direct,4,1
91510108MA7E0Q6Q49,四川德瑞克体能拓展训练中心有限合伙,8930,健身休闲活动,健身 休闲活动,休闲活动;健身,,是,健身休闲,0.75,direct,6,0
91510108MA68B6CJ3F,成都十号麦田足球俱乐部有限责任公司,9052,体育赛事策划,体育 赛事策划,赛事策划;体育,赛事策划,是,体育赛事,0.6,none,6,1
91510105MA6CA9YM4Q,成都阳光享瘦健身服务有限公司,8930,健身房健身活动,健身房 健身活动,健身活动;健身房,健身房,是,健身休闲,0.95,direct,7,1
91510108MA66ATN97Y,成都致慧德育健身服务有限公司,8392,武术教育培训中心,武术 教育 培训中心,培训中心;武术;教育,武术,是,健身休闲,0.95,direct,8,1
91510106569691387D,成都奥斯达体育文化传播有限公司,8911,策划体育赛事,策划 体育赛事,体育赛事;策划,体育赛事,是,体育赛事,0.95,direct,6,1
91510108MAACHLT6XR,成都千麦瑜伽健身有限公司,8930,健身休闲活动,健身 休闲活动,休闲活动;健身,,是,健身休闲,0.75,direct,6,0
91510108MA69XU980G,成都月中悦茶楼有限公司,8930,棋牌娱乐场所管理服务,棋牌 娱乐场所 管理 服务,棋牌;娱乐场所;服务;管理,,是,健身休闲,0.75,direct,10,0
91510108MA7MALBH0L,成都弈而优围棋俱乐部有限公司,8911,围棋俱乐部组织活动,围棋 俱乐部 组织 活动,围棋;俱乐部;组织;活动,,是,体育管理,0.75,direct,9,0
91510108MACT28L44X,成都莱维贝贝体育文化发展有限责任公司,8930,健身房健身活动,健身房 健身活动,健身活动;健身房,健身房,是,健身休闲,0.95,direct,7,1
91510108MACBT5EK3M,成都鸿山水韵茶楼有限公司,8930,棋牌娱乐场所管理服务,棋牌 娱乐场所 管理 服务,棋牌;娱乐场所;服务;管理,,是,健身休闲,0.75,direct,10,0
9151010034299114XW,成都爱球体育场馆服务股份有限公司,8921,体育场馆管理,体育场馆 管理,体育场馆;管理,体育场馆,是,体育场馆,0.95,direct,6,1
91510108MA6367053H,成都爱悠佳健身管理有限公司,8930,健身休闲活动,健身 休闲活动,休闲活动;健身,,是,健身休闲,0.75,direct,6,0
91510108MACK9C0Q1Q,成都邦亿通达商贸有限公司,5142,体育用品批发,体育用品批发,体育用品批发,体育用品批发,是,体育用品,0.95,direct,6,1
91510108MA65WCY57U,成都博毅跆拳道有限公司,8392,跆拳道活动,跆拳道 活动,跆拳道;活动,跆拳道,是,健身休闲,0.95,direct,5,1
91510108343111124L,成都寰亚高球体育文化传播有限公司,5142,体育用品及器材批发,体育用品 器材 批发,体育用品;器材;批发,体育用品,是,体育用品,0.95,direct,9,1
91510108MAC67FB894,成都蓝麒体育文化传播有限公司,8392,少儿篮球培训,少儿 篮球培训,篮球培训;少儿,篮球培训,是,体育培训,0.95,direct,6,1
91510108MABU6YWU9W,成都青色芒果瑜伽健身有限公司,8930,瑜伽服务,瑜伽 服务,瑜伽;服务,瑜伽,是,健身休闲,0.95,direct,4,1
91510108MA6AQL0T3J,成都念力健身服务有限公司,8930,健身休闲活动,健身 休闲活动,休闲活动;健身,,是,健身休闲,0.75,direct,6,0
91510108MABM6P6H57,四川宏博建业体育设施工程有限公司,4892,体育场地设施工程施工,体育场地设施 工程施工,体育场地设施;工程施工,体育场地设施,是,体育场馆,0.95,direct,10,1
91510108584964443T,四川悍森健身器材有限公司,5142,运动器材批发,运动器材 批发,运动器材;批发,运动器材,是,体育用品,0.95,direct,6,1
91510108MA65658A1L,成都型动体育用品有限公司,5142,批发体育用品及器材,批发 体育用品 器材,体育用品;器材;批发,体育用品,是,体育用品,0.95,direct,9,1
91510104MA65QADK8M,四川易马逊科技发展有限公司,5242,体育用品及器材零售,体育用品 器材 零售,体育用品;器材;零售,体育用品,是,体育用品,0.95,direct,9,1
91510108MA67JCDC1P,成都井界体育文化传播有限公司,9052,体育赛事策划,体育 赛事策划,赛事策划;体育,赛事策划,是,体育赛事,0.6,none,6,1
91510108MA7HUDXP9K,成都海堂乒乓球俱乐部,8392,乒乓球培训服务,乒乓球培训 服务,乒乓球培训;服务,乒乓球培训,是,体育培训,0.95,direct,7,1
91510108MA6CCYG84E,成都匠道健身服务有限公司,8930,健身服务,健身服务,健身服务,健身服务,是,健身休闲,0.95,direct,4,1
91510108MA7NALLT3W,成都君兮瑜伽健身有限公司,8930,健身房服务,健身房 服务,健身房;服务,健身房,是,健身休闲,0.95,direct,5,1
91510108MA65G1635Y,成都青龙羽凡体育俱乐部有限公司,8911,体育竞赛组织,体育竞赛 组织,体育竞赛;组织,体育竞赛,是,体育赛事,0.95,direct,6,1
91510108MACUTJTB0F,四川卓华体育文化发展有限责任公司,8911,体育项目开发服务,体育项目 开发 服务,体育项目;开发;服务,,是,体育管理,0.75,direct,8,0
91430602MA4QMMT29C,四川畅浪钓具有限公司,5242,渔具垂钓用品零售,渔具 垂钓 用品 零售,渔具;垂钓;用品;零售,渔具,是,体育用品,0.95,direct,8,1
91510107MA7LWQNA29,成都索科体育文化传播有限公司,8930,健身服务,健身服务,健身服务,健身服务,是,健身休闲,0.95,direct,4,1
91510108MACGALB05L,成都思威鸣小泳士体育俱乐部有限公司,8911,体育竞赛组织,体育竞赛 组织,体育竞赛;组织,体育竞赛,是,体育赛事,0.95,direct,6,1
91510108MA6AQ4N49P,成都沃克体育发展有限公司,5242,体育用品零售,体育用品零售,体育用品零售,体育用品零售,是,体育用品,0.95,direct,6,1
91510108MA6B02E88M,成都同兴圆电子商务有限公司,5242,体育用品及器材零售,体育用品 器材 零售,体育用品;器材;零售,体育用品,是,体育用品,0.95,direct,9,1
91510108MA62NCLNXJ,成都泉眼体育场馆管理有限公司,8921,体育赛事活动策划,体育赛事 活动 策划,体育赛事;策划;活动,体育赛事,是,体育赛事,0.95,direct,8,1
91510108MA7JY49N9R,成都影流文化传媒有限公司,8919,其他体育组织,其他 体育组织,体育组织;其他,体育组织,是,体育管理,0.95,direct,6,1
91510108MA6ATGQA66,四川北辰德瑞克体育文化发展有限公司,8921,体育赛事策划,体育 赛事策划,赛事策划;体育,赛事策划,是,体育赛事,0.95,direct,6,1
91510108MACC7QGE5T,成都哪趣互动文化传播有限公司,8919,一般项目：组织文化艺术交流活动；体验式拓展活动及策划；体育赛事策划；露营地服务；组织体育表演活动；体育竞赛组织；票务代理服务；娱乐性展览；企业管理咨询；信息咨询服务（不含许可类信息咨询服务）；体育健康服务；会议及展览服务；教育咨询服务（不含涉许可审批的教育培训活动）；社会经济咨询服务；咨询策划服务；健身休闲活动；软件开发；税务服务；市场营销策划；户外用品销售；广告设计、代理；摄影扩印服务；摄像及视频制作服务。（除依法须经批准的项目外，凭营业执照依法自主开展经营活动）许可项目：游艺娱乐活动。（依法须经批准的项目，经相关部门批准后方可开展经营活动，具体经营项目以相关部门批准文件或许可证件为准）,一般 项目 组织 文化 艺术交流 活动 体验式 拓展 活动 策划 体育 赛事策划 露营地 服务 组织 体育表演 活动 体育竞赛 组织 票务 代理服务 娱乐性 展览 企业 管理 咨询 信息 咨询服务 许可 信息 咨询服务 体育 健康 服务 会议 展览 服务 教育 咨询服务 含涉 许可 审批 教育 培训 活动 社会 经济 咨询服务 咨询 策划 服务 健身 休闲活动 软件开发 税务 服务 市场 营销策划 户外用品 销售 广告设计 代理 摄影 扩印 服务 摄像 视频 制作 服务 依法 批准 项目 营业执照 依法 自主 开展 经营 活动 许可 项目 游艺 娱乐活动 依法 批准 项目 相关 部门 批准 后方 开展 经营 活动 具体 经营项目 相关 部门 批准 文件 许可证 为准,咨询服务;服务;活动;批准;许可;依法;项目;展览;策划;体育,赛事策划;体育表演;体育竞赛,是,体育赛事,0.95,direct,298,3
915101083319273539,四川省宇晖仁德体育文化传播有限责任公司,8392,体育课外辅导,体育 课外辅导,课外辅导;体育,,是,体育培训,0.75,direct,6,0
91510108343000280J,奇迹麦瑞可成都健身服务有限公司,8930,健身服务,健身服务,健身服务,健身服务,是,健身休闲,0.95,direct,4,1
91510108MAACF1MN97,成都布莱恩宇体育文化传播有限公司,8392,体育培训,体育培训,体育培训,体育培训,是,体育培训,0.95,direct,4,1
91510108399140952E,成都龙光龙仁体育文化传播有限公司,8392,娃娃体育培训,娃娃 体育培训,体育培训;娃娃,体育培训,是,体育培训,0.95,direct,6,1
91510108MA64NF2L2H,四川凝聚力水族有限公司,5242,渔具零售,渔具 零售,渔具;零售,渔具,是,体育用品,0.95,direct,4,1
91510108MA6901G00K,成都欣希项荣文化传播有限公司,8930,健身休闲活动,健身 休闲活动,休闲活动;健身,,是,健身休闲,0.75,direct,6,0
91510108MA7N099376,四川紫微星辰体育俱乐部有限公司,8911,文艺创作,文艺创作,文艺创作,,是,体育管理,0.75,direct,4,0
91510108MABWJKGY4C,成都团建喵户外运动有限公司,8911,体育竞赛组织,体育竞赛 组织,体育竞赛;组织,体育竞赛,是,体育赛事,0.95,direct,6,1
91510108MA61RLHK5J,四川赛立体育设施有限责任公司,4892,体育场地设施工程施工,体育场地设施 工程施工,体育场地设施;工程施工,体育场地设施,是,体育场馆,0.95,direct,10,1
91510108MA61XU0J6M,成都兰色旅途体育场馆管理有限公司,8930,健身服务,健身服务,健身服务,健身服务,是,健身休闲,0.95,direct,4,1
91510108MA6ATGDX1U,成都童梦梦之队文化传播有限公司,8392,体育培训,体育培训,体育培训,体育培训,是,体育培训,0.95,direct,4,1
91510108MACJN4WU13,成都金露海健身服务有限公司,8930,健身服务,健身服务,健身服务,健身服务,是,健身休闲,0.95,direct,4,1
91510108MA6DHFJ8X4,四川尼莫文化传播有限公司,5142,体育用品批发,体育用品批发,体育用品批发,体育用品批发,是,体育用品,0.95,direct,6,1
915101083274695727,成都力智张扬体育文化传播有限公司,8919,体育资讯服务,体育 资讯 服务,体育;资讯;服务,,是,体育管理,0.75,direct,6,0
91510107MACA4EXAXP,成都小蓝健康管理有限公司,8930,瑜伽教学服务,瑜伽 教学服务,教学服务;瑜伽,瑜伽,是,健身休闲,0.95,direct,6,1
91510108MA64U5TH25,成都加速度户外运动有限公司,9052,体育表演服务,体育表演 服务,体育表演;服务,体育表演,是,体育赛事,0.6,none,6,1
91510108MACTA1KQ22,成都中驰体育文化发展有限公司,8930,健身服务,健身服务,健身服务,健身服务,是,健身休闲,0.95,direct,4,1
91510108740331200B,成都市奇景园林设计工程有限公司,8921,体育场所管理,体育场 管理,体育场;管理,体育场,是,体育场馆,0.95,direct,6,1
91510108MA67JNQN42,四川锦诚华磊拓展训练有限公司,8930,销售体育器材,销售 体育器材,体育器材;销售,体育器材,是,体育用品,0.95,direct,6,1
91510108MA65W3UF9A,成都华旺汇鑫体育设施有限公司,5142,体育用品及器材批发,体育用品 器材 批发,体育用品;器材;批发,体育用品,是,体育用品,0.95,direct,9,1
91510108MAACP5H20T,成都圣火精武体育文化传播有限公司,8392,体校及体育培训,体校 体育培训,体育培训;体校,体育培训,是,体育培训,0.95,direct,7,1
91510108MA66525Y6W,成都美力方健身有限公司,8930,健身休闲活动,健身 休闲活动,休闲活动;健身,,是,健身休闲,0.75,direct,6,0
91510108MACD7CA649,四川蜀陇鑫商贸有限公司,5242,体育用品零售,体育用品零售,体育用品零售,体育用品零售,是,体育用品,0.95,direct,6,1
91510108MACFNYWG58,四川乐致拓展训练有限公司,8930,健身休闲活动,健身 休闲活动,休闲活动;健身,,是,健身休闲,0.75,direct,6,0
91510108MAC8JAWE5L,成都百步体育用品有限公司,5242,体育用品零售,体育用品零售,体育用品零售,体育用品零售,是,体育用品,0.95,direct,6,1
91510108MAC62N4C1K,四川瑞东健身器材销售有限公司,5142,体育用品及器材批发,体育用品 器材 批发,体育用品;器材;批发,体育用品,是,体育用品,0.95,direct,9,1
91510108MA6CF5HH1N,四川锦泰天禄户外用品有限责任公司,5142,户外用品批发,户外用品 批发,户外用品;批发,,是,体育用品,0.75,direct,6,0
91510108MA61TWE46N,四川走吧户外运动有限公司,8930,健身休闲活动,健身 休闲活动,休闲活动;健身,,是,健身休闲,0.75,direct,6,0
91510108MAC311MT7X,成都吾童星体育文化传播有限公司,8392,体育培训服务,体育培训 服务,体育培训;服务,体育培训,是,体育培训,0.95,direct,6,1
91510108MACA6FKL0L,慢游族成都户外运动有限公司,8919,户外活动组织,户外活动 组织,户外活动;组织,,是,体育管理,0.75,direct,6,0
91510108MACBWAUK59,四川劲健美体育文化发展有限公司,8392,体育培训,体育培训,体育培训,体育培训,是,体育培训,0.95,direct,4,1
91510108MACKA80N1H,成都市鸿承启点体育文化发展有限公司,8392,体育教育培训,体育教育 培训,体育教育;培训,体育教育,是,体育培训,0.95,direct,6,1
91510108MABP16132N,成都衷贝昇体育用品店,5142,体育用品及器材批发,体育用品 器材 批发,体育用品;器材;批发,体育用品,是,体育用品,0.95,direct,9,1
91510108MA7HG5671Q,成都鸣琪东体育用品店,5242,一般项目：体育用品及器材零售；体育用品及器材批发；互联网销售（除销售需要许可的商品）。（除依法须经批准的项目外，凭营业执照依法自主开展经营活动）,一般 项目 体育用品 器材 零售 体育用品 器材 批发 互联网 销售 销售 需要 许可 商品 依法 批准 项目 营业执照 依法 自主 开展 经营 活动,体育用品;器材;依法;销售;项目;营业执照;批发;许可;互联网;零售,体育用品,是,体育用品,0.95,direct,72,1
91510108MABNTTMA7E,成都亦图羽体育用品店,5142,体育用品及器材批发,体育用品 器材 批发,体育用品;器材;批发,体育用品,是,体育用品,0.95,direct,9,1
91510108MA7H2M479D,成都弥泓宁体育用品店,5142,一般项目：体育用品及器材批发；体育用品及器材零售；互联网销售（除销售需要许可的商品）。（除依法须经批准的项目外，凭营业执照依法自主开展经营活动）,一般 项目 体育用品 器材 批发 体育用品 器材 零售 互联网 销售 销售 需要 许可 商品 依法 批准 项目 营业执照 依法 自主 开展 经营 活动,体育用品;器材;依法;销售;项目;营业执照;批发;许可;互联网;零售,体育用品,是,体育用品,0.95,direct,72,1
91510108MA65R1GE95,四川蓉铄体育科技有限公司,8999,体育赛事策划,体育 赛事策划,赛事策划;体育,赛事策划,是,体育赛事,0.6,none,6,1
91510108MA61XWGU3P,成都川云体育文化传播有限公司,8392,足球培训,足球培训,足球培训,足球培训,是,体育培训,0.95,direct,4,1
91510108MA63G3MR7A,四川强盛兴体育文化传播有限公司,8930,健身休闲活动,健身 休闲活动,休闲活动;健身,,是,健身休闲,0.75,direct,6,0
91510108MA6BP4UQ9K,成都逸栖瑜伽健身有限公司,8930,健身活动,健身活动,健身活动,,是,健身休闲,0.75,direct,4,0
91510108MA7HLF481M,成都激速体育场馆管理有限公司,8921,体育场地经营,体育场地 经营,体育场地;经营,体育场地,是,体育场馆,0.95,direct,6,1
91510108MA65X1E20G,成都徐姜顺商贸中心,5242,零售棋牌,零售 棋牌,棋牌;零售,,是,体育用品,0.75,direct,4,0
91469001MAA93WYE8G,海口雪迹体育文化有限公司,8921,体育场地经营,体育场地 经营,体育场地;经营,体育场地,是,体育场馆,0.95,direct,6,1
91510108MA61R7R4XW,成都睿士达体育用品有限公司,5242,健身器材零售,健身器材 零售,健身器材;零售,健身器材,是,体育用品,0.95,direct,6,1
91510108MA7HL5E614,成都明臣奕通信工程有限责任公司,5142,体育用品及器材批发,体育用品 器材 批发,体育用品;器材;批发,体育用品,是,体育用品,0.95,direct,9,1
91510108MAACJXUL23,四川龙跃天地建设工程有限公司,4892,学校跑道修建施工,学校 跑道 修建 施工,跑道;施工;修建;学校,,是,体育场馆,0.75,direct,8,0
91510108MA6BCXFU4J,成都淡水致成健身服务有限公司,8930,健身服务,健身服务,健身服务,健身服务,是,健身休闲,0.95,direct,4,1
91510108MA6AFXUC88,四川羽动力体育文化发展有限公司,8930,健身休闲活动,健身 休闲活动,休闲活动;健身,,是,健身休闲,0.75,direct,6,0
91510108MA63EJGJ6G,四川正阳丰禾健康科技有限公司,5142,体育用品及器材批发,体育用品 器材 批发,体育用品;器材;批发,体育用品,是,体育用品,0.95,direct,9,1
91510108782655537X,四川骏航户外用品有限公司,2449,制造户外用品,制造 户外用品,户外用品;制造,,是,体育用品,0.75,direct,6,0
91510108MA67407D76,成都博俊优胜体育文化传播有限公司,5242,体育用品零售,体育用品零售,体育用品零售,体育用品零售,是,体育用品,0.95,direct,6,1
91510108MA65TF0YXM,四川华腾正同科技有限公司,5142,体育器材定制批发,体育器材 定制 批发,体育器材;定制;批发,体育器材,是,体育用品,0.95,direct,8,1
91510108MAAGY4XB64,成都凯盛飞鸟体育场馆管理有限公司,8921,篮球体育场馆,篮球 体育场馆,体育场馆;篮球,篮球;体育场馆,是,体育用品,0.95,direct,6,2
91510108MA61RY4T1U,成都跃杰体育用品有限公司,5142,篮球架批发,篮球架 批发,篮球架;批发,,是,体育用品,0.75,direct,5,0
91510108MABPKW5X85,成都铭冠胜帆体育俱乐部有限公司,8919,网球培训,网球培训,网球培训,网球培训,是,体育培训,0.95,direct,4,1
91510108331931045R,四川翼道建设工程有限公司,4720,体育场地建筑,体育场地 建筑,体育场地;建筑,体育场地,是,体育场馆,0.6,none,6,1
91510108MA61TBN38E,成都攀乐儿游乐设备有限公司,5242,零售健身器材,零售 健身器材,健身器材;零售,健身器材,是,体育用品,0.95,direct,6,1
91510100MA664L4678,成都球转转体育文化发展有限公司,8921,篮球场地服务,篮球场 服务,篮球场;服务,篮球场,是,体育场馆,0.95,direct,6,1
91510106777482184F,四川华夏汇海科技有限公司,5242,体育器材定零售,体育器材 零售,体育器材;零售,体育器材,是,体育用品,0.95,direct,7,1
91510108MAACFK82XQ,成都呈尚荟健身服务有限公司,8930,游泳健身,游泳 健身,健身;游泳,游泳,是,健身休闲,0.95,direct,4,1
91510108574648850W,成都成北易捷体育咨询服务有限公司,5242,体育器材零售,体育器材 零售,体育器材;零售,体育器材,是,体育用品,0.95,direct,6,1
91510107MA6ANAGB1H,四川赛尔吉奥体育用品有限公司,5142,批发体育用品,批发 体育用品,体育用品;批发,体育用品,是,体育用品,0.95,direct,6,1
915101070600891155,成都鸿运达体育设施工程有限公司,5142,体育设备批发,体育设备 批发,体育设备;批发,体育设备,是,体育用品,0.95,direct,6,1
91510107MA6B62JH6F,四川凯翼鸿体育设施有限公司,5142,体育球场材料批发,体育 球场 材料 批发,球场;批发;体育;材料,,是,体育用品,0.75,direct,8,0
91510108MA69HF3X9C,成都涛庭亦商贸部,5142,体育用品及器材批发,体育用品 器材 批发,体育用品;器材;批发,体育用品,是,体育用品,0.95,direct,9,1
91510112732350196W,捷安特(成都)有限公司,5142,自行车批发,自行车 批发,批发;自行车,,是,体育用品,0.75,direct,5,0
91510112MA67EXDH2L,成都劲航智德体育文化发展有限公司,9052,体育赛事组织,体育赛事 组织,体育赛事;组织,体育赛事,是,体育赛事,0.6,none,6,1
91510112MACL7UD43C,四川鸿恒铭体育设施有限公司,5142,一般项目：体育用品及器材零售；体育用品及器材批发；专业设计服务；园林绿化工程施工；规划设计管理；服装服饰零售；合成材料销售；塑料制品销售；橡胶制品销售；金属制品销售；建筑材料销售；五金产品零售；高品质合成橡胶销售；模具销售；化工产品销售（不含许可类化工产品）；装卸搬运；新材料技术推广服务；技术服务、技术开发、技术咨询、技术交流、技术转让、技术推广；互联网销售（除销售需要许可的商品）；劳务服务（不含劳务派遣）。（除依法须经批准的项目外，凭营业执照依法自主开展经营活动）许可项目：建设工程施工；建筑劳务分包。（依法须经批准的项目，经相关部门批准后方可开展经营活动，具体经营项目以相关部门批准文件或许可,一般 项目 体育用品 器材 零售 体育用品 器材 批发 专业 设计 服务 园林绿化 工程施工 规划设计 管理 服装服饰 零售 合成 材料 销售 塑料制品 销售 橡胶制品 销售 金属制品 销售 建筑材料 销售 五金产品 零售 高品质 合成橡胶 销售 模具 销售 化工 产品销售 许可 化工产品 装卸 搬运 材料 技术推广 服务 技术 服务 技术开发 技术咨询 技术 交流 技术转让 技术推广 互联网 销售 销售 需要 许可 商品 劳务 服务 劳务 派遣 依法 批准 项目 营业执照 依法 自主 开展 经营 活动 许可 项目 建设 工程施工 建筑 劳务 分包 依法 批准 项目 相关 部门 批准 后方 开展 经营 活动 具体 经营项目 相关 部门 批准 文件 或许,销售;劳务;批准;许可;技术推广;服务;体育用品;依法;零售;工程施工,体育用品,是,体育用品,0.95,direct,300,1
91510112MA61U3P691,成都承虹企业管理服务有限公司,8930,健身服务,健身服务,健身服务,健身服务,是,健身休闲,0.95,direct,4,1
91510112MA67FN8R0F,四川动咚熊健身服务有限公司,8930,健身活动,健身活动,健身活动,,是,健身休闲,0.75,direct,4,0
91510112MA65TR8Q8W,成都驿都城美航健身服务有限责任公司,8930,健身服务,健身服务,健身服务,健身服务,是,健身休闲,0.95,direct,4,1
91510112MA64MAET52,成都海佑庭体育场馆管理有限公司,8921,体育场地设施经营,体育场地设施 经营,体育场地设施;经营,体育场地设施,是,体育场馆,0.95,direct,8,1
91510112MA7KHC8K8E,成都悦臻健身服务有限公司,8930,健身休闲活动,健身 休闲活动,休闲活动;健身,,是,健身休闲,0.75,direct,6,0
91510112MA6C76YP42,成都新创天地体育文化传播有限公司,7283,体育用品展览,体育用品 展览,体育用品;展览,体育用品,是,体育用品,0.6,none,6,1
91510112MABR8AMM2U,成都志行健身管理有限公司,8930,健身休闲活动,健身 休闲活动,休闲活动;健身,,是,健身休闲,0.75,direct,6,0
91510112MA641QK48B,成都圣威健身服务有限公司,8930,健身休闲,健身 休闲,健身;休闲,,是,健身休闲,0.75,direct,4,0
91510112MA63F5E48F,四川壹捌玖壹体育文化传播有限公司,8930,篮球训练,篮球 训练,篮球;训练,篮球,是,体育用品,0.95,direct,4,1
92510112MA6CUBU11W,成都瑞博恩杰瑞健身器材经营部,5242,健身器械零售,健身 器械 零售,健身;器械;零售,,是,体育用品,0.75,direct,6,0
91510112MA67H5457E,成都众合谦诚体育文化传播有限公司,5242,体育用品零售,体育用品零售,体育用品零售,体育用品零售,是,体育用品,0.95,direct,6,1
91510112MA6D0PNQ76,成都诺坎普体育管理有限公司,8930,文体体育训练,文体 体育训练,体育训练;文体,,是,健身休闲,0.75,direct,6,0
91510112MA64MW1W7J,成都凯伦威体育文化传播有限公司,8930,台球服务,台球 服务,台球;服务,台球,是,健身休闲,0.95,direct,4,1
91510112MABQ1A1H93,成都市基体体育文化传播有限公司,5242,体育用品零售,体育用品零售,体育用品零售,体育用品零售,是,体育用品,0.95,direct,6,1
91510112MAC1AFR153,成都即刻觅志体育文化传播有限公司,8911,体育竞赛组织,体育竞赛 组织,体育竞赛;组织,体育竞赛,是,体育赛事,0.95,direct,6,1
91510112MA661AQU7C,四川烽狼体育文化发展有限公司,8930,乒乓球培训,乒乓球培训,乒乓球培训,乒乓球培训,是,体育培训,0.95,direct,5,1
91510112MA7MKDC51W,四川顺凯祥拓展训练中心有限合伙,8930,拓展训练服务,拓展 训练 服务,拓展;训练;服务,,是,健身休闲,0.75,direct,6,0
91510112MA6ARX2L9U,成都蔚篮营篮球俱乐部有限公司,8911,篮球培训,篮球培训,篮球培训,篮球培训,是,体育培训,0.95,direct,4,1
91510112MABMLCMY26,成都大杰健身服务有限公司,8930,健身休闲活动,健身 休闲活动,休闲活动;健身,,是,健身休闲,0.75,direct,6,0
91510112MA7FTW420C,成都益彩年华体育发展有限公司,9052,体育赛事策划,体育 赛事策划,赛事策划;体育,赛事策划,是,体育赛事,0.6,none,6,1
92510112MA6ACY013R,成都飒动体育用品有限公司,5242,体育用品及器材零售,体育用品 器材 零售,体育用品;器材;零售,体育用品,是,体育用品,0.95,direct,9,1
91510112572259448Y,成都浩成体育文化传播有限公司,9052,体育赛事策划,体育 赛事策划,赛事策划;体育,赛事策划,是,体育赛事,0.6,none,6,1
91510112MA6BTBH20T,成都迈睿创享体育文化发展有限公司,8911,体育培训及比赛,体育培训 比赛,体育培训;比赛,体育培训,是,体育培训,0.95,direct,7,1
91510112MA6BRCWH08,四川麻辣体育文化传播有限公司,5242,体育用品零售,体育用品零售,体育用品零售,体育用品零售,是,体育用品,0.95,direct,6,1
91510112MA69LP0B9J,成都周城世纪体育发展有限公司,8930,健身服务,健身服务,健身服务,健身服务,是,健身休闲,0.95,direct,4,1
91510112MA62PH8J91,成都智源恒道体育文化传播有限公司,8911,体育竞赛组织,体育竞赛 组织,体育竞赛;组织,体育竞赛,是,体育赛事,0.95,direct,6,1
91510112MA62M62846,成都奥艺健身服务有限公司,8930,健身服务,健身服务,健身服务,健身服务,是,健身休闲,0.95,direct,4,1
91510112MA664CGE4X,四川突破领跑体育科技有限公司,8911,赛事组织,赛事组织,赛事组织,赛事组织,是,体育赛事,0.95,direct,4,1
91510112MA63ENCE0Q,成都西美贝力健身服务有限公司,8930,健身服务,健身服务,健身服务,健身服务,是,健身休闲,0.95,direct,4,1
91510112MA664RK06L,四川突破布雷奇体育发展有限公司,8930,篮球训练服务,篮球 训练 服务,篮球;训练;服务,篮球,是,体育用品,0.95,direct,6,1
92510112MA66YDY000,成都巴比伦昊辰体育用品销售有限公司,5142,体育用品和器材批发,体育用品 器材 批发,体育用品;器材;批发,体育用品,是,体育用品,0.95,direct,9,1
91510112MA65LA9W3C,成都柯洛赛体育文化发展有限公司,8930,游泳服务,游泳 服务,游泳;服务,游泳,是,健身休闲,0.95,direct,4,1
91510112MA65XC6460,成都启航二零二壹健身管理有限公司,8930,健身服务,健身服务,健身服务,健身服务,是,健身休闲,0.95,direct,4,1
91510112MA7JUQ4R8F,成都基迪艾盟体育文化传播有限公司,9052,组织体育表演服务,组织 体育表演 服务,体育表演;服务;组织,体育表演,是,体育赛事,0.6,none,8,1
91510112MA6BT2546A,四川麦菲欧体育场馆管理有限公司,8921,游泳馆服务,游泳馆 服务,游泳馆;服务,游泳馆,是,体育场馆,0.95,direct,5,1
91510112MA6AYJNB0F,成都澳得隆体育文化发展有限责任公司,8930,健身服务,健身服务,健身服务,健身服务,是,健身休闲,0.95,direct,4,1
91510112MA6BRK6AXG,成都金鑫羽体育文化传播有限公司,8930,体育培训,体育培训,体育培训,体育培训,是,体育培训,0.95,direct,4,1
91510112MAC2GYK67R,四川优格普拉提瑜伽健身有限公司,8930,瑜伽训练,瑜伽 训练,瑜伽;训练,瑜伽,是,健身休闲,0.95,direct,4,1
91510112MA62PWHW3B,四川力拔山兮体育文化传播有限公司,8911,体育赛事组织策划,体育赛事 组织 策划,体育赛事;策划;组织,体育赛事,是,体育赛事,0.95,direct,8,1
91510112MAACNEXL1N,成都拾号曼巴体育文化传播有限公司,8921,篮球场地出租,篮球场 出租,篮球场;出租,篮球场,是,体育场馆,0.95,direct,6,1
91510112MA6C4TQ64P,成都英克文化传媒有限公司,8921,室内体育场所服务,室内 体育场 服务,体育场;室内;服务,体育场,是,体育场馆,0.95,direct,8,1
91510112MAC7TGGF1L,成都创兰图体育科技有限公司,8911,体育竞赛组织,体育竞赛 组织,体育竞赛;组织,体育竞赛,是,体育赛事,0.95,direct,6,1
91510112MA6CL4N51Y,四川勤德天酬文化传播有限公司,8911,体育赛事,体育赛事,体育赛事,体育赛事,是,体育赛事,0.95,direct,4,1
91510112MA66426Q1X,成都春来体育科技有限公司,5242,体育器材零售,体育器材 零售,体育器材;零售,体育器材,是,体育用品,0.95,direct,6,1
91510100MA6ARUKJ9F,成都恰少年体育文化传播有限公司,8930,体育培训,体育培训,体育培训,体育培训,是,体育培训,0.95,direct,4,1
91510112MAACHNAN36,成都竖钇鑫盛文化传播有限公司,8930,休闲娱乐服务,休闲 娱乐 服务,休闲;娱乐;服务,,是,健身休闲,0.75,direct,6,0
91510112MACF2EKU4P,成都天翼音舞而美舞蹈健身有限公司,8930,健身服务,健身服务,健身服务,健身服务,是,健身休闲,0.95,direct,4,1
91510112MA65M7J7XC,成都思达思贝思星空间舞蹈健身有限公司,8930,街舞健身,街舞 健身,街舞;健身,,是,健身休闲,0.75,direct,4,0
91510112MA6CNCLE5J,成都向量体育文化传播有限公司,5242,体育用品零售,体育用品零售,体育用品零售,体育用品零售,是,体育用品,0.95,direct,6,1
91510112MA6B361C5K,成都城海体育文化传播有限公司,5142,运动器材批发,运动器材 批发,运动器材;批发,运动器材,是,体育用品,0.95,direct,6,1
91510112MA7L67PU5U,成都周城世纪文化传媒有限公司,8930,健身培训,健身 培训,健身;培训,,是,健身休闲,0.75,direct,4,0
91510112MA6CLC639L,四川酷想诚真体育文化传播有限公司,5242,健身器材零售,健身器材 零售,健身器材;零售,健身器材,是,体育用品,0.95,direct,6,1
91510112MAC29HMH56,成都星一加健身有限责任公司,8930,健身休闲活动,健身 休闲活动,休闲活动;健身,,是,健身休闲,0.75,direct,6,0
91510112MAC77MQQ1C,成都熠梵星文化传播有限公司,8930,瑜伽健身,瑜伽 健身,瑜伽;健身,瑜伽,是,健身休闲,0.95,direct,4,1
91510112MABP87FAX7,四川火星红霞影视文化传媒有限公司,8930,健身休闲活动,健身 休闲活动,休闲活动;健身,,是,健身休闲,0.75,direct,6,0
91510112MA7J91AD9N,成都国威搏击俱乐部有限公司,8911,技能培训,技能 培训,技能;培训,,是,体育管理,0.75,direct,4,0
91510112MAC9EYQG2K,小辣骄健身成都有限公司,8930,健身休闲活动,健身 休闲活动,休闲活动;健身,,是,健身休闲,0.75,direct,6,0
91510112MA62NR3674,四川蜀艺风华文化传播有限公司,8930,休闲健身太级活动服务,休闲 健身 太级 活动 服务,太级;健身;休闲;服务;活动,,是,健身休闲,0.75,direct,10,0
9151011275595737X6,成都龙泉驾驶员培训有限公司,8930,棋牌服务,棋牌 服务,棋牌;服务,,是,健身休闲,0.75,direct,4,0
91510112MA65YCT80T,成都革新武道体育文化传播有限公司,8930,健身休闲活动,健身 休闲活动,休闲活动;健身,,是,健身休闲,0.75,direct,6,0
91510112MA7FR8FB8L,成都三分球体育文化传播有限公司,8930,体育培训,体育培训,体育培训,体育培训,是,体育培训,0.95,direct,4,1
91510112MACHKUXQ8G,成都名辰吉瑞商业运营管理有限公司,8921,体育场地设施经营,体育场地设施 经营,体育场地设施;经营,体育场地设施,是,体育场馆,0.95,direct,8,1
91510112MACFJ8X83A,成都迪卡璐鞋业有限公司,2444,劳动鞋生产,劳动 生产,劳动;生产,,是,体育用品,0.75,direct,5,0
91510112MAC49DLK4P,四川耐特诺户外用品有限公司,5142,户外用品批发,户外用品 批发,户外用品;批发,,是,体育用品,0.75,direct,6,0
91510112MA6C5CCY3U,成都奥扬体育文化传播有限公司,9052,体育赛事策划,体育 赛事策划,赛事策划;体育,赛事策划,是,体育赛事,0.6,none,6,1
91510112MACE134N93,成都潮跃体育文化发展有限公司,8921,体育场地设施管理,体育场地设施 管理,体育场地设施;管理,体育场地设施,是,体育场馆,0.95,direct,8,1
91510112MACWX3KE8R,成都斗影体育用品有限公司,2449,体育用品制造,体育用品制造,体育用品制造,体育用品制造,是,体育用品,0.95,direct,6,1
91510112MA62MUN83C,成都俊杰武道文化传播有限公司,8911,跆拳道教授服务,跆拳道 教授 服务,跆拳道;教授;服务,跆拳道,是,健身休闲,0.95,direct,7,1
91510112MA66YFEB9X,成都河马陆人体育发展有限公司,8930,健身服务,健身服务,健身服务,健身服务,是,健身休闲,0.95,direct,4,1
91510112MAACFUT710,成都东之耀体育文化传播有限责任公司,8930,体育培训服务,体育培训 服务,体育培训;服务,体育培训,是,体育培训,0.95,direct,6,1
91510112MA63FRDP3E,成都市跳跃者健身服务有限责任公司,8930,j健身服务,健身服务,健身服务,健身服务,是,健身休闲,0.95,direct,5,1
91510112MA66BGX58X,成都市小蜜蜂健身服务有限责任公司,8930,健身服务,健身服务,健身服务,健身服务,是,健身休闲,0.95,direct,4,1
91510112MAC95F7W1A,成都简好健身有限公司,8930,健身服务,健身服务,健身服务,健身服务,是,健身休闲,0.95,direct,4,1
915101123320334319,成都市嗨乐体育文化有限公司,8930,乒乓球培训,乒乓球培训,乒乓球培训,乒乓球培训,是,体育培训,0.95,direct,5,1
91510112MA62L3029N,成都生派体育文化传播有限公司,9052,体育赛事组织服务,体育赛事 组织 服务,体育赛事;服务;组织,体育赛事,是,体育赛事,0.6,none,8,1
91510112MA65L3Q511,成都亦心健身服务有限公司,8930,瑜伽健身服务,瑜伽 健身服务,健身服务;瑜伽,瑜伽;健身服务,是,健身休闲,0.95,direct,6,2
91510112MA6630GU76,四川向尚体育发展有限公司,8930,体能训练培训,体能训练 培训,体能训练;培训,体能训练,是,体育培训,0.95,direct,6,1
91510112MA63J9RN9P,四川广体体育有限公司,8911,体育竞赛组织,体育竞赛 组织,体育竞赛;组织,体育竞赛,是,体育赛事,0.95,direct,6,1
91510112MACPB802XE,成都馨语悦传媒有限公司,8911,体育竞赛组织,体育竞赛 组织,体育竞赛;组织,体育竞赛,是,体育赛事,0.95,direct,6,1
91510112MA689LYE2W,四川健之美体育有限公司,8911,体育竞赛组织,体育竞赛 组织,体育竞赛;组织,体育竞赛,是,体育赛事,0.95,direct,6,1
915101123506406813,四川西德曼企业管理有限公司,8930,户外拓展服务,户外拓展 服务,户外拓展;服务,户外拓展,是,健身休闲,0.95,direct,6,1
91510112MA6CU9N2XW,成都东进体育文化传播有限责任公司,8911,体育比赛组织,体育比赛 组织,体育比赛;组织,体育比赛,是,体育赛事,0.95,direct,6,1
91510112MACF37Y71D,成都正艺体育俱乐部有限公司,8392,少儿体育培训,少儿 体育培训,体育培训;少儿,体育培训,是,体育培训,0.95,direct,6,1
91510112MACE4ED04N,漂流岛成都户外用品有限公司,5142,体育用品及器材批发,体育用品 器材 批发,体育用品;器材;批发,体育用品,是,体育用品,0.95,direct,9,1
91510105394231724X,成都微漂商贸有限公司,5142,水上运动物品批发,水上运动 物品 批发,水上运动;批发;物品,水上运动,是,健身休闲,0.95,direct,8,1
91510105MA6APX3G37,成都超轻畅游户外装备有限公司,2449,体育用品生产,体育用品 生产,体育用品;生产,体育用品,是,体育用品,0.95,direct,6,1
91510112MA64Q6W62X,成都武之家武术文化传播有限公司,8911,武术培训,武术培训,武术培训,武术培训,是,体育培训,0.95,direct,4,1
91510112MA64FPAB5B,四川篮波体育发展有限公司,8921,体育场馆管理,体育场馆 管理,体育场馆;管理,体育场馆,是,体育场馆,0.95,direct,6,1
915101123215960018,四川省凡可企业管理有限公司,8930,健身休闲活动,健身 休闲活动,休闲活动;健身,,是,健身休闲,0.75,direct,6,0
91510112MACD0RPC1G,成都迷高体育科技有限公司,5242,体育器材零售,体育器材 零售,体育器材;零售,体育器材,是,体育用品,0.95,direct,6,1
91510112MA652XGX59,成都市拓匠鼎诚装修工程有限公司,5242,体育用品及器材零售,体育用品 器材 零售,体育用品;器材;零售,体育用品,是,体育用品,0.95,direct,9,1
91510112MA6BNW9673,四川竞拓体育发展有限公司,8911,体育竞赛组织,体育竞赛 组织,体育竞赛;组织,体育竞赛,是,体育赛事,0.95,direct,6,1
91510112MA63FT3L2N,成都一号铁房健身服务有限公司,8930,健身休闲活动,健身 休闲活动,休闲活动;健身,,是,健身休闲,0.75,direct,6,0
91510112MA63PPX56F,新赛点成都体育用品有限公司,5242,体育用品零售,体育用品零售,体育用品零售,体育用品零售,是,体育用品,0.95,direct,6,1
91510112MA6CG86U1Q,极点悦动（成都）体育文化发展有限公司,8930,健身休闲活动,健身 休闲活动,休闲活动;健身,,是,健身休闲,0.75,direct,6,0
91510112MABTAB9A75,成都晞乐艺雯户外用品有限公司,5242,体育用品零售,体育用品零售,体育用品零售,体育用品零售,是,体育用品,0.95,direct,6,1
91510112MA62PYMRXX,四川恒创精品体育器材有限公司,5142,体育用品批发,体育用品批发,体育用品批发,体育用品批发,是,体育用品,0.95,direct,6,1
91510112MA6AE64EXK,成都玖瑞佳健身俱乐部,8921,体育场地设施经营,体育场地设施 经营,体育场地设施;经营,体育场地设施,是,体育场馆,0.95,direct,8,1
915101127978476467,四川圣山白玉兰实业有限公司,1821,运动休闲针织服装制造,运动 休闲 针织 服装 制造,针织;休闲;服装;制造;运动,,是,体育用品,0.75,direct,10,0
91510112MAC68CXM0N,成都鑫谛美斯体育文化传播有限公司,8930,健身休闲活动,健身 休闲活动,休闲活动;健身,,是,健身休闲,0.75,direct,6,0
91510112MAACL2M14Q,成都球手体育文化发展有限公司,5242,体育用品及器材零售,体育用品 器材 零售,体育用品;器材;零售,体育用品,是,体育用品,0.95,direct,9,1
91510112MA65MLAG4Q,成都有志文理体育文化传播有限公司,8930,跆拳道培训服务,跆拳道培训 服务,跆拳道培训;服务,跆拳道培训,是,体育培训,0.95,direct,7,1
91510112MA6CAK4U97,四川盛康瑞科技有限公司,5242,体育器材零售,体育器材 零售,体育器材;零售,体育器材,是,体育用品,0.95,direct,6,1
91510112MACXB8H5XH,四川方元瑞体育文化发展有限公司,8930,休闲健身活动,休闲 健身活动,健身活动;休闲,,是,健身休闲,0.75,direct,6,0
91510112MA6822D39E,成都恒冠体育文化传播有限公司,8930,体育休闲服务,体育休闲 服务,体育休闲;服务,体育休闲,是,健身休闲,0.95,direct,6,1
91510112MA6CWM8T1X,四川梦在启航商贸有限责任公司,5142,体育用品及器材批发,体育用品 器材 批发,体育用品;器材;批发,体育用品,是,体育用品,0.95,direct,9,1
91510112MAACEUU80U,成都锦尚佳航跆拳道俱乐部有限公司,8930,健身休闲活动,健身 休闲活动,休闲活动;健身,,是,健身休闲,0.75,direct,6,0
91510112MA6C59K75C,成都乾坤乐建会健身服务有限公司,8930,健身休闲活动,健身 休闲活动,休闲活动;健身,,是,健身休闲,0.75,direct,6,0
91510112MA6BM4148H,成都川蓉驿晟体育文化发展有限公司,8919,体育运动服务,体育运动 服务,体育运动;服务,,是,体育管理,0.75,direct,6,0
91510112MACTKQDE2A,成都舟舟体育科技有限公司,5242,体育用品零售,体育用品零售,体育用品零售,体育用品零售,是,体育用品,0.95,direct,6,1
91510112MA62WY832G,成都兴武体育文化传播有限公司,8911,体育竞赛组织,体育竞赛 组织,体育竞赛;组织,体育竞赛,是,体育赛事,0.95,direct,6,1
91510112MA6ACBYJ4J,四川顺新汇商贸有限公司,8930,健身休闲活动,健身 休闲活动,休闲活动;健身,,是,健身休闲,0.75,direct,6,0
91510112MA634T095E,成都国川蓉晟体育文化发展有限公司,8930,健身休闲活动,健身 休闲活动,休闲活动;健身,,是,健身休闲,0.75,direct,6,0
91510112MA6BKHRX5Q,成都石榴健身服务有限公司,8930,健身休闲活动,健身 休闲活动,休闲活动;健身,,是,健身休闲,0.75,direct,6,0
91510100MA68E2MQX0,四川莱昂体育发展有限公司,8921,室内体育场馆服务,室内 体育场馆 服务,体育场馆;室内;服务,体育场馆,是,体育场馆,0.95,direct,8,1
91510112MA6DFKF44P,四川蓉诚时代科技有限公司,5142,体育用品及器材批发,体育用品 器材 批发,体育用品;器材;批发,体育用品,是,体育用品,0.95,direct,9,1
91510112MA6CBEJ08B,成都市龙天博汇商贸有限公司,5242,学校训练器材零售,学校 训练 器材 零售,器材;零售;训练;学校,,是,体育用品,0.75,direct,8,0
91510100MA6432695H,成都振辰建设工程有限公司,4892,塑胶跑道工程施工,塑胶跑道 工程施工,塑胶跑道;工程施工,塑胶跑道,是,体育用品,0.95,direct,8,1
91510112MA62CB814F,成都中铁建昆仑振蓉生态建设有限公司,4892,锦城绿道建设,锦城 绿道 建设,锦城;绿道;建设,,是,体育场馆,0.75,direct,6,0
91510112MAC7GGBC41,四川川亿高科技有限公司,5142,体育用品批发,体育用品批发,体育用品批发,体育用品批发,是,体育用品,0.95,direct,6,1
91510100MA7FYFF21J,四川泳冠体育文化传播有限公司,8930,游泳训练,游泳 训练,游泳;训练,游泳,是,健身休闲,0.95,direct,4,1
91510112MA7FE88Y0J,成都傲楚体育文化发展有限公司,7246,体育咨询,体育咨询,体育咨询,体育咨询,是,体育管理,0.6,none,4,1
91510112MA7GDD30X0,四川众合盛景健康科技有限公司,5142,体育用品及器材批发,体育用品 器材 批发,体育用品;器材;批发,体育用品,是,体育用品,0.95,direct,9,1
91510112MA6A8M7X5P,成都童之家玩具有限公司,5142,体育用品及器材批发,体育用品 器材 批发,体育用品;器材;批发,体育用品,是,体育用品,0.95,direct,9,1
91510112MA61T29BXM,成都克锐泽体育文化传播有限公司,8921,体育场馆服务,体育场馆 服务,体育场馆;服务,体育场馆,是,体育场馆,0.95,direct,6,1
91510107MA62NMD24B,成都泳康体育文化传播有限公司,8930,游泳培训,游泳培训,游泳培训,游泳培训,是,体育培训,0.95,direct,4,1
91510112MAC0193Q0T,四川启航创赢体育科技有限责任公司,5242,体育器材零售,体育器材 零售,体育器材;零售,体育器材,是,体育用品,0.95,direct,6,1
91510100MA65RMAJ94,成都宏博诚训体育文化传播有限公司,9052,体育赛事活动策划,体育赛事 活动 策划,体育赛事;策划;活动,体育赛事,是,体育赛事,0.6,none,8,1
91510112MA69X5499T,四川拓海凝川体育发展有限公司,8930,潜水培训,潜水 培训,潜水;培训,潜水,是,健身休闲,0.95,direct,4,1
91510112MABWD90W36,成都嘉悦天城游泳馆管理有限公司,8921,体育场管管理,体育场 管理,体育场;管理,体育场,是,体育场馆,0.95,direct,6,1
91510112MA7DF0EJ8R,成都双龙至尚体育场馆管理有限公司,8921,体育场馆管理,体育场馆 管理,体育场馆;管理,体育场馆,是,体育场馆,0.95,direct,6,1
91510104MA6CQHE066,四川健达体育文化传播有限公司,8930,体育文化推广,体育文化 推广,体育文化;推广,体育文化,是,体育管理,0.95,direct,6,1
91510112MA68E4YL00,成都悠然健身服务有限公司,8392,体育培训,体育培训,体育培训,体育培训,是,体育培训,0.95,direct,4,1
91510112MA68J7YL67,成都旭扬乒乓球俱乐部有限公司,8911,文化艺术培训,文化 艺术 培训,培训;艺术;文化,,是,体育管理,0.75,direct,6,0
91510112MABPA1B076,成都心烽盛火篮球俱乐部有限公司,8911,体育竞赛组织,体育竞赛 组织,体育竞赛;组织,体育竞赛,是,体育赛事,0.95,direct,6,1
91510112MA6ABJM41J,四川光园体育文化传播有限公司,8911,体育竞赛组织,体育竞赛 组织,体育竞赛;组织,体育竞赛,是,体育赛事,0.95,direct,6,1
91510112MAC5Y5117X,吉乐媛（成都）体育文化发展有限公司,8930,台球服务,台球 服务,台球;服务,台球,是,健身休闲,0.95,direct,4,1
91510100MAC9GC3X67,成都锦橙灿烂体育文化传播有限责任公司,8930,健身休闲服务,健身 休闲 服务,健身;休闲;服务,,是,健身休闲,0.75,direct,6,0
91510112MACNK2FL1F,成都领茂怡健身服务有限责任公司,8930,健身服务,健身服务,健身服务,健身服务,是,健身休闲,0.95,direct,4,1
91510112MABT8DX7XN,成都昊兴弘雅游泳馆管理有限公司,8921,体育场馆管理,体育场馆 管理,体育场馆;管理,体育场馆,是,体育场馆,0.95,direct,6,1
91510112MA63DJ724P,成都兢本育人体育文化发展有限公司,8930,体育训练,体育训练,体育训练,,是,健身休闲,0.75,direct,4,0
91510112MACQQPF91P,四川卓跃六一一体育发展有限公司,8930,少儿篮球体育培训,少儿 篮球 体育培训,体育培训;少儿;篮球,篮球;体育培训,是,体育用品,0.95,direct,8,2
91510112MABW1A7T0W,成都领航星健身管理有限公司,8930,健身休闲活动,健身 休闲活动,休闲活动;健身,,是,健身休闲,0.75,direct,6,0
91510112MACEB1TW09,成都青橙子体育文化传播有限公司,8930,健身休闲活动,健身 休闲活动,休闲活动;健身,,是,健身休闲,0.75,direct,6,0
91510112395139858L,四川晶品云商贸易发展有限公司,5142,体育用品批发,体育用品批发,体育用品批发,体育用品批发,是,体育用品,0.95,direct,6,1
91510112MACBKNFY47,四川博特体育发展有限公司,8930,健身服务,健身服务,健身服务,健身服务,是,健身休闲,0.95,direct,4,1
91510112MA7FKNBF8Q,成都市龙泉驿区问动体育文化发展有限公司,8911,体育竞赛组织,体育竞赛 组织,体育竞赛;组织,体育竞赛,是,体育赛事,0.95,direct,6,1
91510100MA6DFMLH4K,四川海立方体育文化传播有限公司,8930,健身培训服务,健身 培训 服务,健身;培训;服务,,是,健身休闲,0.75,direct,6,0
91510112MA68P1CHXG,成都长诚健身服务有限公司,8930,健身休闲活动,健身 休闲活动,休闲活动;健身,,是,健身休闲,0.75,direct,6,0
91510112MA7JN7714R,四川尘钛体育文化发展有限公司,8930,体育培训,体育培训,体育培训,体育培训,是,体育培训,0.95,direct,4,1
91510104MAC0NGG42Q,四川鑫奥体育俱乐部有限公司,8930,篮球技能培训,篮球 技能 培训,篮球;技能;培训,篮球,是,体育用品,0.95,direct,6,1
91510112MA66A24GXF,成都海曲体育文化传播有限公司,8930,游泳服务,游泳 服务,游泳;服务,游泳,是,健身休闲,0.95,direct,4,1
91510112MAC0Q48M28,成都龙泉驿合信体育场馆管理合伙企业（有限合伙）,8930,游泳健身培训服务,游泳 健身 培训 服务,健身;游泳;培训;服务,游泳,是,健身休闲,0.95,direct,8,1
91510112MAC4UQE57B,成都旭林格斗体育文化传播有限公司,8930,格斗培训,格斗 培训,格斗;培训,,是,健身休闲,0.75,direct,4,0
91510112MA6CC7GG6F,成都冠瑞体育文化传播有限公司,8930,少儿体育训练,少儿 体育训练,体育训练;少儿,,是,健身休闲,0.75,direct,6,0
91510112MAACNPHH73,成都凡时瑜伽健身有限公司,8930,瑜伽健身服务,瑜伽 健身服务,健身服务;瑜伽,瑜伽;健身服务,是,健身休闲,0.95,direct,6,2
91510112MA7KAPYT4F,成都伯浪丁健身有限公司,8930,游泳健身服务,游泳 健身服务,健身服务;游泳,游泳;健身服务,是,健身休闲,0.95,direct,6,2
91510112MA69KKLR4E,四川贝贝爱游乐设备有限公司,5142,少儿游乐设施批发,少儿 游乐 设施 批发,少儿;游乐;批发;设施,,是,体育用品,0.75,direct,8,0
91510112MABXKT4K4J,四川星稚马科技有限公司,8911,少儿体育培训,少儿 体育培训,体育培训;少儿,体育培训,是,体育培训,0.95,direct,6,1
91510112MA67KJDG9G,成都琪熙健身服务有限公司,8930,健身服务,健身服务,健身服务,健身服务,是,健身休闲,0.95,direct,4,1
91510112MAACMXM81H,四川博弈天浩体育文化传播有限公司,8930,乒乓健身活动,乒乓 健身活动,健身活动;乒乓,,是,健身休闲,0.75,direct,6,0
91510112MA65WYE76T,四川蓝澳体育文化推广有限公司,8930,体育健身服务,体育 健身服务,健身服务;体育,健身服务,是,健身休闲,0.95,direct,6,1
91510112MA6BCJ6T0B,成都健冠体育文化传播有限公司,8930,体育培训,体育培训,体育培训,体育培训,是,体育培训,0.95,direct,4,1
91510112MA669W966E,四川子砺体育文化传播有限公司,5242,体育用品零售,体育用品零售,体育用品零售,体育用品零售,是,体育用品,0.95,direct,6,1
91510112MAC4GTM68G,成都市龙泉驿启智领航体育科技有限公司,8930,体育培训服务,体育培训 服务,体育培训;服务,体育培训,是,体育培训,0.95,direct,6,1
91510112MA637GL496,成都寸木教育咨询有限公司,8930,跆拳道培训服务,跆拳道培训 服务,跆拳道培训;服务,跆拳道培训,是,体育培训,0.95,direct,7,1
91510112MA6CQLXM8F,成都尚武天下文化传播有限公司,8930,体育健身服务,体育 健身服务,健身服务;体育,健身服务,是,健身休闲,0.95,direct,6,1
91510112MA6A5BQU5N,成都千帆启航体育文化传播有限公司,8930,少儿体育文化培训服务,少儿 体育文化 培训 服务,体育文化;少儿;培训;服务,体育文化,是,体育管理,0.95,direct,10,1
91510112MABTLXEG8A,成都壹悦音舞而美舞蹈健身有限公司,8930,健身休闲服务,健身 休闲 服务,健身;休闲;服务,,是,健身休闲,0.75,direct,6,0
91510112MA679H6R9D,成都同优伽健身服务有限公司,8930,健身服务,健身服务,健身服务,健身服务,是,健身休闲,0.95,direct,4,1
91510112MA63DQQ24K,成都炎禧健身服务有限公司,8930,健身服务,健身服务,健身服务,健身服务,是,健身休闲,0.95,direct,4,1
91510112MA6C6GAB94,成都健道健身服务有限公司,8930,健身服务,健身服务,健身服务,健身服务,是,健身休闲,0.95,direct,4,1
91510112MA63ELKYXC,成都博泽远行户外运动有限公司,8930,户外运动服务,户外运动 服务,户外运动;服务,户外运动,是,健身休闲,0.95,direct,6,1
91510112MAACM7EW6Y,成都百泳蜀力体育文化发展有限公司,8919,其他体育组织,其他 体育组织,体育组织;其他,体育组织,是,体育管理,0.95,direct,6,1
91510112MA61XJ4X6F,成都市之所瑜健身服务有限公司,8930,健身房服务,健身房 服务,健身房;服务,健身房,是,健身休闲,0.95,direct,5,1
91510112MAC0Q0CB77,成都驰安体育发展有限公司,8911,体育器材销售及租赁,体育器材 销售 租赁,体育器材;租赁;销售,体育器材,是,体育用品,0.95,direct,9,1
91510112MA6B25DY35,成都陌上初雪文化传播有限公司,8919,体育组织,体育组织,体育组织,体育组织,是,体育管理,0.95,direct,4,1
91510112MA7M0Y0R3B,成都市融驰体育文化发展有限公司,8930,卡丁车娱乐活动,卡丁车 娱乐活动,卡丁车;娱乐活动,,是,健身休闲,0.75,direct,7,0
91510107MA6CCMF77H,成都艾普佳体育文化传播有限公司,8930,健身休闲活动,健身 休闲活动,休闲活动;健身,,是,健身休闲,0.75,direct,6,0
92510112MA6B227GXC,成都惠儿瑜伽健身有限公司,8930,瑜伽健身服务,瑜伽 健身服务,健身服务;瑜伽,瑜伽;健身服务,是,健身休闲,0.95,direct,6,2
91510112MACN504Y0D,成都时代篮图体育文化发展有限公司,8392,篮球培训服务,篮球培训 服务,篮球培训;服务,篮球培训,是,体育培训,0.95,direct,6,1
91510112MA61XHJ9XA,成都奇佳翼舞蹈俱乐部有限公司,8930,健身服务,健身服务,健身服务,健身服务,是,健身休闲,0.95,direct,4,1
91510112MAACQAMC3R,四川八十一分体育文化传播有限公司,8930,体育文化推广,体育文化 推广,体育文化;推广,体育文化,是,体育管理,0.95,direct,6,1
91510112MABQA3JK8M,四川贰叁时点体育发展有限公司,8911,体育项目组织,体育项目 组织,体育项目;组织,,是,体育管理,0.75,direct,6,0
91510112MA61TAX98X,四川康之源体育设施有限公司,5142,体育用品批发,体育用品批发,体育用品批发,体育用品批发,是,体育用品,0.95,direct,6,1
91510112MAC998UP39,四川威格健身服务有限公司,8930,健身休闲活动,健身 休闲活动,休闲活动;健身,,是,健身休闲,0.75,direct,6,0
91510112MACHTYTXXH,成都市逸乐虎体适能体育文化传播有限公司,8930,青少年体育培训,青少年体育 培训,青少年体育;培训,青少年体育,是,体育培训,0.95,direct,7,1
91510112MA6A33U96Y,成都首在体育俱乐部有限公司,9052,体育服务,体育服务,体育服务,体育服务,是,体育管理,0.6,none,4,1
91510112MACFT4KL0M,四川骑趣视界体育发展有限公司,8911,体育赛事策划,体育 赛事策划,赛事策划;体育,赛事策划,是,体育赛事,0.95,direct,6,1
91510100MA6CRG8195,成都行动者企业管理咨询有限公司,8930,体能拓展训练服务,体能 拓展 训练 服务,体能;拓展;训练;服务,,是,健身休闲,0.75,direct,8,0
91510112MA66PCKH9L,四川川应贝雷帽文化传播有限公司,8919,夏令营教育培训,夏令营 教育 培训,夏令营;培训;教育,,是,体育管理,0.75,direct,7,0
91510112MA664BG15C,四川巴斯博体育设施有限公司,5142,体育器材批发,体育器材 批发,体育器材;批发,体育器材,是,体育用品,0.95,direct,6,1
91510112MA61W9A79B,四川鑫洲足球俱乐部有限公司,8911,体育培训,体育培训,体育培训,体育培训,是,体育培训,0.95,direct,4,1
91510112MA6CGK1L9D,成都天羽羽毛球俱乐部有限公司,8921,羽毛球场地租赁,羽毛球 场地租赁,场地租赁;羽毛球,羽毛球;场地租赁,是,体育用品,0.95,direct,7,2
91510108MAC0X65158,四川天昶御风赛车文化传播有限公司,8911,摩托车培训,摩托车 培训,摩托车;培训,,是,体育管理,0.75,direct,5,0
91510112MA62QY7U4T,成都汇美特科技有限公司,5142,体育用品批发,体育用品批发,体育用品批发,体育用品批发,是,体育用品,0.95,direct,6,1
91510112MAC2H4XF7P,成都旭海体育场馆管理有限公司,8930,游泳服务,游泳 服务,游泳;服务,游泳,是,健身休闲,0.95,direct,4,1
91510112MA64PFUL1W,四川悦享跃动体育文化传播有限公司,8930,健身服务,健身服务,健身服务,健身服务,是,健身休闲,0.95,direct,4,1
91510112MA65WTRU3P,成都手拉手泰昊体育文化传播有限公司,9052,体育赛事活动策划,体育赛事 活动 策划,体育赛事;策划;活动,体育赛事,是,体育赛事,0.6,none,8,1
91510112MA67EPY56R,成都兰亭商务服务有限公司,8930,棋牌服务,棋牌 服务,棋牌;服务,,是,健身休闲,0.75,direct,4,0
91510112MA7LPA5C26,四川源上瑜伽健身有限责任公司,8930,健身休闲活动,健身 休闲活动,休闲活动;健身,,是,健身休闲,0.75,direct,6,0
91510112MA6A57AG88,成都有家弘熙体育文化传播有限公司,8930,跆拳道培训,跆拳道培训,跆拳道培训,跆拳道培训,是,体育培训,0.95,direct,5,1
91510112MABQ8T8G57,成都大牧兄弟户外用品有限公司,5242,户外用品零售,户外用品 零售,户外用品;零售,,是,体育用品,0.75,direct,6,0
91510112MA7LGXKY18,成都星弈围棋俱乐部有限公司,8911,体育竞赛组织,体育竞赛 组织,体育竞赛;组织,体育竞赛,是,体育赛事,0.95,direct,6,1
91510112MACD25GFXH,成都锦成精匠文化传播有限公司,8911,儿童跆拳道培训服务,儿童 跆拳道培训 服务,跆拳道培训;儿童;服务,跆拳道培训,是,体育培训,0.95,direct,9,1
91510112MA6BHWM40Q,成都超扬健身服务有限公司,8930,健身休闲活动,健身 休闲活动,休闲活动;健身,,是,健身休闲,0.75,direct,6,0
91510112MABRY0U83M,成都超凡人健身服务有限公司,8930,健身休闲,健身 休闲,健身;休闲,,是,健身休闲,0.75,direct,4,0
91510112MACGLYN580,成都游瑞文化传播有限公司,8930,游泳活动服务,游泳 活动 服务,游泳;服务;活动,游泳,是,健身休闲,0.95,direct,6,1
91510112MACN2HHT2W,成都至高之诚体育文化发展有限公司,8930,健身休闲活动,健身 休闲活动,休闲活动;健身,,是,健身休闲,0.75,direct,6,0
91510112MACFD3A217,成都炎阳户外拓展有限公司,8911,体育竞赛服务,体育竞赛 服务,体育竞赛;服务,体育竞赛,是,体育赛事,0.95,direct,6,1
91510112MAACMLQB9D,成都玖舞即现文化传播有限责任公司,8930,健身休闲服务,健身 休闲 服务,健身;休闲;服务,,是,健身休闲,0.75,direct,6,0
91510112MACTJ8LY27,成都超凡引擎体育文化传播有限公司,8930,健身休闲活动,健身 休闲活动,休闲活动;健身,,是,健身休闲,0.75,direct,6,0
91510112MA6DHP4A88,成都奥乐奇体育文化传播有限公司,8930,健身房经营,健身房 经营,健身房;经营,健身房,是,健身休闲,0.95,direct,5,1
91510112MA6CDCUQ62,成都悦心悦动健身服务有限公司,7246,游泳培训,游泳培训,游泳培训,游泳培训,是,体育培训,0.6,none,4,1
91510112MAACKKQA7F,四川晓诺体育设施工程有限公司,4892,晓诺体育设施工程,晓诺 体育设施 工程,晓诺;体育设施;工程,体育设施,是,体育场馆,0.95,direct,8,1
91510112MACM1N6F8F,成都冠培体育文化传播有限公司,8930,羽毛球训练,羽毛球 训练,羽毛球;训练,羽毛球,是,体育用品,0.95,direct,5,1
91510112MA65W1NKXA,成都市智禾时代企业管理咨询有限公司,8930,团建服务,团建 服务,团建;服务,,是,健身休闲,0.75,direct,4,0
91510112MAC9B3T34D,成都古俪瑜佳健康管理有限公司,8930,瑜伽健身服务,瑜伽 健身服务,健身服务;瑜伽,瑜伽;健身服务,是,健身休闲,0.95,direct,6,2
91510112MACEPB2N9U,成都名卓体育文化传播有限公司,8930,台球休闲服务,台球 休闲 服务,台球;休闲;服务,台球,是,健身休闲,0.95,direct,6,1
91510112MA6C5L900C,四川自在健身服务有限公司,8930,健身服务,健身服务,健身服务,健身服务,是,健身休闲,0.95,direct,4,1
91510112MA6DG56F19,成都鑫豪体育文化有限责任公司,8930,健身服务,健身服务,健身服务,健身服务,是,健身休闲,0.95,direct,4,1
91510112MA6CFH1623,四川德冠文化传播有限公司,8911,拓展培训,拓展 培训,培训;拓展,,是,体育管理,0.75,direct,4,0
91510112MA63FFUA6H,成都虎宝宝体育文化传播有限公司,8930,健身经营活动,健身 经营 活动,健身;经营;活动,,是,健身休闲,0.75,direct,6,0
91510112MA63PEB3XD,成都寻武道文化传播有限公司,8911,跆拳道培训,跆拳道培训,跆拳道培训,跆拳道培训,是,体育培训,0.95,direct,5,1
91510107MA62NYRR0U,成都亿昂体育文化传播有限公司,8930,健身服务,健身服务,健身服务,健身服务,是,健身休闲,0.95,direct,4,1
91510112580007232B,成都宏毅体育文化有限责任公司,8930,健身休闲活动,健身 休闲活动,休闲活动;健身,,是,健身休闲,0.75,direct,6,0
91510112MA6BWRHD0T,成都八目围棋俱乐部有限公司,8911,围棋培训,围棋 培训,围棋;培训,,是,体育管理,0.75,direct,4,0
91510112MA6BUXTX66,四川康海达体育文化传播有限公司,8930,健身休闲活动,健身 休闲活动,休闲活动;健身,,是,健身休闲,0.75,direct,6,0
91510112MA6BD8YR8T,成都鑫永尚体育文化传播有限公司,8930,成人健身,成人 健身,健身;成人,,是,健身休闲,0.75,direct,4,0
91510112MA6CCKLU8E,成都天君体育管理有限公司,8930,健身休闲活动,健身 休闲活动,休闲活动;健身,,是,健身休闲,0.75,direct,6,0
91510112MA671X3T6W,成都悦玖健康管理有限公司,8930,体育休闲服务,体育休闲 服务,体育休闲;服务,体育休闲,是,健身休闲,0.95,direct,6,1
91510112MA7FD1PW84,新精武会成都体育文化发展有限公司,8930,体育培训,体育培训,体育培训,体育培训,是,体育培训,0.95,direct,4,1
91510112MA7KUTPMX9,成都路星熠体育文化发展有限公司,8930,跆拳道健身活动,跆拳道 健身活动,跆拳道;健身活动,跆拳道,是,健身休闲,0.95,direct,7,1
91510112350585870T,成都湘北体育文化发展有限公司,8930,篮球培训,篮球培训,篮球培训,篮球培训,是,体育培训,0.95,direct,4,1
91510112MA6CN3045M,四川菁武会文化传播有限公司,8930,健身馆经营,健身 经营,健身;经营,,是,健身休闲,0.75,direct,5,0
91510112MA68HWWH8Y,成都每持体育场馆管理有限公司,8930,健身休闲活动,健身 休闲活动,休闲活动;健身,,是,健身休闲,0.75,direct,6,0
91510112MA6ARCBU2M,四川东耀聚星足球俱乐部有限公司,8911,青少年足球培训,青少年 足球培训,足球培训;青少年,足球培训,是,体育培训,0.95,direct,7,1
91510112MACF7B6K2G,四川钰蝶体育设施工程有限责任公司,2442,体育设施制造,体育设施 制造,体育设施;制造,体育设施,是,体育场馆,0.95,direct,6,1
91510112MAD9293J9M,成都舒维他体育文化发展有限公司,8919,其他体育组织,其他 体育组织,体育组织;其他,体育组织,是,体育管理,0.95,direct,6,1
91510104MADFFG9666,四川优尚乐体育俱乐部有限公司,8911,体育竞赛组织,体育竞赛 组织,体育竞赛;组织,体育竞赛,是,体育赛事,0.95,direct,6,1
91510112MAC0BWPL7L,成都突破极速体育文化传播有限责任公司,8911,体育竞赛组织,体育竞赛 组织,体育竞赛;组织,体育竞赛,是,体育赛事,0.95,direct,6,1
91510112MAACNB5B3M,四川觅行知乐体育文化传播有限公司,8930,体育培训,体育培训,体育培训,体育培训,是,体育培训,0.95,direct,4,1
91510112MAC3EH5T3P,四川万霖军创建设发展有限公司,8930,户外拓展训练,户外拓展 训练,户外拓展;训练,户外拓展,是,健身休闲,0.95,direct,6,1
91510112MA7FNELN9K,成都贝跃动体育文化传播有限公司,8930,体育培训服务,体育培训 服务,体育培训;服务,体育培训,是,体育培训,0.95,direct,6,1
91510112MAC46L782P,成都格调康健健身服务有限公司,8930,健身服务,健身服务,健身服务,健身服务,是,健身休闲,0.95,direct,4,1
91510112MAC4TC9F3E,成都乾康倍健健身服务有限公司,8911,体育运动组织,体育运动 组织,体育运动;组织,,是,体育管理,0.75,direct,6,0
91510112MA663JT062,四川炳峰体育俱乐部有限公司,8911,体育竞赛组织策划,体育竞赛 组织 策划,体育竞赛;策划;组织,体育竞赛,是,体育赛事,0.95,direct,8,1
91510112MABTYP4L4B,润安（成都）体育文化发展有限责任公司,8921,体育场馆管理,体育场馆 管理,体育场馆;管理,体育场馆,是,体育场馆,0.95,direct,6,1
91510112MAC26EJ7X8,成都左星辰体育文化传播有限公司,8930,健身休闲活动策划,健身 休闲活动 策划,休闲活动;健身;策划,,是,健身休闲,0.75,direct,8,0
91510112MA63YNKC4N,成都玖练健身服务有限责任公司,8930,健身服务,健身服务,健身服务,健身服务,是,健身休闲,0.95,direct,4,1
91510112MA65Y4PH7Y,四川仁武文化传播有限公司,8930,健身服务,健身服务,健身服务,健身服务,是,健身休闲,0.95,direct,4,1
91510112MA6A4JQF9H,成都蓝色空间极线健身服务有限公司,8930,健身服务,健身服务,健身服务,健身服务,是,健身休闲,0.95,direct,4,1
91510112MAC99LQW0T,青聪超马成都体育文化发展有限责任公司,8912,体育赛事保障服务,体育赛事 保障 服务,体育赛事;保障;服务,体育赛事,是,体育赛事,0.95,direct,8,1
91510112MABX06UW61,四川赛悦体育文化发展有限公司,8921,场馆经营,场馆 经营,场馆;经营,,是,体育场馆,0.75,direct,4,0
91510112MA7MGE7850,成都市冠维百尚教育管理有限公司,8930,素质拓展活动,素质 拓展 活动,素质;拓展;活动,,是,健身休闲,0.75,direct,6,0
91510112MA688C407Q,四川省蜀划体育文化发展有限公司,8930,健身休闲活动服务,健身 休闲活动 服务,休闲活动;健身;服务,,是,健身休闲,0.75,direct,8,0
91510112MAC26XA15N,成都一山两湖文化旅游发展有限责任公司,8911,体育竞赛组织,体育竞赛 组织,体育竞赛;组织,体育竞赛,是,体育赛事,0.95,direct,6,1
91510112MA634F1N8B,成都上山风滑翔俱乐部有限公司,8911,体育场地设施经营,体育场地设施 经营,体育场地设施;经营,体育场地设施,是,体育场馆,0.95,direct,8,1
91510112MA6B484K0J,猎人勇士成都文化发展有限公司,8911,体育竞赛组织,体育竞赛 组织,体育竞赛;组织,体育竞赛,是,体育赛事,0.95,direct,6,1
91510112MAC1TU8U63,成都凡动体育文化传播有限公司,5242,体育用品零售,体育用品零售,体育用品零售,体育用品零售,是,体育用品,0.95,direct,6,1
91510100MA64QCXX6N,成都三幺二体育文化发展有限责任公司,9052,体育表演服务,体育表演 服务,体育表演;服务,体育表演,是,体育赛事,0.6,none,6,1
91510112MA62Q7MC94,成都东麓文化传播有限公司,8930,体能拓展训练服务,体能 拓展 训练 服务,体能;拓展;训练;服务,,是,健身休闲,0.75,direct,8,0
91510106MA6DHC7D61,成都金龙汇户外运动有限公司,8930,健身休闲活动服务,健身 休闲活动 服务,休闲活动;健身;服务,,是,健身休闲,0.75,direct,8,0
91510112MA6CNLQ66X,四川优胜达体育文化传播有限公司,8930,拓展训练,拓展 训练,拓展;训练,,是,健身休闲,0.75,direct,4,0
91510112MA6CUPH411,成都市漫步云端体育运动有限公司,8930,滑翔伞健身活动,滑翔伞 健身活动,滑翔伞;健身活动,,是,健身休闲,0.75,direct,7,0
91510112MAACL3N3X5,成都纵驰户外运动有限公司,8930,健身休闲活动,健身 休闲活动,休闲活动;健身,,是,健身休闲,0.75,direct,6,0
91510113MA6CL4WH7E,成都中奥广场管理有限公司,8921,运动场馆服务,运动场馆 服务,运动场馆;服务,运动场馆,是,体育场馆,0.95,direct,6,1
91510113MAACJKWE2H,成都竞融和体育文化发展有限公司,9052,组织体育表演活动,组织 体育表演 活动,体育表演;组织;活动,体育表演,是,体育赛事,0.6,none,8,1
91510113L71144215B,成都市首航健身服务有限公司,8930,健身服务,健身服务,健身服务,健身服务,是,健身休闲,0.95,direct,4,1
91510113MAAGW9TW5D,成都凯飒健身服务有限公司,8930,健身房健身活动,健身房 健身活动,健身活动;健身房,健身房,是,健身休闲,0.95,direct,7,1
91510113MABQP29XXR,四川森途户外运动有限公司,8919,体验式拓展活动及策划,体验式 拓展 活动 策划,体验式;策划;拓展;活动,,是,体育管理,0.75,direct,10,0
91510113MABWA9R4X3,高乐际（成都）体育文化发展有限公司,9052,体育竞赛组织,体育竞赛 组织,体育竞赛;组织,体育竞赛,是,体育赛事,0.6,none,6,1
91510113MA69UD3F7X,成都东超格斗体育文化传播有限公司,8930,体育活动,体育 活动,体育;活动,,是,健身休闲,0.75,direct,4,0
91510113MA61UXXU80,成都陶然体育场馆管理有限公司,5242,体育用品零售,体育用品零售,体育用品零售,体育用品零售,是,体育用品,0.95,direct,6,1
91510113MA69JWTU7K,成都速涛体育文化传播有限公司,9052,体育用品服装赛事组织,体育用品 服装 赛事组织,赛事组织;体育用品;服装,体育用品;赛事组织,是,体育用品,0.6,none,10,2
91510113MABUAK396R,成都青之洋体育文化传播有限公司,8930,健身休闲活动,健身 休闲活动,休闲活动;健身,,是,健身休闲,0.75,direct,6,0
91510113MACB4HTQ4M,成都兴诚澳力健身有限公司,8930,健身休闲活动,健身 休闲活动,休闲活动;健身,,是,健身休闲,0.75,direct,6,0
91510113MAC805FH4J,成都海布斯卡健身服务有限公司,8930,健身休闲,健身 休闲,健身;休闲,,是,健身休闲,0.75,direct,4,0
91510113MA65UPP384,成都市青白江区昱博源商贸部,5242,体育用品零售,体育用品零售,体育用品零售,体育用品零售,是,体育用品,0.95,direct,6,1
91510113MA6CM7RW1K,成都千泽体育文化传播有限公司,8911,体育竞赛组织,体育竞赛 组织,体育竞赛;组织,体育竞赛,是,体育赛事,0.95,direct,6,1
91510113097116914D,四川省道元体育文化有限公司,8911,体育竞赛活动,体育竞赛 活动,体育竞赛;活动,体育竞赛,是,体育赛事,0.95,direct,6,1
91510113MA6AEYY7XU,四川云致燚商贸有限公司,5242,零售体育用品,零售 体育用品,体育用品;零售,体育用品,是,体育用品,0.95,direct,6,1
915101130574832850,成都青之洋商贸有限公司,8921,体育场馆服务,体育场馆 服务,体育场馆;服务,体育场馆,是,体育场馆,0.95,direct,6,1
91510113MA6BW8MQ76,成都思博尔特体育文化传播有限公司,5242,体育用品及器材零售,体育用品 器材 零售,体育用品;器材;零售,体育用品,是,体育用品,0.95,direct,9,1
91510113MA6CL2E32J,成都威欧体育运动有限公司,8911,体育竞赛组织,体育竞赛 组织,体育竞赛;组织,体育竞赛,是,体育赛事,0.95,direct,6,1
91510113MA64QTHX00,四川星跃云力体育场馆管理有限责任公司,8930,健身服务,健身服务,健身服务,健身服务,是,健身休闲,0.95,direct,4,1
91510113MA69XN1N3X,成都青铜健身服务有限公司,8930,健身服务,健身服务,健身服务,健身服务,是,健身休闲,0.95,direct,4,1
91510113MA68K67G6F,成都德行天下户外运动有限公司,7246,户外运动咨询服务,户外运动 咨询服务,户外运动;咨询服务,户外运动,是,健身休闲,0.6,none,8,1
915101136771518394,成都嘉皇贸易有限公司,8921,游泳池管理服务,游泳池 管理 服务,游泳池;服务;管理,游泳池,是,健身休闲,0.95,direct,7,1
91510113MACKQE71X9,成都万友引力户外运动有限公司,8930,户外拓展,户外拓展,户外拓展,户外拓展,是,健身休闲,0.95,direct,4,1
91510113MA6DHEM190,四川优仕博科技有限公司,5142,体育用品及器材批发,体育用品 器材 批发,体育用品;器材;批发,体育用品,是,体育用品,0.95,direct,9,1
91510113MA635DXM3H,成都古菲特健身服务有限公司,8930,健身服务,健身服务,健身服务,健身服务,是,健身休闲,0.95,direct,4,1
91510113MA62YBLGXA,成都优练加健身服务有限责任公司,8930,室内健身服务,室内 健身服务,健身服务;室内,健身服务,是,健身休闲,0.95,direct,6,1
91510113MABPC8AE59,成都青白江耀篮体育俱乐部有限公司,8392,篮球培训,篮球培训,篮球培训,篮球培训,是,体育培训,0.95,direct,4,1
91510113MA69YBMU79,成都逸尔健身服务有限责任公司,8930,健身服务,健身服务,健身服务,健身服务,是,健身休闲,0.95,direct,4,1
91510113MA644KA010,成都英树健身服务有限责任公司,8930,健身服务,健身服务,健身服务,健身服务,是,健身休闲,0.95,direct,4,1
91510113MA63CYJ0XY,四川钟震平跆拳道有限公司,8392,跆拳道培训,跆拳道培训,跆拳道培训,跆拳道培训,是,体育培训,0.95,direct,5,1
91510113MA61RQXK0B,成都澳森体育文化传播有限责任公司,8930,健身服务,健身服务,健身服务,健身服务,是,健身休闲,0.95,direct,4,1
91510113MA69T1C97C,四川伯乐思体育运动发展有限责任公司,8911,体育项目服务,体育项目 服务,体育项目;服务,,是,体育管理,0.75,direct,6,0
91510113MA7L4LT88F,四川中奥飞悦体育发展有限责任公司,9052,体育服务,体育服务,体育服务,体育服务,是,体育管理,0.6,none,4,1
91510108MA6BG8T28T,成都酷野体育文化传播有限责任公司,8392,体育培训,体育培训,体育培训,体育培训,是,体育培训,0.95,direct,4,1
91510113MACGL0L362,成都坎普腾户外拓展有限公司,8930,拓展活动策划,拓展 活动 策划,策划;拓展;活动,,是,健身休闲,0.75,direct,6,0
91510113MA6A2J6T59,成都市青白江区吉姆沃德体育有限责任公司,8930,健身服务,健身服务,健身服务,健身服务,是,健身休闲,0.95,direct,4,1
91510113MA671DKA4U,四川铭昇轩贸易有限公司,5242,零售户外用品,零售 户外用品,户外用品;零售,,是,体育用品,0.75,direct,6,0
91510113MA6BRTNJ6D,成都青江小子体育文化传播有限公司,9052,组织体育表演活动,组织 体育表演 活动,体育表演;组织;活动,体育表演,是,体育赛事,0.6,none,8,1
91510113MA6CEYUX9Q,四川哈卡体育管理有限公司,8392,体育培训,体育培训,体育培训,体育培训,是,体育培训,0.95,direct,4,1
91510113MACWRCXF0B,成都少年志户外拓展有限公司,8930,户外活动服务,户外活动 服务,户外活动;服务,,是,健身休闲,0.75,direct,6,0
91510113577366277M,四川腾辉农业开发有限公司,8930,健身及休闲活动服务,健身 休闲活动 服务,休闲活动;健身;服务,,是,健身休闲,0.75,direct,9,0
91510113MA6C9TKJXA,成都久久创艺装饰有限公司,8930,室内休闲健身场所服务,室内 休闲 健身 场所 服务,健身;休闲;室内;场所;服务,,是,健身休闲,0.75,direct,10,0
91510113321596896W,四川天骁马术运动俱乐部有限公司,8930,马术运动,马术 运动,马术;运动,马术,是,健身休闲,0.95,direct,4,1
91510113663042447A,成都成羽体育用品有限公司,2441,羽毛制品加工,羽毛 制品 加工,羽毛;制品;加工,,是,体育用品,0.75,direct,6,0
91510113MA6AR4Q35L,成都享哆瘦健身服务有限公司,8930,健身休活动,健身 活动,健身;活动,,是,健身休闲,0.75,direct,5,0
91510113MA63YREF18,成都九安瑞鑫建材有限公司,8930,健身服务,健身服务,健身服务,健身服务,是,健身休闲,0.95,direct,4,1
915101135564257686,成都肯格王体育器材有限公司,2442,运动器材及配件制造,运动器材 配件 制造,运动器材;配件;制造,运动器材,是,体育用品,0.95,direct,9,1
91510113MACNMH4444,四川美丽疆山户外装备有限公司,5142,体育用品及器材批发,体育用品 器材 批发,体育用品;器材;批发,体育用品,是,体育用品,0.95,direct,9,1
91510108MA6B4R476T,金宏达特种装备器材有限公司,5142,户外用品批发,户外用品 批发,户外用品;批发,,是,体育用品,0.75,direct,6,0
91510113MA6AC0AH52,四川起奥体育用品有限公司,5142,体育用品批发,体育用品批发,体育用品批发,体育用品批发,是,体育用品,0.95,direct,6,1
91510113MACMJR6UXL,成都蜀泓卓飞体育发展有限公司,5142,体育用品批发,体育用品批发,体育用品批发,体育用品批发,是,体育用品,0.95,direct,6,1
91510113MA61UYBJ0Y,成都伟诚鑫文体用品有限公司,5142,体育用品批发,体育用品批发,体育用品批发,体育用品批发,是,体育用品,0.95,direct,6,1
91510113MA661X1Y38,成都众联鑫盛科技有限公司,5142,户外用品批发,户外用品 批发,户外用品;批发,,是,体育用品,0.75,direct,6,0
91510113MA67T3YD3K,成都破风户外运动有限公司,5142,体育用品批发,体育用品批发,体育用品批发,体育用品批发,是,体育用品,0.95,direct,6,1
91510113MA6DFKDD57,成都蜀达体育设施工程有限公司,5142,体育设施用品批发,体育设施 用品 批发,体育设施;用品;批发,体育设施,是,体育场馆,0.95,direct,8,1
91510113MA62DQ8K6C,成都市青白江区旋风精英跆拳道俱乐部,8392,跆拳道培训,跆拳道培训,跆拳道培训,跆拳道培训,是,体育培训,0.95,direct,5,1
91510113MA6C4MP0XK,成都市传承者文化传播有限公司,8930,健身服务,健身服务,健身服务,健身服务,是,健身休闲,0.95,direct,4,1
91510100MA6BHKJM6E,四川省美泰搏击俱乐部有限责任公司,8392,泰拳培训,泰拳 培训,泰拳;培训,,是,体育培训,0.75,direct,4,0
91510114MAD6PLFPX4,成都肆零加体育文化发展有限公司,9052,体育赛事策划,体育 赛事策划,赛事策划;体育,赛事策划,是,体育赛事,0.6,none,6,1
91510114MABRJ83W8B,成都领跑少年文化发展有限公司,8921,体育场地设施经营,体育场地设施 经营,体育场地设施;经营,体育场地设施,是,体育场馆,0.95,direct,8,1
91510114MAACPW4803,成都名泉体育发展有限公司,9052,体育赛事策划,体育 赛事策划,赛事策划;体育,赛事策划,是,体育赛事,0.6,none,6,1
915101050669547047,成都杰丹贸易有限公司,5242,文化体育用品及器材,文化 体育用品 器材,体育用品;器材;文化,体育用品,是,体育用品,0.95,direct,9,1
91510114MAD11PJ305,成都俊扬体育文化发展有限公司,8992,台球活动,台球 活动,台球;活动,台球,是,健身休闲,0.6,none,4,1
91510114MA7FJMK55G,成都市嘿嘿户外用品有限公司,5242,户外用品零售,户外用品 零售,户外用品;零售,,是,体育用品,0.75,direct,6,0
91510114MA6BH8Y76X,成都咭噜娱乐有限公司,8912,游艺娱乐活动,游艺 娱乐活动,游艺;娱乐活动,,是,体育管理,0.75,direct,6,0
91510114MA68FXBP1K,成都青林蒙体育管理有限公司,8921,体育场管理服务,体育场 管理 服务,体育场;服务;管理,体育场,是,体育场馆,0.95,direct,7,1
91510100MACK30EU88,四川元气少年武术文化传播有限公司,9052,体育表演活动,体育表演 活动,体育表演;活动,体育表演,是,体育赛事,0.6,none,6,1
91510114MA65UYCEX3,四川江盈体育文化发展有限公司,8911,体育赛事策划,体育 赛事策划,赛事策划;体育,赛事策划,是,体育赛事,0.95,direct,6,1
91510114MAACQDN34U,成都也天体育文化发展有限公司,9052,体育赛事策划,体育 赛事策划,赛事策划;体育,赛事策划,是,体育赛事,0.6,none,6,1
91510114MA635LPM4K,成都大峰健身服务有限公司,8930,健身服务,健身服务,健身服务,健身服务,是,健身休闲,0.95,direct,4,1
91510114MA6BBN6W0F,成都恒烽体育文化传播有限公司,8930,游泳服务,游泳 服务,游泳;服务,游泳,是,健身休闲,0.95,direct,4,1
91510114MA68PPUL21,成都市新都区弈乐俱乐部有限公司,8930,棋牌娱乐服务,棋牌 娱乐 服务,棋牌;娱乐;服务,,是,健身休闲,0.75,direct,6,0
91510125MA63GG2A6D,成都天空之城钛镁体育有限公司,8930,健身服务,健身服务,健身服务,健身服务,是,健身休闲,0.95,direct,4,1
91510114MA67P04J1G,成都镁极星体育文化传播有限公司,8921,体育场馆服务,体育场馆 服务,体育场馆;服务,体育场馆,是,体育场馆,0.95,direct,6,1
91510125MA64MG6R4N,四川奥华体育设施工程有限公司,4892,体育场地施工工程施工,体育场地 施工 工程施工,体育场地;工程施工;施工,体育场地,是,体育场馆,0.95,direct,10,1
91510114MA66YL858K,成都拂茶里茶楼有限责任公司,8930,棋牌室服务,棋牌室 服务,棋牌室;服务,,是,健身休闲,0.75,direct,5,0
91510114MAC5H5G36A,成都茁跃体育科技有限公司,8392,体育类培训服务,体育类 培训 服务,体育类;培训;服务,,是,体育培训,0.75,direct,7,0
91510114MA63E8FE9D,成都功爵智博体育文化发展有限公司,9052,体育赛事策划,体育 赛事策划,赛事策划;体育,赛事策划,是,体育赛事,0.6,none,6,1
91510114MA6CA3G891,成都博格健身服务有限公司,8930,健身休闲活动,健身 休闲活动,休闲活动;健身,,是,健身休闲,0.75,direct,6,0
91510114MA6BCB9HX7,成都育树健身服务有限公司,8392,跆拳道培训,跆拳道培训,跆拳道培训,跆拳道培训,是,体育培训,0.95,direct,5,1
91510114MA6B1XFW0P,四川苏朴文化旅游有限公司,5142,户外用品批发,户外用品 批发,户外用品;批发,,是,体育用品,0.75,direct,6,0
91510107MA61XHK96H,成都美佳户外用品有限公司,5242,户外用品零售,户外用品 零售,户外用品;零售,,是,体育用品,0.75,direct,6,0
91510114MA7G7T8W48,成都嘉旗健身服务有限公司,8930,健身服务,健身服务,健身服务,健身服务,是,健身休闲,0.95,direct,4,1
91510125MA663T7B3W,成都圣采喜爱之光健身服务有限公司,8930,健身休闲活动,健身 休闲活动,休闲活动;健身,,是,健身休闲,0.75,direct,6,0
91510114MABR115H0C,四川恒胜博众体育文化发展有限公司,8911,体育竞赛组织托管服务,体育竞赛 组织 托管 服务,体育竞赛;托管;服务;组织,体育竞赛,是,体育赛事,0.95,direct,10,1
91510114MA66AFNG69,成都闲庭台球馆,8930,休闲台球馆,休闲 球馆,球馆;休闲,,是,健身休闲,0.75,direct,5,0
91510106057484915K,成都巅峰户外用品有限公司,5142,批发体育用品,批发 体育用品,体育用品;批发,体育用品,是,体育用品,0.95,direct,6,1
91510105321528690L,成都元侯贸易有限公司,5142,体育用品和器材批发,体育用品 器材 批发,体育用品;器材;批发,体育用品,是,体育用品,0.95,direct,9,1
91510114MAD1L30553,成都市刘扇门搏击俱乐部有限公司,8930,健身休闲活动服务,健身 休闲活动 服务,休闲活动;健身;服务,,是,健身休闲,0.75,direct,8,0
91510114MAC3RDAK1U,成都竞凯体育文化传播有限公司,8911,体育竞赛组织,体育竞赛 组织,体育竞赛;组织,体育竞赛,是,体育赛事,0.95,direct,6,1
91510114MA64QK315Y,成都市深蓝领跑健身服务有限公司,8930,健身服务,健身服务,健身服务,健身服务,是,健身休闲,0.95,direct,4,1
91510114MA67L50Q59,成都东来悦动健身服务有限公司,8930,健身休闲活动,健身 休闲活动,休闲活动;健身,,是,健身休闲,0.75,direct,6,0
91510114MACJGJF94C,成都夏静健身服务有限公司,8930,健身休闲活动服务,健身 休闲活动 服务,休闲活动;健身;服务,,是,健身休闲,0.75,direct,8,0
91510114MACNAL9J4X,成都观南普拉提瑜伽健身有限公司,8930,健身休闲活动,健身 休闲活动,休闲活动;健身,,是,健身休闲,0.75,direct,6,0
91510114MACNFT3D6Y,成都新都区少儿体能虎健身有限公司,8930,健身休闲活动,健身 休闲活动,休闲活动;健身,,是,健身休闲,0.75,direct,6,0
91510114MAACKWHD7Q,成都市弈小乐围棋俱乐部有限公司,8392,围棋教学,围棋 教学,围棋;教学,,是,体育培训,0.75,direct,4,0
91510114MA7LFTCD2H,成都昆兽体育文化推广有限公司,8930,健身活动,健身活动,健身活动,,是,健身休闲,0.75,direct,4,0
91510114MABPKGFY6P,成都市无题实景娱乐馆,8912,游艺娱乐活动,游艺 娱乐活动,游艺;娱乐活动,,是,体育管理,0.75,direct,6,0
91510114MA67355G70,成都威玖如弘健身服务有限公司,8930,健身服务,健身服务,健身服务,健身服务,是,健身休闲,0.95,direct,4,1
91510114MABPBWKUXB,成都知行合一体育文化传播有限公司,8392,体育培训,体育培训,体育培训,体育培训,是,体育培训,0.95,direct,4,1
91510114MACH8RWR6Y,成都杭伊柯森餐饮管理有限公司,8930,健身休闲服务,健身 休闲 服务,健身;休闲;服务,,是,健身休闲,0.75,direct,6,0
91510105202183706A,成都汉光健美体育器材有限公司,5142,体育器材批发,体育器材 批发,体育器材;批发,体育器材,是,体育用品,0.95,direct,6,1
91510114MA69YJPL45,四川美虞渔具有限公司,5242,渔具零售,渔具 零售,渔具;零售,渔具,是,体育用品,0.95,direct,4,1
91510114MA6C6QJF63,成都市熙门户外运动有限公司,8919,组织户外运动,组织 户外运动,户外运动;组织,户外运动,是,健身休闲,0.95,direct,6,1
91510114MA65Q3KG0Q,成都心远户外运动有限公司,8919,户外运动组织策划,户外运动 组织 策划,户外运动;策划;组织,户外运动,是,健身休闲,0.95,direct,8,1
91510114MA61TJ770W,成都江辰体育文化传播有限公司,5142,批发体育用品,批发 体育用品,体育用品;批发,体育用品,是,体育用品,0.95,direct,6,1
91510114MA6451A3XX,成都盛跃海体育场馆管理有限公司,5242,体育场地设施零售,体育场地设施 零售,体育场地设施;零售,体育场地设施,是,体育场馆,0.95,direct,8,1
91510114343046721U,成都优越户外运动有限公司,5242,零售户外运动用品,零售 户外运动 用品,户外运动;用品;零售,户外运动,是,健身休闲,0.95,direct,8,1
91510114MA6B1GMA95,四川育健体育用品有限公司,5242,体育用品零售,体育用品零售,体育用品零售,体育用品零售,是,体育用品,0.95,direct,6,1
91510114MAC3QACW9U,街心浪旅成都市体育文化发展有限责任公司,8930,滑板娱乐服务,滑板 娱乐 服务,滑板;娱乐;服务,,是,健身休闲,0.75,direct,6,0
91510114MA67GDEA8E,四川浩广天体育设施工程有限公司,4892,体育场地工程施工,体育场地 工程施工,体育场地;工程施工,体育场地,是,体育场馆,0.95,direct,8,1
91510114MACHF5CH5E,成都星悦盛汇健身服务有限公司,8930,健身服务,健身服务,健身服务,健身服务,是,健身休闲,0.95,direct,4,1
91510125MA6CWMDR7N,成都市巨浪格斗健身服务有限公司,8930,健身服务,健身服务,健身服务,健身服务,是,健身休闲,0.95,direct,4,1
91510125MA6BRXMT2M,成都星利锐体育文化有限公司,8930,健身服务,健身服务,健身服务,健身服务,是,健身休闲,0.95,direct,4,1
91510114MA6AC57T86,成都征武搏击俱乐部有限公司,8911,体育竞赛组织,体育竞赛 组织,体育竞赛;组织,体育竞赛,是,体育赛事,0.95,direct,6,1
92510114MA6996UK6L,成都意点瑜伽健身有限公司,8930,瑜伽健身服务,瑜伽 健身服务,健身服务;瑜伽,瑜伽;健身服务,是,健身休闲,0.95,direct,6,2
91510114MABLJQ959F,成都新都区华武承武体育文化传播有限公司,8392,武术培训,武术培训,武术培训,武术培训,是,体育培训,0.95,direct,4,1
91510114MA6CC10T4A,成都锐迈体育文化传播有限公司,8930,健身服务,健身服务,健身服务,健身服务,是,健身休闲,0.95,direct,4,1
91510114MACBM1JM2D,成都奥特斯顿体育文化传播有限公司,8930,健身休闲活动,健身 休闲活动,休闲活动;健身,,是,健身休闲,0.75,direct,6,0
91510114MA6DEY2A3M,成都乐尔动体育文化传播有限公司,8392,体育教育,体育教育,体育教育,体育教育,是,体育培训,0.95,direct,4,1
91510114MACPW6N33X,成都昊齐健康管理有限公司,8930,游泳健身水疗服务,游泳 健身 水疗 服务,水疗;健身;游泳;服务,游泳,是,健身休闲,0.95,direct,8,1
91510114MA6AL1CN9J,四川博浪领航体育文化传播有限责任公司,5142,批发运动设施,批发 运动 设施,批发;设施;运动,,是,体育用品,0.75,direct,6,0
91510114MADQU9X96U,成都决风体育科技有限公司,9052,体育赛事策划,体育 赛事策划,赛事策划;体育,赛事策划,是,体育赛事,0.6,none,6,1
91510114MADMXMRL4Q,成都市昊瑞成体育文化发展有限公司,8919,其他体育组织,其他 体育组织,体育组织;其他,体育组织,是,体育管理,0.95,direct,6,1
91510114MADNPEM81X,成都美兴林体育文化发展有限公司,8919,其他体育组织,其他 体育组织,体育组织;其他,体育组织,是,体育管理,0.95,direct,6,1
91510114MADHE1AX9D,成都香体诚毅体育文化发展有限公司,8919,体育赛事策划,体育 赛事策划,赛事策划;体育,赛事策划,是,体育赛事,0.95,direct,6,1
91510114MAD1NKEL2U,四川橙狮体育科技有限公司,8921,体育场馆管理,体育场馆 管理,体育场馆;管理,体育场馆,是,体育场馆,0.95,direct,6,1
91510114MABRJJQ7X6,成都曼巴体育俱乐部有限责任公司,8930,健身休闲活动,健身 休闲活动,休闲活动;健身,,是,健身休闲,0.75,direct,6,0
92510114MA6CA5RL00,成都燃炼体育发展有限公司,8930,健身服务,健身服务,健身服务,健身服务,是,健身休闲,0.95,direct,4,1
91510114MA6364418K,成都兰色未来健身服务有限公司,8930,健身服务,健身服务,健身服务,健身服务,是,健身休闲,0.95,direct,4,1
91510114342998296C,成都香洲世纪酒店管理有限公司,8929,游泳池管理,游泳池 管理,游泳池;管理,游泳池,是,健身休闲,0.95,direct,5,1
91510125MA6AFN1E25,四川鑫瑞途户外文化传播有限公司,8930,户外徒步健身服务,户外 徒步 健身服务,健身服务;徒步;户外,健身服务,是,健身休闲,0.95,direct,8,1
91510114MA6BNJB21C,四川乐动优尼克体育文化发展有限公司,8911,体育运动训练指导服务,体育运动 训练 指导 服务,体育运动;训练;指导;服务,,是,体育管理,0.75,direct,10,0
91510114MA67TBEB1Q,四川惊跆滔博体育文化传播有限公司,8930,体育健身服务,体育 健身服务,健身服务;体育,健身服务,是,健身休闲,0.95,direct,6,1
91510114MA6A61AQ9W,成都博思帕沃体育发展有限公司,8911,体育竞赛组织,体育竞赛 组织,体育竞赛;组织,体育竞赛,是,体育赛事,0.95,direct,6,1
91510114MABQF54Q41,成都沐威娱乐馆,8930,台球休闲娱乐服务,台球 休闲 娱乐 服务,台球;休闲;娱乐;服务,台球,是,健身休闲,0.95,direct,8,1
91510106MA6CLWW20J,成都零度冰雪体育场馆管理有限公司,8930,体育场滑冰,体育场 滑冰,滑冰;体育场,体育场;滑冰,是,体育场馆,0.95,direct,5,2
91510114MA69X6JN13,成都炼峰体育文化传播有限公司,8930,健身休闲活动,健身 休闲活动,休闲活动;健身,,是,健身休闲,0.75,direct,6,0
91510125MA6CY8UE1R,成都市鸿之毅体育咨询有限公司,9052,体育赛事活动,体育赛事 活动,体育赛事;活动,体育赛事,是,体育赛事,0.6,none,6,1
91510114MA6AGR2B01,成都劲秀体育健身有限责任公司,8930,健身服务,健身服务,健身服务,健身服务,是,健身休闲,0.95,direct,4,1
91510100MA7MPBMX6C,环球嗨动体育文化发展（成都）有限公司,8912,体育保障组织,体育 保障 组织,体育;保障;组织,,是,体育管理,0.75,direct,6,0
91510125MA65M1AP3E,成都城市喜爱之光健身服务有限公司,8930,文化 体育,文化 体育,体育;文化,,是,健身休闲,0.75,direct,5,0
91510114342973734Q,成都玖号足球俱乐部有限公司,8911,体育竞赛组织,体育竞赛 组织,体育竞赛;组织,体育竞赛,是,体育赛事,0.95,direct,6,1
91510114MAD0KTP326,成都奕智趣文化传播有限公司,8911,赛事策划,赛事策划,赛事策划,赛事策划,是,体育赛事,0.95,direct,4,1
91510114MACM138E8D,四川一布天育体育文化传播有限公司,8930,跆拳道服务,跆拳道 服务,跆拳道;服务,跆拳道,是,健身休闲,0.95,direct,5,1
91510105686319437G,成都中网体育俱乐部有限公司,8930,健身服务,健身服务,健身服务,健身服务,是,健身休闲,0.95,direct,4,1
91510114MA7L8H965B,四川北城一号体育场馆管理有限公司,8930,健身服务,健身服务,健身服务,健身服务,是,健身休闲,0.95,direct,4,1
91510114MA6BJ10126,成都豪群未来体育发展有限公司,9052,体育赛事策划,体育 赛事策划,赛事策划;体育,赛事策划,是,体育赛事,0.6,none,6,1
91510114MA61WUJA8P,成都功夫体育用品有限公司,5242,体育用品零售,体育用品零售,体育用品零售,体育用品零售,是,体育用品,0.95,direct,6,1
91510114321555189M,成都鼎力体育科技有限公司,8392,体育培训服务,体育培训 服务,体育培训;服务,体育培训,是,体育培训,0.95,direct,6,1
91510114MA6CEHJ968,成都蟋蟀板球体育俱乐部有限公司,8911,体育赛事组织,体育赛事 组织,体育赛事;组织,体育赛事,是,体育赛事,0.95,direct,6,1
91510114MA7ET0C07D,成都仁锋体育发展有限公司,8911,体育赛事策划,体育 赛事策划,赛事策划;体育,赛事策划,是,体育赛事,0.95,direct,6,1
91510114MA64QAGH1U,四川省益里体育俱乐部有限公司,8911,体育赛事策划,体育 赛事策划,赛事策划;体育,赛事策划,是,体育赛事,0.95,direct,6,1
91510114MA654GXX8T,成都进兴云巅户外用品有限公司,5242,体育用品及器材零售,体育用品 器材 零售,体育用品;器材;零售,体育用品,是,体育用品,0.95,direct,9,1
91510114MA67FCJ93M,四川悠伽瑜伽健身有限公司,8930,健身休闲,健身 休闲,健身;休闲,,是,健身休闲,0.75,direct,4,0
91510114MACE0HFP8R,成都乐酷冰雪体育文化发展有限公司,8921,体育场馆管理,体育场馆 管理,体育场馆;管理,体育场馆,是,体育场馆,0.95,direct,6,1
91510114MA7E5XN49F,成都旭辉米加时代健身管理有限公司,8930,健身休闲活动,健身 休闲活动,休闲活动;健身,,是,健身休闲,0.75,direct,6,0
91510114MA6BRH2K8G,成都旭锐腾辉体育文化推广有限公司,8921,游泳场馆管理,游泳 场馆 管理,场馆;游泳;管理,游泳,是,健身休闲,0.95,direct,6,1
91510100MA640MN40R,成都竣彩体育文化传播有限公司,8921,体育场馆管理,体育场馆 管理,体育场馆;管理,体育场馆,是,体育场馆,0.95,direct,6,1
91510114MACDKFJYX5,成都东骏东博体育文化发展有限公司,8921,游泳场馆管理,游泳 场馆 管理,场馆;游泳;管理,游泳,是,健身休闲,0.95,direct,6,1
91510114MACN2RQ34R,四川省横点线文化传播有限公司,8912,游艺娱乐活动营业性演出,游艺 娱乐活动 营业性 演出,营业性;游艺;娱乐活动;演出,,是,体育管理,0.75,direct,11,0
91510114MA6CT0E30T,成都大虎鲨户外运动有限公司,8919,户外运动组织策划,户外运动 组织 策划,户外运动;策划;组织,户外运动,是,健身休闲,0.95,direct,8,1
91510114MAACLK3124,四川晨狮教育咨询有限公司,8392,体育类培训服务,体育类 培训 服务,体育类;培训;服务,,是,体育培训,0.75,direct,7,0
91510114MABX63CN2Y,成都泽跃体育发展有限公司,8911,体育竞赛组织,体育竞赛 组织,体育竞赛;组织,体育竞赛,是,体育赛事,0.95,direct,6,1
91510114MACG9X82XY,四川火牛品牌策划有限公司,8911,体育竞赛组织体育场地设施经营,体育竞赛 组织 体育场地设施 经营,体育场地设施;体育竞赛;经营;组织,体育竞赛;体育场地设施,是,体育赛事,0.95,direct,14,2
91510107MAACLN1Y8T,成都逐梦者体育文化发展有限公司,8911,体育赛事策划,体育 赛事策划,赛事策划;体育,赛事策划,是,体育赛事,0.95,direct,6,1
91510114MACJHJJ365,成都爱高体育文化传播有限公司,8930,健身休闲活动,健身 休闲活动,休闲活动;健身,,是,健身休闲,0.75,direct,6,0
91510107MA7HLM894K,成都浪里飞渔具有限公司,5242,渔具零售,渔具 零售,渔具;零售,渔具,是,体育用品,0.95,direct,4,1
91510114MAACNLJP4W,四川云飞丰邦科技有限公司,8912,体育场地设施安装服务,体育场地设施 安装 服务,体育场地设施;安装;服务,体育场地设施,是,体育场馆,0.95,direct,10,1
915101083320140387,四川御泰体育发展有限公司,9052,体育赛事策划,体育 赛事策划,赛事策划;体育,赛事策划,是,体育赛事,0.6,none,6,1
91510114MA6APJ9D9A,四川沛琪体育设施有限公司,5242,体育用品零售,体育用品零售,体育用品零售,体育用品零售,是,体育用品,0.95,direct,6,1
91510114MADN20HP5B,成都繁星之光体育场馆管理有限公司,8921,体育场管理,体育场 管理,体育场;管理,体育场,是,体育场馆,0.95,direct,5,1
91510114MAACME9B11,成都市益动贰号体育发展有限责任公司,8930,健身服务,健身服务,健身服务,健身服务,是,健身休闲,0.95,direct,4,1
91510114MA61T8JH99,成都卫黎施市政设施有限公司,5142,批发体育用品,批发 体育用品,体育用品;批发,体育用品,是,体育用品,0.95,direct,6,1
91510114MA6C5CU77J,成都北门户外运动有限公司,8919,组织户外运动,组织 户外运动,户外运动;组织,户外运动,是,健身休闲,0.95,direct,6,1
91510108350535697P,成都家美佳户外用品有限公司,2449,生产户外用品,生产 户外用品,户外用品;生产,,是,体育用品,0.75,direct,6,0
91510114MA655KDG80,四川青蓉缘商贸有限公司,5142,体育用品及器材批发,体育用品 器材 批发,体育用品;器材;批发,体育用品,是,体育用品,0.95,direct,9,1
91510114MA673UC845,成都欣动体育设施有限公司,5142,体育用品及器材批发,体育用品 器材 批发,体育用品;器材;批发,体育用品,是,体育用品,0.95,direct,9,1
91510125MA63HBKE5J,成都欣乐贝贝游乐设备有限公司,5142,体育用品及器材批发,体育用品 器材 批发,体育用品;器材;批发,体育用品,是,体育用品,0.95,direct,9,1
91510114331969780W,成都市武博健身服务有限公司,8930,健身服务,健身服务,健身服务,健身服务,是,健身休闲,0.95,direct,4,1
91510114MA63EHQ093,成都部落人户外用品有限公司,5242,户外用品零售,户外用品 零售,户外用品;零售,,是,体育用品,0.75,direct,6,0
91510114MA6DG8949A,成都亿果体育用品有限公司,5142,体育用品批发,体育用品批发,体育用品批发,体育用品批发,是,体育用品,0.95,direct,6,1
91510114MA7NHUC525,成都冬湖体育场馆管理有限公司,8921,体育场地设施经营,体育场地设施 经营,体育场地设施;经营,体育场地设施,是,体育场馆,0.95,direct,8,1
91510114MACHC8LL7K,成都市梁家渔垂钓俱乐部有限公司,8911,体育竞赛组织,体育竞赛 组织,体育竞赛;组织,体育竞赛,是,体育赛事,0.95,direct,6,1
91510114MA64U8YM3E,成都瑞卡健身有限公司,8930,健身服务,健身服务,健身服务,健身服务,是,健身休闲,0.95,direct,4,1
91510114MACG1H2N6M,成都胜安健身俱乐部有限公司,8930,健身休闲活动,健身 休闲活动,休闲活动;健身,,是,健身休闲,0.75,direct,6,0
91511322671446310G,四川奥顺翔教学设备有限公司,5242,体育用品及器材零售,体育用品 器材 零售,体育用品;器材;零售,体育用品,是,体育用品,0.95,direct,9,1
91510114MA7D9YD73G,成都赛道体育文化发展有限公司,8919,体育赛事策划,体育 赛事策划,赛事策划;体育,赛事策划,是,体育赛事,0.95,direct,6,1
91510114MA673L1F7L,四川省育童星达体育文化传播有限公司,8392,少儿体育培训服务,少儿 体育培训 服务,体育培训;少儿;服务,体育培训,是,体育培训,0.95,direct,8,1
91510125MA6350AM1X,成都大象鸿体育发展有限公司,8930,健身休闲活动,健身 休闲活动,休闲活动;健身,,是,健身休闲,0.75,direct,6,0
91510100MA6CM1CP2H,经纬人造草成都体育设施有限公司,5142,体育材料批发,体育 材料 批发,批发;体育;材料,,是,体育用品,0.75,direct,6,0
91510105MA6CB1UH18,成都蓉城足球俱乐部有限公司,8911,体育竞赛组织,体育竞赛 组织,体育竞赛;组织,体育竞赛,是,体育赛事,0.95,direct,6,1
91510114MA68PJ2M6C,四川微风体育发展有限公司,8921,建筑幕墙装饰和装修,建筑 幕墙 装饰 装修,幕墙;装修;装饰;建筑,,是,体育场馆,0.75,direct,9,0
91510114350573968Y,四川健博体育用品有限公司,5142,体育用品及器材批发,体育用品 器材 批发,体育用品;器材;批发,体育用品,是,体育用品,0.95,direct,9,1
91510114MA61URMA8J,四川佳冠体育设施工程有限公司,5142,批发体育器材产品,批发 体育器材 产品,体育器材;批发;产品,体育器材,是,体育用品,0.95,direct,8,1
91510114MACK76FL9D,成都赛逻体育文化传播有限公司,8392,体校及体育培训服务,体校 体育培训 服务,体育培训;体校;服务,体育培训,是,体育培训,0.95,direct,9,1
91510114MAC2X6PW8E,成都耀客体育发展有限公司,7246,体育咨询,体育咨询,体育咨询,体育咨询,是,体育管理,0.6,none,4,1
92510114MA6BWNLF15,成都巽南少年体育发展有限公司,8911,体育竞赛组织,体育竞赛 组织,体育竞赛;组织,体育竞赛,是,体育赛事,0.95,direct,6,1
91510114MA6C631E07,四川新跃体育场管理有限公司,8921,体育场地设施管理,体育场地设施 管理,体育场地设施;管理,体育场地设施,是,体育场馆,0.95,direct,8,1
91510114MA6435B1XY,成都聚煋仰文化传播有限公司,5242,体育用品及器材零售,体育用品 器材 零售,体育用品;器材;零售,体育用品,是,体育用品,0.95,direct,9,1
91510114MA68L8UW4U,成都会良友游泳池管理有限公司,8921,游泳池管理,游泳池 管理,游泳池;管理,游泳池,是,健身休闲,0.95,direct,5,1
91510114MACAC6KW9U,成都新舟行拓展训练有限公司,8930,户外拓展服务,户外拓展 服务,户外拓展;服务,户外拓展,是,健身休闲,0.95,direct,6,1
91510125MA6D0JDM4D,成都基地潘达玩具有限公司,5142,体育用品,体育用品,体育用品,体育用品,是,体育用品,0.95,direct,4,1
91510114MA6ATP3K6G,四川动爵体育文化发展有限公司,8919,体育组织,体育组织,体育组织,体育组织,是,体育管理,0.95,direct,4,1
91510114MA65WT3U0E,四川武动拳程体育文化推广有限公司,5242,健身器材零售,健身器材 零售,健身器材;零售,健身器材,是,体育用品,0.95,direct,6,1
91510106MA6AF2HR3D,成都景耀庭院户外用品有限公司,5142,户外用品批发,户外用品 批发,户外用品;批发,,是,体育用品,0.75,direct,6,0
91510114MA61WWCH6X,成都康鑫户外用品有限公司,5142,户外帐篷批发,户外 帐篷 批发,户外;帐篷;批发,帐篷,是,体育用品,0.95,direct,6,1
91510114MA7LU2D6X3,四川乐享一生户外用品有限公司,5142,户外用品批发,户外用品 批发,户外用品;批发,,是,体育用品,0.75,direct,6,0
91510106MABPPN4L6N,成都时光机户外运动有限公司,8930,露营活动,露营 活动,露营;活动,,是,健身休闲,0.75,direct,4,0
91510114MA6BJYKA30,成都壹村体育文化发展有限公司,8930,体育运动服务,体育运动 服务,体育运动;服务,,是,健身休闲,0.75,direct,6,0
91510125MA6CY6967F,成都维亚马术运动有限公司,8930,马术运动,马术 运动,马术;运动,马术,是,健身休闲,0.95,direct,4,1
91510107MA6DECNF8M,成都库客去野户外运动有限公司,8930,健身休闲活动,健身 休闲活动,休闲活动;健身,,是,健身休闲,0.75,direct,6,0
91510107332071163T,四川博奥康体育用品有限公司,5142,健身器材批发,健身器材 批发,健身器材;批发,健身器材,是,体育用品,0.95,direct,6,1
91510114MACNB860XQ,四川天珩炫元体育发展有限责任公司,8911,体育竞赛组织,体育竞赛 组织,体育竞赛;组织,体育竞赛,是,体育赛事,0.95,direct,6,1
91510114MA664EB896,成都征客诚毅体育文化发展有限公司,9052,体育赛事策划,体育 赛事策划,赛事策划;体育,赛事策划,是,体育赛事,0.6,none,6,1
91510114MA61R25A5Q,四川万康体育文化传播有限公司,8930,体育运动项目经营,体育运动 项目 经营,体育运动;经营;项目,,是,健身休闲,0.75,direct,8,0
91510114MA61XPLL2M,成都豪佰亿商贸有限公司,5142,体育用品批发,体育用品批发,体育用品批发,体育用品批发,是,体育用品,0.95,direct,6,1
91510125MA6CTGTH4B,四川牧飞户外运动有限公司,8930,户外运动组织,户外运动 组织,户外运动;组织,户外运动,是,健身休闲,0.95,direct,6,1
91510114MA6C56R55K,成都玉缘健身服务有限公司,8930,健身服务,健身服务,健身服务,健身服务,是,健身休闲,0.95,direct,4,1
91510114MA6DGHWQXR,成都劲航健身俱乐部有限责任公司,8930,健身服务,健身服务,健身服务,健身服务,是,健身休闲,0.95,direct,4,1
91510114MA6366B85P,成都三二健身管理有限公司,8930,瑜伽锻炼服务,瑜伽 锻炼 服务,瑜伽;锻炼;服务,瑜伽,是,健身休闲,0.95,direct,6,1
91510114MA67G2Y89T,四川三联达体育设施工程有限公司,4892,体育场地设施工程施工,体育场地设施 工程施工,体育场地设施;工程施工,体育场地设施,是,体育场馆,0.95,direct,10,1
91510114MACTQL9E6N,成都骏维体育文化发展有限公司,8392,篮球训练服务,篮球 训练 服务,篮球;训练;服务,篮球,是,体育用品,0.95,direct,6,1
91510125MA6D04G61G,四川蔚蓝优尼克体育文化发展有限公司,8392,体育运动训练,体育运动 训练,体育运动;训练,,是,体育培训,0.75,direct,6,0
91510114MABX36PB96,厚铁成都健身服务有限责任公司,8930,健身活动,健身活动,健身活动,,是,健身休闲,0.75,direct,4,0
91510114MA65N0D35K,成都智选娱乐有限公司,8930,健身休闲活动,健身 休闲活动,休闲活动;健身,,是,健身休闲,0.75,direct,6,0
91510114MAACPREM53,成都市合逸瑜伽健身有限责任公司,8930,健身休闲活动,健身 休闲活动,休闲活动;健身,,是,健身休闲,0.75,direct,6,0
91510114MACJHWP219,成都三希体育俱乐部有限公司,5242,体育器材零售,体育器材 零售,体育器材;零售,体育器材,是,体育用品,0.95,direct,6,1
91510114MA64RCME6T,成都你来呀体育科技有限公司,8911,体育赛事组织策划,体育赛事 组织 策划,体育赛事;策划;组织,体育赛事,是,体育赛事,0.95,direct,8,1
91510114MA7MXM8B0D,成都先行者户外运动有限公司,9052,组织体育表演活动,组织 体育表演 活动,体育表演;组织;活动,体育表演,是,体育赛事,0.6,none,8,1
91510125MA6BKYPM9A,四川华智国鑫文化传播有限责任公司,8911,体育赛事组织与策划,体育赛事 组织 策划,体育赛事;策划;组织,体育赛事,是,体育赛事,0.95,direct,9,1
91510114MA7EH1N391,成都汗马体育文化发展有限公司,8392,体育培训,体育培训,体育培训,体育培训,是,体育培训,0.95,direct,4,1
91510114MA64H2MG04,成都武匠体育俱乐部有限公司,8392,武术培训服务,武术培训 服务,武术培训;服务,武术培训,是,体育培训,0.95,direct,6,1
91510114594669245R,成都武道之家文化传播有限公司,8911,体育项目组织服务,体育项目 组织 服务,体育项目;服务;组织,,是,体育管理,0.75,direct,8,0
91510114MA6BNTWD25,成都市惠德俊龙文化传播有限公司,8930,健身休闲活动,健身 休闲活动,休闲活动;健身,,是,健身休闲,0.75,direct,6,0
91510114MAD19R3F6B,四川韵澜文化传媒有限公司,8930,健身休闲活动,健身 休闲活动,休闲活动;健身,,是,健身休闲,0.75,direct,6,0
91510114MAACN0J109,四川精武龙体育发展有限公司,8930,健身休闲活动,健身 休闲活动,休闲活动;健身,,是,健身休闲,0.75,direct,6,0
91510114MA63J17M1T,成都活力青柠健身服务有限责任公司,8930,办理健身卡,办理 健身卡,健身卡;办理,,是,健身休闲,0.75,direct,5,0
915101143505378283,四川广和体育文化传播有限公司,8392,武术培训,武术培训,武术培训,武术培训,是,体育培训,0.95,direct,4,1
91510114MA6AR8444C,四川世东体育文化发展有限公司,8919,其他体育组织,其他 体育组织,体育组织;其他,体育组织,是,体育管理,0.95,direct,6,1
91510114086659729A,成都美畅商贸有限公司,5242,体育用品零售,体育用品零售,体育用品零售,体育用品零售,是,体育用品,0.95,direct,6,1
91510114MA6B0E938G,成都精竞体育文化传播有限公司,7246,体育咨询,体育咨询,体育咨询,体育咨询,是,体育管理,0.6,none,4,1
91510125MA65L66H0L,四川先农勇士拓展服务有限公司,8930,户外拓展,户外拓展,户外拓展,户外拓展,是,健身休闲,0.95,direct,4,1
91510114MA6CQLD27T,成都市清江湾游泳馆有限公司,8930,游泳服务,游泳 服务,游泳;服务,游泳,是,健身休闲,0.95,direct,4,1
91510114MA6B5LDEXM,四川龙振精武健身服务有限公司,8392,武术教育,武术 教育,武术;教育,武术,是,健身休闲,0.95,direct,4,1
91510114MA6A48T13G,四川共云网商贸有限公司,5142,体育用品及器材批发,体育用品 器材 批发,体育用品;器材;批发,体育用品,是,体育用品,0.95,direct,9,1
91510114MA69FQ9817,成都市动之源体育用品有限公司,5142,体育用品及器材批发,体育用品 器材 批发,体育用品;器材;批发,体育用品,是,体育用品,0.95,direct,9,1
91510114MAC4K9TL22,成都乐逸悠体育文化发展有限公司,8911,体育竞赛组织,体育竞赛 组织,体育竞赛;组织,体育竞赛,是,体育赛事,0.95,direct,6,1
91510114MAACJ0DW46,成都天越户外运动有限公司,8911,体育竞赛组织,体育竞赛 组织,体育竞赛;组织,体育竞赛,是,体育赛事,0.95,direct,6,1
91510114MADHRK4A5J,四川飞滕健身器材有限公司,5242,体育用品及器材零售,体育用品 器材 零售,体育用品;器材;零售,体育用品,是,体育用品,0.95,direct,9,1
91510114MAACL3LJ85,成都兴城体育产业投资有限公司,8921,体育场馆管理,体育场馆 管理,体育场馆;管理,体育场馆,是,体育场馆,0.95,direct,6,1
91510114MACPUWJR48,成都百达体育文化传播有限公司,8911,体育赛事策划服务,体育 赛事策划 服务,赛事策划;体育;服务,赛事策划,是,体育赛事,0.95,direct,8,1
91510114MACD7FQ644,成都旗腾体育文化传播有限公司,8911,体育竞赛组织,体育竞赛 组织,体育竞赛;组织,体育竞赛,是,体育赛事,0.95,direct,6,1
91510114MA6CLAF30A,四川逐美体育文化传播有限公司,8919,体育文化交流,体育文化 交流,体育文化;交流,体育文化,是,体育管理,0.95,direct,6,1
91510114MAACQKT4XC,四川非标游乐设备有限公司,5242,游乐设备零售,游乐 设备 零售,游乐;零售;设备,,是,体育用品,0.75,direct,6,0
91510114MA61U12LXL,成都康培体育文化传播有限公司,8991,体育文化活动推广,体育文化 活动 推广,体育文化;推广;活动,体育文化,是,体育管理,0.6,none,8,1
91510114MAC1RNLP8A,四川蜀鑫龙体育文化传播有限公司,8911,体育竞赛组织,体育竞赛 组织,体育竞赛;组织,体育竞赛,是,体育赛事,0.95,direct,6,1
91510114MAC0WQQN83,成都刁卓教育咨询有限公司,5142,体育用品材批发,体育用品 批发,体育用品;批发,体育用品,是,体育用品,0.95,direct,7,1
91510114MA6CE4NH1R,成都尖锋旱雪体育设备有限公司,2442,体育设备生产,体育设备 生产,体育设备;生产,体育设备,是,体育用品,0.95,direct,6,1
91510114MACB8G1N0F,成都球途体育文化传播有限公司,8911,体育赛事策划,体育 赛事策划,赛事策划;体育,赛事策划,是,体育赛事,0.95,direct,6,1
91510125MA6BHMBW27,成都飞玥体育文化传播有限公司,5142,体育文化用品批发,体育 文化用品 批发,文化用品;批发;体育,,是,体育用品,0.75,direct,8,0
91510114MAACGTLW8N,成都卫来星体育场馆管理有限公司,8921,体育场馆运营,体育场馆 运营,体育场馆;运营,体育场馆,是,体育场馆,0.95,direct,6,1
91510104MA6C60327N,成都鼎欣尚佳商贸有限公司,5242,体育用品零售,体育用品零售,体育用品零售,体育用品零售,是,体育用品,0.95,direct,6,1
91510125MA6CTQ6P0D,成都艾尚溜溜文化传播有限公司,8392,体育培训,体育培训,体育培训,体育培训,是,体育培训,0.95,direct,4,1
91510114MA6BCP3A21,成都风雨同舟户外用品有限公司,5242,体育用品及器材零售,体育用品 器材 零售,体育用品;器材;零售,体育用品,是,体育用品,0.95,direct,9,1
91510114MA644GU91J,四川鼎立鑫达户外用品有限公司,5142,户外用品批发,户外用品 批发,户外用品;批发,,是,体育用品,0.75,direct,6,0
91510114MAC2J8LD61,西部风成都户外用品销售有限公司,5142,体育用品批发,体育用品批发,体育用品批发,体育用品批发,是,体育用品,0.95,direct,6,1
91510114MA694J1T32,国威体育有限公司,8919,其他体育组织,其他 体育组织,体育组织;其他,体育组织,是,体育管理,0.95,direct,6,1
91510114MA7L9FDU77,成都鑫宸瑞体育文化发展有限公司,8919,其他体育组织,其他 体育组织,体育组织;其他,体育组织,是,体育管理,0.95,direct,6,1
91510105331952399P,成都子东贸易有限公司,5142,体育用品批发,体育用品批发,体育用品批发,体育用品批发,是,体育用品,0.95,direct,6,1
91510114MA6CD3RC8C,成都亚典健身服务有限公司,8930,健身休闲活动,健身 休闲活动,休闲活动;健身,,是,健身休闲,0.75,direct,6,0
91510114MACK760NX8,成都爱尚韵动凌雲体育俱乐部有限公司,8911,体育竞赛组织,体育竞赛 组织,体育竞赛;组织,体育竞赛,是,体育赛事,0.95,direct,6,1
91510114MAACJM86X8,成都仕钊体育发展有限公司,8911,体育竞赛组织,体育竞赛 组织,体育竞赛;组织,体育竞赛,是,体育赛事,0.95,direct,6,1
91510114MA655RGG66,成都市功秋文化传播有限责任公司,9052,体育服务,体育服务,体育服务,体育服务,是,体育管理,0.6,none,4,1
91510114MAACNWUY8D,成都翰轩围棋俱乐部有限公司,8930,健身休闲活动,健身 休闲活动,休闲活动;健身,,是,健身休闲,0.75,direct,6,0
91510114MA6BALXXXN,四川沣讯信息技术有限公司,8919,体育组织,体育组织,体育组织,体育组织,是,体育管理,0.95,direct,4,1
915101143274352764,成都飞舞游乐设备有限公司,5142,健身器材批发,健身器材 批发,健身器材;批发,健身器材,是,体育用品,0.95,direct,6,1
91510125MA67AQG87K,成都冲刺体育文化传播有限公司,8911,体育赛事组织与策划,体育赛事 组织 策划,体育赛事;策划;组织,体育赛事,是,体育赛事,0.95,direct,9,1
91510125MA6CKBPG8B,四川辰龙时代体育文化传播有限公司,8911,体育竞赛组织,体育竞赛 组织,体育竞赛;组织,体育竞赛,是,体育赛事,0.95,direct,6,1
91510114MABUP4X283,四川弘一武体育发展有限公司,8930,健身休闲活动,健身 休闲活动,休闲活动;健身,,是,健身休闲,0.75,direct,6,0
91510114MA7FTQCL0C,成都康杰发体育文化发展有限公司,8919,其他体育组织,其他 体育组织,体育组织;其他,体育组织,是,体育管理,0.95,direct,6,1
91510114MACJF6MQ7Q,四川国香优品商贸有限公司,5142,体育用品及器材批发,体育用品 器材 批发,体育用品;器材;批发,体育用品,是,体育用品,0.95,direct,9,1
91510125MA66PEAW3K,成都中旭文化传播有限公司,8911,体育竞赛组织,体育竞赛 组织,体育竞赛;组织,体育竞赛,是,体育赛事,0.95,direct,6,1
91510114MAACM5Q3XK,成都健乐动体育文化传播有限公司,8911,体育竞赛组织,体育竞赛 组织,体育竞赛;组织,体育竞赛,是,体育赛事,0.95,direct,6,1
915101003319721465,成都星瑞佳商贸有限公司,5142,体育器材批发,体育器材 批发,体育器材;批发,体育器材,是,体育用品,0.95,direct,6,1
91510114MA64LWYBXY,成都蓉诚星汇足球俱乐部有限公司,8911,体育竞赛组织,体育竞赛 组织,体育竞赛;组织,体育竞赛,是,体育赛事,0.95,direct,6,1
91510114677164779E,成都九段龙体育用品有限公司,5242,体育用品零售,体育用品零售,体育用品零售,体育用品零售,是,体育用品,0.95,direct,6,1
91510114MACMKHP628,成都市朗瑞盛体育设施有限公司,5142,体育用品及器材批发,体育用品 器材 批发,体育用品;器材;批发,体育用品,是,体育用品,0.95,direct,9,1
91510100MA6ADWPK8E,四川津康体育设施工程有限公司,4892,体育设施施工,体育设施 施工,体育设施;施工,体育设施,是,体育场馆,0.95,direct,6,1
91510114MA6CE0KE7B,成都奥体家体育材料有限公司,5142,体育材料批发,体育 材料 批发,批发;体育;材料,,是,体育用品,0.75,direct,6,0
91510114MABR3UWY1T,四川辰硕科技有限公司,5142,体育用品及器材批发,体育用品 器材 批发,体育用品;器材;批发,体育用品,是,体育用品,0.95,direct,9,1
91510115MAACMJC39X,四川柏胜智慧体育发展有限公司,9052,体育赛事策划,体育 赛事策划,赛事策划;体育,赛事策划,是,体育赛事,0.6,none,6,1
91510114MA655LHN3L,成都盛弘翔商贸有限公司,5242,体育用品及器材零售,体育用品 器材 零售,体育用品;器材;零售,体育用品,是,体育用品,0.95,direct,9,1
915101003972236598,成都盛强马业有限公司成都四,8911,赛事组织,赛事组织,赛事组织,赛事组织,是,体育赛事,0.95,direct,4,1
91510115MADH3W851W,成都知行合一普拉提瑜伽健身有限公司,8930,瑜伽服务,瑜伽 服务,瑜伽;服务,瑜伽,是,健身休闲,0.95,direct,4,1
91510115MADGULN455,成都鼎红利茶楼有限公司,8930,棋牌服务,棋牌 服务,棋牌;服务,,是,健身休闲,0.75,direct,4,0
91510115MADBDM597X,成都温江龙氏烈霖体育文化传播有限公司,8999,体育表演活动,体育表演 活动,体育表演;活动,体育表演,是,体育赛事,0.6,none,6,1
91510115MADKUHYQ8J,四川岚图晟世体育场馆管理有限公司,8921,体育场馆运营,体育场馆 运营,体育场馆;运营,体育场馆,是,体育场馆,0.95,direct,6,1
91510115MAE1HUPK0F,成都市温江区易丹钢琴艺术培训学校有限公司,8392,体校及体育培训,体校 体育培训,体育培训;体校,体育培训,是,体育培训,0.95,direct,7,1
91510115MADGYLYM48,成都领上体育发展有限公司,8929,广告发布,广告 发布,广告;发布,,是,体育场馆,0.75,direct,4,0
91510115MADLQP0U5Q,成都志无止境健身管理有限公司,8930,健身服务,健身服务,健身服务,健身服务,是,健身休闲,0.95,direct,4,1
91510115MADME0X23C,乐享悦动（成都）健身有限公司,8930,体育场地设施经营,体育场地设施 经营,体育场地设施;经营,体育场地设施,是,体育场馆,0.95,direct,8,1
91510115MADNNL5KX7,四川仁与义健身管理,8930,运动健身,运动健身,运动健身,运动健身,是,健身休闲,0.95,direct,4,1
91510115MADDHPP536,四川不具体搏击俱乐部有限公司,8930,搏击健身服务,搏击 健身服务,健身服务;搏击,健身服务,是,健身休闲,0.95,direct,6,1
91510115MADJE5EP13,成都雄泰体育文化传播有限公司,8392,格斗培训,格斗 培训,格斗;培训,,是,体育培训,0.75,direct,4,0
91510115MADQNQE34E,成都市和童加美体育用品有限公司,5142,体育用品及器材批发,体育用品 器材 批发,体育用品;器材;批发,体育用品,是,体育用品,0.95,direct,9,1
91510115MADR34DT29,成都随时来练健身管理有限公司,8930,健身服务,健身服务,健身服务,健身服务,是,健身休闲,0.95,direct,4,1
91510115MADDRNX61R,成都市温江区阿柯姆体育文化发展有限责任公司,8392,体育培训,体育培训,体育培训,体育培训,是,体育培训,0.95,direct,4,1
91510115MADCF4L084,四川比鸿企业管理有限公司,8930,健身休闲活动,健身 休闲活动,休闲活动;健身,,是,健身休闲,0.75,direct,6,0
91510115MADNWMQ52N,成都市桎梏体育发展有限责任公司,8999,体育培训,体育培训,体育培训,体育培训,是,体育培训,0.6,none,4,1
91510115MAE1ULHU89,成都海之蓝体育文化传播有限公司,8911,体育赛事组织,体育赛事 组织,体育赛事;组织,体育赛事,是,体育赛事,0.95,direct,6,1
91510115MA6ALL519W,远明鑫成都商贸有限公司,5142,文化艺术体育休闲用品批发,文化 艺术 体育休闲 用品 批发,体育休闲;用品;批发;艺术;文化,体育休闲,是,健身休闲,0.95,direct,12,1
91510123MA6ABMU592,四川五彩石建筑工程有限公司,4892,体育场地设施施工,体育场地设施 施工,体育场地设施;施工,体育场地设施,是,体育场馆,0.95,direct,8,1
91510115MAC6REPJ4B,成都未来感健身服务有限公司,8930,健身休闲娱乐服务,健身 休闲 娱乐 服务,健身;休闲;娱乐;服务,,是,健身休闲,0.75,direct,8,0
91510115MACCFT5Q57,成都创未来健身服务有限公司,8930,健身休闲活动,健身 休闲活动,休闲活动;健身,,是,健身休闲,0.75,direct,6,0
9151010532160442X2,四川蜀石贸易有限公司,5242,文化体育用品零售,文化 体育用品零售,体育用品零售;文化,体育用品零售,是,体育用品,0.95,direct,8,1
91510115MAC7WCJ54W,成都瑜而美体育发展有限公司,8930,健身休闲活动,健身 休闲活动,休闲活动;健身,,是,健身休闲,0.75,direct,6,0
91510115MA6BQC9H9U,成都魔方铁馆健身服务有限公司,8930,健身休闲活动,健身 休闲活动,休闲活动;健身,,是,健身休闲,0.75,direct,6,0
91510123MA69U721X2,成都应麒麟健身服务有限公司,8930,健身休闲服务,健身 休闲 服务,健身;休闲;服务,,是,健身休闲,0.75,direct,6,0
91510115MACW05CWXT,跳跃狗成都体育用品有限公司,5242,体育用品及器材零售,体育用品 器材 零售,体育用品;器材;零售,体育用品,是,体育用品,0.95,direct,9,1
91510115MA6AM4T02H,成都心弘源搏击健身有限公司,8930,健身休闲活动,健身 休闲活动,休闲活动;健身,,是,健身休闲,0.75,direct,6,0
91510115MA6AEH8P54,成都安益麦开科技有限公司,4892,体育操场工程施工,体育 操场 工程施工,工程施工;操场;体育,,是,体育场馆,0.75,direct,8,0
91510115MA7DQLDE8H,四川省晟优乐体育文化发展有限公司,9052,体育表演策划服务,体育表演 策划 服务,体育表演;策划;服务,体育表演,是,体育赛事,0.6,none,8,1
91510115MACK50JD12,成都健合祥健身服务有限公司,8930,体育健康服务,体育 健康 服务,体育;健康;服务,,是,健身休闲,0.75,direct,6,0
91510115MA6BGB443A,四川家佳乐户外拓展有限公司,9052,户外拓展培训服务,户外拓展 培训 服务,户外拓展;培训;服务,户外拓展,是,健身休闲,0.6,none,8,1
91510115MABRRPXFXK,成都温江青少年弈乐围棋俱乐部有限公司,8392,围棋指导服务,围棋 指导 服务,围棋;指导;服务,,是,体育培训,0.75,direct,6,0
91510115MACM3BWF12,成都西绪弗斯健康管理有限公司,8930,健身休闲活动,健身 休闲活动,休闲活动;健身,,是,健身休闲,0.75,direct,6,0
91510100MA6DFQUR49,成都直横纵合体育文化传播有限公司,8392,乒乓球训练,乒乓球 训练,乒乓球;训练,乒乓球,是,体育用品,0.95,direct,5,1
91510115MABMMY6E2M,成都途源茂体育用品有限公司,5242,体育用品零售,体育用品零售,体育用品零售,体育用品零售,是,体育用品,0.95,direct,6,1
91510115MA69JMLP8T,四川省陆翔拓展训练有限公司,8911,体能拓展服务,体能 拓展 服务,体能;拓展;服务,,是,体育管理,0.75,direct,6,0
91510115MA61TBC97W,四川省宏武拓展训练有限公司,8930,拓展培训服务,拓展 培训 服务,培训;拓展;服务,,是,健身休闲,0.75,direct,6,0
91510115MACRQA6863,成都欣绽放体育文化传播有限公司,8930,健身休闲活动,健身 休闲活动,休闲活动;健身,,是,健身休闲,0.75,direct,6,0
91510115MA61UGC96M,成都迈宝瑞健身服务有限公司,8930,提供健身服务,提供 健身服务,健身服务;提供,健身服务,是,健身休闲,0.95,direct,6,1
91510115MA65THJ75C,成都众恒智网体育文化传播有限公司,8392,体校及体育培训,体校 体育培训,体育培训;体校,体育培训,是,体育培训,0.95,direct,7,1
91510115MACFETD00C,成都幸福好运普拉提瑜伽健身有限公司,8930,瑜伽培训,瑜伽 培训,瑜伽;培训,瑜伽,是,健身休闲,0.95,direct,4,1
91510115MA68HP6D0C,成都南拓体育文化发展有限公司,8912,体育保障组织服务,体育 保障 组织 服务,体育;保障;服务;组织,,是,体育管理,0.75,direct,8,0
91510115MA6CNT1BXE,四川军辉拓展训练有限公司,8392,加起拓展培训,加起 拓展 培训,加起;培训;拓展,,是,体育培训,0.75,direct,6,0
91510115MA6CAXL07K,成都妙柯体育文化传播有限公司,8911,体育项目组织服务,体育项目 组织 服务,体育项目;服务;组织,,是,体育管理,0.75,direct,8,0
915101150500601911,成都泰祺浩业体育设施工程有限公司,4991,体育场地设施安装,体育场地设施 安装,体育场地设施;安装,体育场地设施,是,体育场馆,0.6,none,8,1
91510115MAACH7M59L,四川幼享体育文化发展有限责任公司,8392,幼儿园小学体质能培训服务,幼儿园 小学 体质 培训 服务,幼儿园;体质;培训;小学;服务,,是,体育培训,0.75,direct,12,0
91510115MAACPKCY1P,成都良月健身服务有限公司,8930,健身服务,健身服务,健身服务,健身服务,是,健身休闲,0.95,direct,4,1
92330182MA2AXW7Q40,河北焯明机械设备安装有限公司,5242,体育用品零售,体育用品零售,体育用品零售,体育用品零售,是,体育用品,0.95,direct,6,1
91510115MA69UN6X0M,成都清瑜健康管理有限公司,8930,室内健身休闲服务,室内 健身 休闲 服务,健身;休闲;室内;服务,,是,健身休闲,0.75,direct,8,0
91510115MAC04Y5X55,四川蜀都邦尼健身服务有限公司,8930,体育健身服务,体育 健身服务,健身服务;体育,健身服务,是,健身休闲,0.95,direct,6,1
91510115MACJTGUJ47,四川皇爵文化娱乐有限公司,8930,健身休闲服务,健身 休闲 服务,健身;休闲;服务,,是,健身休闲,0.75,direct,6,0
91510115MACFMBW22K,成都拿铁美式健身服务有限公司,8930,健身休闲服务,健身 休闲 服务,健身;休闲;服务,,是,健身休闲,0.75,direct,6,0
91510115MA6AYCUQ95,成都伊威斯马术俱乐部有限公司,8911,体育竞赛组织,体育竞赛 组织,体育竞赛;组织,体育竞赛,是,体育赛事,0.95,direct,6,1
91510123MA64MUK78W,成都扬武体育文化传播有限责任公司,8392,体育运动职业技能培训,体育运动 职业技能 培训,职业技能;体育运动;培训,,是,体育培训,0.75,direct,10,0
91510115MA6BRPYC82,成都远羽飞扬体育文化传播有限公司,8392,体育培训,体育培训,体育培训,体育培训,是,体育培训,0.95,direct,4,1
91510115MABNMTQ616,成都聚恒体育文化发展有限公司,8911,体育竞赛组织,体育竞赛 组织,体育竞赛;组织,体育竞赛,是,体育赛事,0.95,direct,6,1
91510115MA62Q19B16,成都市峰豪健身服务有限公司,8930,健身服务,健身服务,健身服务,健身服务,是,健身休闲,0.95,direct,4,1
91510115MA6C91860X,四川翰博苑文化传播有限公司,8930,少儿健身服务,少儿 健身服务,健身服务;少儿,健身服务,是,健身休闲,0.95,direct,6,1
91510115MACB472R30,成都市卡灵顿体育文化发展有限公司,8392,青少年足球培训,青少年 足球培训,足球培训;青少年,足球培训,是,体育培训,0.95,direct,7,1
91510115MACKAFDA78,成都泳之星体育文化传播有限公司,9052,体育表演服务,体育表演 服务,体育表演;服务,体育表演,是,体育赛事,0.6,none,6,1
91510115MAC88K3E8P,成都扬扬得意体育文化发展有限公司,8930,健身休闲活动,健身 休闲活动,休闲活动;健身,,是,健身休闲,0.75,direct,6,0
91510115MABR26UP46,成都初伽瑜伽健身有限公司,8930,室内健身运动,室内 健身运动,健身运动;室内,,是,健身休闲,0.75,direct,6,0
91510115MABRUMKE7N,四川润诚体育设施有限公司,5142,体育用品及器材批发,体育用品 器材 批发,体育用品;器材;批发,体育用品,是,体育用品,0.95,direct,9,1
91510115MA7H2XWXX8,四川穹鹰科技有限公司,5142,体育器材批发,体育器材 批发,体育器材;批发,体育器材,是,体育用品,0.95,direct,6,1
91510115MACP5N1AXE,成都碳二健身服务有限公司,8930,健身休闲活动,健身 休闲活动,休闲活动;健身,,是,健身休闲,0.75,direct,6,0
91510115MA61XN917A,四川明瑞达体育场馆管理有限公司,8921,体育场馆管理服务,体育场馆 管理 服务,体育场馆;服务;管理,体育场馆,是,体育场馆,0.95,direct,8,1
91510123MA6AF3EKXH,成都黑豹体育文化有限公司,8930,体育健身服务,体育 健身服务,健身服务;体育,健身服务,是,健身休闲,0.95,direct,6,1
91510115MA6AH6GF0H,成都己胜者健身服务有限公司,8930,体育健身服务,体育 健身服务,健身服务;体育,健身服务,是,健身休闲,0.95,direct,6,1
91510115MA7ME6UL50,成都众人拾体育文化传播有限公司,8930,体育健身服务,体育 健身服务,健身服务;体育,健身服务,是,健身休闲,0.95,direct,6,1
91511402MA65A2A65N,眉山零度冰雪体育运动有限公司,8921,体育场所管理服务,体育场 管理 服务,体育场;服务;管理,体育场,是,体育场馆,0.95,direct,8,1
91510115MACHB2J51H,成都嘉乐嘉健康管理有限公司,8930,健身休闲活动,健身 休闲活动,休闲活动;健身,,是,健身休闲,0.75,direct,6,0
91510123MA66Q0GFXE,成都友瑜健康管理有限公司,8930,瑜伽培训服务,瑜伽 培训 服务,瑜伽;培训;服务,瑜伽,是,健身休闲,0.95,direct,6,1
91510115MA66AYXT8C,成都咔咔乐企业管理有限公司,8911,体育竞赛组织,体育竞赛 组织,体育竞赛;组织,体育竞赛,是,体育赛事,0.95,direct,6,1
91510115MA62JHFW7H,四川纵川体育文化传播有限公司,8911,体育竞赛组织,体育竞赛 组织,体育竞赛;组织,体育竞赛,是,体育赛事,0.95,direct,6,1
91510115MA652Q6J8M,成都芸之诗健身服务有限公司,8930,健身休闲活动,健身 休闲活动,休闲活动;健身,,是,健身休闲,0.75,direct,6,0
91510115MAC10G4920,成都混动立方体育文化发展有限公司,8930,游泳健身服务,游泳 健身服务,健身服务;游泳,游泳;健身服务,是,健身休闲,0.95,direct,6,2
91510115MA7G2FMC4R,九州豪杰体育文化发展成都有限公司,8930,健身休闲活动,健身 休闲活动,休闲活动;健身,,是,健身休闲,0.75,direct,6,0
91510115MAACMFMW95,四川鑫浪威新材料科技有限公司,5142,运动场地用塑胶批发,运动场 地用 塑胶 批发,地用;运动场;塑胶;批发,,是,体育用品,0.75,direct,9,0
91510115MA6708HN2P,成都市瑜生有你普拉提健身服务有限公司,8930,健身服务,健身服务,健身服务,健身服务,是,健身休闲,0.95,direct,4,1
91510115MA699U3T3K,成都壹众健康管理有限公司,8930,健身休闲活动,健身 休闲活动,休闲活动;健身,,是,健身休闲,0.75,direct,6,0
91510115MA7DXXAK9G,四川达为体育文化发展有限责任公司,8921,体育场馆管理,体育场馆 管理,体育场馆;管理,体育场馆,是,体育场馆,0.95,direct,6,1
91510115MA697KJN8T,四川爱斯基摩健康管理有限公司,8930,健身房健身活动,健身房 健身活动,健身活动;健身房,健身房,是,健身休闲,0.95,direct,7,1
9151011507242518XN,四川川粤体育设施工程有限公司,5142,体育材料批发,体育 材料 批发,批发;体育;材料,,是,体育用品,0.75,direct,6,0
91510115MA6994MT3K,成都温江区子遇文化传媒有限公司,8930,舞蹈健身服务,舞蹈 健身服务,健身服务;舞蹈,健身服务,是,健身休闲,0.95,direct,6,1
91510115MA66FALY47,四川花兮瑜伽健身有限公司,8930,瑜伽健身训练,瑜伽 健身 训练,瑜伽;健身;训练,瑜伽,是,健身休闲,0.95,direct,6,1
91510115MACATEW08K,四川优冠康体体育设施有限公司,5242,体育用品零售,体育用品零售,体育用品零售,体育用品零售,是,体育用品,0.95,direct,6,1
91510115MA6CL1KK7L,成都璀璨康博健康管理有限公司,8930,健身休闲活动,健身 休闲活动,休闲活动;健身,,是,健身休闲,0.75,direct,6,0
91510115MAC8GJLN74,四川西地西体育文化发展有限公司,8911,赛事活动,赛事 活动,赛事;活动,,是,体育管理,0.75,direct,4,0
91510115MACBMGDW7J,千琦营（河北）拓展训练有限公司,8911,团建拓展训练,团建 拓展 训练,团建;拓展;训练,,是,体育管理,0.75,direct,6,0
91510115MA63CM6E97,成都乔氏体育俱乐部有限公司,8930,台球体育娱乐服务,台球 体育 娱乐 服务,台球;体育;娱乐;服务,台球,是,健身休闲,0.95,direct,8,1
91510115MACTQPJKXA,四川乒点乐体育文化传播有限公司,8392,乒乓球培训,乒乓球培训,乒乓球培训,乒乓球培训,是,体育培训,0.95,direct,5,1
91510115395253351L,成都艾特健身服务有限公司,8930,健身服务,健身服务,健身服务,健身服务,是,健身休闲,0.95,direct,4,1
91510115MABQAFPY30,成都众力晶辉体育科技有限公司,8392,中小学体育培训,中小学 体育培训,体育培训;中小学,体育培训,是,体育培训,0.95,direct,7,1
91510115357992364W,成都伽斯特健身服务有限公司,8930,健身服务,健身服务,健身服务,健身服务,是,健身休闲,0.95,direct,4,1
91510115MA6AFER41N,四川金强体育发展有限公司,8392,篮球培训,篮球培训,篮球培训,篮球培训,是,体育培训,0.95,direct,4,1
91510115MA67EF4FX9,四川金猫健身服务有限公司,8930,健身休闲活动,健身 休闲活动,休闲活动;健身,,是,健身休闲,0.75,direct,6,0
91510115MACL32W97T,成都涌动力健身服务有限公司,8930,健身休闲活动,健身 休闲活动,休闲活动;健身,,是,健身休闲,0.75,direct,6,0
91510115MA6ATNNT1B,四川龙乒体育文化传播有限公司,8392,乒乓球培训,乒乓球培训,乒乓球培训,乒乓球培训,是,体育培训,0.95,direct,5,1
91510115MABQJDQD1D,成都礼禅健康管理有限公司,8930,瑜伽健身服务,瑜伽 健身服务,健身服务;瑜伽,瑜伽;健身服务,是,健身休闲,0.95,direct,6,2
91510115MA67FE2Y5K,成都形动健身服务有限公司,8930,健身娱乐活动,健身 娱乐活动,娱乐活动;健身,,是,健身休闲,0.75,direct,6,0
91510115MA681GKL38,四川怡沐健康管理有限公司,8930,瑜伽健身培训服务,瑜伽 健身 培训 服务,瑜伽;健身;培训;服务,瑜伽,是,健身休闲,0.95,direct,8,1
91510115MA6BJ10M4F,四川川体金川体育发展有限公司,8911,体育竞赛组织,体育竞赛 组织,体育竞赛;组织,体育竞赛,是,体育赛事,0.95,direct,6,1
91510107MACQ01UD23,成都跃悦升体育发展有限公司,8911,体育竞赛组织,体育竞赛 组织,体育竞赛;组织,体育竞赛,是,体育赛事,0.95,direct,6,1
91510115MACPPRD71R,成都微立享健身管理有限公司,8930,健身休闲活动服务,健身 休闲活动 服务,休闲活动;健身;服务,,是,健身休闲,0.75,direct,8,0
91510115MACAF3QP80,四川白云边户外运动有限责任公司,8930,团建活动方案策划,团建 活动 方案 策划,团建;策划;方案;活动,,是,健身休闲,0.75,direct,8,0
91510115MABWEDNK89,四川川体青少年体育文化发展有限公司,8911,体育竞赛组织,体育竞赛 组织,体育竞赛;组织,体育竞赛,是,体育赛事,0.95,direct,6,1
91510115MA67B6FT3A,成都尚善合美健康管理有限公司,8992,运动康复服务,运动康复 服务,运动康复;服务,运动康复,是,健身休闲,0.6,none,6,1
91510115MA67K2K14B,成都市温江区海天宏鹰艺术培训学校有限公司,8392,跆拳道培训服务,跆拳道培训 服务,跆拳道培训;服务,跆拳道培训,是,体育培训,0.95,direct,7,1
91510115MA6CG5LC1E,成都叶之初文化传媒有限公司,8919,体育赛事策划服务,体育 赛事策划 服务,赛事策划;体育;服务,赛事策划,是,体育赛事,0.95,direct,8,1
91510100MA6AT5DH09,四川星辰体育文化发展有限责任公司,8911,体育竞赛组织服务,体育竞赛 组织 服务,体育竞赛;服务;组织,体育竞赛,是,体育赛事,0.95,direct,8,1
91510115MA7FJXKL6B,成都纷呈体育文化发展有限公司,8930,体育健身服务,体育 健身服务,健身服务;体育,健身服务,是,健身休闲,0.95,direct,6,1
91510115MACEKR071R,四川俊嘉创辉体育文化传播有限公司,8392,蓝球培训服务,蓝球 培训 服务,蓝球;培训;服务,,是,体育培训,0.75,direct,6,0
91510115MA6BRXCD88,成都乾力健身有限公司,8930,健身服务,健身服务,健身服务,健身服务,是,健身休闲,0.95,direct,4,1
91510115MADCUKHF03,成都悠乐菲特健身管理有限公司,8930,健身休闲活动,健身 休闲活动,休闲活动;健身,,是,健身休闲,0.75,direct,6,0
91510115MAE1K8MJX3,成都市朋克劲羽体育文化传播有限公司,8911,体育竞赛组织,体育竞赛 组织,体育竞赛;组织,体育竞赛,是,体育赛事,0.95,direct,6,1
91510115MA61XATG11,成都斯威特健身服务有限公司,8930,健身房健身活动,健身房 健身活动,健身活动;健身房,健身房,是,健身休闲,0.95,direct,7,1
91510115MA7M6Q0X3X,成都市景辰体育发展有限公司,8930,格斗健身活动,格斗 健身活动,健身活动;格斗,,是,健身休闲,0.75,direct,6,0
91510123MA6BWFBF63,成都佳世达体育设施有限公司,5242,体育用品零售,体育用品零售,体育用品零售,体育用品零售,是,体育用品,0.95,direct,6,1
91510115MA7JWRK10D,成都野趣少年体育俱乐部有限公司,5242,体育用品零售,体育用品零售,体育用品零售,体育用品零售,是,体育用品,0.95,direct,6,1
91510115098660655Y,成都丛小体育健身有限责任公司,8930,游泳培训,游泳培训,游泳培训,游泳培训,是,体育培训,0.95,direct,4,1
91510115MABT0L9R9R,成都五色江岸体育发展有限公司,8392,网球运动辅导,网球 运动 辅导,网球;辅导;运动,网球,是,体育用品,0.95,direct,6,1
91510115MA7MKP9A64,成都乐动美刻体育场馆管理有限责任公司,8921,体育场地设施经营,体育场地设施 经营,体育场地设施;经营,体育场地设施,是,体育场馆,0.95,direct,8,1
91510100MA69HL1F5N,四川英豪搏宇体育文化传播有限公司,9052,体育赛事策划服务,体育 赛事策划 服务,赛事策划;体育;服务,赛事策划,是,体育赛事,0.6,none,8,1
91510115MA6633WK5W,成都双木健身服务有限公司,8930,健身房健身活动,健身房 健身活动,健身活动;健身房,健身房,是,健身休闲,0.95,direct,7,1
91510115MA69U3XD4T,四川省烈霖体育文化传播有限责任公司,8392,跆拳道体育培训,跆拳道 体育培训,体育培训;跆拳道,跆拳道;体育培训,是,健身休闲,0.95,direct,7,2
9151011506977141XB,成都北辰武道文化传播有限公司,8930,健身休闲活动,健身 休闲活动,休闲活动;健身,,是,健身休闲,0.75,direct,6,0
91510115MA63F2LYX3,成都斯瑞奇健身服务有限公司,8930,健身休闲活动,健身 休闲活动,休闲活动;健身,,是,健身休闲,0.75,direct,6,0
91510115MA63DTP776,成都艾泳动体育文化传播有限公司,8911,组织体育赛事活动服务,组织 体育赛事 活动 服务,体育赛事;服务;组织;活动,体育赛事,是,体育赛事,0.95,direct,10,1
91510115MACBBG8U9X,成都路路熙健身管理有限责任公司,8930,健身活动服务,健身活动 服务,健身活动;服务,,是,健身休闲,0.75,direct,6,0
91510115MABXJDPF8C,成都东伽梦瑜伽健身有限公司,8930,健身休闲活动,健身 休闲活动,休闲活动;健身,,是,健身休闲,0.75,direct,6,0
91510115MA6CHBE94M,四川志和兴达建设工程有限公司,4720,体育场地建设施工服务,体育场地 建设 施工 服务,体育场地;施工;服务;建设,体育场地,是,体育场馆,0.6,none,10,1
91510115MA67U9A49B,成都星宇翼体育文化传播有限责任公司,8930,休闲健身服务,休闲 健身服务,健身服务;休闲,健身服务,是,健身休闲,0.95,direct,6,1
91510115MABR7H2U4J,四川创智未来数字智能装备有限公司,5242,体育用品零售,体育用品零售,体育用品零售,体育用品零售,是,体育用品,0.95,direct,6,1
91510115MA6CN43042,成都市乐硕教育咨询服务有限公司,8392,市场化体育培训,市场化 体育培训,体育培训;市场化,体育培训,是,体育培训,0.95,direct,7,1
91510115MACG1F1N4R,成都熠辉体育文化发展有限公司,8930,羽毛球健身服务,羽毛球 健身服务,健身服务;羽毛球,羽毛球;健身服务,是,体育用品,0.95,direct,7,2
91510115MAC12BR61C,成都聚缘峰体育发展有限公司,8912,体育保障组织,体育 保障 组织,体育;保障;组织,,是,体育管理,0.75,direct,6,0
91510115MA64Q9EX7N,四川米高和顺文化传媒有限公司,8392,轮滑培训服务,轮滑 培训 服务,轮滑;培训;服务,,是,体育培训,0.75,direct,6,0
91510115MA6ARLD8X6,成都首度健身俱乐部有限公司,8930,健身服务,健身服务,健身服务,健身服务,是,健身休闲,0.95,direct,4,1
91510115MA6CD2YE6U,四川英驰户外活动俱乐部有限公司,9052,组织体育表演活动,组织 体育表演 活动,体育表演;组织;活动,体育表演,是,体育赛事,0.6,none,8,1
91510115MA6AMTC96N,四川朝杰体育文化传播有限公司,8911,体育组织服务,体育组织 服务,体育组织;服务,体育组织,是,体育管理,0.95,direct,6,1
91510115MA62NTU480,成都颐尊休闲健身有限公司,8930,健身服务,健身服务,健身服务,健身服务,是,健身休闲,0.95,direct,4,1
91510115MA65W9E00L,四川珏兰瑜伽健身有限公司,8930,健身休闲活动服务,健身 休闲活动 服务,休闲活动;健身;服务,,是,健身休闲,0.75,direct,8,0
91510115MACXMC8Y04,成都伊威斯马术运动有限公司,8930,健身休闲活动,健身 休闲活动,休闲活动;健身,,是,健身休闲,0.75,direct,6,0
91510115MACB47EN7D,四川省锋豪永盛健身服务有限公司,8930,健身休闲活动,健身 休闲活动,休闲活动;健身,,是,健身休闲,0.75,direct,6,0
91510115MACGW7TJ74,成都羽莎体育文化发展有限公司,8921,羽毛球馆租赁服务,羽毛球馆 租赁 服务,羽毛球馆;租赁;服务,羽毛球馆,是,体育场馆,0.95,direct,8,1
91510115327502483B,成都伟宏体育设施有限公司,5242,健身器材零售,健身器材 零售,健身器材;零售,健身器材,是,体育用品,0.95,direct,6,1
91510115MADPHC6QX4,四川元气多巴胺体育文化发展有限公司,8930,健身服务,健身服务,健身服务,健身服务,是,健身休闲,0.95,direct,4,1
91510115MAE2PA892C,成都泰禾力美健身管理有限公司,8930,健身房服务,健身房 服务,健身房;服务,健身房,是,健身休闲,0.95,direct,5,1
91510115MADBX9E63N,成都奇迹鹏程健身服务有限公司,8930,健身房服务,健身房 服务,健身房;服务,健身房,是,健身休闲,0.95,direct,5,1
91510115MADKPEPTX9,爱德嘉（成都）企业管理合伙企业（有限合伙）,8392,街舞教学,街舞 教学,街舞;教学,,是,体育培训,0.75,direct,4,0
91510115MADP06BT7F,成都睿艺聚成体育发展有限公司,8930,健身工作室,健身 工作室,工作室;健身,,是,健身休闲,0.75,direct,5,0
91510115MAE0TLPD33,成都悦碳健身服务有限公司,8930,健身房服务,健身房 服务,健身房;服务,健身房,是,健身休闲,0.95,direct,5,1
91510115MADBHF6964,成都德知翔健身管理有限公司,8930,健身房服务,健身房 服务,健身房;服务,健身房,是,健身休闲,0.95,direct,5,1
91510115MAE5RCEN4P,四川上婵景文化传播有限公司,8930,瑜伽服务,瑜伽 服务,瑜伽;服务,瑜伽,是,健身休闲,0.95,direct,4,1
91510115MA68DBL69T,成都柯尔曼健康管理有限公司,8930,休闲健身活动,休闲 健身活动,健身活动;休闲,,是,健身休闲,0.75,direct,6,0
91510107MA65UFQJ8R,成都市鱼耀健康管理有限公司,8930,健康休闲活动,健康 休闲活动,休闲活动;健康,,是,健身休闲,0.75,direct,6,0
91510115MA61U0AQ9F,成都唐客科技有限公司,5242,户外雨棚零售,户外 雨棚 零售,雨棚;户外;零售,,是,体育用品,0.75,direct,6,0
91510115MA67T7D208,成都天天轮滑体育文化传播有限公司,8392,体育培训,体育培训,体育培训,体育培训,是,体育培训,0.95,direct,4,1
91510115MAACFQHP13,成都跃成体育文化传播有限责任公司,8921,篮球馆管理服务,篮球馆 管理 服务,篮球馆;服务;管理,篮球馆,是,体育场馆,0.95,direct,7,1
91510115MA6C4MHX9E,成都深蓝鼎盛品牌管理有限公司,8930,健身休闲活动,健身 休闲活动,休闲活动;健身,,是,健身休闲,0.75,direct,6,0
91510903555776988W,四川超玥贝贝商贸有限公司,8930,婴幼儿游泳服务,婴幼儿 游泳 服务,婴幼儿;游泳;服务,游泳,是,健身休闲,0.95,direct,7,1
91510115MA65RRKX0B,成都市温江区德西职业技能培训学校有限公司,8392,体育技能培训,体育 技能 培训,技能;体育;培训,,是,体育培训,0.75,direct,6,0
91510115MABNR3CXX9,四川羽翔优尼克体育文化发展有限公司,8392,少儿体育培育,少儿 体育 培育,少儿;体育;培育,,是,体育培训,0.75,direct,6,0
91510100MA67F6RT14,德西健身（成都）股份有限公司,8930,健身房健身活动,健身房 健身活动,健身活动;健身房,健身房,是,健身休闲,0.95,direct,7,1
91510115MA61WDPLXQ,成都佳芮丽体育文化传播有限公司,8392,足球体育培训,足球 体育培训,体育培训;足球,足球;体育培训,是,体育用品,0.95,direct,6,2
91510115MAC8MEKU7D,成都胤博体育发展有限公司,8930,健身休闲活动,健身 休闲活动,休闲活动;健身,,是,健身休闲,0.75,direct,6,0
91510115MA65M7140A,成都坐不下健康管理有限公司,8930,健身房健身活动,健身房 健身活动,健身活动;健身房,健身房,是,健身休闲,0.95,direct,7,1
91510100MA67TBD99G,成都标兵文化传播有限公司,8930,健身休闲活动,健身 休闲活动,休闲活动;健身,,是,健身休闲,0.75,direct,6,0
91510115MA7G3LPG8H,四川众冠行体育科技有限责任公司,8912,体育发展管理服务,体育 发展 管理 服务,体育;服务;管理;发展,,是,体育管理,0.75,direct,8,0
91510115MA64Q16R55,成都春吉秋盛体育文化传播有限公司,8392,少儿体育培训,少儿 体育培训,体育培训;少儿,体育培训,是,体育培训,0.95,direct,6,1
91510115MA6CC49D9K,成都力度体育场馆服务有限公司,8921,游泳池管理,游泳池 管理,游泳池;管理,游泳池,是,健身休闲,0.95,direct,5,1
91510115MABWD2FM8C,成都陆号体育场馆管理有限公司,8921,体育场馆管理,体育场馆 管理,体育场馆;管理,体育场馆,是,体育场馆,0.95,direct,6,1
91510107MA6CWTWD22,成都鑫飞扬体育文化传播有限公司,8921,游泳馆服务,游泳馆 服务,游泳馆;服务,游泳馆,是,体育场馆,0.95,direct,5,1
91510115MA64QQEX3N,成都梦美健身服务有限公司,8930,健身房健身活动,健身房 健身活动,健身活动;健身房,健身房,是,健身休闲,0.95,direct,7,1
91510115MACRNM1PXD,成都温江区杆法印象体育场馆管理合伙企业（有限合伙）,8930,室内台球娱乐,室内 台球 娱乐,台球;娱乐;室内,台球,是,健身休闲,0.95,direct,6,1
91510115MA6902D718,成都康德爱力蒙体育文化有限公司,8392,少儿体育培训,少儿 体育培训,体育培训;少儿,体育培训,是,体育培训,0.95,direct,6,1
91510115MAC5M28429,成都昆仑院文化发展集团有限公司,8392,其他各类体育培训,其他 各类 体育培训,体育培训;各类;其他,体育培训,是,体育培训,0.95,direct,8,1
91510123MA6BB08GXA,四川趣骑商贸有限责任公司,5142,体育用品批发,体育用品批发,体育用品批发,体育用品批发,是,体育用品,0.95,direct,6,1
91510115MA7MBBPGXC,成都四季普拉提瑜伽健身有限公司,8930,健身休闲活动,健身 休闲活动,休闲活动;健身,,是,健身休闲,0.75,direct,6,0
91510115MAC969XR58,四川正心耀武体育文化传播有限公司,8392,体育培训,体育培训,体育培训,体育培训,是,体育培训,0.95,direct,4,1
91510115MA64PT365D,成都三维私教健身有限公司,8930,健身服务,健身服务,健身服务,健身服务,是,健身休闲,0.95,direct,4,1
91510115MA68DT9R3R,成都每毅健身服务有限公司,8930,室内健身服务,室内 健身服务,健身服务;室内,健身服务,是,健身休闲,0.95,direct,6,1
91510115MACB3QCE7W,成都市金扬武文化传媒有限公司,8930,健身服务,健身服务,健身服务,健身服务,是,健身休闲,0.95,direct,4,1
91510115MACG2KC059,四川箭羽箭寻体育发展有限公司,8930,体育射箭休闲活动组织,体育 射箭 休闲活动 组织,休闲活动;射箭;体育;组织,射箭,是,健身休闲,0.95,direct,10,1
91510115MACDQ55B8K,成都彩色星球体育文化有限公司,5242,体育用品及器材零售,体育用品 器材 零售,体育用品;器材;零售,体育用品,是,体育用品,0.95,direct,9,1
91510115MA7K520U69,成都志诚运体育文化传播有限公司,8930,健身休闲活动,健身 休闲活动,休闲活动;健身,,是,健身休闲,0.75,direct,6,0
91510115MABRM9M814,四川爱斯吉姆健康管理有限责任公司,8930,健身休闲活动服务,健身 休闲活动 服务,休闲活动;健身;服务,,是,健身休闲,0.75,direct,8,0
91510115MACAX7R09A,成都安林志程体育文化发展有限公司,8921,体育场馆管理服务,体育场馆 管理 服务,体育场馆;服务;管理,体育场馆,是,体育场馆,0.95,direct,8,1
91510115MADUA0YC79,成都众诚华亿体育器材有限公司,5142,体育器材批发,体育器材 批发,体育器材;批发,体育器材,是,体育用品,0.95,direct,6,1
91510115MADPERW4X3,成都曙辉体育文化发展有限责任公司,8392,速滑培训,速滑 培训,速滑;培训,,是,体育培训,0.75,direct,4,0
91510115MADLHMQ592,成都海乐旭恒健身服务有限公司,8930,健身休闲活动,健身 休闲活动,休闲活动;健身,,是,健身休闲,0.75,direct,6,0
91510115MADRAXEM9A,成都市星诺翊安体育用品有限公司,5242,体育用品零售,体育用品零售,体育用品零售,体育用品零售,是,体育用品,0.95,direct,6,1
91510115MADDN026X1,四川腾远志恒体育文化传播有限公司,8392,乒乓球培训,乒乓球培训,乒乓球培训,乒乓球培训,是,体育培训,0.95,direct,5,1
91510115MADM6DYU0J,四川艾森克斯体育文化发展有限公司,8919,组织体育竞赛活动,组织 体育竞赛 活动,体育竞赛;组织;活动,体育竞赛,是,体育赛事,0.95,direct,8,1
91510115MADEA6G9XL,四川锦城蓝鲸篮球俱乐部有限公司,8911,体育竞赛组织,体育竞赛 组织,体育竞赛;组织,体育竞赛,是,体育赛事,0.95,direct,6,1
91510115MA6B5AXE7J,成都启型体育文化发展有限公司,8930,健身服务,健身服务,健身服务,健身服务,是,健身休闲,0.95,direct,4,1
915101156604706574,成都斯跑特运动休闲文化传播有限公司,8930,健身服务,健身服务,健身服务,健身服务,是,健身休闲,0.95,direct,4,1
91510122MA6CFJAKXX,成都禅钓渔具有限公司,5142,渔具批发,渔具 批发,渔具;批发,渔具,是,体育用品,0.95,direct,4,1
915101150724320216,四川金强蓝鲸篮球俱乐部有限责任公司,8911,提供体育竞赛组织服务,提供 体育竞赛 组织 服务,体育竞赛;服务;组织;提供,体育竞赛,是,体育赛事,0.95,direct,10,1
91510115MABMDB4G4B,成都市温江区篮创佳体育俱乐部有限公司,8392,篮球艺术课培训,篮球 艺术课 培训,艺术课;篮球;培训,篮球,是,体育用品,0.95,direct,7,1
91510115MA61R92Y11,四川疆蓉体育文化传播有限公司,8911,组织体育赛事活动,组织 体育赛事 活动,体育赛事;组织;活动,体育赛事,是,体育赛事,0.95,direct,8,1
91510115MACTBKU51N,四川健行凌顶体育文化传播有限公司,5142,体育用品批发,体育用品批发,体育用品批发,体育用品批发,是,体育用品,0.95,direct,6,1
91510115MA61UBAJ10,四川坤海体育文化传播有限公司,8392,体育培训,体育培训,体育培训,体育培训,是,体育培训,0.95,direct,4,1
91510115MABW480188,成都米克斯蔚健康管理有限责任公司,8930,健身服务,健身服务,健身服务,健身服务,是,健身休闲,0.95,direct,4,1
91510115MA67FU8091,四川体适能教育科技有限责任公司,8930,健身休闲活动,健身 休闲活动,休闲活动;健身,,是,健身休闲,0.75,direct,6,0
91510115MA64QWP50L,成都兴融劲体育文化传播有限公司,8392,体育培训,体育培训,体育培训,体育培训,是,体育培训,0.95,direct,4,1
92510115MA7L2NEP6D,四川柏屹体育发展有限公司,7246,体育赛事策划服务,体育 赛事策划 服务,赛事策划;体育;服务,赛事策划,是,体育赛事,0.6,none,8,1
91510115MABQQGNP73,四川正心悟道体育文化传播有限公司,8392,少儿跆拳道培训,少儿 跆拳道培训,跆拳道培训;少儿,跆拳道培训,是,体育培训,0.95,direct,7,1
91510115MAC65KHH3E,成都君贤体育文化发展有限公司,8911,体育活动组织服务,体育 活动 组织 服务,体育;服务;组织;活动,,是,体育管理,0.75,direct,8,0
91510104MABMGQ4Y9G,成都露营管家户外用品有限公司,5242,户外活动用品零售,户外活动 用品 零售,户外活动;用品;零售,,是,体育用品,0.75,direct,8,0
915101155535938543,成都国奥信鸽有限责任公司,8911,信鸽组织活动,信鸽 组织 活动,信鸽;组织;活动,,是,体育管理,0.75,direct,6,0
91510115MAC0AYN96J,四川雄猫体育文化发展有限公司,8392,少儿体育培训,少儿 体育培训,体育培训;少儿,体育培训,是,体育培训,0.95,direct,6,1
91510115MACPN64J4A,成都福腾御景体育场馆管理有限公司,8930,健身休闲活动,健身 休闲活动,休闲活动;健身,,是,健身休闲,0.75,direct,6,0
91510115MABY8U8L6G,四川千骑足球俱乐部有限责任公司,8930,健身休闲活动,健身 休闲活动,休闲活动;健身,,是,健身休闲,0.75,direct,6,0
91510115MAC8TWP6XE,成都金马滨河文化体育发展有限公司,8930,体育健身服务,体育 健身服务,健身服务;体育,健身服务,是,健身休闲,0.95,direct,6,1
91510115MA68JFKY55,四川省成都市逆战篮球俱乐部有限公司,8930,休闲健身活动,休闲 健身活动,健身活动;休闲,,是,健身休闲,0.75,direct,6,0
91510115MA6448961X,四川吾己瑜伽健身有限责任公司,8930,健身休闲活动,健身 休闲活动,休闲活动;健身,,是,健身休闲,0.75,direct,6,0
91510115MACFKEY300,四川爱趣学体育发展有限公司,8392,青少年体育培训,青少年体育 培训,青少年体育;培训,青少年体育,是,体育培训,0.95,direct,7,1
91510115MA6ADL2915,成都赤菟健身服务有限公司,8930,健身休闲活动,健身 休闲活动,休闲活动;健身,,是,健身休闲,0.75,direct,6,0
91510115MACR20QL1K,成都金耀赛车俱乐部有限责任公司,8911,体育竞赛组织,体育竞赛 组织,体育竞赛;组织,体育竞赛,是,体育赛事,0.95,direct,6,1
91510115MA61URGAXM,成都美信奔腾马术俱乐部有限公司,8930,马术运动全民健身活动,马术 运动 全民 健身活动,健身活动;马术;全民;运动,马术,是,健身休闲,0.95,direct,10,1
91510115MADJ2X8N86,成都嘉润韶华体育文化发展有限公司,8911,体育保障组织,体育 保障 组织,体育;保障;组织,,是,体育管理,0.75,direct,6,0
91510115MADX8TY0XJ,成都鑫博焱体育文化发展有限公司,8930,健身休闲活动,健身 休闲活动,休闲活动;健身,,是,健身休闲,0.75,direct,6,0
91510123MA6CW4MW6C,成都汉斌武术有限公司,8930,健身休闲活动,健身 休闲活动,休闲活动;健身,,是,健身休闲,0.75,direct,6,0
91510105MA68299LXM,四川育星择体育文化发展有限公司,8392,篮球培训,篮球培训,篮球培训,篮球培训,是,体育培训,0.95,direct,4,1
91510115MA7HE6WA3T,成都市北卡蓝体育场馆管理有限责任公司,8392,篮球培训,篮球培训,篮球培训,篮球培训,是,体育培训,0.95,direct,4,1
91510115MABUKFF0XH,成都奥泳星体育发展有限责任公司,8392,游泳教学,游泳 教学,游泳;教学,游泳,是,健身休闲,0.95,direct,4,1
91510115MAACL4642A,成都市悦动不得垮健身服务有限公司,8930,健身休闲活动,健身 休闲活动,休闲活动;健身,,是,健身休闲,0.75,direct,6,0
91510115MA7FX6448T,成都温江舞指康复医疗中心有限公司,8992,运动康复服务,运动康复 服务,运动康复;服务,运动康复,是,健身休闲,0.6,none,6,1
91510115MADP4TLP2F,成都心龙成体育文化发展有限公司,8911,跆拳道培训,跆拳道培训,跆拳道培训,跆拳道培训,是,体育培训,0.95,direct,5,1
91510115MADFW7FM30,成都盛北林体育文化推广有限责任公司,7122,体育用品租赁,体育用品 租赁,体育用品;租赁,体育用品,是,体育用品,0.6,none,6,1
91510115MADM4X6HXX,四川省小霖潼体育文化发展有限公司,8392,体育培训,体育培训,体育培训,体育培训,是,体育培训,0.95,direct,4,1
91510115MA7JKFQQ53,四川西南晨风游乐设备有限公司,5242,体育用品及器材零售,体育用品 器材 零售,体育用品;器材;零售,体育用品,是,体育用品,0.95,direct,9,1
91510115MA6AHTR27D,成都柴洛体革健身有限公司,8930,休闲健身活动,休闲 健身活动,健身活动;休闲,,是,健身休闲,0.75,direct,6,0
91510115MA7EGX5YXB,成都良安摩森体育文化发展有限公司,8912,体育设施保障,体育设施 保障,体育设施;保障,体育设施,是,体育场馆,0.95,direct,6,1
91510115MACQWRNT43,四川疾驰篮球俱乐部有限责任公司,5242,体育器材零售,体育器材 零售,体育器材;零售,体育器材,是,体育用品,0.95,direct,6,1
91510115723400534J,成都隆科心河文旅发展有限公司,8921,体育场馆管理,体育场馆 管理,体育场馆;管理,体育场馆,是,体育场馆,0.95,direct,6,1
91510115MAC6AED69H,成都金马悦动体育文化传播有限公司,8921,体育场馆管理,体育场馆 管理,体育场馆;管理,体育场馆,是,体育场馆,0.95,direct,6,1
91510115MA7LFR3709,成都斯澜体育文化发展有限公司,8930,水上运动全民健身活动,水上运动 全民 健身活动,健身活动;水上运动;全民,水上运动,是,健身休闲,0.95,direct,10,1
91510115MA6BWBRG51,成都市黑尾一户外用品有限公司,5242,鱼杆零售,鱼杆 零售,鱼杆;零售,,是,体育用品,0.75,direct,4,0
91510115MABUBB7L04,成都温江趣柳橙户外运动有限公司,8930,健身休闲活动,健身 休闲活动,休闲活动;健身,,是,健身休闲,0.75,direct,6,0
91510115MADRDR4F8J,成都市安米瑜伽健身有限公司,8930,健身休闲活动,健身 休闲活动,休闲活动;健身,,是,健身休闲,0.75,direct,6,0
91510115MAE1YJT568,成都大福疆徕商贸有限公司,5142,文化艺术体育用品批发,文化 艺术 体育用品批发,体育用品批发;艺术;文化,体育用品批发,是,体育用品,0.95,direct,10,1
91510123MA6BTC5E5P,四川红瑞府健康产业有限公司,5142,运动器材批发,运动器材 批发,运动器材;批发,运动器材,是,体育用品,0.95,direct,6,1
91510115MAE0F2F48L,四川中羽逐心体育文化发展有限公司,8911,体育赛事组织,体育赛事 组织,体育赛事;组织,体育赛事,是,体育赛事,0.95,direct,6,1
91510115MAC861HJ5G,成都翔道馆科技有限责任公司,9052,体育赛事策划,体育 赛事策划,赛事策划;体育,赛事策划,是,体育赛事,0.6,none,6,1
91510115MACG0DWTXE,成都铭洋精英体育文化传播有限公司,8911,体育竞赛组织,体育竞赛 组织,体育竞赛;组织,体育竞赛,是,体育赛事,0.95,direct,6,1
91510115MABWMH3Q49,成都市雲门体育文化传播有限责任公司,8912,体育保障组织,体育 保障 组织,体育;保障;组织,,是,体育管理,0.75,direct,6,0
91510115MAACHQ5444,四川正心义德体育文化传播有限公司,8930,健身休闲活动,健身 休闲活动,休闲活动;健身,,是,健身休闲,0.75,direct,6,0
91510115MA7N0FGU9C,四川鑫悦阳体育场馆管理有限公司,8921,体育场地设施经营,体育场地设施 经营,体育场地设施;经营,体育场地设施,是,体育场馆,0.95,direct,8,1
91510115MA6DFBWK92,成都市妙程教育咨询有限公司,8930,健身休闲活动,健身 休闲活动,休闲活动;健身,,是,健身休闲,0.75,direct,6,0
91510115MA6C88MM4E,成都吴兴龙太极拳文化传播有限公司,8392,武术培训服务,武术培训 服务,武术培训;服务,武术培训,是,体育培训,0.95,direct,6,1
91510182MA66T4Y09B,成都硕祥户外用品有限公司,5142,户外用品批发,户外用品 批发,户外用品;批发,,是,体育用品,0.75,direct,6,0
91510115MABN5K9Y5P,成都建清搏击俱乐部有限公司,8392,博击体育运动培训服务,博击 体育运动 培训 服务,博击;体育运动;培训;服务,,是,体育培训,0.75,direct,10,0
91510115MA6C6R494W,成都品龙珠健身服务有限责任公司,8930,室内健身服务,室内 健身服务,健身服务;室内,健身服务,是,健身休闲,0.95,direct,6,1
91510115MACCH9LD7U,四川奥强体育文化传播有限公司,8930,健身房健身活动,健身房 健身活动,健身活动;健身房,健身房,是,健身休闲,0.95,direct,7,1
91510115MA7E4M696D,四川星驰篮球俱乐部有限公司,8911,体育竞赛组织,体育竞赛 组织,体育竞赛;组织,体育竞赛,是,体育赛事,0.95,direct,6,1
91510115MACCXTJG0M,成都众合天辰体育文化传播有限公司,8991,体育文化推广服务,体育文化 推广 服务,体育文化;推广;服务,体育文化,是,体育管理,0.6,none,8,1
91510115MABTLT55XJ,四川迈锐宝体育用品销售有限公司,5242,体育用品零售,体育用品零售,体育用品零售,体育用品零售,是,体育用品,0.95,direct,6,1
91510115MA6ALYWP2Q,四川凤溪体育文化发展有限公司,8930,健身房健身活动,健身房 健身活动,健身活动;健身房,健身房,是,健身休闲,0.95,direct,7,1
91510115MA61UH4T1H,四川省江鑫户外运动有限公司,8930,漂流服务,漂流 服务,漂流;服务,漂流,是,健身休闲,0.95,direct,4,1
91510115MACJY6UJ4X,成都蔚然凯尔健身服务有限公司,8930,体育健康服务,体育 健康 服务,体育;健康;服务,,是,健身休闲,0.75,direct,6,0
91510115MABRUFMW88,成都万人迷健身服务有限公司,8930,健身休闲活动,健身 休闲活动,休闲活动;健身,,是,健身休闲,0.75,direct,6,0
91510115MAE5UX756Y,成都川金云商贸有限公司,5142,体育用品批发,体育用品批发,体育用品批发,体育用品批发,是,体育用品,0.95,direct,6,1
91510115MAD6G3P78D,成都伯乐野骑户外运动有限公司,8930,骑马健身休闲活动,骑马 健身 休闲活动,休闲活动;健身;骑马,骑马,是,健身休闲,0.95,direct,8,1
91510115MACEWER22U,成都跃成达体育赛事策划有限公司,8911,体育竞赛组织服务,体育竞赛 组织 服务,体育竞赛;服务;组织,体育竞赛,是,体育赛事,0.95,direct,8,1
91510100MA61R4G922,成都国行航空科技有限公司,2449,航空模型生产,航空 模型 生产,模型;航空;生产,,是,体育用品,0.75,direct,6,0
91510115MA62NABQ5W,成都雨泽健身服务有限公司,8930,健身服务,健身服务,健身服务,健身服务,是,健身休闲,0.95,direct,4,1
915101153944829451,成都吉玛士体育文化传播有限公司,8911,篮球活动组织,篮球 活动 组织,篮球;组织;活动,篮球,是,体育用品,0.95,direct,6,1
91510115MAACJ6GF07,成都雨露心田文化传媒有限公司,8930,麻将服务,麻将 服务,麻将;服务,,是,健身休闲,0.75,direct,4,0
91510100MA6CBPJ24M,四川引力体康体育文化传播有限公司,8392,篮球培训,篮球培训,篮球培训,篮球培训,是,体育培训,0.95,direct,4,1
91510115MA6C7THT1X,成都海空之翼航空科技有限公司,2449,航空模型制造,航空 模型 制造,模型;航空;制造,,是,体育用品,0.75,direct,6,0
91510115MA61R87P7H,四川西点精英拓展训练有限公司,8930,体能拓展训练服务,体能 拓展 训练 服务,体能;拓展;训练;服务,,是,健身休闲,0.75,direct,8,0
91510123MA6CTRAR50,成都宸一阳体育文化有限公司,8392,提供篮球培训服务,提供 篮球培训 服务,篮球培训;服务;提供,篮球培训,是,体育培训,0.95,direct,8,1
91510000LS0017002H,成都宇钛体育用品有限公司,2449,机械加工,机械加工,机械加工,,是,体育用品,0.75,direct,4,0
91510116MA7JYMFB8T,四川星伯爵体育用品有限公司,5142,批发和零售业,批发 零售业,零售业;批发,,是,体育用品,0.75,direct,6,0
91510116MADA808D0T,成都川涵舞蹈健身有限责任公司,8930,健身休闲活动,健身 休闲活动,休闲活动;健身,,是,健身休闲,0.75,direct,6,0
91510116MADEAR8U8G,成都晨曦艺舞舞蹈健身有限公司,8930,健身休闲活动,健身 休闲活动,休闲活动;健身,,是,健身休闲,0.75,direct,6,0
91510116MA65LW0W6E,成都杜克加体育场馆管理有限公司,8929,其他体育场地设施管理,其他 体育场地设施 管理,体育场地设施;管理;其他,体育场地设施,是,体育场馆,0.95,direct,10,1
91510116MADBAJBR85,成都成创掼蛋体育俱乐部有限公司,8911,体育竞赛组织,体育竞赛 组织,体育竞赛;组织,体育竞赛,是,体育赛事,0.95,direct,6,1
91510122MA6CFLL448,成都龙珠道馆体育服务有限责任公司,8392,跆拳道教学,跆拳道 教学,跆拳道;教学,跆拳道,是,健身休闲,0.95,direct,5,1
91510116MAACJLCH2C,成都纸墨公社文化传播有限责任公司,8919,其他体育组织,其他 体育组织,体育组织;其他,体育组织,是,体育管理,0.95,direct,6,1
91510122MA61XLBR74,成都三生健体育文化传播有限公司,8930,健身服务,健身服务,健身服务,健身服务,是,健身休闲,0.95,direct,4,1
915101225826325178,成都空港瞿上体育文化产业运营管理有限公司,8921,体育场馆管理,体育场馆 管理,体育场馆;管理,体育场馆,是,体育场馆,0.95,direct,6,1
91510106MADA5TDK2Q,四川川蜀足球俱乐部有限公司,8911,文化体育和娱乐业,文化 体育 娱乐业,娱乐业;体育;文化,,是,体育管理,0.75,direct,8,0
91510116MA673U4U35,四川玖丰仓企业管理有限公司,8919,文化体育和娱乐业,文化 体育 娱乐业,娱乐业;体育;文化,,是,体育管理,0.75,direct,8,0
91510122MA62L68R2B,成都雅典文化体育有限公司,8911,组织策划体育文化艺术交流活动；游泳池管理服务；健身房管理服务；批发兼零售健身器材；食品经营。（依法须经批准的项目，请相关部门批准后方可开展经营活动）。,组织 策划 体育文化 艺术交流 活动 游泳池 管理 服务 健身房 管理 服务 批发 零售 健身器材 食品 经营 依法 批准 项目 相关 部门 批准 后方 开展 经营 活动,健身器材;批准;体育文化;艺术交流;服务;经营;健身房;游泳池;活动;管理,体育文化;游泳池;健身房;健身器材,是,体育管理,0.95,direct,75,4
91510122MA6DH8L32C,四川至诚高尔夫球场管理有限公司,8921,高尔夫球场管理,高尔夫球场 管理,高尔夫球场;管理,,是,体育场馆,0.75,direct,7,0
91510122MA6BXEX499,成都蓝优速卡丁车健身服务有限公司,8930,健身服务,健身服务,健身服务,健身服务,是,健身休闲,0.95,direct,4,1
91510122MA62M2D67E,成都市双流区博艺健身活动中心,8930,健身服务,健身服务,健身服务,健身服务,是,健身休闲,0.95,direct,4,1
91510107332073118K,四川鑫晟康达体育设施工程有限公司,4892,体育场地设施施工,体育场地设施 施工,体育场地设施;施工,体育场地设施,是,体育场馆,0.95,direct,8,1
91510116MACE61WHX6,成都皇者竞速体育文化发展有限公司,8919,文化体育和娱乐,文化 体育 娱乐,体育;娱乐;文化,,是,体育管理,0.75,direct,7,0
91510122MA6CQXM27U,成都晨星体育文化传播有限公司,8992,健身服务,健身服务,健身服务,健身服务,是,健身休闲,0.6,none,4,1
91510116MAC4X92851,四川天润宇迪体育发展有限公司,9052,体育赛事策划,体育 赛事策划,赛事策划;体育,赛事策划,是,体育赛事,0.6,none,6,1
91510116MA69LRE117,成都市超话户外运动策划有限责任公司,8930,山地户外运动,山地 户外运动,户外运动;山地,户外运动,是,健身休闲,0.95,direct,6,1
91510116MABLP78J8W,四川一雅瑞璇创业孵化器有限公司,5142,体育用品及器材批发,体育用品 器材 批发,体育用品;器材;批发,体育用品,是,体育用品,0.95,direct,9,1
91510116MA7HL5MR4B,四川康永达体育文化传播有限公司,5142,体育用品及器材批发,体育用品 器材 批发,体育用品;器材;批发,体育用品,是,体育用品,0.95,direct,9,1
91510108332057150T,四川泳无止境体育场馆管理有限公司,8921,体育场馆管理,体育场馆 管理,体育场馆;管理,体育场馆,是,体育场馆,0.95,direct,6,1
91510116MAACN4F32A,四川天时利和体育文化发展有限公司,8919,体育赛事策划,体育 赛事策划,赛事策划;体育,赛事策划,是,体育赛事,0.95,direct,6,1
91510100MA67U25EXW,胜道（成都）商贸有限公司第二十九分店,5142,体育用品及器材批发,体育用品 器材 批发,体育用品;器材;批发,体育用品,是,体育用品,0.95,direct,9,1
91510116MABUMA1P20,成都双流初星舞蹈健身有限责任公司,5242,体育用品及器材零售,体育用品 器材 零售,体育用品;器材;零售,体育用品,是,体育用品,0.95,direct,9,1
91510100MA61T94E1U,四川名动科技有限公司,8929,其他体育场地设施管理,其他 体育场地设施 管理,体育场地设施;管理;其他,体育场地设施,是,体育场馆,0.95,direct,10,1
915101080806059499,成都好邦迪户外用品有限公司,5242,户外用品零售,户外用品 零售,户外用品;零售,,是,体育用品,0.75,direct,6,0
91510122MA6CMUGL43,四川乐运体育用品有限公司,5242,体育用品零售,体育用品零售,体育用品零售,体育用品零售,是,体育用品,0.95,direct,6,1
91510116MA6B54RX8H,成都威玖扬名健身服务有限公司,8930,建身服务,建身 服务,建身;服务,,是,健身休闲,0.75,direct,4,0
91510100MA7L2RQB94,四川元动体育文化发展有限责任公司,7246,体育咨询,体育咨询,体育咨询,体育咨询,是,体育管理,0.6,none,4,1
9151012267719648XL,成都鸿箭贸易有限公司,5242,体育器械,体育 器械,器械;体育,,是,体育用品,0.75,direct,4,0
91510116MAACN72H2L,四川西米酷文化用品有限公司,5242,文化和体育用品及器材专门零售,文化 体育用品 器材 专门 零售,体育用品;器材;零售;专门;文化,体育用品,是,体育用品,0.95,direct,14,1
91510122MA61UTBT97,四川奥利威体育发展有限公司,9052,体育管理,体育管理,体育管理,体育管理,是,体育管理,0.6,none,4,1
91510122MA6CFRAY6L,成都天奇冠杰体育文化传媒有限公司,8930,健身休闲活动,健身 休闲活动,休闲活动;健身,,是,健身休闲,0.75,direct,6,0
91510122MA61TGQP02,成都氧立方健身服务有限公司,8930,健身服务,健身服务,健身服务,健身服务,是,健身休闲,0.95,direct,4,1
91510116MACHG0PU6T,成都翼翔团建户外运动有限公司,8930,健身休闲活动,健身 休闲活动,休闲活动;健身,,是,健身休闲,0.75,direct,6,0
91510116MA69T5D35X,四川中健体联健身管理有限公司,5242,技术推广服务,技术推广 服务,技术推广;服务,,是,体育用品,0.75,direct,6,0
91510116MACFH3NJ51,成都空港绿茵体育发展有限公司,5242,体育用品及器材零售,体育用品 器材 零售,体育用品;器材;零售,体育用品,是,体育用品,0.95,direct,9,1
91510122MA61RNGL2B,成都强宇户外运动有限公司,8930,体育用品及器材零售,体育用品 器材 零售,体育用品;器材;零售,体育用品,是,体育用品,0.95,direct,9,1
91510116MA65YPB144,成都瑞杰耀邦体育文化传播有限责任公司,9052,体育赛事策划,体育 赛事策划,赛事策划;体育,赛事策划,是,体育赛事,0.6,none,6,1
91510116MAC6LJCH6N,成都蓉城乒事商贸有限公司,5142,体育用品及器材批发,体育用品 器材 批发,体育用品;器材;批发,体育用品,是,体育用品,0.95,direct,9,1
91510116MA65U6D48W,成都航宇侑珂体育文化传播有限公司,5242,体育用品及器材零售,体育用品 器材 零售,体育用品;器材;零售,体育用品,是,体育用品,0.95,direct,9,1
91510122MA6AAT6259,成都狼之队户外用品有限公司,5242,户外用品零售,户外用品 零售,户外用品;零售,,是,体育用品,0.75,direct,6,0
91510116MA6518CC48,四川省蜀都武搏道体育发展有限公司,9052,体育赛事策划,体育 赛事策划,赛事策划;体育,赛事策划,是,体育赛事,0.6,none,6,1
91510116MABN958U7D,成都双羽星体育发展有限公司,8930,羽毛球健身,羽毛球 健身,羽毛球;健身,羽毛球,是,体育用品,0.95,direct,5,1
91510116MA67J317XN,成都乒缘体育文化传播有限公司,8930,健身服务,健身服务,健身服务,健身服务,是,健身休闲,0.95,direct,4,1
91510116MA7DHR6M67,成都引力作对体育文化发展有限公司,8930,健身房健身活动,健身房 健身活动,健身活动;健身房,健身房,是,健身休闲,0.95,direct,7,1
91510116MA6BWYHG48,成都澳悦体育场馆管理有限公司,8921,体育场馆管理,体育场馆 管理,体育场馆;管理,体育场馆,是,体育场馆,0.95,direct,6,1
91510122054904988M,成都东作投资管理有限公司,8911,体育运动组织策划,体育运动 组织 策划,体育运动;策划;组织,,是,体育管理,0.75,direct,8,0
91510116MAACQ88F3E,成都荣壹商汇商业管理有限公司,8921,体育场地设施经营,体育场地设施 经营,体育场地设施;经营,体育场地设施,是,体育场馆,0.95,direct,8,1
91510116MA7MPXDN73,四川置都体育发展有限公司,8930,健身休闲活动,健身 休闲活动,休闲活动;健身,,是,健身休闲,0.75,direct,6,0
91510116MA662JMN48,成都空港新城体育俱乐部有限公司,8911,体育竞赛组织,体育竞赛 组织,体育竞赛;组织,体育竞赛,是,体育赛事,0.95,direct,6,1
91510116MA6A6K4A1J,成都五号仓库体育文化传播有限公司,8930,健身休闲活动,健身 休闲活动,休闲活动;健身,,是,健身休闲,0.75,direct,6,0
9151010779781051XL,成都市米高轮滑俱乐部有限公司,8930,轮滑健身,轮滑 健身,轮滑;健身,,是,健身休闲,0.75,direct,4,0
91510122MA6AGF9L4Q,成都空钩悟道原创户外用品有限公司,5242,体育用品及器材零售,体育用品 器材 零售,体育用品;器材;零售,体育用品,是,体育用品,0.95,direct,9,1
91510122MA6BW8L67Y,成都郎尔威体育文化传播有限责任公司,5242,体育用品零售,体育用品零售,体育用品零售,体育用品零售,是,体育用品,0.95,direct,6,1
91510116MA643R0A3N,成都篮途壹号体育文化传播有限公司,8930,其他未列明商务服务业,其他 列明 商务 服务业,列明;服务业;商务;其他,,是,健身休闲,0.75,direct,10,0
91510122091255147J,成都威玖体育文化传播有限责任公司,8930,健身休闲活动,健身 休闲活动,休闲活动;健身,,是,健身休闲,0.75,direct,6,0
91510116MA6BW8GJ1C,成都市热炼健身管理有限公司,8930,健身休闲活动,健身 休闲活动,休闲活动;健身,,是,健身休闲,0.75,direct,6,0
91510122MA62LXFXX1,四川省上婵瑜伽有限公司,8930,养生瑜伽,养生 瑜伽,瑜伽;养生,瑜伽,是,健身休闲,0.95,direct,4,1
91510116MA7N2FGE9W,四川一起向未来体育文化传播有限公司,5142,体育用品批发,体育用品批发,体育用品批发,体育用品批发,是,体育用品,0.95,direct,6,1
91510116MA7H21CW7C,成都市零即无限健身服务有限责任公司,8930,健身房健身活动,健身房 健身活动,健身活动;健身房,健身房,是,健身休闲,0.95,direct,7,1
91510107MA6BULR94D,成都新蓉冠体育文化传播有限公司,8392,市场化体育培训,市场化 体育培训,体育培训;市场化,体育培训,是,体育培训,0.95,direct,7,1
91510116MA7JYRA93R,成都未来过载体育俱乐部有限公司,8392,蓝球培训服务,蓝球 培训 服务,蓝球;培训;服务,,是,体育培训,0.75,direct,6,0
91510122MA6BUW3K12,成都都城行户外运动有限公司,5242,户外用品零售,户外用品 零售,户外用品;零售,,是,体育用品,0.75,direct,6,0
91510116MA647X9L9J,四川胜飞康体体育场地设施工程有限公司,4892,体育设施工程,体育设施 工程,体育设施;工程,体育设施,是,体育场馆,0.95,direct,6,1
91510122350570097Q,成都美韵体育文化传播有限公司,8930,健身服务,健身服务,健身服务,健身服务,是,健身休闲,0.95,direct,4,1
91510122MA6CBRFG9W,成都羽翼羽毛球俱乐部有限责任公司,5242,体育用品及器材零售,体育用品 器材 零售,体育用品;器材;零售,体育用品,是,体育用品,0.95,direct,9,1
91510116MA6BUD7NXG,成都恒韵上古文化传播有限公司,8930,室内健身运动,室内 健身运动,健身运动;室内,,是,健身休闲,0.75,direct,6,0
91510122MA62LMYE5J,四川赛匡体育科技有限公司,5242,体育器材零售,体育器材 零售,体育器材;零售,体育器材,是,体育用品,0.95,direct,6,1
91510116MABNW1E986,四川澜鲨体育文化发展有限责任公司,8911,体育竞赛组织,体育竞赛 组织,体育竞赛;组织,体育竞赛,是,体育赛事,0.95,direct,6,1
91510116MAC23WEQ6K,成都汇品道休闲健身有限公司,8930,健身服务,健身服务,健身服务,健身服务,是,健身休闲,0.95,direct,4,1
91510116MAC38PNG0B,成都维也娜舞蹈健身有限公司,5242,体育用品及器材零售,体育用品 器材 零售,体育用品;器材;零售,体育用品,是,体育用品,0.95,direct,9,1
91510116MAACP87B9F,四川星露客户外用品有限公司,5242,户外用品零售,户外用品 零售,户外用品;零售,,是,体育用品,0.75,direct,6,0
91510116MA7KJQP958,成都双卡体育文化发展有限公司,9052,体育赛事策划,体育 赛事策划,赛事策划;体育,赛事策划,是,体育赛事,0.6,none,6,1
91510122MA64538U3U,成都网乐体育文化传播有限公司,5142,体育用品及器材批发,体育用品 器材 批发,体育用品;器材;批发,体育用品,是,体育用品,0.95,direct,9,1
91510116MAC0KXL79B,成都鑫露咖户外用品有限公司,5242,户外用品零售,户外用品 零售,户外用品;零售,,是,体育用品,0.75,direct,6,0
91510116MA65GAFH1P,成都锐升体育发展有限责任公司,5142,体育用品及器材批发,体育用品 器材 批发,体育用品;器材;批发,体育用品,是,体育用品,0.95,direct,9,1
91510116MA6BW3158B,成都美客一区酒吧有限公司,8911,歌舞厅娱乐活动,歌舞厅 娱乐活动,歌舞厅;娱乐活动,,是,体育管理,0.75,direct,7,0
91510116MACPXUAT41,四川冠宏体育发展有限公司,8392,青少年体育培训,青少年体育 培训,青少年体育;培训,青少年体育,是,体育培训,0.95,direct,7,1
91510116MACJ8H2C7N,成都欣之慧健身服务有限公司,8392,体育舞蹈培训,体育 舞蹈培训,舞蹈培训;体育,舞蹈培训,是,体育培训,0.95,direct,6,1
91510116MABXY2P58X,成都极雪体育发展有限公司,5242,体育用品及器材零售,体育用品 器材 零售,体育用品;器材;零售,体育用品,是,体育用品,0.95,direct,9,1
91510116MACU6N9GXJ,成都乒猿体育文化传播有限公司,9052,体育赛事策划,体育 赛事策划,赛事策划;体育,赛事策划,是,体育赛事,0.6,none,6,1
91510116MA62FHACX0,成都西郎健身有限责任公司,8930,健身服务,健身服务,健身服务,健身服务,是,健身休闲,0.95,direct,4,1
91510116MA6A8AB83W,世纪奥星文化艺术传播成都有限公司,8392,体育舞蹈培训,体育 舞蹈培训,舞蹈培训;体育,舞蹈培训,是,体育培训,0.95,direct,6,1
91510116MACX2QEP4D,成都优品合木瑜伽健身有限公司,8930,健身休闲活动,健身 休闲活动,休闲活动;健身,,是,健身休闲,0.75,direct,6,0
91510116MAD0KBNP0F,四川特斯特汽车服务有限公司,9052,组织体育表演活动,组织 体育表演 活动,体育表演;组织;活动,体育表演,是,体育赛事,0.6,none,8,1
91510116MACN8PR111,成都奇嗨皮体育场馆管理有限公司,8930,健身休闲活动,健身 休闲活动,休闲活动;健身,,是,健身休闲,0.75,direct,6,0
91510116MABM2WM218,成都益攀体育发展有限公司,5142,体育用品及器材批发,体育用品 器材 批发,体育用品;器材;批发,体育用品,是,体育用品,0.95,direct,9,1
91510122MA6CRNUXX3,四川淘悦体育文化传播有限公司,5242,体育用品零售,体育用品零售,体育用品零售,体育用品零售,是,体育用品,0.95,direct,6,1
91510116MA62CADJ0K,四川广都陆柒捌玖篮球俱乐部有限公司,8911,体育竞赛组织,体育竞赛 组织,体育竞赛;组织,体育竞赛,是,体育赛事,0.95,direct,6,1
91510100MA63LN9J0X,成都融劲体育文化传播有限公司,8930,健身休闲活动,健身 休闲活动,休闲活动;健身,,是,健身休闲,0.75,direct,6,0
91510122MA6BF7CF82,成都市双流区道源晶采艺术培训学校有限公司,8392,体校及体育培训,体校 体育培训,体育培训;体校,体育培训,是,体育培训,0.95,direct,7,1
91510122MA61XJJT9L,成都威玖陆体育文化传播有限公司,8930,体育用品零售,体育用品零售,体育用品零售,体育用品零售,是,体育用品,0.95,direct,6,1
9151012232152127XN,成都雪域川藏户外运动有限公司,8930,健身休闲活动,健身 休闲活动,休闲活动;健身,,是,健身休闲,0.75,direct,6,0
91510116MACU63TU71,成都公门桃李文化传媒有限公司,5242,体育用品零售,体育用品零售,体育用品零售,体育用品零售,是,体育用品,0.95,direct,6,1
91510116MACDNKN07R,成都武悦舒体育发展有限公司,8930,散打服务,散打 服务,散打;服务,,是,健身休闲,0.75,direct,4,0
91510116MACMB0PT5A,成都聚英功夫企业管理咨询有限公司,8930,健身休闲运动,健身 休闲 运动,健身;休闲;运动,,是,健身休闲,0.75,direct,6,0
91510122MA6465CP97,成都高网体育发展有限公司,8930,健身休闲活动,健身 休闲活动,休闲活动;健身,,是,健身休闲,0.75,direct,6,0
91510116MAACHEL86R,四川新浪花体育场馆管理有限公司,8911,游泳类项目运动,游泳 项目 运动,游泳;运动;项目,游泳,是,健身休闲,0.95,direct,7,1
91510116MA65W1667P,成都金慕健身管理有限公司,8930,健身房健身活动,健身房 健身活动,健身活动;健身房,健身房,是,健身休闲,0.95,direct,7,1
91510122681822463X,成都谢菲联体育文化发展管理有限公司,8392,体育培训,体育培训,体育培训,体育培训,是,体育培训,0.95,direct,4,1
91510122MA62PX559Q,成都好乐宝教育科技有限公司,8921,游泳馆服务,游泳馆 服务,游泳馆;服务,游泳馆,是,体育场馆,0.95,direct,5,1
91510122098314111L,成都名人海体育用品有限公司,5142,体育用品及器材批发,体育用品 器材 批发,体育用品;器材;批发,体育用品,是,体育用品,0.95,direct,9,1
91510100064313575U,成都宣翼企业管理咨询有限公司,8919,户外运动,户外运动,户外运动,户外运动,是,健身休闲,0.95,direct,4,1
91510122MA6CPLCRXU,成都格莱美仕体育文化传播有限公司,8992,健身服务,健身服务,健身服务,健身服务,是,健身休闲,0.6,none,4,1
91510116MADJF1AH5U,成都文景蓝图体育文化发展有限公司,8919,体育组织,体育组织,体育组织,体育组织,是,体育管理,0.95,direct,4,1
91510116MADN34FP9X,成都今一健身服务有限公司,8930,健身休闲活动,健身 休闲活动,休闲活动;健身,,是,健身休闲,0.75,direct,6,0
91510116MADL012R6T,成都市宸远跃行户外拓展有限公司,8930,健身休闲活动,健身 休闲活动,休闲活动;健身,,是,健身休闲,0.75,direct,6,0
91510116MA69GL8YXN,成都舒画文化创意有限公司,8919,文化体育和娱乐,文化 体育 娱乐,体育;娱乐;文化,,是,体育管理,0.75,direct,7,0
91510116MADA4U02X0,成都激活健身俱乐部有限公司,8930,健身休闲活动,健身 休闲活动,休闲活动;健身,,是,健身休闲,0.75,direct,6,0
91510122MA6CT2FY60,成都双流美航可可摩健身有限责任公司,8930,健身服务,健身服务,健身服务,健身服务,是,健身休闲,0.95,direct,4,1
91510116MAC8546D9M,成都市酉西户外拓展有限公司,8930,健身休闲活动,健身 休闲活动,休闲活动;健身,,是,健身休闲,0.75,direct,6,0
91510107MA61TYJA27,成都望舒世纪贸易有限公司,8392,跆拳道培训,跆拳道培训,跆拳道培训,跆拳道培训,是,体育培训,0.95,direct,5,1
91510100MAACLWD78D,四川千竞体育文化传播有限公司,8911,体育竞赛组织,体育竞赛 组织,体育竞赛;组织,体育竞赛,是,体育赛事,0.95,direct,6,1
91510116MAD67MQ93G,成都柯海体育设施有限公司,5142,体育用品及器材批发,体育用品 器材 批发,体育用品;器材;批发,体育用品,是,体育用品,0.95,direct,9,1
91510116MA68CUY68T,成都一拉夫文化传播有限公司,8919,文化体育和娱乐,文化 体育 娱乐,体育;娱乐;文化,,是,体育管理,0.75,direct,7,0
91510116MACCQRXG67,成都市蓉瑰体育文化发展有限公司,8919,文化-体育和娱乐,文化 体育 娱乐,体育;娱乐;文化,,是,体育管理,0.75,direct,8,0
91510116MACU0NJL1L,成都艾利美健身服务有限责任公司,8930,健身休闲活动,健身 休闲活动,休闲活动;健身,,是,健身休闲,0.75,direct,6,0
91510116MAD3WUEQ17,成都空中接力篮球俱乐部有限公司,8911,体育竞赛组织,体育竞赛 组织,体育竞赛;组织,体育竞赛,是,体育赛事,0.95,direct,6,1
91510116MABPLM266X,成都空间十点体育场馆管理有限公司,8921,体育场馆管理,体育场馆 管理,体育场馆;管理,体育场馆,是,体育场馆,0.95,direct,6,1
91510116MA7EF665XP,四川天天开心文化传播有限公司,8999,一般项目：个人互联网直播服务；组织文化艺术交流活动；文化娱乐经纪人服务；其他文化艺术经纪代理；网络设备销售；文化场馆管理服务；文化用品设备出租；商务代理代办服务；礼仪服务；办公设备耗材销售；园区管理服务；互联网销售（除销售需要许可的商品）；会议及展览服务；体育用品及器材批发；业务培训（不含教育培训、职业技能培训等需取得许可的培训）；教育咨询服务（不含涉许可审批的教育培训活动）；招生辅助服务；自费出国留学中介服务；体验式拓展活动及策划；商务秘书服务；市场主体登记注册代理；摄影扩印服务；个人商务服务；信息咨询服务（不含许可类信息咨询服务）；技术服务、技术开发、技术咨询、技术交流、技术转让、技术推广,一般 项目 个人 互联网 直播 服务 组织 文化 艺术交流 活动 文化娱乐 经纪人 服务 其他 文化 艺术 经纪 代理 网络设备 销售 文化 场馆 管理 服务 文化用品 设备 出租 商务 代理 代办 服务 礼仪 服务 办公设备 耗材 销售 园区 管理 服务 互联网 销售 销售 需要 许可 商品 会议 展览 服务 体育用品 器材 批发 业务培训 教育 培训 职业技能 培训 取得 许可 培训 教育 咨询服务 含涉 许可 审批 教育 培训 活动 招生 辅助 服务 自费 出国 留学 中介 服务 体验式 拓展 活动 策划 商务 秘书 服务 市场主体 登记注册 代理 摄影 扩印 服务 个人 商务 服务 信息 咨询服务 许可 信息 咨询服务 技术 服务 技术开发 技术咨询 技术 交流 技术转让 技术推广,服务;许可;咨询服务;培训;代理;商务;销售;教育;文化;互联网,体育用品,是,体育用品,0.6,none,300,1
91510116MAC0BQKY5Y,成都清月峰文化传媒有限公司,8930,棋牌室服务,棋牌室 服务,棋牌室;服务,,是,健身休闲,0.75,direct,5,0
91510116MACMJ7CLXQ,成都市国晓击剑运动俱乐部有限公司,8911,体育竞赛组织,体育竞赛 组织,体育竞赛;组织,体育竞赛,是,体育赛事,0.95,direct,6,1
91510116MA69HHWRX5,成都鑫寅寅瑜伽健身有限公司,8392,体育及体育培训,体育 体育培训,体育培训;体育,体育培训,是,体育培训,0.95,direct,7,1
91510116MACKJQJE76,四川博衍体育文化发展有限公司,8392,体育培训,体育培训,体育培训,体育培训,是,体育培训,0.95,direct,4,1
91510116MA6BTDFA9U,成都艺点艺文化传播有限公司,8930,健身休闲,健身 休闲,健身;休闲,,是,健身休闲,0.75,direct,4,0
91510100MA7FRL4U94,四川骉榜荟马术俱乐部有限公司,8911,体育竞赛组织,体育竞赛 组织,体育竞赛;组织,体育竞赛,是,体育赛事,0.95,direct,6,1
91510116MA7K5FN02A,成都骏程名逸娱乐有限公司,8930,健身休闲活动服务,健身 休闲活动 服务,休闲活动;健身;服务,,是,健身休闲,0.75,direct,8,0
91510122MA6CDU1C6X,成都来美健身有限公司,8930,健身服务,健身服务,健身服务,健身服务,是,健身休闲,0.95,direct,4,1
91510100MA61WLLL6B,成都春晨飞阳文化传播有限公司,8930,户外拓展,户外拓展,户外拓展,户外拓展,是,健身休闲,0.95,direct,4,1
91510116MA6AKKPG06,成都图灵赛车运动有限公司,8921,赛车运动场管理服务,赛车 运动场 管理 服务,赛车;运动场;服务;管理,,是,体育场馆,0.75,direct,9,0
91510116MACGEELT95,成都杭一初阳体育发展有限公司,8911,体育竞赛,体育竞赛,体育竞赛,体育竞赛,是,体育赛事,0.95,direct,4,1
91510116MAC4YCAC2N,豆豆墨坊成都健康管理有限公司,8930,瑜伽教学,瑜伽 教学,瑜伽;教学,瑜伽,是,健身休闲,0.95,direct,4,1
91510116MA7GUE6B4C,四川追风侠体育文化发展有限公司,7246,体育咨询,体育咨询,体育咨询,体育咨询,是,体育管理,0.6,none,4,1
91510116MA6A2KGL6H,四川鑫奕博锐户外用品有限公司,5242,户外用品零售,户外用品 零售,户外用品;零售,,是,体育用品,0.75,direct,6,0
91510116MA6ABY2Q58,四川羽曜空间体育文化传播有限公司,8921,羽毛球馆,羽毛球馆,羽毛球馆,羽毛球馆,是,体育场馆,0.95,direct,4,1
91510116MA640KN53U,成都市拳击蜂体育文化传播有限公司,9052,组织策划体育赛事活动,组织 策划 体育赛事 活动,体育赛事;策划;组织;活动,体育赛事,是,体育赛事,0.6,none,10,1
91510122MA6C7EMU00,成都铁磁健康管理有限公司,8930,健身服务,健身服务,健身服务,健身服务,是,健身休闲,0.95,direct,4,1
91510107MA63GN000E,四川河马奔腾体育科技有限公司,8392,篮球培训,篮球培训,篮球培训,篮球培训,是,体育培训,0.95,direct,4,1
91510116MA69KR973F,四川星俄媒体育文化传播有限公司,8930,格斗健身服务,格斗 健身服务,健身服务;格斗,健身服务,是,健身休闲,0.95,direct,6,1
91510116MA65RT9H5B,四川力享健康管理有限公司,8930,健身休闲服务,健身 休闲 服务,健身;休闲;服务,,是,健身休闲,0.75,direct,6,0
91510122MA61RYNR6Q,四川益晋谦科技咨询服务有限公司,8392,瑜伽服务,瑜伽 服务,瑜伽;服务,瑜伽,是,健身休闲,0.95,direct,4,1
91510116MABTW8PT6H,成都厚盾装修工程有限公司,4892,体育场地设施工程施工,体育场地设施 工程施工,体育场地设施;工程施工,体育场地设施,是,体育场馆,0.95,direct,10,1
91510116MA65W9K41N,成卢兹文化传播（成都）有限公司,8911,体育竞赛组织,体育竞赛 组织,体育竞赛;组织,体育竞赛,是,体育赛事,0.95,direct,6,1
91510116MABMPJ6R4E,成都寸喜文化传播有限公司,8919,体育组织,体育组织,体育组织,体育组织,是,体育管理,0.95,direct,4,1
91510116MABWY8BC14,成都市绘能文化传播有限公司,8919,其他未列明体育,其他 列明 体育,列明;体育;其他,,是,体育管理,0.75,direct,7,0
91510116MA65RE585L,成都超玥智弈教育科技有限公司,8392,体育象棋培训,体育 象棋 培训,象棋;体育;培训,,是,体育培训,0.75,direct,6,0
91510116MAC176AD4Q,成都福吉体育场馆管理有限责任公司,8921,高危险性体育运动,危险性 体育运动,危险性;体育运动,,是,体育场馆,0.75,direct,8,0
91510116MAC9241X5Q,四川种梦者体育文化传播有限公司,9052,体育赛事策划,体育 赛事策划,赛事策划;体育,赛事策划,是,体育赛事,0.6,none,6,1
91510116MAACJJ7U1Q,成都常羲体育文化传播有限责任公司,9052,体育赛事策划,体育 赛事策划,赛事策划;体育,赛事策划,是,体育赛事,0.6,none,6,1
91510116MACJJX8U69,成都果柏绪林渔具店,5142,体育用品及器材批发,体育用品 器材 批发,体育用品;器材;批发,体育用品,是,体育用品,0.95,direct,9,1
91510116MAACNXYT55,成都虹云体育文化发展有限公司,5142,体育用品及器材批发,体育用品 器材 批发,体育用品;器材;批发,体育用品,是,体育用品,0.95,direct,9,1
91510116MACM5X460D,成都鑫亿朗翰健身服务有限公司,8930,高危险性体育运动游泳,危险性 体育运动 游泳,危险性;体育运动;游泳,游泳,是,健身休闲,0.95,direct,10,1
91510116MABYLM23X4,四川菲欧娜蓉城贸易有限责任公司,5242,体育用品及器材零售,体育用品 器材 零售,体育用品;器材;零售,体育用品,是,体育用品,0.95,direct,9,1
91510116MACCLNXB7G,成都山妖舌户外用品有限公司,5142,户外用品批发,户外用品 批发,户外用品;批发,,是,体育用品,0.75,direct,6,0
91510116MACJUY0E7E,成都趣乐派对文化传媒有限公司,8912,游艺娱乐活动,游艺 娱乐活动,游艺;娱乐活动,,是,体育管理,0.75,direct,6,0
91510116MA64U8YA56,四川鑫广合体育文化传播有限公司,5242,体育用品零售,体育用品零售,体育用品零售,体育用品零售,是,体育用品,0.95,direct,6,1
91510116MACKJJBB2G,四川朵宏体育设施有限公司,5142,体育用品及器材批发,体育用品 器材 批发,体育用品;器材;批发,体育用品,是,体育用品,0.95,direct,9,1
9151010509283284XB,成都千里生辉户外运动有限公司,7122,户外运动用具出租,户外运动 用具 出租,户外运动;用具;出租,户外运动,是,健身休闲,0.6,none,8,1
91510100MA61WAUX1L,四川檀大体育文化传播有限公司,5242,体育用品零售,体育用品零售,体育用品零售,体育用品零售,是,体育用品,0.95,direct,6,1
91510107MACNFFAQ9P,成都鱼特乐钓具有限公司,5142,体育用品及器材批发,体育用品 器材 批发,体育用品;器材;批发,体育用品,是,体育用品,0.95,direct,9,1
91510116MAC0CFPG5X,成都东奕日盛体育文化传播有限公司,9052,体育赛事策划,体育 赛事策划,赛事策划;体育,赛事策划,是,体育赛事,0.6,none,6,1
91510107MA6CU9779P,四川卓远成体育用品有限公司,5242,体育用品零售,体育用品零售,体育用品零售,体育用品零售,是,体育用品,0.95,direct,6,1
91510116MA67WLGX8R,四川环球勇士体育发展有限责任公司,8392,文化体育和娱乐业,文化 体育 娱乐业,娱乐业;体育;文化,,是,体育培训,0.75,direct,8,0
91510116MA6B65L83Y,成都奇巍体育文化传播有限公司,9052,台球体育服务,台球 体育服务,体育服务;台球,台球;体育服务,是,健身休闲,0.6,none,6,2
91510122MA6C9FAK6J,成都华联美航健身有限责任公司,8930,健身服务,健身服务,健身服务,健身服务,是,健身休闲,0.95,direct,4,1
91510122MA6BFR2W8Q,成都曼达瑜伽健身服务有限公司,8930,健身服务,健身服务,健身服务,健身服务,是,健身休闲,0.95,direct,4,1
91510122MA6AXA4N8B,四川七安教育咨询有限公司,8930,健身服务,健身服务,健身服务,健身服务,是,健身休闲,0.95,direct,4,1
91510122MA69KXTBX7,成都市轻拳体育文化发展有限公司,8930,健身服务,健身服务,健身服务,健身服务,是,健身休闲,0.95,direct,4,1
91510105064336435F,成都米丸渔具有限公司,5242,渔具零售,渔具 零售,渔具;零售,渔具,是,体育用品,0.95,direct,4,1
91510122MA61WU400P,成都锦蹴体育文化传播有限公司,8911,体育竞赛组织,体育竞赛 组织,体育竞赛;组织,体育竞赛,是,体育赛事,0.95,direct,6,1
91510116MA69LU7N50,四川篷之客户外用品有限公司,5242,体育用品零售,体育用品零售,体育用品零售,体育用品零售,是,体育用品,0.95,direct,6,1
91510116MABU6QAU7P,成都路迈体育文化传播有限公司,8930,体育健身服务,体育 健身服务,健身服务;体育,健身服务,是,健身休闲,0.95,direct,6,1
91510116MAC575E045,成都茂业米加时代健身有限公司,8930,健身休闲,健身 休闲,健身;休闲,,是,健身休闲,0.75,direct,4,0
91510116MACN9QTW61,四川转折点体育文化传播有限公司,8930,体育健身服务,体育 健身服务,健身服务;体育,健身服务,是,健身休闲,0.95,direct,6,1
91510122MA61XN685E,成都康蒂体育设施工程有限公司,4892,体育场地设施工程施工,体育场地设施 工程施工,体育场地设施;工程施工,体育场地设施,是,体育场馆,0.95,direct,10,1
91510116MACEEK4M81,成都市两江天悦体育俱乐部有限责任公司,5242,体育竞赛组织,体育竞赛 组织,体育竞赛;组织,体育竞赛,是,体育赛事,0.95,direct,6,1
91510122MA6CFW745B,成都益动健康咨询管理有限公司,8930,健身服务,健身服务,健身服务,健身服务,是,健身休闲,0.95,direct,4,1
91510116MA6AT8AK4J,四川君体体育设施工程有限公司,4892,体育场地设施施工,体育场地设施 施工,体育场地设施;施工,体育场地设施,是,体育场馆,0.95,direct,8,1
91510116MA68YC6CXQ,成都每时蓝港体育文化传播有限公司,8392,体育培训,体育培训,体育培训,体育培训,是,体育培训,0.95,direct,4,1
91510122MA62PF6H46,成都木子李健身服务有限公司,8930,健身服务,健身服务,健身服务,健身服务,是,健身休闲,0.95,direct,4,1
91510122MA62PJNC2B,成都雄鹰畅通户外运动有限公司,8930,户外运动策划,户外运动 策划,户外运动;策划,户外运动,是,健身休闲,0.95,direct,6,1
91510122MA6CDYJM34,成都酸橙树体育文化传播有限公司,8911,体育竞赛组织,体育竞赛 组织,体育竞赛;组织,体育竞赛,是,体育赛事,0.95,direct,6,1
91510116MA68B5C48U,成都明俊建筑工程有限公司,4892,体育场地设施工程施工,体育场地设施 工程施工,体育场地设施;工程施工,体育场地设施,是,体育场馆,0.95,direct,10,1
91510100743648764B,成都市蜀捷佳业商贸有限公司,5142,体育用品批发,体育用品批发,体育用品批发,体育用品批发,是,体育用品,0.95,direct,6,1
915101050697624920,成都市锐朗健康咨询有限公司,8930,健身服务,健身服务,健身服务,健身服务,是,健身休闲,0.95,direct,4,1
91510116MA7M9JLB4A,成都极力健身服务有限公司,8930,健身咨询,健身 咨询,健身;咨询,,是,健身休闲,0.75,direct,4,0
91510116MA6616F94A,壹诺仟金成都体育文化传播有限公司,8930,健身休闲活动,健身 休闲活动,休闲活动;健身,,是,健身休闲,0.75,direct,6,0
91510116MA7M2QXH0C,四川逐梦枫煌体育文化传播有限公司,8911,体育竞赛组织,体育竞赛 组织,体育竞赛;组织,体育竞赛,是,体育赛事,0.95,direct,6,1
91510122MA6CEQUD3B,成都市鼓捣猫宁文化传播有限公司,8930,室内健身运动,室内 健身运动,健身运动;室内,,是,健身休闲,0.75,direct,6,0
91510116MABQMJ9R0B,成都市双流区菲悦拉丁体育俱乐部有限公司,8930,健身休闲活动,健身 休闲活动,休闲活动;健身,,是,健身休闲,0.75,direct,6,0
91510116MA67FUA44F,成都儿体汇体育发展有限公司,8911,体育竞赛服务,体育竞赛 服务,体育竞赛;服务,体育竞赛,是,体育赛事,0.95,direct,6,1
91510116MA7MG1HQ0M,成都砺峰家园健身有限责任公司,8930,健身服务,健身服务,健身服务,健身服务,是,健身休闲,0.95,direct,4,1
91510116MAC9K2JN0P,米多普拉提成都瑜伽健身有限公司,8392,体校及体育培训,体校 体育培训,体育培训;体校,体育培训,是,体育培训,0.95,direct,7,1
92510122MA638YME1N,成都市红圈毅力体育文化发展有限公司,8930,健身休闲活动,健身 休闲活动,休闲活动;健身,,是,健身休闲,0.75,direct,6,0
91510116MA7GNYENXF,四川别趣露营户外文化传媒有限公司,5242,户外用品零售,户外用品 零售,户外用品;零售,,是,体育用品,0.75,direct,6,0
91510116MACLKCE5XX,四川强盛活力体育发展有限公司,9052,体育服务,体育服务,体育服务,体育服务,是,体育管理,0.6,none,4,1
91510116MACL3GP82H,成都乐享动健身有限公司,8930,健身休闲活动,健身 休闲活动,休闲活动;健身,,是,健身休闲,0.75,direct,6,0
91510116MAC8K90H98,成都鹿途行户外拓展有限公司,8930,健身休闲活动,健身 休闲活动,休闲活动;健身,,是,健身休闲,0.75,direct,6,0
91510116MA67G9U90E,四川省辰凌之星文化传播有限公司,8912,游艺娱乐活动,游艺 娱乐活动,游艺;娱乐活动,,是,体育管理,0.75,direct,6,0
9151012232167345XP,四川奥特丝纺织有限公司,1821,服装生产,服装 生产,服装;生产,,是,体育用品,0.75,direct,4,0
91510116MACBPTL59Y,四川康林力量体育文化传播有限公司,8930,健身训练,健身 训练,健身;训练,,是,健身休闲,0.75,direct,4,0
91510116MA63CR800K,成都棠湖趣动体育发展有限公司,8392,体育培训,体育培训,体育培训,体育培训,是,体育培训,0.95,direct,4,1
91510116MACUGF418G,成都桥金霄游泳馆管理有限公司,8921,游泳馆管理服务,游泳馆 管理 服务,游泳馆;服务;管理,游泳馆,是,体育场馆,0.95,direct,7,1
91510116MADJA5AE4U,成都夺一夺体育俱乐部有限公司,8911,俱乐部,俱乐部,俱乐部,,是,体育管理,0.75,direct,3,0
91510116MAD3H7GW9R,成都雪林响健身有限公司,8930,健身休闲活动,健身 休闲活动,休闲活动;健身,,是,健身休闲,0.75,direct,6,0
91510122MA6DE87290,四川省侠者体育文化传播有限公司,8911,筹备体育赛事活动,筹备 体育赛事 活动,体育赛事;筹备;活动,体育赛事,是,体育赛事,0.95,direct,8,1
91510122MA63DTHU4K,成都浩德体育文化传播有限公司,5242,销售体育用品,销售 体育用品,体育用品;销售,体育用品,是,体育用品,0.95,direct,6,1
91510116MADLAWAPXX,成都玖号星空体育文化发展有限公司,8919,体育组织活动,体育组织 活动,体育组织;活动,体育组织,是,体育管理,0.95,direct,6,1
91510116MAD1XKT195,成都麒瑞健身服务有限责任公司,8930,健身休闲活动,健身 休闲活动,休闲活动;健身,,是,健身休闲,0.75,direct,6,0
91510116MAD1R7LT97,成都羽恒羽毛球俱乐部有限公司,8911,羽毛球组织服务,羽毛球 组织 服务,羽毛球;服务;组织,羽毛球,是,体育用品,0.95,direct,7,1
91510122MA65M1E638,成都贝体体育文化传播有限公司,8919,组织策划户外体育赛事活动,组织 策划 户外 体育赛事 活动,体育赛事;户外;策划;组织;活动,体育赛事,是,体育赛事,0.95,direct,12,1
91510116MAD8DG061E,成都市蹦床技巧体育文化发展有限公司,8919,体育组织,体育组织,体育组织,体育组织,是,体育管理,0.95,direct,4,1
91510116MACACDBL0R,成都跃动即刻体育文化传播有限公司,8930,运动健身服务,运动 健身服务,健身服务;运动,健身服务,是,健身休闲,0.95,direct,6,1
91510116MAC2PW3DXU,成都沁一孕产瑜伽健身有限公司,8930,健身休闲活动,健身 休闲活动,休闲活动;健身,,是,健身休闲,0.75,direct,6,0
91510116MAACN3DF5D,成都荣耀汇健身服务有限公司,8930,健身服务,健身服务,健身服务,健身服务,是,健身休闲,0.95,direct,4,1
91510122MA61XPHX5R,成都冠军之家健身运动俱乐部有限公司,8930,健身服务,健身服务,健身服务,健身服务,是,健身休闲,0.95,direct,4,1
9151010709742188X2,成都川和俊豪机电设备有限公司,5142,麻将牌运动用品批发,麻将牌 运动用品 批发,运动用品;麻将牌;批发,,是,体育用品,0.75,direct,9,0
91510116MACNXNGL6C,成都星航泰健身服务有限公司,8930,健身房健身活动,健身房 健身活动,健身活动;健身房,健身房,是,健身休闲,0.95,direct,7,1
91510122MA62LN0J2A,成都长久兴健身器材有限公司,5142,健身器材批发,健身器材 批发,健身器材;批发,健身器材,是,体育用品,0.95,direct,6,1
91510116MA6AGACJ3T,成都云七舍瑜伽健身有限公司,8930,健身休闲活动,健身 休闲活动,休闲活动;健身,,是,健身休闲,0.75,direct,6,0
91510107350521922Y,成都富唐商贸有限公司,5142,麻将桌批发,麻将桌 批发,麻将桌;批发,,是,体育用品,0.75,direct,5,0
91510116MAC4EL3487,四川省金武环体育设施工程有限公司,4892,体育设施施工活动,体育设施 施工 活动,体育设施;施工;活动,体育设施,是,体育场馆,0.95,direct,8,1
91510116MA69JLCW5G,四川雀王科技有限公司,5242,体育用品及器材零售,体育用品 器材 零售,体育用品;器材;零售,体育用品,是,体育用品,0.95,direct,9,1
91510122MA6BT4CU91,成都红久篷业有限公司,5242,零售户外用品,零售 户外用品,户外用品;零售,,是,体育用品,0.75,direct,6,0
915101227653940567,成都双流远驰服饰有限责任公司,1821,针织运动类服装加工,针织 运动 服装 加工,针织;服装;加工;运动,,是,体育用品,0.75,direct,9,0
91510122MA6CEF5K1D,四川好乐思特体育工程有限公司,4720,体育场馆工程建筑活动,体育场馆 工程 建筑 活动,体育场馆;建筑;工程;活动,体育场馆,是,体育场馆,0.6,none,10,1
91510116MA64Q9UF1X,成都肆伍回音体育文化传播有限公司,9052,体育场地设施经营赛事策划等,体育场地设施 经营 赛事策划,体育场地设施;赛事策划;经营,体育场地设施;赛事策划,是,体育场馆,0.6,none,13,2
91510122MA6CA53L8H,四川健正科技有限公司,5142,拳击运动器材批发,拳击 运动器材 批发,运动器材;拳击;批发,运动器材,是,体育用品,0.95,direct,8,1
91510122MA64QN7R1A,成都市天才艺家健身服务有限公司,8930,健身服务,健身服务,健身服务,健身服务,是,健身休闲,0.95,direct,4,1
91510116MA6AFXQ8XN,四川源自鼎尖跆拳道有限公司,9054,体育组织服务,体育组织 服务,体育组织;服务,体育组织,是,体育管理,0.6,none,6,1
91510116MAACN5GH62,成都星河灿烂商贸有限公司,5242,户外用品专门零售,户外用品 专门 零售,户外用品;零售;专门,,是,体育用品,0.75,direct,8,0
915101006604845731,四川凌天体育设施工程有限公司,5242,体育用品及器材零售,体育用品 器材 零售,体育用品;器材;零售,体育用品,是,体育用品,0.95,direct,9,1
91510116MABY0R9M9J,四川空港体智美体育场馆管理有限责任公司,8921,体育场地设施经营,体育场地设施 经营,体育场地设施;经营,体育场地设施,是,体育场馆,0.95,direct,8,1
91510116MABP4P755Q,成都力赴健身服务有限公司,8930,健身休闲活动,健身 休闲活动,休闲活动;健身,,是,健身休闲,0.75,direct,6,0
91510116MA62U7R558,成都海滨壹号健康管理合伙企业有限合伙,8930,室内健身运动,室内 健身运动,健身运动;室内,,是,健身休闲,0.75,direct,6,0
91510116MACBMBT973,四川尚力人和体育文化传播有限公司,8392,体育运动职业技能培训,体育运动 职业技能 培训,职业技能;体育运动;培训,,是,体育培训,0.75,direct,10,0
91510116MAC7H33N3E,成都市安与蓝健康管理有限公司,8930,健身休闲活动,健身 休闲活动,休闲活动;健身,,是,健身休闲,0.75,direct,6,0
91510116MAC2L7B04F,四川云动悟空体育文化传播有限公司,8392,青少年体育培训,青少年体育 培训,青少年体育;培训,青少年体育,是,体育培训,0.95,direct,7,1
91510122MA6CRTC52E,成都梦兴辰游乐设备有限公司,5242,销售健身器材,销售 健身器材,健身器材;销售,健身器材,是,体育用品,0.95,direct,6,1
91510116MA664GQ396,四川龙动体育文化发展有限公司,5142,运动用品批发,运动用品 批发,运动用品;批发,,是,体育用品,0.75,direct,6,0
9151012277749605XX,艾诺克（成都）机械制造有限公司,2442,生产高尔夫球头,生产 高尔夫球,高尔夫球;生产,高尔夫球,是,体育用品,0.95,direct,7,1
91510116MA68RBQX8H,四川合木普拉提瑜伽健身有限公司,8930,瑜伽运动全民健身活动,瑜伽 运动 全民 健身活动,健身活动;瑜伽;全民;运动,瑜伽,是,健身休闲,0.95,direct,10,1
91510122MA6CN8T196,四川圣源道体育文化传播有限公司,9052,体育赛事,体育赛事,体育赛事,体育赛事,是,体育赛事,0.6,none,4,1
91510122MA69XEXM46,四川皓之海商贸有限公司,5142,体育用品及器材批发,体育用品 器材 批发,体育用品;器材;批发,体育用品,是,体育用品,0.95,direct,9,1
91510100MA6CC2JC9F,成都上川川宇商贸有限公司,5142,麻将机批发,麻将机 批发,麻将机;批发,,是,体育用品,0.75,direct,5,0
91510116MABQ01P29H,成都全满成体育用品销售中心,5142,体育用品批发,体育用品批发,体育用品批发,体育用品批发,是,体育用品,0.95,direct,6,1
91510116MA69UUHE4K,四川历练体育文化传播有限公司,8999,一般项目：组织文化艺术交流活动；体育赛事策划；体育竞赛组织；组织体育表演活动；体验式拓展活动及策划；露营地服务；健身休闲活动；幼儿园外托管服务；礼仪服务；会议及展览服务；人力资源服务（不含职业中介活动、劳务派遣服务）（除依法须经批准的项目外，凭营业执照依法自主开展经营活动）。许可项目：住宿服务（依法须经批准的项目，经相关部门批准后方可开展经营活动，具体经营项目以相关部门批准文件或许可证件为准）。,一般 项目 组织 文化 艺术交流 活动 体育 赛事策划 体育竞赛 组织 组织 体育表演 活动 体验式 拓展 活动 策划 露营地 服务 健身 休闲活动 幼儿园 托管 服务 礼仪 服务 会议 展览 服务 人力资源 服务 职业 中介 活动 劳务 派遣 服务 依法 批准 项目 营业执照 依法 自主 开展 经营 活动 许可 项目 住宿服务 依法 批准 项目 相关 部门 批准 后方 开展 经营 活动 具体 经营项目 相关 部门 批准 文件 许可证 为准,服务;活动;批准;依法;项目;组织;休闲活动;露营地;经营项目;开展,赛事策划;体育竞赛;体育表演,是,体育赛事,0.6,none,199,3
91510116MABQ01KQ3Y,成都如圣行体育用品销售部,5142,体育用品批发,体育用品批发,体育用品批发,体育用品批发,是,体育用品,0.95,direct,6,1
91510116202383871T,成都市西南航空港天鹅渡假村,8930,钓鱼服务,钓鱼 服务,钓鱼;服务,,是,健身休闲,0.75,direct,4,0
91510122MA61T0NE8J,成都昊成科技有限公司,2449,体育用品生产,体育用品 生产,体育用品;生产,体育用品,是,体育用品,0.95,direct,6,1
91510116MA67REKQX4,成都翔搏体育发展有限公司,9052,体育赛事策划,体育 赛事策划,赛事策划;体育,赛事策划,是,体育赛事,0.6,none,6,1
91510122MA6A5NUD45,成都纳家健身服务有限公司,8930,健身服务,健身服务,健身服务,健身服务,是,健身休闲,0.95,direct,4,1
91510116MA697L634C,成都君驰体育发展有限公司,9052,体育赛事策划,体育 赛事策划,赛事策划;体育,赛事策划,是,体育赛事,0.6,none,6,1
91510116MA7MT09M5T,四川神经起源体育文化传播有限公司,8911,篮球运动组织活动,篮球运动 组织 活动,篮球运动;组织;活动,,是,体育管理,0.75,direct,8,0
91510116MADK165U8D,壹兴健身俱乐部（成都）有限公司,8930,健身休闲活动,健身 休闲活动,休闲活动;健身,,是,健身休闲,0.75,direct,6,0
91510116MAD5F9CX85,小游户外旅游（成都）有限责任公司,8930,健身休闲活动,健身 休闲活动,休闲活动;健身,,是,健身休闲,0.75,direct,6,0
91510116MAD80CCR8A,成都齐珑拾多斤健身服务有限公司,8930,健身休闲活动,健身 休闲活动,休闲活动;健身,,是,健身休闲,0.75,direct,6,0
91510116MADEL4JC8F,成都叶清妍健身有限公司,8930,健身休闲活动,健身 休闲活动,休闲活动;健身,,是,健身休闲,0.75,direct,6,0
91510116MACN9TGXXY,成都启奥体育文化发展有限责任公司,8919,体育赛事策划,体育 赛事策划,赛事策划;体育,赛事策划,是,体育赛事,0.95,direct,6,1
91510116MACGRQ6854,成都路驼会体育文化发展有限公司,8919,健身休闲活动,健身 休闲活动,休闲活动;健身,,是,体育管理,0.75,direct,6,0
91510116MACHP5QC8H,成都天翊煜城体育文化发展有限公司,5242,体育用品及器材零售,体育用品 器材 零售,体育用品;器材;零售,体育用品,是,体育用品,0.95,direct,9,1
91510122MA6C4MUF4D,成都乐享品牌体育文化传播有限公司,8930,健身休闲活动,健身 休闲活动,休闲活动;健身,,是,健身休闲,0.75,direct,6,0
91510104MA69EMAY40,成都爱翔起航体育有限公司,7246,体育咨询,体育咨询,体育咨询,体育咨询,是,体育管理,0.6,none,4,1
91510116MABMFU3T7T,成都未来湖人体育俱乐部有限公司,7246,体育咨询,体育咨询,体育咨询,体育咨询,是,体育管理,0.6,none,4,1
91510116MACU29M79J,成都蜕特轻可健身服务有限责任公司,8930,健美健身服务,健美 健身服务,健身服务;健美,健身服务,是,健身休闲,0.95,direct,6,1
91510116MABQG2302B,成都瑞哲博耀体育用品有限公司,5142,体育用品及器材批发,体育用品 器材 批发,体育用品;器材;批发,体育用品,是,体育用品,0.95,direct,9,1
91510122MA6BHE0259,成都瑟诗形体拓展训练有限公司,8930,健身休闲活动,健身 休闲活动,休闲活动;健身,,是,健身休闲,0.75,direct,6,0
91510116MAC9Y5GD4A,成都胜自胜体育文化发展有限公司,8999,其他未列明体育服务,其他 列明 体育服务,体育服务;列明;其他,体育服务,是,体育管理,0.6,none,9,1
91510116MA64G4552P,四川武格搏击文化传播有限公司,8930,搏击健身休闲服务,搏击 健身 休闲 服务,搏击;健身;休闲;服务,,是,健身休闲,0.75,direct,8,0
91510116MAC6JXYY2X,四川梵境体育文化发展有限公司,8930,健身休闲活动,健身 休闲活动,休闲活动;健身,,是,健身休闲,0.75,direct,6,0
91510122MA69U0X189,四川愿泉体育文化传播有限公司,8392,体育培训,体育培训,体育培训,体育培训,是,体育培训,0.95,direct,4,1
91510122MA6CGMM49C,成都右岸蜕特健身服务有限责任公司,8930,健身服务,健身服务,健身服务,健身服务,是,健身休闲,0.95,direct,4,1
91510116MABQ017P2N,成都飞登玖万体育场馆管理有限公司,8930,健身休闲活动,健身 休闲活动,休闲活动;健身,,是,健身休闲,0.75,direct,6,0
91510116MABWB6HQ37,成都银狼搏击俱乐部有限公司,8930,健身休闲活动,健身 休闲活动,休闲活动;健身,,是,健身休闲,0.75,direct,6,0
91510116MACRCUW98K,道乐弛阔瑜伽健身成都有限公司,8930,瑜伽健身,瑜伽 健身,瑜伽;健身,瑜伽,是,健身休闲,0.95,direct,4,1
91510116MA69W5T17B,成都文野青云健身服务有限责任公司,8930,健身休闲活动,健身 休闲活动,休闲活动;健身,,是,健身休闲,0.75,direct,6,0
91510116MAC6QY279J,成都宏宏体育文化传播有限公司,8911,体育竞赛组织,体育竞赛 组织,体育竞赛;组织,体育竞赛,是,体育赛事,0.95,direct,6,1
91510104MA63DR961X,成都拓毅体育文化传播有限公司,8930,跆拳道健身,跆拳道 健身,跆拳道;健身,跆拳道,是,健身休闲,0.95,direct,5,1
91510116MAC49E3762,成都双鑫盛体育俱乐部有限公司,8930,健身休闲活动,健身 休闲活动,休闲活动;健身,,是,健身休闲,0.75,direct,6,0
91510100MA63AR6G8U,成都劳伦斯体育文化传播有限公司,8911,体育竞赛组织,体育竞赛 组织,体育竞赛;组织,体育竞赛,是,体育赛事,0.95,direct,6,1
91510116MACQC5BJ7P,成都羽立杰体育发展有限公司,8392,体校及体育培训,体校 体育培训,体育培训;体校,体育培训,是,体育培训,0.95,direct,7,1
91510116MA6B3WHBXG,成都聚星协和体育文化发展有限公司,8919,其他体育组织,其他 体育组织,体育组织;其他,体育组织,是,体育管理,0.95,direct,6,1
91510116MA6BJH9720,成都城南羽宸羽毛球俱乐部有限公司,8999,其他未列明体育服务,其他 列明 体育服务,体育服务;列明;其他,体育服务,是,体育管理,0.6,none,9,1
91510116MAC8MKA39A,四川儒香情文化传媒有限公司,8999,其他未列明体育服务,其他 列明 体育服务,体育服务;列明;其他,体育服务,是,体育管理,0.6,none,9,1
91510116MABMEUH116,四川兴动锐成体育文化传播有限公司,8392,成人体育培训,成人 体育培训,体育培训;成人,体育培训,是,体育培训,0.95,direct,6,1
91510116MA6A8XU365,成都哈泊妮致远游泳俱乐部有限责任公司,8392,儿童游泳教育服务,儿童 游泳 教育 服务,游泳;儿童;教育;服务,游泳,是,健身休闲,0.95,direct,8,1
91510116MA644APK3X,成都弘德至善体育发展有限公司,5242,体育用品及器材零售,体育用品 器材 零售,体育用品;器材;零售,体育用品,是,体育用品,0.95,direct,9,1
91510116MA7GDCTR3E,成都博玥棋艺体育文化发展有限公司,7246,体育咨询,体育咨询,体育咨询,体育咨询,是,体育管理,0.6,none,4,1
91510108MABTH3EQ6G,四川省仲谊体育文化发展有限公司,9052,体育表演服务,体育表演 服务,体育表演;服务,体育表演,是,体育赛事,0.6,none,6,1
91510116MAC3UCFN1G,成都漾美娜体育文化发展有限公司,8930,瑜伽健身,瑜伽 健身,瑜伽;健身,瑜伽,是,健身休闲,0.95,direct,4,1
91510116MA64U7TRX2,四川菩瑞拉体育文化有限公司,8930,瑜伽健身,瑜伽 健身,瑜伽;健身,瑜伽,是,健身休闲,0.95,direct,4,1
91510116MACHULY36F,成都跳投体育文化发展有限公司,8919,其他体育组织,其他 体育组织,体育组织;其他,体育组织,是,体育管理,0.95,direct,6,1
91510116MABQGPFCX7,成都文野怡心健身服务有限公司,8930,健身房健身活动,健身房 健身活动,健身活动;健身房,健身房,是,健身休闲,0.95,direct,7,1
91510122MA62PT4867,成都牧华健身服务有限责任公司,8930,健身休闲活动,健身 休闲活动,休闲活动;健身,,是,健身休闲,0.75,direct,6,0
91510116MACBD2YD82,成都梯递健身服务有限公司,8930,健身休闲活动,健身 休闲活动,休闲活动;健身,,是,健身休闲,0.75,direct,6,0
91510116MACCQ7NL9T,成都勇奕虎星体育发展有限责任公司,8921,体育场馆管理,体育场馆 管理,体育场馆;管理,体育场馆,是,体育场馆,0.95,direct,6,1
91510116MABPHKM23N,成都力承之域体育文化发展有限公司,8919,体育服务,体育服务,体育服务,体育服务,是,体育管理,0.95,direct,4,1
91510108066977965C,四川省众星体育设施有限公司,5242,销售健身设备,销售 健身 设备,健身;设备;销售,,是,体育用品,0.75,direct,6,0
91510122MA68JCFFXP,成都市双流区博美艺术培训学校有限公司,8930,形体健身服务,形体 健身服务,健身服务;形体,健身服务,是,健身休闲,0.95,direct,6,1
91510116MA63DENKXQ,四川启鸿户外体育设施工程有限公司,5142,体育用品及器材批发,体育用品 器材 批发,体育用品;器材;批发,体育用品,是,体育用品,0.95,direct,9,1
92510122MA6CC32489,成都深度健身有限公司,8930,健身休闲活动服务,健身 休闲活动 服务,休闲活动;健身;服务,,是,健身休闲,0.75,direct,8,0
91510100MAC7F8AA4B,成都和境马术文化传播有限责任公司,8911,体育竞技,体育竞技,体育竞技,,是,体育管理,0.75,direct,4,0
91510116MA6A5FHG47,成都立新引航拓展训练有限公司,8930,健身辅导,健身 辅导,辅导;健身,,是,健身休闲,0.75,direct,4,0
91510116MA7M3MFR2D,成都有点印象互动娱乐有限公司,8930,健身休闲活动,健身 休闲活动,休闲活动;健身,,是,健身休闲,0.75,direct,6,0
91510116MA6702M77H,成都景江印象茶文化传播有限公司,8930,食品销售棋牌室服务,食品 销售 棋牌室 服务,棋牌室;食品;服务;销售,,是,健身休闲,0.75,direct,9,0
91510116MAC2WUWK42,成都鲭鸿鲤体育发展有限公司,8930,健身休闲活动,健身 休闲活动,休闲活动;健身,,是,健身休闲,0.75,direct,6,0
91510107MA6AXLCU69,成都欢城体育有限公司,8930,健身服务,健身服务,健身服务,健身服务,是,健身休闲,0.95,direct,4,1
91510122782687205H,成都牧笛高尔夫球场管理有限公司,8930,休闲健身娱乐活动,休闲 健身 娱乐活动,娱乐活动;健身;休闲,,是,健身休闲,0.75,direct,8,0
91510116MABQ3UHK08,成都鑫橙曦健身有限公司,8930,健身休闲活动,健身 休闲活动,休闲活动;健身,,是,健身休闲,0.75,direct,6,0
91510116MA6BEKJ85W,成都七英里体育文化传播有限公司,8919,组织策划体育赛事活动,组织 策划 体育赛事 活动,体育赛事;策划;组织;活动,体育赛事,是,体育赛事,0.95,direct,10,1
91510116MAC7CKQW2M,成都青禾启卓拓展训练有限公司,8930,体验式拓展活动,体验式 拓展 活动,体验式;拓展;活动,,是,健身休闲,0.75,direct,7,0
91510122MA66YWUQXG,四川军威武健身服务有限公司,8930,健身服务,健身服务,健身服务,健身服务,是,健身休闲,0.95,direct,4,1
91510122202385332H,四川国际高尔夫俱乐部有限公司,8930,国际高尔夫俱乐部经营管理,国际 高尔夫 俱乐部 经营 管理,高尔夫;俱乐部;经营;管理;国际,高尔夫,是,健身休闲,0.95,direct,12,1
91510116MA63317L62,四川酷尚户外运动有限公司,8930,山地户外运动,山地 户外运动,户外运动;山地,户外运动,是,健身休闲,0.95,direct,6,1
91510100MA69WWC394,成都孤狼户外运动有限公司,8911,体育竞赛组织,体育竞赛 组织,体育竞赛;组织,体育竞赛,是,体育赛事,0.95,direct,6,1
91510124MAACPC2752,成都言初心健身服务有限责任公司,8930,体育健身服务,体育 健身服务,健身服务;体育,健身服务,是,健身休闲,0.95,direct,6,1
91510124MA64F67JXD,成都八沐国术文化传播有限公司,8392,儿童跆拳道培训,儿童 跆拳道培训,跆拳道培训;儿童,跆拳道培训,是,体育培训,0.95,direct,7,1
91510124MACUC7KE2A,四川巴蜀言初心健身管理有限公司,8930,健身活动,健身活动,健身活动,,是,健身休闲,0.75,direct,4,0
91510124MA6C9R4C5B,成都广和英豪文化传播有限公司,8392,武术培训,武术培训,武术培训,武术培训,是,体育培训,0.95,direct,4,1
91510124MA62MKJG6R,成都乾坤唯健会健身服务有限公司,8930,休闲健身,休闲 健身,健身;休闲,,是,健身休闲,0.75,direct,4,0
91510124MA6ATLT58L,成都市蜀都比高体育文化发展有限公司,8912,体育保障组织,体育 保障 组织,体育;保障;组织,,是,体育管理,0.75,direct,6,0
91510124MA7H2XQB19,四川星领航体育文化发展有限公司,8911,体育竞赛活动,体育竞赛 活动,体育竞赛;活动,体育竞赛,是,体育赛事,0.95,direct,6,1
91510124MACFUPQR0L,成都上舞比克体育俱乐部有限公司,8930,健身休闲活动,健身 休闲活动,休闲活动;健身,,是,健身休闲,0.75,direct,6,0
91510124MAC4G6JT4K,成都市周浩浩文化传媒有限公司,8919,其他体育组织网络主播,其他 体育组织 网络 主播,体育组织;主播;网络;其他,体育组织,是,体育管理,0.95,direct,10,1
91510124MACTCNPN0W,成都星领航乒乓球俱乐部有限公司,8911,体育赛事组织,体育赛事 组织,体育赛事;组织,体育赛事,是,体育赛事,0.95,direct,6,1
91510124MACQ5N3CXF,四川驰源体育场馆管理有限公司,8930,游泳池,游泳池,游泳池,游泳池,是,健身休闲,0.95,direct,3,1
91510124MABPF9XL81,成都市破晓承浪体育有限公司,8930,高危险性体育运动游泳,危险性 体育运动 游泳,危险性;体育运动;游泳,游泳,是,健身休闲,0.95,direct,10,1
915101243320781468,成都校园起点体育俱乐部有限公司,8392,体育项目培训,体育项目 培训,体育项目;培训,,是,体育培训,0.75,direct,6,0
91510124MAC5KNP395,成都拳明格斗体育文化传播有限公司,8392,格斗培训,格斗 培训,格斗;培训,,是,体育培训,0.75,direct,4,0
91510124MA69MBLR04,成都盛禾体育场馆管理有限公司,8930,健身游泳服务,健身 游泳 服务,健身;游泳;服务,游泳,是,健身休闲,0.95,direct,6,1
91510124MAD0NR7F7N,四川轩月体育文化发展有限公司,8392,体育活动培训服务,体育 活动 培训 服务,体育;培训;服务;活动,,是,体育培训,0.75,direct,8,0
91510124MACA8UA661,成都市几又体育文化传播有限公司,8911,体育活动宣传服务,体育 活动 宣传 服务,体育;宣传;服务;活动,,是,体育管理,0.75,direct,8,0
9151012405746202X0,成都誉诚休闲健身俱乐部有限公司,8930,健身服务,健身服务,健身服务,健身服务,是,健身休闲,0.95,direct,4,1
91510124MA6AE3FB7H,成都新领跑体育文化传播有限公司,5242,零售体育用品,零售 体育用品,体育用品;零售,体育用品,是,体育用品,0.95,direct,6,1
91510124MA7NB8HX0U,成都终爵娱乐有限公司,8912,游艺娱乐活动,游艺 娱乐活动,游艺;娱乐活动,,是,体育管理,0.75,direct,6,0
91510124MAC2MA4W5P,四川寿平户外用品有限公司,8930,休闲健身服务,休闲 健身服务,健身服务;休闲,健身服务,是,健身休闲,0.95,direct,6,1
91510124MA64M5H54J,四川省健乐者体育发展有限公司,8911,体育赛事规划,体育赛事 规划,体育赛事;规划,体育赛事,是,体育赛事,0.95,direct,6,1
91510105MA64TDK7XD,成都新羿星体育场馆管理有限责任公司,8921,体育场馆管理,体育场馆 管理,体育场馆;管理,体育场馆,是,体育场馆,0.95,direct,6,1
91510124MA62P3D74R,郫县蜀昕体育文化有限公司,8392,篮球教育,篮球 教育,篮球;教育,篮球,是,体育用品,0.95,direct,4,1
91510124MAD1T7FL6M,成都阿强光电科技有限公司,5242,体育用品零售,体育用品零售,体育用品零售,体育用品零售,是,体育用品,0.95,direct,6,1
91510124MA64TBMF2F,成都闫谨健身服务有限责任公司,8930,体育健身服务,体育 健身服务,健身服务;体育,健身服务,是,健身休闲,0.95,direct,6,1
91510124MAC4ULL07P,成都贴地飞行体育文化传播有限公司,9052,体育赛事策划,体育 赛事策划,赛事策划;体育,赛事策划,是,体育赛事,0.6,none,6,1
91510124MABMLB175B,成都及第体育文化传播有限公司,8921,体育场地设施经营,体育场地设施 经营,体育场地设施;经营,体育场地设施,是,体育场馆,0.95,direct,8,1
91510124MABPKWB9XQ,四川省飞匠钓具有限公司,5242,渔具零售,渔具 零售,渔具;零售,渔具,是,体育用品,0.95,direct,4,1
915101246936559819,成都奥图科教设备有限公司,5142,体育器材批发,体育器材 批发,体育器材;批发,体育器材,是,体育用品,0.95,direct,6,1
91510124MA6B6PDF46,成都费洛拉健康管理咨询有限公司,8392,瑜伽培训,瑜伽 培训,瑜伽;培训,瑜伽,是,健身休闲,0.95,direct,4,1
91510124MA6APTW65U,成都振威国术体育文化传播有限公司,8392,少儿武术培训,少儿 武术培训,武术培训;少儿,武术培训,是,体育培训,0.95,direct,6,1
91510124MA6CUY9B2W,成都市四季里体育文化有限公司,8930,休闲健身活动,休闲 健身活动,健身活动;休闲,,是,健身休闲,0.75,direct,6,0
92510124MAACHWTE5K,成都市郫都区零陆壹捌体育文化传播有限公司,8930,健身服务,健身服务,健身服务,健身服务,是,健身休闲,0.95,direct,4,1
91510124MA67FXE21U,成都酷猫体育俱乐部有限公司,8930,运动健身服务,运动 健身服务,健身服务;运动,健身服务,是,健身休闲,0.95,direct,6,1
91510100396723482L,成都德议健身服务有限公司,8930,健身服务,健身服务,健身服务,健身服务,是,健身休闲,0.95,direct,4,1
91510124MABPTDW23B,四川川体科技有限公司,8912,体育场地设施服务,体育场地设施 服务,体育场地设施;服务,体育场地设施,是,体育场馆,0.95,direct,8,1
91510124MA61WHTA66,四川南沐文化传播有限公司,8930,台球室娱乐,台球室 娱乐,台球室;娱乐,,是,健身休闲,0.75,direct,5,0
91510124MA6C79TL8N,四川野火健身服务有限公司,8930,健身服务,健身服务,健身服务,健身服务,是,健身休闲,0.95,direct,4,1
91510124MA68J4U433,成都洛奇体育运动有限公司,8392,自由搏击培训,自由 搏击 培训,搏击;培训;自由,,是,体育培训,0.75,direct,6,0
91510124MA6DFC7H8X,成都威玖捌健身服务有限公司,8930,科学健身指导服务,科学 健身 指导 服务,健身;指导;科学;服务,,是,健身休闲,0.75,direct,8,0
91510124MA6BD6R828,成都维雅健身服务有限公司,8930,健身服务,健身服务,健身服务,健身服务,是,健身休闲,0.95,direct,4,1
91510124MAC4N10T84,成都一拳制胜体育文化传播有限公司,8392,少儿拳击培训,少儿 拳击 培训,拳击;少儿;培训,,是,体育培训,0.75,direct,6,0
91510124MAC6EKB13J,中际成投成都建设有限公司,4892,体育设施设备施工,体育设施 设备 施工,体育设施;施工;设备,体育设施,是,体育场馆,0.95,direct,8,1
91510124MAACQJ691H,成都市熊熊青枝健身服务有限公司,8930,健身休闲服务,健身 休闲 服务,健身;休闲;服务,,是,健身休闲,0.75,direct,6,0
91510124MA6CGBPU08,成都乾坤享健会健身服务有限公司,8930,室内休闲健身服务,室内 休闲 健身服务,健身服务;休闲;室内,健身服务,是,健身休闲,0.95,direct,8,1
91510124MACA0P8H66,成都武艺堂文化传播有限公司,8392,武术课程教育,武术 课程 教育,武术;课程;教育,武术,是,健身休闲,0.95,direct,6,1
91510124MA6CNLTU1U,成都根根体育文化有限公司,8392,体育运动培训,体育运动 培训,体育运动;培训,,是,体育培训,0.75,direct,6,0
91510124MABR5BXC7U,四川在路上体育场馆管理有限公司,8921,体育场地设施经营,体育场地设施 经营,体育场地设施;经营,体育场地设施,是,体育场馆,0.95,direct,8,1
91510124MACYLR5XXM,成都市大波浪娱乐有限公司,8930,台球服务,台球 服务,台球;服务,台球,是,健身休闲,0.95,direct,4,1
91510124MAC3UPP53L,即刻启能健身成都有限责任公司,8930,健身服务,健身服务,健身服务,健身服务,是,健身休闲,0.95,direct,4,1
91510124MABWC63M7B,成都黑虎搏击俱乐部有限公司,8392,搏击培训,搏击 培训,搏击;培训,,是,体育培训,0.75,direct,4,0
91510124MAC0JJAB8Y,成都星灵猫体育文化推广有限公司,8911,体育赛事举办,体育赛事 举办,体育赛事;举办,体育赛事,是,体育赛事,0.95,direct,6,1
915101243319492109,成都蜀之都足球俱乐部有限公司,8929,室外人工体育场所服务,室外 人工 体育场 服务,体育场;室外;人工;服务,体育场,是,体育场馆,0.95,direct,10,1
91510124MA6BJPN06W,成都鹰力健身管理有限责任公司,8930,健身服务,健身服务,健身服务,健身服务,是,健身休闲,0.95,direct,4,1
91510124MA65LUWX2D,成都乐动康成体育有限公司,7246,体育咨询,体育咨询,体育咨询,体育咨询,是,体育管理,0.6,none,4,1
91510124MAD3ATAHX0,成都维刻健身有限公司,8930,健身运动,健身运动,健身运动,,是,健身休闲,0.75,direct,4,0
91510124MA64GETE6F,成都三合珈健身管理有限公司,8930,健身休闲活动,健身 休闲活动,休闲活动;健身,,是,健身休闲,0.75,direct,6,0
91510124MA63E9PX05,成都铂金荟享健身服务有限公司,8930,健身服务,健身服务,健身服务,健身服务,是,健身休闲,0.95,direct,4,1
91510124MAD2G6KH2T,成都搞个舞房文化传媒有限公司,8930,舞蹈建身,舞蹈 建身,建身;舞蹈,,是,健身休闲,0.75,direct,4,0
91510124MA6BJCTGXU,成都朗驿健身服务有限公司,8930,健身服务,健身服务,健身服务,健身服务,是,健身休闲,0.95,direct,4,1
91510124MABM1NFD7K,四川海纳体育设施有限公司,5142,体育用品及器材批发,体育用品 器材 批发,体育用品;器材;批发,体育用品,是,体育用品,0.95,direct,9,1
91510124MA6BC88H51,成都大力体育发展有限公司,5142,体育用品及器材批发,体育用品 器材 批发,体育用品;器材;批发,体育用品,是,体育用品,0.95,direct,9,1
91510124MA68PW885M,成都聆朗教育咨询有限公司,8392,体育类培训,体育类 培训,体育类;培训,,是,体育培训,0.75,direct,5,0
91510124MAC1LYHK9T,成都思一健身服务有限公司,8930,健身休闲,健身 休闲,健身;休闲,,是,健身休闲,0.75,direct,4,0
91510124MA7M5CMK3D,成都律动铁馆健身服务有限公司,8930,健身服务,健身服务,健身服务,健身服务,是,健身休闲,0.95,direct,4,1
91510124MA6A079706,成都比汗体育文化传媒有限公司,8930,休闲健身服务,休闲 健身服务,健身服务;休闲,健身服务,是,健身休闲,0.95,direct,6,1
91510124MA62LBC190,成都威斯特普拉斯健身服务有限公司,8930,健身服务,健身服务,健身服务,健身服务,是,健身休闲,0.95,direct,4,1
91510124MACHUNA55X,成都悦动水花体育文化传播有限公司,8911,体育训练营,体育 训练营,训练营;体育,,是,体育管理,0.75,direct,5,0
91510124MACX7F8Y74,成都向上登峰体育发展有限公司,8930,体育运动,体育运动,体育运动,,是,健身休闲,0.75,direct,4,0
91510124MAD2HCY47E,成都市李让三分体育文化发展有限公司,8930,健身俱乐部,健身俱乐部,健身俱乐部,健身俱乐部,是,健身休闲,0.95,direct,5,1
91510124MACB2J1C67,成都曦之元瑜伽健身有限公司,8930,健身服务,健身服务,健身服务,健身服务,是,健身休闲,0.95,direct,4,1
91510106MACJGJ3982,四川开杆体育俱乐部有限公司,8930,台球服务,台球 服务,台球;服务,台球,是,健身休闲,0.95,direct,4,1
91510124MABXT4081T,四川亚设体育设施有限公司,5242,体育用品零售,体育用品零售,体育用品零售,体育用品零售,是,体育用品,0.95,direct,6,1
91510124MAC9GUPEXM,成都迦禾体育文化传播有限公司,8392,体育教学,体育 教学,体育;教学,,是,体育培训,0.75,direct,4,0
91510124MA61UH9D2L,成都威尔逊素质拓展训练有限公司,8930,休闲健身活动,休闲 健身活动,健身活动;休闲,,是,健身休闲,0.75,direct,6,0
91510124MAE40DEG1C,成都甄功夫体育发展有限公司,8999,体育竞赛组织,体育竞赛 组织,体育竞赛;组织,体育竞赛,是,体育赛事,0.6,none,6,1
91510124MA7H477X0Q,成都唐人骄子体育文化发展有限责任公司,8911,体育竞赛组织,体育竞赛 组织,体育竞赛;组织,体育竞赛,是,体育赛事,0.95,direct,6,1
91510124MA6AFCXK5U,成都超级美天健身服务有限公司,8930,健身休闲活动,健身 休闲活动,休闲活动;健身,,是,健身休闲,0.75,direct,6,0
91510124MABPCHLJ0M,成都畅享悦动文化传播有限公司,9052,体育赛事策划策划,体育 赛事策划 策划,赛事策划;策划;体育,赛事策划,是,体育赛事,0.6,none,8,1
91510124MA6445CR47,成都诺诚斯特体育文化传播有限公司,8930,健身服务,健身服务,健身服务,健身服务,是,健身休闲,0.95,direct,4,1
91510124MAC0XXC56J,成都搏威体育文化传播有限责任公司,8392,武术培训,武术培训,武术培训,武术培训,是,体育培训,0.95,direct,4,1
9151010039448617X6,成都梦渡户外运动有限责任公司,8919,体育户外活动,体育 户外活动,户外活动;体育,,是,体育管理,0.75,direct,6,0
91510124MA7K4AHY3N,成都市鸣人蓝球体育文化传播有限公司,8392,篮球培训,篮球培训,篮球培训,篮球培训,是,体育培训,0.95,direct,4,1
91510124MA6AC7W99W,成都大老虎健身服务有限公司,8930,健身服务,健身服务,健身服务,健身服务,是,健身休闲,0.95,direct,4,1
91510124MAC2FFF68E,四川东森林优体体育文化发展有限公司,8392,培训体育,培训 体育,体育;培训,,是,体育培训,0.75,direct,4,0
91510124MACA20H23R,成都破茧营地健康咨询有限公司,8930,健身服务,健身服务,健身服务,健身服务,是,健身休闲,0.95,direct,4,1
91510124MA687KLQ4A,成都市精鹰会健身服务有限公司,8930,健身活动,健身活动,健身活动,,是,健身休闲,0.75,direct,4,0
91510124MA65UY5W2M,贝比康体育场馆管理（成都）有限责任公司,8921,体育场地设施经营,体育场地设施 经营,体育场地设施;经营,体育场地设施,是,体育场馆,0.95,direct,8,1
91510124MACYMQXU65,成都橡树湾黑虎搏击俱乐部有限公司,8921,体育场地设施经营,体育场地设施 经营,体育场地设施;经营,体育场地设施,是,体育场馆,0.95,direct,8,1
91510124MACYBJEC91,成都婵汐瑜伽健身有限公司,8930,健身服务,健身服务,健身服务,健身服务,是,健身休闲,0.95,direct,4,1
91510124MAD0A1N63U,成都泉闵商贸有限公司,5142,体育用品批发,体育用品批发,体育用品批发,体育用品批发,是,体育用品,0.95,direct,6,1
91510124MACKHTKP0Q,成都市雅宾利体育用品销售有限公司,8930,游泳服务,游泳 服务,游泳;服务,游泳,是,健身休闲,0.95,direct,4,1
915101243943882541,四川昌昌体育用品有限公司,5242,体育用品零售,体育用品零售,体育用品零售,体育用品零售,是,体育用品,0.95,direct,6,1
91510124MAC3T6QW3F,成都朗力萌动体育文化发展有限公司,8911,体育竞赛组织,体育竞赛 组织,体育竞赛;组织,体育竞赛,是,体育赛事,0.95,direct,6,1
91510124MAACL7D96A,成都力建健身服务有限公司,8930,健身休闲活动,健身 休闲活动,休闲活动;健身,,是,健身休闲,0.75,direct,6,0
91510124MA7K1AFG72,成都壹乾健身服务有限公司,8930,健身休闲活动,健身 休闲活动,休闲活动;健身,,是,健身休闲,0.75,direct,6,0
91510124MA69UP067R,成都享瘦空间体育文化传播有限公司,8930,文化体育和娱乐,文化 体育 娱乐,体育;娱乐;文化,,是,健身休闲,0.75,direct,7,0
91510124MA7HTNCF5W,成都市四幺七舞蹈健身有限公司,8930,健身休闲活动,健身 休闲活动,休闲活动;健身,,是,健身休闲,0.75,direct,6,0
91510124MABQQ5911H,成都旭辉健身服务有限公司,8930,健身休闲活动,健身 休闲活动,休闲活动;健身,,是,健身休闲,0.75,direct,6,0
91510124396912566K,成都派菲特体育文化传播有限公司,5242,体育用品零售,体育用品零售,体育用品零售,体育用品零售,是,体育用品,0.95,direct,6,1
91510124MAD2G2U9XN,成都新征程体育发展有限公司,8392,篮球培训服务,篮球培训 服务,篮球培训;服务,篮球培训,是,体育培训,0.95,direct,6,1
91510124572253097B,四川日东农业技术有限公司,8930,休闲健身活动,休闲 健身活动,健身活动;休闲,,是,健身休闲,0.75,direct,6,0
91510124MA6BUXXP6D,成都涵雅健身服务有限公司,8930,健身休闲活动,健身 休闲活动,休闲活动;健身,,是,健身休闲,0.75,direct,6,0
91510124MABYTM2762,成都讯升体育发展有限公司,8392,篮球培训,篮球培训,篮球培训,篮球培训,是,体育培训,0.95,direct,4,1
91510124MA68KC2J5B,成都哲宇体育有限公司,8930,健身休闲活动,健身 休闲活动,休闲活动;健身,,是,健身休闲,0.75,direct,6,0
91510124MAE4PDWU7U,成都童跃坊体育发展有限公司,9052,体育表演活动,体育表演 活动,体育表演;活动,体育表演,是,体育赛事,0.6,none,6,1
91510124MAC7116E6Q,成都牧尼户外用品有限公司,5242,户外用品零售,户外用品 零售,户外用品;零售,,是,体育用品,0.75,direct,6,0
91510124MAAGY8PG7C,成都酷漫总动员文化传播有限公司,8930,健身休闲活动,健身 休闲活动,休闲活动;健身,,是,健身休闲,0.75,direct,6,0
91510124MABTWHA08N,成都漾昂健身服务有限公司,8930,健身休闲活动,健身 休闲活动,休闲活动;健身,,是,健身休闲,0.75,direct,6,0
91510124MACJU4R880,成都逐梦星成体育文化传播有限公司,8392,篮球培训,篮球培训,篮球培训,篮球培训,是,体育培训,0.95,direct,4,1
91510124MA6A4WBN44,四川蜀之篮体育文化发展有限公司,8392,篮球培训活动,篮球培训 活动,篮球培训;活动,篮球培训,是,体育培训,0.95,direct,6,1
91510124MAC4J8KX5D,四川智高云筑建设工程有限公司,8921,修建体育场所,修建 体育场,体育场;修建,体育场,是,体育场馆,0.95,direct,6,1
91510124MA6CUU7764,四川开瑞体育设施工程有限公司,4892,体育场地设施施工,体育场地设施 施工,体育场地设施;施工,体育场地设施,是,体育场馆,0.95,direct,8,1
91510124MABPP9T13T,成都古三见体育发展有限公司,9052,体育赛事策划,体育 赛事策划,赛事策划;体育,赛事策划,是,体育赛事,0.6,none,6,1
91510106MA69U1JT0X,成都杰冠体育文化传播有限公司,8911,体育竞赛组织,体育竞赛 组织,体育竞赛;组织,体育竞赛,是,体育赛事,0.95,direct,6,1
91510124MA69XMNY0T,成都星启航体育文化传播有限责任公司,9052,体育赛事组织,体育赛事 组织,体育赛事;组织,体育赛事,是,体育赛事,0.6,none,6,1
91510124MACHHJRP5B,成都曾十二健身服务有限公司,8930,健身休闲服务,健身 休闲 服务,健身;休闲;服务,,是,健身休闲,0.75,direct,6,0
91510124MA6CQE2J71,成都枫叶快乐徒步健身俱乐部有限公司,9052,体育组织活动,体育组织 活动,体育组织;活动,体育组织,是,体育管理,0.6,none,6,1
91510107MA6CFUE1XC,成都心方向教育咨询有限公司,8930,体能拓展训练服务,体能 拓展 训练 服务,体能;拓展;训练;服务,,是,健身休闲,0.75,direct,8,0
91510124MA7MKTT02L,成都穿山甲健身服务有限公司,8930,健身休闲活动服务,健身 休闲活动 服务,休闲活动;健身;服务,,是,健身休闲,0.75,direct,8,0
91510124MACCDG0Q7A,成都木光瑜伽健身有限公司,8930,健身休闲活动,健身 休闲活动,休闲活动;健身,,是,健身休闲,0.75,direct,6,0
91510124MA7MHN2B8X,成都猫山王体育俱乐部有限公司,8911,体育竞赛组织,体育竞赛 组织,体育竞赛;组织,体育竞赛,是,体育赛事,0.95,direct,6,1
91510124MA68A2JN49,成都木马安夏体育文化有限公司,8911,体育项目组织服务,体育项目 组织 服务,体育项目;服务;组织,,是,体育管理,0.75,direct,8,0
91510124MA6CX7JM99,成都金良健身服务有限公司,8930,健身休闲服务,健身 休闲 服务,健身;休闲;服务,,是,健身休闲,0.75,direct,6,0
91510124MA7JNLRYXM,成都斯轲普健身有限责任公司,8930,健身运动,健身运动,健身运动,,是,健身休闲,0.75,direct,4,0
91510124MA64MQF83G,成都童年时光机体育文化传播有限公司,8930,儿童健身咨询,儿童 健身 咨询,健身;儿童;咨询,,是,健身休闲,0.75,direct,6,0
91510124MACEPYC901,成都市海友犀利体育文化传播有限公司,8392,体育培训服务,体育培训 服务,体育培训;服务,体育培训,是,体育培训,0.95,direct,6,1
91510124MA61RX3B51,成都厚普健身服务有限公司,8930,休闲健身服务,休闲 健身服务,健身服务;休闲,健身服务,是,健身休闲,0.95,direct,6,1
91510124MA6857R70J,成都久久健身服务有限公司,8930,休闲健身服务,休闲 健身服务,健身服务;休闲,健身服务,是,健身休闲,0.95,direct,6,1
91510124MAC12RC00F,成都竟岩体育文化发展有限公司,5242,体育用品及器材零售,体育用品 器材 零售,体育用品;器材;零售,体育用品,是,体育用品,0.95,direct,9,1
91510124MA65MAEF19,成都胖达六六体育文化传播有限公司,8921,体育场地设施经营,体育场地设施 经营,体育场地设施;经营,体育场地设施,是,体育场馆,0.95,direct,8,1
92510124MA67XQ1P6C,成都市郫都区智宝乐乐园,8912,游艺娱乐活动,游艺 娱乐活动,游艺;娱乐活动,,是,体育管理,0.75,direct,6,0
91510124MA64R91Y8R,成都洛夫特健身服务有限公司,8930,健身中心,健身中心,健身中心,健身中心,是,健身休闲,0.95,direct,4,1
91510124MA63HC1E7B,成都泳乐美健身服务有限公司,8930,健身服务,健身服务,健身服务,健身服务,是,健身休闲,0.95,direct,4,1
91510124MA65LTCM23,四川蓉武堂体育文化传播有限公司,8930,休闲体育活动,休闲体育 活动,休闲体育;活动,休闲体育,是,健身休闲,0.95,direct,6,1
91510124MA6519T827,四川伟辰体育用品有限公司,5242,体育用品及器材零售,体育用品 器材 零售,体育用品;器材;零售,体育用品,是,体育用品,0.95,direct,9,1
91510124MAE5QTKQ81,成都蜀都捌零玖零体育文化发展有限公司,8919,体育活动策划,体育 活动 策划,策划;体育;活动,,是,体育管理,0.75,direct,6,0
91510124MACCPEN35A,四川桉鑫体育发展有限责任公司,8921,体育场地设施管理,体育场地设施 管理,体育场地设施;管理,体育场地设施,是,体育场馆,0.95,direct,8,1
91510124MA67NTQ47R,四川一健成名体育科技有限公司,8930,健身咨询,健身 咨询,健身;咨询,,是,健身休闲,0.75,direct,4,0
91510124MA64PBKW7R,成都科马闻香体育文化发展有限公司,8919,体育类社会服务,体育类 社会 服务,体育类;服务;社会,,是,体育管理,0.75,direct,7,0
91510124MA69JYWY45,成都市禹苗体育文化发展有限责任公司,8392,足球训练,足球 训练,足球;训练,足球,是,体育用品,0.95,direct,4,1
91510124MA6704TC87,成都冶建绿道建设有限公司,4892,绿道打造施工,绿道 打造 施工,绿道;施工;打造,,是,体育场馆,0.75,direct,6,0
91510114MA6AP5B667,成都吉鲤部落渔具有限公司,5142,渔具批发,渔具 批发,渔具;批发,渔具,是,体育用品,0.95,direct,4,1
91130926MA0E4LML0D,石家庄印睿商贸有限公司,5142,渔具批发,渔具 批发,渔具;批发,渔具,是,体育用品,0.95,direct,4,1
91510124MAAGXWF530,成都市郫都区贝贝果果体育用品销售门市部,5242,体育用品零售,体育用品零售,体育用品零售,体育用品零售,是,体育用品,0.95,direct,6,1
9111000034423285XQ,成都天府宽窄文化传播有限公司,8911,体育赛事策划,体育 赛事策划,赛事策划;体育,赛事策划,是,体育赛事,0.95,direct,6,1
91510124MA64C3N284,成都豪乐康体育文化传播有限公司,8930,休闲健身活动,休闲 健身活动,健身活动;休闲,,是,健身休闲,0.75,direct,6,0
91510124MA7MKHUKXG,成都市郫都区魅力优博体育文化发展有限公司,8930,健身服务,健身服务,健身服务,健身服务,是,健身休闲,0.95,direct,4,1
91510124792195829D,成都市郫都区佳龙电子竞技俱乐部,8930,健身营销活动,健身 营销 活动,健身;营销;活动,,是,健身休闲,0.75,direct,6,0
91510124MA6B5EYF2P,四川水龙吟文化传播有限公司,8392,体育培训,体育培训,体育培训,体育培训,是,体育培训,0.95,direct,4,1
91510124MA6AFYME6E,成都型动健身服务有限公司,8930,健身休闲服务,健身 休闲 服务,健身;休闲;服务,,是,健身休闲,0.75,direct,6,0
91510124MACR2A255W,成都一起型动健身管理有限公司,8930,健身活动,健身活动,健身活动,,是,健身休闲,0.75,direct,4,0
91510124MA6CD30Q0H,乐翻了体育文化成都有限公司,8930,健身休闲活动,健身 休闲活动,休闲活动;健身,,是,健身休闲,0.75,direct,6,0
91510124MAC5P30D43,四川拳武格斗体育文化传播有限公司,8392,拳击格斗培训服务,拳击 格斗 培训 服务,拳击;格斗;培训;服务,,是,体育培训,0.75,direct,8,0
91510106MA6C5W9K4G,成都狼塔户外运动有限公司,8919,户外运动组织,户外运动 组织,户外运动;组织,户外运动,是,健身休闲,0.95,direct,6,1
91510124332021553D,成都飞越丛林体育运动有限公司,8930,健身服务,健身服务,健身服务,健身服务,是,健身休闲,0.95,direct,4,1
91510124MA664WLB6P,成都育优户外拓展有限公司,8930,体能拓展训练,体能 拓展 训练,体能;拓展;训练,,是,健身休闲,0.75,direct,6,0
91510124MACJ0NY64Y,四川山人行户外用品销售有限公司,5242,户外用品零售,户外用品 零售,户外用品;零售,,是,体育用品,0.75,direct,6,0
91510124MABLL3XGXH,四川省勇峰马术俱乐部有限公司,8919,马术竞技,马术 竞技,马术;竞技,马术,是,健身休闲,0.95,direct,4,1
91510124MA65TDBP0R,成都郫都区星靖游泳馆,8930,游泳场所服务,游泳 场所 服务,游泳;场所;服务,游泳,是,健身休闲,0.95,direct,6,1
91510124MA7FDCPP02,四川松屹城市家具有限公司,5242,户外座椅零售,户外 座椅 零售,户外;座椅;零售,,是,体育用品,0.75,direct,6,0
91510108MA61W9NF7Q,四川嘉美嘉体育设施工程有限公司,5142,体育用品及器材批发,体育用品 器材 批发,体育用品;器材;批发,体育用品,是,体育用品,0.95,direct,9,1
91510124MA6430LU74,成都能量基地健身有限公司,8930,健身服务,健身服务,健身服务,健身服务,是,健身休闲,0.95,direct,4,1
91510124MABM0M2T78,成都友联腾达贸易有限公司,5242,户外用品零售,户外用品 零售,户外用品;零售,,是,体育用品,0.75,direct,6,0
91510124MA62UJ2K1R,成都义兴武魂跆拳道有限公司,8930,武术类全民健身活动,武术 全民 健身活动,健身活动;武术;全民,武术,是,健身休闲,0.95,direct,9,1
91510132MABTLJGNXC,成都市乐舞潮舞蹈健身有限公司,8930,健身休闲活动,健身 休闲活动,休闲活动;健身,,是,健身休闲,0.75,direct,6,0
91510132MACFXPHN7H,成都铂尊体育文化传播有限公司,8930,学游泳服务,游泳 服务,游泳;服务,游泳,是,健身休闲,0.95,direct,5,1
91510132MA6AD6LB8H,四川津途户外运动有限公司,8930,健身休闲活动,健身 休闲活动,休闲活动;健身,,是,健身休闲,0.75,direct,6,0
91510132MA7M35XD6E,成都格斗英豪武术文化传播有限公司,8930,健身休闲活动,健身 休闲活动,休闲活动;健身,,是,健身休闲,0.75,direct,6,0
91510132350532752U,成都启运体育场馆有限公司,8921,体育场馆,体育场馆,体育场馆,体育场馆,是,体育场馆,0.95,direct,4,1
91510132MA7FJ8YT2F,成都艾乒乒乓球俱乐部有限公司,9052,体育服务,体育服务,体育服务,体育服务,是,体育管理,0.6,none,4,1
91510132MA62L4Q94W,成都倍乐健商贸有限公司,5242,体育用品零售,体育用品零售,体育用品零售,体育用品零售,是,体育用品,0.95,direct,6,1
91510132MA7MW2NA8M,四川士达体育文化传播有限公司,8392,体育培训服务,体育培训 服务,体育培训;服务,体育培训,是,体育培训,0.95,direct,6,1
91510132MA6CMT948F,成都市新津县胜利伯艾斯足球俱乐部有限公司,8392,青少年足球技术辅导,青少年 足球 技术 辅导,辅导;足球;青少年;技术,足球,是,体育用品,0.95,direct,9,1
91510132MA6C5P2D30,威加成都健身服务有限公司,8930,健身服务,健身服务,健身服务,健身服务,是,健身休闲,0.95,direct,4,1
91510132MA62PBYF52,成都欧德伯艾斯足球俱乐部有限公司,8392,足球培训,足球培训,足球培训,足球培训,是,体育培训,0.95,direct,4,1
91510132MA6CH0GY1H,成都市艾西体育文化传播有限公司,8992,体育文化推广服务,体育文化 推广 服务,体育文化;推广;服务,体育文化,是,体育管理,0.6,none,8,1
91510132MA6CF7HD42,成都铂津体育文化传播有限公司,8930,健身服务,健身服务,健身服务,健身服务,是,健身休闲,0.95,direct,4,1
91510132MACG5R9W35,成都岐悦文化传媒有限公司,8930,健身活动服务,健身活动 服务,健身活动;服务,,是,健身休闲,0.75,direct,6,0
91510132MACKYPEU5H,成都华武盛世体育文化传播有限公司,9052,体育赛事策划,体育 赛事策划,赛事策划;体育,赛事策划,是,体育赛事,0.6,none,6,1
91510132MA643QHJ2A,成都红色捍卫拓展训练有限责任公司,8930,体验式拓展活动及策划,体验式 拓展 活动 策划,体验式;策划;拓展;活动,,是,健身休闲,0.75,direct,10,0
91510132MABMD4QQ7F,成都三旺渔具有限责任公司,5242,渔具零售,渔具 零售,渔具;零售,渔具,是,体育用品,0.95,direct,4,1
91510132MA7FTGYL34,成都凯文篮球俱乐部有限公司,8911,体育竞赛组织服务,体育竞赛 组织 服务,体育竞赛;服务;组织,体育竞赛,是,体育赛事,0.95,direct,8,1
9151013233192913XJ,四川荣津体育设施有限公司,4892,塑胶场地施工铺设,塑胶 场地 施工 铺设,塑胶;铺设;场地;施工,,是,体育场馆,0.75,direct,8,0
91510132MA63EDBX2N,四川鑫鼎盛健身器材有限公司,5242,零售体育器材,零售 体育器材,体育器材;零售,体育器材,是,体育用品,0.95,direct,6,1
91510132MA65U5G28R,成都乐时琪体育文化发展有限公司,9052,体育赛事策划,体育 赛事策划,赛事策划;体育,赛事策划,是,体育赛事,0.6,none,6,1
91510132MA65FQ2M8A,成都诺威马术俱乐部有限公司,8911,骑马养马娱乐活动,骑马 养马 娱乐活动,养马;娱乐活动;骑马,骑马,是,健身休闲,0.95,direct,8,1
91510132MAC91L552E,成都解小苟休闲健身有限公司,8930,健身休闲活动,健身 休闲活动,休闲活动;健身,,是,健身休闲,0.75,direct,6,0
91510132MA6874QE4W,成都邦尼体育场馆管理有限公司,8921,体育场馆管理,体育场馆 管理,体育场馆;管理,体育场馆,是,体育场馆,0.95,direct,6,1
91510132MA672JG68F,新津飞翔户外拓展有限公司,8930,健身休闲活动,健身 休闲活动,休闲活动;健身,,是,健身休闲,0.75,direct,6,0
91510107MA61TCHP2W,成都远拓户外旅游有限公司,8930,健身休闲活动,健身 休闲活动,休闲活动;健身,,是,健身休闲,0.75,direct,6,0
91510132MAC39U0536,四川成都新津博体体育文化发展有限公司,8919,其他体育组织,其他 体育组织,体育组织;其他,体育组织,是,体育管理,0.95,direct,6,1
91510132MA6CXMR94W,四川君之道体育健身服务有限公司,8930,体育健身服务,体育 健身服务,健身服务;体育,健身服务,是,健身休闲,0.95,direct,6,1
91510132MA6DERQ805,四川溪帝渔具商贸有限公司,5142,批发渔具,批发 渔具,渔具;批发,渔具,是,体育用品,0.95,direct,4,1
91510132MA7KXDM706,四川溪帝优品户外用品有限公司,5242,零售护具,零售 护具,护具;零售,,是,体育用品,0.75,direct,4,0
91510132MACAP0Q853,四川成都市新津区钓道渔具有限责任公司,5242,渔具零售,渔具 零售,渔具;零售,渔具,是,体育用品,0.95,direct,4,1
91510132MA6DHKR5XD,成都市米兔企业管理咨询有限公司,8930,户外运动,户外运动,户外运动,户外运动,是,健身休闲,0.95,direct,4,1
91510132MAC1A0AN69,成都大道户外运动有限公司,8930,健身休闲活动,健身 休闲活动,休闲活动;健身,,是,健身休闲,0.75,direct,6,0
91510132MA6A4CB95Q,成都市新津区致勤艺体培训学校有限公司,8392,艺体培训服务,艺体 培训 服务,艺体;培训;服务,,是,体育培训,0.75,direct,6,0
91510121MACGWM2351,成都众鑫渔乐体育发展有限公司,8999,一般项目：体育竞赛组织；休闲观光活动；组织文化艺术交流活动；组织体育表演活动；健身休闲活动；体育健康服务；体育保障组织；体育中介代理服务；体育用品及器材零售；户外用品销售；体育赛事策划；体育场地设施经营（不含高危险性体育运动）；体育用品设备出租；渔具销售；水产品零售；水产品批发；食用农产品零售；体验式拓展活动及策划。（除依法须经批准的项目外，凭营业执照依法自主开展经营活动）,一般 项目 体育竞赛 组织 休闲 观光 活动 组织 文化 艺术交流 活动 组织 体育表演 活动 健身 休闲活动 体育 健康 服务 体育 保障 组织 体育 中介代理 服务 体育用品 器材 零售 户外用品 销售 体育 赛事策划 体育场地设施 经营 不含 危险性 体育运动 体育用品 设备 出租 渔具 销售 水产品 零售 水产品 批发 食用 农产品 零售 体验式 拓展 活动 策划 依法 批准 项目 营业执照 依法 自主 开展 经营 活动,体育;活动;体育用品;零售;组织;水产品;依法;休闲活动;中介代理;体育表演,体育竞赛;体育表演;体育用品;赛事策划;体育场地设施;渔具,是,体育赛事,0.6,none,188,6
91510121MA7CQH9M69,金堂顺健舞蹈健身有限公司,8930,一般项目：健身休闲活动；体育场地设施经营（不含高危险性体育运动）；体育健康服务；体育用品及器材批发；体育用品设备出租；体育用品及器材零售；体育保障组织；体育竞赛组织；信息咨询服务（不含许可类信息咨询服务）；体育赛事策划；组织体育表演活动；户外用品销售；会议及展览服务；组织文化艺术交流活动。（除依法须经批准的项目外，凭营业执照依法自主开展经营活动）,一般 项目 健身 休闲活动 体育场地设施 经营 不含 危险性 体育运动 体育 健康 服务 体育用品 器材 批发 体育用品 设备 出租 体育用品 器材 零售 体育 保障 组织 体育竞赛 组织 信息 咨询服务 许可 信息 咨询服务 体育 赛事策划 组织 体育表演 活动 户外用品 销售 会议 展览 服务 组织 文化 艺术交流 活动 依法 批准 项目 营业执照 依法 自主 开展 经营 活动,体育用品;体育;咨询服务;组织;器材;依法;活动;休闲活动;体育场地设施;赛事策划,体育场地设施;体育用品;体育竞赛;赛事策划;体育表演,是,体育场馆,0.95,direct,174,5
91510121MABLQWM217,成都罕尼客户外运动用品有限公司,5242,户外用品零售,户外用品 零售,户外用品;零售,,是,体育用品,0.75,direct,6,0
91510121MA7DQRXD3M,成都市思齐围棋俱乐部有限责任公司,8930,棋牌室服务,棋牌室 服务,棋牌室;服务,,是,健身休闲,0.75,direct,5,0
91510121MA6CP4F79A,四川省凯瀚搏击健身有限公司,8930,健身服务,健身服务,健身服务,健身服务,是,健身休闲,0.95,direct,4,1
91510121MABPYQHX4Y,成都众禾创跃文化传播有限责任公司,8930,拓展活动,拓展 活动,拓展;活动,,是,健身休闲,0.75,direct,4,0
91510121342998755M,金堂绿茵小将体育培训学校有限责任公司,8392,体育培训文化艺术训,体育培训 文化 艺术,体育培训;艺术;文化,体育培训,是,体育培训,0.95,direct,9,1
91510121MA62L3YGXE,四川博霖体育场馆管理有限公司,8921,室内体育场所服务,室内 体育场 服务,体育场;室内;服务,体育场,是,体育场馆,0.95,direct,8,1
91510121332107277X,成都仁和奕帆实业有限责任公司,5242,体育用品零售,体育用品零售,体育用品零售,体育用品零售,是,体育用品,0.95,direct,6,1
91510121MA7J912YXR,成都飞越羽客体育文化推广有限公司,8930,体育运动,体育运动,体育运动,,是,健身休闲,0.75,direct,4,0
91510121MA61RJG50A,成都清扬壹加壹体育文化有限公司,8930,培训健身服务,培训 健身服务,健身服务;培训,健身服务,是,健身休闲,0.95,direct,6,1
91510121MA61WBP29F,四川金武堂体育文化传播有限公司,8930,搏击推广,搏击 推广,搏击;推广,,是,健身休闲,0.75,direct,4,0
91510121MA6CHKUH6D,成都泽润体育场馆管理有限公司,8911,体育项目服务,体育项目 服务,体育项目;服务,,是,体育管理,0.75,direct,6,0
91510121MA6C830P5X,成都五思教育咨询有限公司,8392,跆拳道培训,跆拳道培训,跆拳道培训,跆拳道培训,是,体育培训,0.95,direct,5,1
91510121MA68D7UX6R,金堂县锦云豪体育培训学校有限公司,8392,体育培训,体育培训,体育培训,体育培训,是,体育培训,0.95,direct,4,1
91510121MAD1UQKY1E,成都雲翎健身有限责任公司,8930,健身休闲服务,健身 休闲 服务,健身;休闲;服务,,是,健身休闲,0.75,direct,6,0
915101216936705673,四川润健体育用品有限责任公司,2449,体育用品生产,体育用品 生产,体育用品;生产,体育用品,是,体育用品,0.95,direct,6,1
91510121343062713P,成都米来体育文化发展有限公司,8392,足球培训,足球培训,足球培训,足球培训,是,体育培训,0.95,direct,4,1
91510121MABPE9967T,金堂艾锐斯特体育文化传播有限责任公司,8911,体育竞赛组织,体育竞赛 组织,体育竞赛;组织,体育竞赛,是,体育赛事,0.95,direct,6,1
91510121MAC5TEA03N,四川星途斯达尔体育文化发展有限公司,8392,篮球培训,篮球培训,篮球培训,篮球培训,是,体育培训,0.95,direct,4,1
92510121MA6CN11Y19,四川帅虎搏击俱乐部有限公司,8930,健身服务,健身服务,健身服务,健身服务,是,健身休闲,0.95,direct,4,1
91510121MA6CQ24K55,四川铭鑫文化传播有限责任公司,8911,体育赛事承办,体育赛事 承办,体育赛事;承办,体育赛事,是,体育赛事,0.95,direct,6,1
91510121350561908N,成都二十五小时文化传播有限责任公司,8930,健身服务,健身服务,健身服务,健身服务,是,健身休闲,0.95,direct,4,1
91510121MAC3TQPH9P,金堂县金渊乐享体育发展有限公司,8930,健身休闲活动服务,健身 休闲活动 服务,休闲活动;健身;服务,,是,健身休闲,0.75,direct,8,0
91510121MAD1MEBT7Q,成都酷屹体育用品有限公司,5242,体育用品及器材零售,体育用品 器材 零售,体育用品;器材;零售,体育用品,是,体育用品,0.95,direct,9,1
91510121MACFGYHY90,成都莲夕瑜伽健身有限公司,8930,健身休闲活动,健身 休闲活动,休闲活动;健身,,是,健身休闲,0.75,direct,6,0
91510121MA64DN400Q,成都盛和新锐体育文化传播有限公司,8919,体育训练指导服务,体育训练 指导 服务,体育训练;指导;服务,,是,体育管理,0.75,direct,8,0
91510121MA64MC6Y0Q,四川新热浪体育场管理有限公司,9052,体育赛事策划,体育 赛事策划,赛事策划;体育,赛事策划,是,体育赛事,0.6,none,6,1
91510121MA6AGYJ75F,四川达克豪斯体育文化有限公司,5242,体育用品零售,体育用品零售,体育用品零售,体育用品零售,是,体育用品,0.95,direct,6,1
91510121MA7JDX9N32,四川蜀育贤德体育文化发展有限公司,8930,健身服务,健身服务,健身服务,健身服务,是,健身休闲,0.95,direct,4,1
91510121MA6AN11R25,四川酷锐体育文化传播有限公司,8921,体育场馆管理,体育场馆 管理,体育场馆;管理,体育场馆,是,体育场馆,0.95,direct,6,1
91510121MA67L8CY5D,成都冠耀体育文化发展有限公司,8919,体育类社会,体育类 社会,体育类;社会,,是,体育管理,0.75,direct,5,0
91510121MABQQRBA81,成都西柚拿铁健身服务有限公司,8930,健身服务,健身服务,健身服务,健身服务,是,健身休闲,0.95,direct,4,1
91510121MA6BTACL1X,成都市羽航健身服务有限公司,8930,健身休闲活动,健身 休闲活动,休闲活动;健身,,是,健身休闲,0.75,direct,6,0
91510121MA6B2MNB5F,成都糖果盒文化体育有限公司,5142,批发体育用品,批发 体育用品,体育用品;批发,体育用品,是,体育用品,0.95,direct,6,1
91510121350630977Y,成都文菀商贸有限公司,5242,体育器材零售,体育器材 零售,体育器材;零售,体育器材,是,体育用品,0.95,direct,6,1
91510121MACDDNM635,四川妍雯祥商贸有限公司,5242,体育用品及器材零售,体育用品 器材 零售,体育用品;器材;零售,体育用品,是,体育用品,0.95,direct,9,1
91510121558979254U,成都蓝水湾健身服务有限公司,8930,健身服务,健身服务,健身服务,健身服务,是,健身休闲,0.95,direct,4,1
91510121MAD2H60NX4,成都市启大点休闲健身有限公司,8930,健身服务,健身服务,健身服务,健身服务,是,健身休闲,0.95,direct,4,1
91510121MAD0LGQJXJ,四川金镗体育俱乐部有限责任公司,9052,体育赛事策划,体育 赛事策划,赛事策划;体育,赛事策划,是,体育赛事,0.6,none,6,1
91510121MA6BGPRT2H,成都优萃健身服务有限公司,8930,健身休闲活动,健身 休闲活动,休闲活动;健身,,是,健身休闲,0.75,direct,6,0
91510121MABTCBJC8X,金堂小战狼体育发展有限公司,9052,组织体育表演活动,组织 体育表演 活动,体育表演;组织;活动,体育表演,是,体育赛事,0.6,none,8,1
91510121MA6A3CDRX9,四川必东伊格奈特健身管理有限公司,8930,健身服务,健身服务,健身服务,健身服务,是,健身休闲,0.95,direct,4,1
91510121MA65J62A73,成都景尚引力健身服务有限公司,8930,健身房健身活动,健身房 健身活动,健身活动;健身房,健身房,是,健身休闲,0.95,direct,7,1
91510121MABYRMP63U,成都浩泰智川联一健身服务有限公司,8930,健身活动,健身活动,健身活动,,是,健身休闲,0.75,direct,4,0
91510121MACMB9MX34,金堂县阿普阿阿普健身房,8930,健身休闲活动,健身 休闲活动,休闲活动;健身,,是,健身休闲,0.75,direct,6,0
91510121MA6BL3GR3Y,金堂县鹿之影健身馆,8930,健身服务,健身服务,健身服务,健身服务,是,健身休闲,0.95,direct,4,1
9151010833205948X7,成都威斯特健身服务有限公司,8930,健身服务,健身服务,健身服务,健身服务,是,健身休闲,0.95,direct,4,1
91510121MA672RJ0XA,成都飞旭体育文化传播有限公司,9052,组织体育表演活动,组织 体育表演 活动,体育表演;组织;活动,体育表演,是,体育赛事,0.6,none,8,1
91510121MA62NALD21,四川沐浴阳光体育经纪有限公司,5242,体育用品零售,体育用品零售,体育用品零售,体育用品零售,是,体育用品,0.95,direct,6,1
91510121MABP82A96F,金堂育智体育发展有限公司,9052,组织体育表演活动,组织 体育表演 活动,体育表演;组织;活动,体育表演,是,体育赛事,0.6,none,8,1
91510121MAC0G19C48,成都猎寻者体育发展有限公司,8392,篮球培训,篮球培训,篮球培训,篮球培训,是,体育培训,0.95,direct,4,1
91510121MA655DN87G,四川川成金体育发展有限公司,8930,运动类,运动,运动,,是,健身休闲,0.75,direct,3,0
91510121MA64N9TF9Q,四川卡鲁体育文化传播有限公司,9052,体育赛事策划,体育 赛事策划,赛事策划;体育,赛事策划,是,体育赛事,0.6,none,6,1
91510121MAC5RK7423,成都天羽云翔航空体育运动有限公司,5623,滑翔伞运动培训,滑翔伞 运动培训,滑翔伞;运动培训,运动培训,是,体育培训,0.6,none,7,1
91510121MAACQC967B,四川省通之道文化传播有限公司,9052,体育赛事组织,体育赛事 组织,体育赛事;组织,体育赛事,是,体育赛事,0.6,none,6,1
91510121MAC8PLWDXN,成都必燃跳动酒店管理有限公司,8930,健身修闲,健身 修闲,修闲;健身,,是,健身休闲,0.75,direct,4,0
91510121MACUGC7G1W,金堂尚武耀德跆拳道有限公司,8930,健身服务,健身服务,健身服务,健身服务,是,健身休闲,0.95,direct,4,1
91510121MA65N1WK8X,四川逐梦少年足球俱乐部有限公司,8392,足球培训,足球培训,足球培训,足球培训,是,体育培训,0.95,direct,4,1
91510121MAC0HYLK1X,成都千寻竹户外运动用品有限公司,2442,体育用品及器材制造,体育用品 器材 制造,体育用品;器材;制造,体育用品,是,体育用品,0.95,direct,9,1
91510129MADJFJUX25,成都渔佳力渔具有限公司,5142,体育用品及器材批发,体育用品 器材 批发,体育用品;器材;批发,体育用品,是,体育用品,0.95,direct,9,1
91510129MADK09UE9Q,成都沐风户外运动有限公司,8930,,,,,是,健身休闲,0.75,direct,0,0
91510129MABYKU6072,成都跃行足体育文化传播有限公司,8999,一般项目：组织文化艺术交流活动；教育咨询服务（不含涉许可审批的教育培训活动）；组织体育表演活动；体育竞赛组织；健身休闲活动。（除依法须经批准的项目外，凭营业执照依法自主开展经营活动）,一般 项目 组织 文化 艺术交流 活动 教育 咨询服务 含涉 许可 审批 教育 培训 活动 组织 体育表演 活动 体育竞赛 组织 健身 休闲活动 依法 批准 项目 营业执照 依法 自主 开展 经营 活动,活动;组织;依法;休闲活动;含涉;体育表演;教育;艺术交流;体育竞赛;项目,体育表演;体育竞赛,是,体育赛事,0.6,none,91,2
91510129MADJL47P2Y,成都猩星格斗健身有限公司,8930,,,,,是,健身休闲,0.75,direct,0,0
91510129MA62LRHW8J,成都市大邑县象棋厂,2449,其他体育用品制造,其他 体育用品制造,体育用品制造;其他,体育用品制造,是,体育用品,0.95,direct,8,1
91510129MAC9XXK129,成都尚武巨星体育文化推广有限公司,8911,体育竞赛组织,体育竞赛 组织,体育竞赛;组织,体育竞赛,是,体育赛事,0.95,direct,6,1
91510129MA6DEK3XXP,成都龙威文化体育发展有限公司,8919,其他体育组织,其他 体育组织,体育组织;其他,体育组织,是,体育管理,0.95,direct,6,1
91510129MAC9125939,成都遇普拉提瑜伽健身有限公司,8930,健身服务,健身服务,健身服务,健身服务,是,健身休闲,0.95,direct,4,1
91510129MAACFQ1F8Y,成都伯克森体育文化传播有限公司,8930,健身休闲活动,健身 休闲活动,休闲活动;健身,,是,健身休闲,0.75,direct,6,0
91510129MA68DHWG71,成都邑尚雲餐饮有限责任公司,8930,棋牌娱乐服务,棋牌 娱乐 服务,棋牌;娱乐;服务,,是,健身休闲,0.75,direct,6,0
91510129MACXCDQ64D,成都全宇翔体育文化传播有限公司,8930,健身体闲活动服务,身体 活动 服务,身体;服务;活动,,是,健身休闲,0.75,direct,8,0
91510129MA61X5BW4N,成都德武堂体育文化传播有限公司,8911,体育竞赛组织,体育竞赛 组织,体育竞赛;组织,体育竞赛,是,体育赛事,0.95,direct,6,1
91510129MA6C80387K,成都林汉体育场馆管理有限公司,8930,健身游泳服务,健身 游泳 服务,健身;游泳;服务,游泳,是,健身休闲,0.95,direct,6,1
91510129MA6B6GX122,成都市积以户外用品有限公司,5242,户外用品零售,户外用品 零售,户外用品;零售,,是,体育用品,0.75,direct,6,0
91510129MA62EQ1Q6P,好球成都体育器材有限公司,2442,运动器材生产,运动器材 生产,运动器材;生产,运动器材,是,体育用品,0.95,direct,6,1
91510129MACD403P6Q,大邑诺威玄甲马术俱乐部有限公司,8911,体育竞赛组织,体育竞赛 组织,体育竞赛;组织,体育竞赛,是,体育赛事,0.95,direct,6,1
91510100MABTCWR67R,成都玄甲马术俱乐部有限公司,8911,体育竞赛组织,体育竞赛 组织,体育竞赛;组织,体育竞赛,是,体育赛事,0.95,direct,6,1
91510129MA6B3K4550,成都艾诺特体育用品有限公司,2449,体育用品制造,体育用品制造,体育用品制造,体育用品制造,是,体育用品,0.95,direct,6,1
91510129MA7K90F88T,大邑文优体育俱乐部有限责任公司,8392,托管篮球培训,托管 篮球培训,篮球培训;托管,篮球培训,是,体育培训,0.95,direct,6,1
91510129MABTWHEN1N,成都九二幺健身服务有限公司,8930,健身休闲活动,健身 休闲活动,休闲活动;健身,,是,健身休闲,0.75,direct,6,0
91510129MAACJJQG8E,四川天之邑户外用品有限公司,2449,户外体育用品生产制造,户外 体育用品 生产 制造,体育用品;户外;制造;生产,体育用品,是,体育用品,0.95,direct,10,1
91510129MACNB7TT0U,大邑县宗道体育文化工作室,5242,体育用品设备出租临售,体育用品 设备 出租 临售,临售;体育用品;出租;设备,体育用品,是,体育用品,0.95,direct,10,1
91510129MA67UWMW7Y,大邑骋昊户外用品有限公司,5242,体育用品零售,体育用品零售,体育用品零售,体育用品零售,是,体育用品,0.95,direct,6,1
91510129MABYM8U78R,大邑牵星未来商贸有限责任公司,9052,体育赛事策划,体育 赛事策划,赛事策划;体育,赛事策划,是,体育赛事,0.6,none,6,1
91510100MA6CL97Q5H,成都同翔户外运动有限公司,8919,户外运动组织策划,户外运动 组织 策划,户外运动;策划;组织,户外运动,是,健身休闲,0.95,direct,8,1
915101290697842615,成都花水湾冰火漂流有限公司,8930,漂流服务,漂流 服务,漂流;服务,漂流,是,健身休闲,0.95,direct,4,1
915101295510848882,四川省金骑体育运动俱乐部有限公司,8919,体育组织,体育组织,体育组织,体育组织,是,体育管理,0.95,direct,4,1
91510129MABTJGBHXJ,四川省浩海星辰体育文化传播有限公司,9052,组织体育表演活动等,组织 体育表演 活动,体育表演;组织;活动,体育表演,是,体育赛事,0.6,none,9,1
91510129794944897R,大邑雾山国际乡村俱乐部有限公司,8930,健身休闲活动,健身 休闲活动,休闲活动;健身,,是,健身休闲,0.75,direct,6,0
91510129MA69B5GF4Y,成都乐登者户外运动服务有限公司,8919,组织户外运动,组织 户外运动,户外运动;组织,户外运动,是,健身休闲,0.95,direct,6,1
91510129MAACFKM53J,成都极峰营企业管理有限公司,8930,户外活动,户外活动,户外活动,,是,健身休闲,0.75,direct,4,0
91510129MAC8WWRQ2H,成都凯伟波体育俱乐部有限责任公司,8911,体育竞赛组织,体育竞赛 组织,体育竞赛;组织,体育竞赛,是,体育赛事,0.95,direct,6,1
915101297559729598,成都鹤鸣金泉体育文化交流有限公司,8930,户外拓展活动,户外拓展 活动,户外拓展;活动,户外拓展,是,健身休闲,0.95,direct,6,1
91510131MADCKT3E3M,成都三只熊体育文化发展有限公司,8919,文化娱乐服务,文化娱乐 服务,文化娱乐;服务,,是,体育管理,0.75,direct,6,0
91510131MADB91176P,成都达根斯体育文化传播有限公司,8911,体育竞赛服务,体育竞赛 服务,体育竞赛;服务,体育竞赛,是,体育赛事,0.95,direct,6,1
91510131MACYKQCG71,成都静心瑜伽健身有限公司,8930,健身服务,健身服务,健身服务,健身服务,是,健身休闲,0.95,direct,4,1
91510131MA643RDR5W,四川焦点体能体育俱乐部有限责任公司,8921,体育场馆管理,体育场馆 管理,体育场馆;管理,体育场馆,是,体育场馆,0.95,direct,6,1
91510131MA64FM441P,蒲江悦动健身服务有限公司,8930,健身休闲活动,健身 休闲活动,休闲活动;健身,,是,健身休闲,0.75,direct,6,0
91510131MAC1486NXN,蒲江县弈之山围棋俱乐部有限公司,8911,体育竞赛组织,体育竞赛 组织,体育竞赛;组织,体育竞赛,是,体育赛事,0.95,direct,6,1
91510131MACD0P8Q2W,四川焦点新锐体育文化发展有限责任公司,8392,少儿体能培训,少儿体能 培训,少儿体能;培训,少儿体能,是,体育培训,0.95,direct,6,1
91510131MA65WP0PX1,成都战斧体育用品有限公司,5142,体育用品批发,体育用品批发,体育用品批发,体育用品批发,是,体育用品,0.95,direct,6,1
91510131MA7KPDK07C,成都市享瘦健身俱乐部有限责任公司,8930,健身休闲活动,健身 休闲活动,休闲活动;健身,,是,健身休闲,0.75,direct,6,0
91510131681843408Y,成都市长秋山体育场馆管理有限公司,8919,体育组织,体育组织,体育组织,体育组织,是,体育管理,0.95,direct,4,1
91510131MA6CRHYN7M,蒲江县力豪健身服务中心,8930,健身休闲活动,健身 休闲活动,休闲活动;健身,,是,健身休闲,0.75,direct,6,0
91510131MACCJRLL24,蒲江瑞靖体育发展有限责任公司,8930,健身休闲活动,健身 休闲活动,休闲活动;健身,,是,健身休闲,0.75,direct,6,0
91510131MA6CEBCQ4P,成都新空间体育发展有限公司,8392,体育培训,体育培训,体育培训,体育培训,是,体育培训,0.95,direct,4,1
91510131MACAQ8WT26,四川省育辉体育文化发展有限责任公司,5142,体育用品及器材批发,体育用品 器材 批发,体育用品;器材;批发,体育用品,是,体育用品,0.95,direct,9,1
91510131MACJ61D043,蒲江铁头娃体育发展有限责任公司,5142,批发体育用品,批发 体育用品,体育用品;批发,体育用品,是,体育用品,0.95,direct,6,1
91510131MA63B1NK3H,四川天星优选电子商务有限公司,5142,户外用品批发,户外用品 批发,户外用品;批发,,是,体育用品,0.75,direct,6,0
91510100MA6ALR9L44,四川朋贝体育设施工程有限公司,8992,体育器材,体育器材,体育器材,体育器材,是,体育用品,0.6,none,4,1
91510100MA6AGPH003,阿特阿瑜伽健身（成都）有限公司,8930,瑜伽培训,瑜伽 培训,瑜伽;培训,瑜伽,是,健身休闲,0.95,direct,4,1
91510100MA69JE7F55,成都锐利行健身有限公司,8930,健身休闲活动,健身 休闲活动,休闲活动;健身,,是,健身休闲,0.75,direct,6,0
91510100MACT5PK16B,成都马掌户外运动策划有限公司,8930,体育和娱乐业,体育 娱乐业,娱乐业;体育,,是,健身休闲,0.75,direct,6,0
91510100MAD7JYDE0G,四川金博汇体育发展有限责任公司,8999,其他未列明体育服务,其他 列明 体育服务,体育服务;列明;其他,体育服务,是,体育管理,0.6,none,9,1
91510100MABMUQWY3H,四川歌还体育文化发展有限公司,8919,体育竞赛组织,体育竞赛 组织,体育竞赛;组织,体育竞赛,是,体育赛事,0.95,direct,6,1
91510100MACGB5BT44,四川锐德斯达足球俱乐部有限公司,8911,体育竞赛组织,体育竞赛 组织,体育竞赛;组织,体育竞赛,是,体育赛事,0.95,direct,6,1
91510100MACK6ERT7Y,成都体科篮体育发展有限公司,8999,体育场地设施经营,体育场地设施 经营,体育场地设施;经营,体育场地设施,是,体育场馆,0.6,none,8,1
91510100MAD71YGX73,成都诺申体育文化发展有限公司,8919,其他体育组织服务,其他 体育组织 服务,体育组织;服务;其他,体育组织,是,体育管理,0.95,direct,8,1
91510100MA6CT1739W,四川浪速体育文化发展有限公司,8911,体育竞赛策划,体育竞赛 策划,体育竞赛;策划,体育竞赛,是,体育赛事,0.95,direct,6,1
91510100MAD6UF6Y7M,成都聚昌盛荣户外用品销售有限公司,5142,体育用品及器材批发,体育用品 器材 批发,体育用品;器材;批发,体育用品,是,体育用品,0.95,direct,9,1
91510100MACXNKEH71,成都尤里尤里体育文化发展有限公司,8919,其他体育文化服务,其他 体育文化 服务,体育文化;服务;其他,体育文化,是,体育管理,0.95,direct,8,1
91510100MA7FUH0A59,成都浩晨体育文化传播有限公司,8911,体育赛事策划,体育 赛事策划,赛事策划;体育,赛事策划,是,体育赛事,0.95,direct,6,1
91510100MA69183K6N,四川格胤体育文化传播有限公司,9052,体育赛事活动策划,体育赛事 活动 策划,体育赛事;策划;活动,体育赛事,是,体育赛事,0.6,none,8,1
91510100MAD26P1D6H,四川华屹晨星体育文化发展有限公司,8911,体育竞赛组织,体育竞赛 组织,体育竞赛;组织,体育竞赛,是,体育赛事,0.95,direct,6,1
91510100MA6C6K5WXG,成都玛雅优佳健身服务有限公司,8930,健身休闲活动,健身 休闲活动,休闲活动;健身,,是,健身休闲,0.75,direct,6,0
91510100MACJHU9H7B,四川牙牙乐体育文化发展有限公司,5242,体育用品及器材零售,体育用品 器材 零售,体育用品;器材;零售,体育用品,是,体育用品,0.95,direct,9,1
91510100MA6B9GUK5Q,成都祺枫麓体育有限公司,8911,体育赛事活动组织策划,体育赛事 活动 组织 策划,体育赛事;策划;组织;活动,体育赛事,是,体育赛事,0.95,direct,10,1
91510100MA6B0A3N29,成都浩臣体育俱乐部有限公司,9052,体育赛事策划,体育 赛事策划,赛事策划;体育,赛事策划,是,体育赛事,0.6,none,6,1
91510100MA6BBJ026Y,成都博格斯体育场馆管理有限公司,8921,体育场馆管理,体育场馆 管理,体育场馆;管理,体育场馆,是,体育场馆,0.95,direct,6,1
91510100MA64QQLC6Q,成都聚力体育文化发展有限公司,8930,体育活动,体育 活动,体育;活动,,是,健身休闲,0.75,direct,4,0
91510100MA6AF65P17,四川逸悠康体健康科技有限公司,5142,健身器材批发,健身器材 批发,健身器材;批发,健身器材,是,体育用品,0.95,direct,6,1
91510100MA6AGKE596,成都力博健身服务有限公司,8930,健身休闲活动,健身 休闲活动,休闲活动;健身,,是,健身休闲,0.75,direct,6,0
91510100MAD2Q8GC6L,成都昊太顺成体育发展有限公司,9052,体育赛事策划,体育 赛事策划,赛事策划;体育,赛事策划,是,体育赛事,0.6,none,6,1
91510100MABM5UNR3M,成都泥巴户外运动有限公司,8930,健身休闲活动,健身 休闲活动,休闲活动;健身,,是,健身休闲,0.75,direct,6,0
91510100MACT8K9A2R,四川南北计划体育文化发展有限公司,8911,体育竞赛组织,体育竞赛 组织,体育竞赛;组织,体育竞赛,是,体育赛事,0.95,direct,6,1
91510100MACB3ABJ8H,四川塔奥体育设施有限公司,5142,体育用品及器材批发,体育用品 器材 批发,体育用品;器材;批发,体育用品,是,体育用品,0.95,direct,9,1
91510100MAC9NH48X1,成都希利体育文化发展有限公司,9052,体育赛事策划,体育 赛事策划,赛事策划;体育,赛事策划,是,体育赛事,0.6,none,6,1
91510100MACJT155X6,四川易安体育文化发展有限公司,5242,球类零售,球类 零售,球类;零售,,是,体育用品,0.75,direct,4,0
91510100MA69MWE61K,四川动竞非凡体育文化传播有限公司,9052,体育赛事组织,体育赛事 组织,体育赛事;组织,体育赛事,是,体育赛事,0.6,none,6,1
915101003319952170,四川国圣企业管理有限公司,8392,体育培训,体育培训,体育培训,体育培训,是,体育培训,0.95,direct,4,1
91510100MAACJ3B16H,四川奥星城体育文化传播有限公司,8921,体育场馆经营管理,体育场馆 经营 管理,体育场馆;经营;管理,体育场馆,是,体育场馆,0.95,direct,8,1
91510100MACJPB9N8E,成都诺瑞瑜伽健身有限公司,8992,健身服务,健身服务,健身服务,健身服务,是,健身休闲,0.6,none,4,1
91510100MA6CF1R56N,成都恒运体育文化传播有限公司,8921,体育场馆管理,体育场馆 管理,体育场馆;管理,体育场馆,是,体育场馆,0.95,direct,6,1
91510100MA7M9MRR1B,成都森屿琪户外用品有限公司,5242,体育用品及器材零售,体育用品 器材 零售,体育用品;器材;零售,体育用品,是,体育用品,0.95,direct,9,1
91510100MAC8NGEF73,成都天新闪动体育科技有限公司,8930,健身休闲活动,健身 休闲活动,休闲活动;健身,,是,健身休闲,0.75,direct,6,0
91510100MAC6B32J04,四川塑刻师健身管理有限公司,8930,健身服务,健身服务,健身服务,健身服务,是,健身休闲,0.95,direct,4,1
91510100MA6CMUEU56,四川功夫大咖文化传播有限公司,8930,健身服务,健身服务,健身服务,健身服务,是,健身休闲,0.95,direct,4,1
91510100MA6B39NH46,成都东才体育发展有限公司,8911,体育竞赛组织,体育竞赛 组织,体育竞赛;组织,体育竞赛,是,体育赛事,0.95,direct,6,1
91510100MAACGLCP1R,四川跃悦体育发展有限公司,8911,体育竞赛组织,体育竞赛 组织,体育竞赛;组织,体育竞赛,是,体育赛事,0.95,direct,6,1
91510100MA7E7FFT40,成都爱美力健身服务有限公司,8930,健身服务,健身服务,健身服务,健身服务,是,健身休闲,0.95,direct,4,1
91510100MA6BXC7F8A,成都华威尔健身服务有限公司,8930,健身休闲活动,健身 休闲活动,休闲活动;健身,,是,健身休闲,0.75,direct,6,0
91510100MA7E9U3N0H,成都红石体育文化发展有限公司,8930,健身服务,健身服务,健身服务,健身服务,是,健身休闲,0.95,direct,4,1
91510100MABMTDW55N,成都筱佳健身服务有限公司,8930,健身休闲活动,健身 休闲活动,休闲活动;健身,,是,健身休闲,0.75,direct,6,0
91510100MA68HTRK2J,成都志上健身服务有限责任公司,8930,健身休闲活动,健身 休闲活动,休闲活动;健身,,是,健身休闲,0.75,direct,6,0
91510100MA7NHBQ5X0,四川梵瑜体育文化发展有限公司,9052,体育赛事策划服务,体育 赛事策划 服务,赛事策划;体育;服务,赛事策划,是,体育赛事,0.6,none,8,1
91510100MABTFJ1W51,成都壹叁玖优佳健身服务有限公司,8911,体育竞赛组织,体育竞赛 组织,体育竞赛;组织,体育竞赛,是,体育赛事,0.95,direct,6,1
91510100MA6CT13761,成都梵素瑜伽有限公司,8930,瑜伽健身服务,瑜伽 健身服务,健身服务;瑜伽,瑜伽;健身服务,是,健身休闲,0.95,direct,6,2
91510100MA67G3YW8A,四川锦跃锐捷体育用品有限公司,5142,体育用品及器材批发,体育用品 器材 批发,体育用品;器材;批发,体育用品,是,体育用品,0.95,direct,9,1
91510100MA69GA9B89,成都市白星电力科技有限公司,2443,健身器材制造,健身器材 制造,健身器材;制造,健身器材,是,体育用品,0.95,direct,6,1
915101080957232861,成都振大体育场馆经营管理有限公司,8921,体育场馆管理,体育场馆 管理,体育场馆;管理,体育场馆,是,体育场馆,0.95,direct,6,1
91510100MA69YR1B1Y,成都劲搏国豪体育文化传播有限公司,7246,体育咨询,体育咨询,体育咨询,体育咨询,是,体育管理,0.6,none,4,1
91510100MA6CX80N9J,成都爱森美健身服务有限公司,8930,健身休闲活动,健身 休闲活动,休闲活动;健身,,是,健身休闲,0.75,direct,6,0
91510100MAC816J84E,北上广成都体育文化发展有限公司,8919,其他体育组织,其他 体育组织,体育组织;其他,体育组织,是,体育管理,0.95,direct,6,1
91510100MA6CQR9950,四川微团建户外运动有限责任公司,8930,户外运动策划,户外运动 策划,户外运动;策划,户外运动,是,健身休闲,0.95,direct,6,1
91510100MA7KAWHX8W,成都倍利嘉商贸有限公司,5142,体育器材批发,体育器材 批发,体育器材;批发,体育器材,是,体育用品,0.95,direct,6,1
91510100MA69KQ5324,成都蜗牛健身有限责任公司,8930,健身服务,健身服务,健身服务,健身服务,是,健身休闲,0.95,direct,4,1
91510100MA63LFYR33,四川奥学体育设施有限公司,5242,体育用品零售,体育用品零售,体育用品零售,体育用品零售,是,体育用品,0.95,direct,6,1
91510100MACA8HAF43,成都乐知瑞辉体育文化传播有限公司,5242,体育用品零售,体育用品零售,体育用品零售,体育用品零售,是,体育用品,0.95,direct,6,1
91510100MA6A45H35N,成都思博美健身器材有限公司,5142,健身器材批发,健身器材 批发,健身器材;批发,健身器材,是,体育用品,0.95,direct,6,1
91510100MA6CY3J626,四川众壹乐体育场馆管理有限公司,8392,体育培训,体育培训,体育培训,体育培训,是,体育培训,0.95,direct,4,1
91510100MA61X89320,成都智行方圆体育文化传播有限责任公司,9052,体育表演服务,体育表演 服务,体育表演;服务,体育表演,是,体育赛事,0.6,none,6,1
91510100MA63ET225K,成都瑶知马力健身服务有限公司,8930,健身休闲活动,健身 休闲活动,休闲活动;健身,,是,健身休闲,0.75,direct,6,0
91510100MA6AQT905Q,成都市悦动美扬体育发展有限公司,8392,少儿体育培训,少儿 体育培训,体育培训;少儿,体育培训,是,体育培训,0.95,direct,6,1
91510100MA64PA4K42,成都热汗体育文化发展有限责任公司,8919,其他体育组织,其他 体育组织,体育组织;其他,体育组织,是,体育管理,0.95,direct,6,1
91510100MA7KHKK02W,成都喜来体育文化发展有限公司,8919,其他体育组织,其他 体育组织,体育组织;其他,体育组织,是,体育管理,0.95,direct,6,1
91510100MA6AJEJP4B,成都醒克体育文化传播有限公司,8930,健身服务,健身服务,健身服务,健身服务,是,健身休闲,0.95,direct,4,1
91510100MABUBCTQ40,成都博肖健身服务有限公司,8930,健身休闲活动,健身 休闲活动,休闲活动;健身,,是,健身休闲,0.75,direct,6,0
91510100MA7L9KQ75E,成都元享体育文化传播有限公司,8911,组织体育竞赛,组织 体育竞赛,体育竞赛;组织,体育竞赛,是,体育赛事,0.95,direct,6,1
91510100MABN0Q850E,成都爱动美刻体育场馆管理有限责任公司,8930,游泳健身服务,游泳 健身服务,健身服务;游泳,游泳;健身服务,是,健身休闲,0.95,direct,6,2
91510100MABM8L200M,成都觅伽健康管理有限公司,8930,室内健身运动,室内 健身运动,健身运动;室内,,是,健身休闲,0.75,direct,6,0
91510100MA6B4H8L9T,成都欧润知体育文化传播有限公司,8392,体育培训,体育培训,体育培训,体育培训,是,体育培训,0.95,direct,4,1
91510100MABWYJKX02,成都如虎添亿文化传播有限公司,8930,休闲健身服务,休闲 健身服务,健身服务;休闲,健身服务,是,健身休闲,0.95,direct,6,1
91510100MACN3UBWX4,四川九霄凌翅体育俱乐部有限公司,8392,体育培训,体育培训,体育培训,体育培训,是,体育培训,0.95,direct,4,1
91510100MA6384PJX8,成都洲周体育设施有限公司,5242,体育用品零售,体育用品零售,体育用品零售,体育用品零售,是,体育用品,0.95,direct,6,1
91510100MABQRU8E5K,成都羽友奈斯羽毛球俱乐部有限公司,8930,健身休闲活动,健身 休闲活动,休闲活动;健身,,是,健身休闲,0.75,direct,6,0
91510100MA6DGCHR91,成都顺扬体育场馆管理有限公司,8921,体育场馆管理,体育场馆 管理,体育场馆;管理,体育场馆,是,体育场馆,0.95,direct,6,1
91510100MABYWBQG90,成都瑜小朵健身有限公司,8930,健身休闲服务,健身 休闲 服务,健身;休闲;服务,,是,健身休闲,0.75,direct,6,0
91510100MACNH7CM8D,四川梓博行体育文化发展有限公司,9052,体育赛事策划服务,体育 赛事策划 服务,赛事策划;体育;服务,赛事策划,是,体育赛事,0.6,none,8,1
91510105MA670BMN2L,成都笃晔宜罡体育俱乐部有限公司,8911,体育竞赛组织,体育竞赛 组织,体育竞赛;组织,体育竞赛,是,体育赛事,0.95,direct,6,1
91510100MA6BQ7WC0T,成都南祥龙健身服务有限公司,8930,健身休闲服务,健身 休闲 服务,健身;休闲;服务,,是,健身休闲,0.75,direct,6,0
91510100MA68J3DH9K,成都伽益瑜伽健身有限公司,8930,健身休闲活动,健身 休闲活动,休闲活动;健身,,是,健身休闲,0.75,direct,6,0
91510100MA7M57X491,四川希华广银商贸有限公司,7122,体育用品设备出租,体育用品 设备 出租,体育用品;出租;设备,体育用品,是,体育用品,0.6,none,8,1
91510100MACHYE710X,成都十方喜安健身管理有限公司,8930,健身休闲活动,健身 休闲活动,休闲活动;健身,,是,健身休闲,0.75,direct,6,0
91510100MAC393H31M,成都三十七度健身服务有限公司,8930,健身休闲活动,健身 休闲活动,休闲活动;健身,,是,健身休闲,0.75,direct,6,0
91510100MA6AHT7E8Y,四川青蓝聚星体育科技有限公司,8392,篮球培训,篮球培训,篮球培训,篮球培训,是,体育培训,0.95,direct,4,1
91510100MAC140E515,四川善益行商贸有限公司,5142,体育用品批发,体育用品批发,体育用品批发,体育用品批发,是,体育用品,0.95,direct,6,1
91510100MABYEE424R,成都怡家麓瑜伽健身有限公司,8930,健身休闲活动,健身 休闲活动,休闲活动;健身,,是,健身休闲,0.75,direct,6,0
91510100MA7MJB0U9M,四川光耀体育文化发展有限公司,8919,其他体育组织,其他 体育组织,体育组织;其他,体育组织,是,体育管理,0.95,direct,6,1
91510100MA6AQF2J8D,成都欧义润知体育文化传播有限公司,8392,体育培训,体育培训,体育培训,体育培训,是,体育培训,0.95,direct,4,1
91510100MA634DW1X5,四川腾兆亿建筑工程有限公司,4892,体育场地设施工程施工,体育场地设施 工程施工,体育场地设施;工程施工,体育场地设施,是,体育场馆,0.95,direct,10,1
91510100MACC6L78XK,成都象和体育文化传播有限公司,8392,体育培训,体育培训,体育培训,体育培训,是,体育培训,0.95,direct,4,1
91510100MABRK8EYXB,成都名都汇健身服务有限公司,8930,健身休闲娱乐活动,健身 休闲 娱乐活动,娱乐活动;健身;休闲,,是,健身休闲,0.75,direct,8,0
91510100MACFPTTB2M,成都心澄普拉提瑜伽健身有限公司,8930,健身休闲娱乐服务,健身 休闲 娱乐 服务,健身;休闲;娱乐;服务,,是,健身休闲,0.75,direct,8,0
91510100MA7HBYMG9A,四川雷特体育发展有限公司,5142,体育用品批发,体育用品批发,体育用品批发,体育用品批发,是,体育用品,0.95,direct,6,1
91510100MABNJUHCXK,成都市六时科技发展有限公司,8930,健身服务类,健身服务,健身服务,健身服务,是,健身休闲,0.95,direct,5,1
91510122395075380H,成都达根斯马术有限公司,7246,体育咨询,体育咨询,体育咨询,体育咨询,是,体育管理,0.6,none,4,1
91510100MA7JFJ2H2L,成都童羽体育科技有限公司,7246,体育咨询,体育咨询,体育咨询,体育咨询,是,体育管理,0.6,none,4,1
91510100MABP2U6Q3P,成都放酷体育文化发展有限公司,9052,组织体育表演活动,组织 体育表演 活动,体育表演;组织;活动,体育表演,是,体育赛事,0.6,none,8,1
91510100MA6719YU6A,成都市迈夺体育文化传播有限责任公司,7246,体育咨询,体育咨询,体育咨询,体育咨询,是,体育管理,0.6,none,4,1
91510100MAD7C0U2X6,四川凯拓润宸体育文化发展有限公司,8919,文化服务,文化 服务,服务;文化,,是,体育管理,0.75,direct,4,0
91510100MAC623WD36,成都朋乐电子游戏馆,8912,游艺娱乐活动,游艺 娱乐活动,游艺;娱乐活动,,是,体育管理,0.75,direct,6,0
91510100MACJW7886X,成都市龙霖体育文化传播有限公司,8392,篮球培训,篮球培训,篮球培训,篮球培训,是,体育培训,0.95,direct,4,1
91510100MA6ALYQMXU,成都蓝凯瑞体育用品有限责任公司,5242,健身器材零售,健身器材 零售,健身器材;零售,健身器材,是,体育用品,0.95,direct,6,1
91510100MACLT0D76C,四川必拓体育发展有限公司,5242,健身器材零售,健身器材 零售,健身器材;零售,健身器材,是,体育用品,0.95,direct,6,1
91510105790009666L,成都舒华体育用品有限公司,5242,体育用品零售,体育用品零售,体育用品零售,体育用品零售,是,体育用品,0.95,direct,6,1
91510100MAC19NEN95,四川省星辉之路体育俱乐部有限公司,8392,体育训练服务,体育训练 服务,体育训练;服务,,是,体育培训,0.75,direct,6,0
91510100MA61X35H86,成都新泰明体育科技有限公司,8911,体育赛事服务,体育赛事 服务,体育赛事;服务,体育赛事,是,体育赛事,0.95,direct,6,1
91510100MA6CCLK25G,成都亨德乐体育文化传播有限公司,8911,体育赛事组织,体育赛事 组织,体育赛事;组织,体育赛事,是,体育赛事,0.95,direct,6,1
91510100MA7GH9NY69,四川四剑客体育用品有限公司,8930,台球服务,台球 服务,台球;服务,台球,是,健身休闲,0.95,direct,4,1
91510100MA69UHQQ47,四川天府力龙体育文化传播有限公司,8392,网球培训,网球培训,网球培训,网球培训,是,体育培训,0.95,direct,4,1
91510100MA62MUC08E,成都伊源商贸有限公司,5242,文化体育用品零售,文化 体育用品零售,体育用品零售;文化,体育用品零售,是,体育用品,0.95,direct,8,1
91510100MA67JJUD7J,成都永真谊体育文化发展有限公司,8919,其他体育组织,其他 体育组织,体育组织;其他,体育组织,是,体育管理,0.95,direct,6,1
91510100MABTNCJ29X,成都福锦泰贸易有限公司,5242,体育器材零售,体育器材 零售,体育器材;零售,体育器材,是,体育用品,0.95,direct,6,1
91510100MA6BTDN32G,四川大力事机电工程有限公司,4892,体育场地设施工程施工,体育场地设施 工程施工,体育场地设施;工程施工,体育场地设施,是,体育场馆,0.95,direct,10,1
91510100MA6CFW50XA,成都蓝宝石健身管理有限公司,8930,健身休闲活动,健身 休闲活动,休闲活动;健身,,是,健身休闲,0.75,direct,6,0
91510100MA6C8T5J9A,四川省皇嘉联创体育文化产业发展有限公司,8911,体育竞赛组织服务,体育竞赛 组织 服务,体育竞赛;服务;组织,体育竞赛,是,体育赛事,0.95,direct,8,1
91510100MAC7Q69W29,四川伊麦尔商贸有限公司,5242,体育用品零售,体育用品零售,体育用品零售,体育用品零售,是,体育用品,0.95,direct,6,1
91510100MA6B5DTM5G,成都景祥体育用品有限公司,5242,体育用品及器材零售,体育用品 器材 零售,体育用品;器材;零售,体育用品,是,体育用品,0.95,direct,9,1
91510100MA6BGT7E3A,成都天谊体育文化发展有限公司,8930,水上运动组织服务,水上运动 组织 服务,水上运动;服务;组织,水上运动,是,健身休闲,0.95,direct,8,1
91510100MA69WHC547,成都柏林文化传播有限公司,8919,其他体育组织,其他 体育组织,体育组织;其他,体育组织,是,体育管理,0.95,direct,6,1
91510100MAD9N8QYXE,成都逐马体育文化发展有限公司,8919,文化艺术,文化 艺术,艺术;文化,,是,体育管理,0.75,direct,4,0
91510100MADAG59F0E,四川野行者户外运动有限公司,8930,文化娱乐,文化娱乐,文化娱乐,,是,健身休闲,0.75,direct,4,0
91510100MAD5GH762R,成都天翊虎少体育文化传播有限公司,8919,文化服务,文化 服务,服务;文化,,是,体育管理,0.75,direct,4,0
91510100MAD4N6YD9M,四川成都冰趣体育文化发展有限公司,8919,文化服务,文化 服务,服务;文化,,是,体育管理,0.75,direct,4,0
91510100MAD7X16C6W,成都久浩体育文化发展有限公司,8919,文化艺术,文化 艺术,艺术;文化,,是,体育管理,0.75,direct,4,0
91510100MAD6G5G841,成都悦城芈亚瑜伽健身有限责任公司,8930,文化娱乐,文化娱乐,文化娱乐,,是,健身休闲,0.75,direct,4,0
91510100MAD497F75G,昇晨乔达成都体育文化传播有限公司,8911,文化娱乐,文化娱乐,文化娱乐,,是,体育管理,0.75,direct,4,0
91510100MAD8NRP65X,成都天欣体育文化传播有限公司,8919,文化娱乐,文化娱乐,文化娱乐,,是,体育管理,0.75,direct,4,0
91510100MAD9W9W36P,成都浪尖体育设施销售有限公司,5242,综合零售,综合 零售,零售;综合,,是,体育用品,0.75,direct,4,0
91510100MADGCP0D5B,成都欣蓉体育俱乐部有限公司,8911,文化艺术,文化 艺术,艺术;文化,,是,体育管理,0.75,direct,4,0
91510100MACMJX766F,成都雷索尔体育文化传播有限公司,8911,文化服务,文化 服务,服务;文化,,是,体育管理,0.75,direct,4,0
91510100MAD8JJGH4W,四川心动励户外运动有限公司,8911,文化艺术,文化 艺术,艺术;文化,,是,体育管理,0.75,direct,4,0
91510100MAD69XTU5P,成都大悦砾岩体育文化发展有限公司,8919,文化娱乐,文化娱乐,文化娱乐,,是,体育管理,0.75,direct,4,0
91510100MA7EDNFR2R,四川水花城堡体育文化传播有限公司,8911,体育赛事组织活动,体育赛事 组织 活动,体育赛事;组织;活动,体育赛事,是,体育赛事,0.95,direct,8,1
91510100MAC1D91X1T,英士博成都体育科技有限公司,8911,体育宣传服务,体育 宣传 服务,体育;宣传;服务,,是,体育管理,0.75,direct,6,0
91510100MA7GB53U2J,成都梦宇足球俱乐部有限公司,8911,体育竞赛组织服务,体育竞赛 组织 服务,体育竞赛;服务;组织,体育竞赛,是,体育赛事,0.95,direct,8,1
91510100MA6AN21Y24,成都九井文创文化传播有限公司,8999,其他未列明体育服务,其他 列明 体育服务,体育服务;列明;其他,体育服务,是,体育管理,0.6,none,9,1
91510100MA6CADBX99,四川壬卯体育发展有限公司,8930,健身休闲活动,健身 休闲活动,休闲活动;健身,,是,健身休闲,0.75,direct,6,0
91510100MA6CPDU95P,成都带你玩体育文化传播集团有限公司,8930,健身休闲活动,健身 休闲活动,休闲活动;健身,,是,健身休闲,0.75,direct,6,0
91510108MA6C55DG3P,成都环信体育文化发展有限责任公司,9052,体育赛事策划,体育 赛事策划,赛事策划;体育,赛事策划,是,体育赛事,0.6,none,6,1
91510100MA63F3A8X3,成都王迪亨文化传播有限公司,8921,体育场馆经营,体育场馆 经营,体育场馆;经营,体育场馆,是,体育场馆,0.95,direct,6,1
91510000772974059Y,四川省豪威马术俱乐部有限公司,2449,体育用品制造,体育用品制造,体育用品制造,体育用品制造,是,体育用品,0.95,direct,6,1
91510100MA6AQB236T,成都钛格物联科技有限公司,9052,体育赛事策划,体育 赛事策划,赛事策划;体育,赛事策划,是,体育赛事,0.6,none,6,1
91510100MABNWMUG45,成都天府恒正体育发展中心有限合伙,8921,体育运动场馆服务,体育运动 场馆 服务,场馆;体育运动;服务,,是,体育场馆,0.75,direct,8,0
91510100MACDT2NC9A,成都竞登体育文化传播有限责任公司,8930,健身娱乐,健身 娱乐,健身;娱乐,,是,健身休闲,0.75,direct,4,0
91510100MABNXHT099,成都武耀华阳体育文化发展有限公司,8392,武术培训,武术培训,武术培训,武术培训,是,体育培训,0.95,direct,4,1
91510100MA644C5X8R,成都以昇体育文化发展有限公司,8919,体育表演活动,体育表演 活动,体育表演;活动,体育表演,是,体育赛事,0.95,direct,6,1
91510100MACHPCTG9G,成都蓝非瑜伽健身有限公司,8930,健身活动,健身活动,健身活动,,是,健身休闲,0.75,direct,4,0
91510100MA65MB5X4C,四川星耀优篮体育发展有限公司,9052,体育服务,体育服务,体育服务,体育服务,是,体育管理,0.6,none,4,1
91510100MAC502UR0A,成都骐骥之跃体育文化发展有限公司,9052,体育赛事策划,体育 赛事策划,赛事策划;体育,赛事策划,是,体育赛事,0.6,none,6,1
91510100MAC0375H53,成都西蒙健身服务有限公司,8930,健身服务,健身服务,健身服务,健身服务,是,健身休闲,0.95,direct,4,1
91510100MAACPQGU0L,四川跃动年华户外拓展有限公司,8930,健身服务,健身服务,健身服务,健身服务,是,健身休闲,0.95,direct,4,1
91510100MA632MHU5H,成都乐知南卡体育文化传播有限公司,8911,体育竞赛组织,体育竞赛 组织,体育竞赛;组织,体育竞赛,是,体育赛事,0.95,direct,6,1
91510100MAC4LGN745,四川舟舟织午体育文化传播有限公司,8911,体育竞赛组织,体育竞赛 组织,体育竞赛;组织,体育竞赛,是,体育赛事,0.95,direct,6,1
91510100MAE08JNN22,成都海曼体育赛事策划有限公司,8911,,,,,是,体育管理,0.75,direct,0,0
91510100681808039N,成都麓山国际乡村俱乐部有限公司,8930,其他未列明体育服务,其他 列明 体育服务,体育服务;列明;其他,体育服务,是,体育管理,0.95,direct,9,1
91510100MACU37ME6K,成都潘达星体育文化传播有限公司,8919,,,,,是,体育管理,0.75,direct,0,0
91510100MABTH3F181,四川环营科技有限公司,5242,体育用品及器材零售,体育用品 器材 零售,体育用品;器材;零售,体育用品,是,体育用品,0.95,direct,9,1
91510100MA66AHNM01,成都毅血体育有限责任公司,8911,体育竞赛组织,体育竞赛 组织,体育竞赛;组织,体育竞赛,是,体育赛事,0.95,direct,6,1
91510100MA6AT3X62G,四川省马赛汽车运动文化有限责任公司,8911,体育竞赛组织,体育竞赛 组织,体育竞赛;组织,体育竞赛,是,体育赛事,0.95,direct,6,1
91510100MA6B4T607M,成都境界户外运动有限公司,8930,健身休闲活动,健身 休闲活动,休闲活动;健身,,是,健身休闲,0.75,direct,6,0
91510100MA641TRQ0B,四川觅途山河体育发展有限公司,8911,体育赛事策划,体育 赛事策划,赛事策划;体育,赛事策划,是,体育赛事,0.95,direct,6,1
91510116MABNL49M05,成都启成联合体育场馆管理有限公司,8921,羽毛球场馆租赁,羽毛球 场馆租赁,场馆租赁;羽毛球,羽毛球;场馆租赁,是,体育用品,0.95,direct,7,2
91510100MA6ANBPQ42,成都乐动精灵体育运动有限责任公司,8930,健身休闲活动,健身 休闲活动,休闲活动;健身,,是,健身休闲,0.75,direct,6,0
91510100MA6ADHQN8P,成都跑起来体育文化发展有限公司,8911,体育竞赛组织,体育竞赛 组织,体育竞赛;组织,体育竞赛,是,体育赛事,0.95,direct,6,1
91510100MA6AH0T55C,成都古麓瑜伽健身有限公司,8930,健身休闲活动,健身 休闲活动,休闲活动;健身,,是,健身休闲,0.75,direct,6,0
91510100MA6C639Y5B,成都真诠松溪健身服务有限公司,8930,健身休闲活动服务,健身 休闲活动 服务,休闲活动;健身;服务,,是,健身休闲,0.75,direct,8,0
91510100MA7DHWKGXJ,成都复倍健身服务有限公司,8930,健身休闲活动服务,健身 休闲活动 服务,休闲活动;健身;服务,,是,健身休闲,0.75,direct,8,0
91510100MACP46M0XJ,成都喜栎体育文化发展有限公司,8930,瑜伽服务,瑜伽 服务,瑜伽;服务,瑜伽,是,健身休闲,0.95,direct,4,1
91510100MABQ4U1273,成都万事丰登健身服务有限公司,8930,健身休闲活动服务,健身 休闲活动 服务,休闲活动;健身;服务,,是,健身休闲,0.75,direct,8,0
91510100MACH6YMQ25,成都银牛体育文化发展有限公司,8911,体育赛事策划,体育 赛事策划,赛事策划;体育,赛事策划,是,体育赛事,0.95,direct,6,1
91510100MACCXKL597,成都壹年健身服务有限公司,8930,健身房服务,健身房 服务,健身房;服务,健身房,是,健身休闲,0.95,direct,5,1
91510100MA7L6A850R,成都玛尚赛德睿体育用品有限公司,5242,体育用品零售服务,体育用品零售 服务,体育用品零售;服务,体育用品零售,是,体育用品,0.95,direct,8,1
91510100MAC79DJ19L,成都飞跃达优体育文化发展有限公司,8930,儿童体能训练服务,儿童 体能训练 服务,体能训练;儿童;服务,体能训练,是,体育培训,0.95,direct,8,1
91510100MACE0HB24P,成都锦恩体育文化传播有限公司,8911,体育竞赛组织,体育竞赛 组织,体育竞赛;组织,体育竞赛,是,体育赛事,0.95,direct,6,1
91510100MACW9B0R8U,成都沐氧森林健身有限公司,8930,健身服务,健身服务,健身服务,健身服务,是,健身休闲,0.95,direct,4,1
91510100MABQEK212U,成都市远易优游乐设备有限公司,5242,体育用品及器材零售,体育用品 器材 零售,体育用品;器材;零售,体育用品,是,体育用品,0.95,direct,9,1
91510100MADGHKNM9N,四川竞奥迎胜体育文化发展有限公司,8919,组织体育活动,组织 体育 活动,体育;组织;活动,,是,体育管理,0.75,direct,6,0
91510100MA673NP29F,成都新兴响声健身服务有限公司,8930,健身休闲活动,健身 休闲活动,休闲活动;健身,,是,健身休闲,0.75,direct,6,0
92510185MA6CNTNP4X,成都市诚悦创商贸有限公司,5242,体育用品零售,体育用品零售,体育用品零售,体育用品零售,是,体育用品,0.95,direct,6,1
91510100MA62JC196F,成都鼎众武搏击健身俱乐部,8930,健身服务,健身服务,健身服务,健身服务,是,健身休闲,0.95,direct,4,1
91510100MACB6YCK4K,成都未来跃动体育文化传播有限公司,8930,健身娱乐,健身 娱乐,健身;娱乐,,是,健身休闲,0.75,direct,4,0
91510100MACXPQME0U,成都石榴加八健身服务有限公司,8930,健身休闲活动,健身 休闲活动,休闲活动;健身,,是,健身休闲,0.75,direct,6,0
91510100MA6A556M6M,蓉迪梦成都体育场馆管理中心,8921,体育场馆管理服务,体育场馆 管理 服务,体育场馆;服务;管理,体育场馆,是,体育场馆,0.95,direct,8,1
91510100MA69AF204F,四川羽言竞技渔具有限公司,5242,体育用品及器材零售,体育用品 器材 零售,体育用品;器材;零售,体育用品,是,体育用品,0.95,direct,9,1
91510185MA6CNL9E3F,成都市兴鑫拓展训练有限公司,8930,体能拓展训练服务,体能 拓展 训练 服务,体能;拓展;训练;服务,,是,健身休闲,0.75,direct,8,0
91510100MA6A4XEWX7,成都骁腾文化传播有限公司,8921,球场管理服务,球场 管理 服务,球场;服务;管理,,是,体育场馆,0.75,direct,6,0
91510100MA65LXMY5M,成都铭昊天娇搏击俱乐部,8911,组织跆拳道活动,组织 跆拳道 活动,跆拳道;组织;活动,跆拳道,是,健身休闲,0.95,direct,7,1
91510100MAD59B354N,铭泰体育场馆管理（成都）有限公司,8911,体育竞赛组织,体育竞赛 组织,体育竞赛;组织,体育竞赛,是,体育赛事,0.95,direct,6,1
91510100MA69KPA15G,成都鼎龙冠体育文化传播有限公司,5142,体育器材批发,体育器材 批发,体育器材;批发,体育器材,是,体育用品,0.95,direct,6,1
92510100MA62QJPQ5F,高新区空山新瑜伽馆,8930,瑜伽服务,瑜伽 服务,瑜伽;服务,瑜伽,是,健身休闲,0.95,direct,4,1
91510100MA61W5CT05,成都倾城蜂动体育文化传播有限公司,8930,健身活动,健身活动,健身活动,,是,健身休闲,0.75,direct,4,0
91510100MA62QF0W4B,成都誉佳宸宏晟体育文化传播有限公司,8930,攀岩馆服务,攀岩 服务,攀岩;服务,攀岩,是,健身休闲,0.95,direct,5,1
91510100MA6C8WU43L,四川全兴青少年足球俱乐部有限公司,9054,体育经纪服务,体育经纪 服务,体育经纪;服务,体育经纪,是,体育传媒,0.6,none,6,1
91510100MA61WUYNX0,成都星锐健身有限公司,8930,健身服务,健身服务,健身服务,健身服务,是,健身休闲,0.95,direct,4,1
91510107358679281Y,成都领腾健身器材有限公司,5142,健身器材批发,健身器材 批发,健身器材;批发,健身器材,是,体育用品,0.95,direct,6,1
91510100MA68JAYTXX,成都嗨马乐动体育发展有限公司,8921,体育场管理,体育场 管理,体育场;管理,体育场,是,体育场馆,0.95,direct,5,1
91510100MA69KYEFXJ,成都勇者无畏体育文化传播有限公司,8930,健身房服务,健身房 服务,健身房;服务,健身房,是,健身休闲,0.95,direct,5,1
91510100MA6C9N9B8H,成都弘信网球俱乐部有限公司,8911,网球俱乐部服务,网球 俱乐部 服务,网球;俱乐部;服务,网球,是,体育用品,0.95,direct,7,1
91510107686306425Q,动乐康体育发展成都有限责任公司,8930,健身服务,健身服务,健身服务,健身服务,是,健身休闲,0.95,direct,4,1
91510100MA61XRUQ63,成都一拳者文化传播有限公司,8392,拳击培训,拳击 培训,拳击;培训,,是,体育培训,0.75,direct,4,0
91510100MA664BCP63,四川恒刚体育文化发展有限公司,8930,健身服务,健身服务,健身服务,健身服务,是,健身休闲,0.95,direct,4,1
91510100MA6DEQPKX2,成都恒伯尼健身服务有限公司,8930,健身服务,健身服务,健身服务,健身服务,是,健身休闲,0.95,direct,4,1
91510100MA6C7FER8A,四川新塑健身服务有限公司,8930,健身服务,健身服务,健身服务,健身服务,是,健身休闲,0.95,direct,4,1
91510100MA6DHB07XC,成都金刚健身服务有限公司,8930,健身服务,健身服务,健身服务,健身服务,是,健身休闲,0.95,direct,4,1
91510104MA6CB7CP9Y,成都唯创美汇商贸有限公司,5142,日用品体育用品批发,日用品 体育用品批发,体育用品批发;日用品,体育用品批发,是,体育用品,0.95,direct,9,1
91510100MA66B34FX1,成都全普能体育发展有限公司,8930,健身休闲活动,健身 休闲活动,休闲活动;健身,,是,健身休闲,0.75,direct,6,0
91510100MA6CWHUM08,成都恒秭盛源体育文化传播有限公司,8930,健身服务,健身服务,健身服务,健身服务,是,健身休闲,0.95,direct,4,1
91510100MA66321R2H,成都凌绝顶文化传播有限公司,8930,健身服务,健身服务,健身服务,健身服务,是,健身休闲,0.95,direct,4,1
91510100MA6CT6GR6H,四川乐跑科技有限公司,8930,健身服务,健身服务,健身服务,健身服务,是,健身休闲,0.95,direct,4,1
91510100MA6A6A04X5,成都全昕体育文化传播中心有限合伙,9054,体育经纪服务,体育经纪 服务,体育经纪;服务,体育经纪,是,体育传媒,0.6,none,6,1
91510100MA6CHC3Q6C,成都灵韵健身有限公司,8930,健身休闲活动,健身 休闲活动,休闲活动;健身,,是,健身休闲,0.75,direct,6,0
91510100MA6DHXT82F,四川晶芯百讯科技有限公司,8930,健身服务,健身服务,健身服务,健身服务,是,健身休闲,0.95,direct,4,1
91510100066997878W,成都美盈体育文化传播有限公司,8930,健身休闲活动,健身 休闲活动,休闲活动;健身,,是,健身休闲,0.75,direct,6,0
91510100MA6CA54G3P,四川中德时代健康管理有限公司,8930,运动康复训练,运动 康复训练,康复训练;运动,康复训练,是,健身休闲,0.95,direct,6,1
91510100MA61WTRT1R,四川博灿体育器械有限公司,5242,体育器械零售,体育 器械 零售,器械;体育;零售,,是,体育用品,0.75,direct,6,0
91510100572255391F,成都清渊健身有限公司,8930,健身房服务,健身房 服务,健身房;服务,健身房,是,健身休闲,0.95,direct,5,1
91510100394591295R,成都迈西教育咨询有限公司,8392,婴幼儿亲子游泳培训,婴幼儿 亲子 游泳培训,游泳培训;亲子;婴幼儿,游泳培训,是,体育培训,0.95,direct,9,1
91510100MA6CG79M23,成都合众灿丰贸易有限公司,5142,健身器材批发,健身器材 批发,健身器材;批发,健身器材,是,体育用品,0.95,direct,6,1
915101223957239586,成都威玖玖体育文化传播有限公司,8930,组织策划文化艺术交流活动,组织 策划 文化 艺术交流 活动,艺术交流;策划;文化;组织;活动,,是,健身休闲,0.75,direct,12,0
91510100MA61WEEF3F,成都亿动爱朴科技有限公司,8930,健身服务,健身服务,健身服务,健身服务,是,健身休闲,0.95,direct,4,1
915101000549413404,成都中体足球文化传播有限公司,8921,体育场馆管理,体育场馆 管理,体育场馆;管理,体育场馆,是,体育场馆,0.95,direct,6,1
915101003429791750,成都中恒沃德电子商务有限公司,8921,体育场馆服务,体育场馆 服务,体育场馆;服务,体育场馆,是,体育场馆,0.95,direct,6,1
91510100MA6CMW4952,成都源起健身管理有限公司,8930,健身服务,健身服务,健身服务,健身服务,是,健身休闲,0.95,direct,4,1
91510100MA6C5XBN4F,成都博思坦健身服务有限公司,8930,健身服务,健身服务,健身服务,健身服务,是,健身休闲,0.95,direct,4,1
91510100MA69N11Y90,四川跆语体育文化传播有限责任公司,8392,跆拳道培训,跆拳道培训,跆拳道培训,跆拳道培训,是,体育培训,0.95,direct,5,1
92510100MA6CT6P29P,高新区欧姆瑜伽健身工作室,8930,体育健身,体育 健身,健身;体育,,是,健身休闲,0.75,direct,4,0
91510100MA62TRDQ72,成都黑光动画有限公司,8930,影视制作,影视制作,影视制作,,是,健身休闲,0.75,direct,4,0
91510106350625916B,成都万尚体育文化传播有限责任公司,8921,体育场馆服务,体育场馆 服务,体育场馆;服务,体育场馆,是,体育场馆,0.95,direct,6,1
91510100587579110X,成都海山文化传播有限公司,8911,体育宣传服务,体育 宣传 服务,体育;宣传;服务,,是,体育管理,0.75,direct,6,0
91510100MABLM3DA9H,四川毅拼体育文化传播有限公司,9052,体育服务,体育服务,体育服务,体育服务,是,体育管理,0.6,none,4,1
915101006818074585,四川环福体育经纪发展有限公司,9052,赛事服务,赛事服务,赛事服务,赛事服务,是,体育赛事,0.6,none,4,1
91510100556408204J,成都宇翔体育场馆管理有限公司,8921,体育场馆管理,体育场馆 管理,体育场馆;管理,体育场馆,是,体育场馆,0.95,direct,6,1
91510100MAACMND525,成都迪克吧健身服务有限公司,8911,体育赛事策划,体育 赛事策划,赛事策划;体育,赛事策划,是,体育赛事,0.95,direct,6,1
915101006721735109,成都金羽天翼体育运动有限公司,8921,体育场馆经营服务,体育场馆 经营 服务,体育场馆;服务;经营,体育场馆,是,体育场馆,0.95,direct,8,1
91510100MA6CCTLJ2Q,成都健轩功房健康管理有限公司,8930,健身服务,健身服务,健身服务,健身服务,是,健身休闲,0.95,direct,4,1
91510100MACJAYX46U,四川森鸿体育场馆管理有限公司,8930,格斗健身,格斗 健身,格斗;健身,,是,健身休闲,0.75,direct,4,0
91510100MAD1NBKB42,成都桦润文化传媒有限公司,9052,组织体育表演活动,组织 体育表演 活动,体育表演;组织;活动,体育表演,是,体育赛事,0.6,none,8,1
91510100MA64GEUT5M,成都爱嘉美嘉健身服务有限公司,8930,健身服务,健身服务,健身服务,健身服务,是,健身休闲,0.95,direct,4,1
91510100MADC3UYX66,成都成视体育发展有限公司,9052,体育表演服务,体育表演 服务,体育表演;服务,体育表演,是,体育赛事,0.6,none,6,1
91510181MA6B5B5U22,四川源创泰蓉科技有限公司,5142,体育用品批发,体育用品批发,体育用品批发,体育用品批发,是,体育用品,0.95,direct,6,1
91510100MA62QY0A6B,四川中博蓉超体育文化传播有限公司,8392,体育项目教学,体育项目 教学,体育项目;教学,,是,体育培训,0.75,direct,6,0
91510100689027245U,成都新娱时代贸易有限公司,5242,体育用品零售,体育用品零售,体育用品零售,体育用品零售,是,体育用品,0.95,direct,6,1
91510100562007650R,四川享运动体育文化传播有限公司,8911,运动项目组织服务,运动 项目 组织 服务,服务;运动;项目;组织,,是,体育管理,0.75,direct,8,0
91510100MACG5K9Q5G,四川鑫顶峰体育文化发展有限公司,8911,体育竞赛组织,体育竞赛 组织,体育竞赛;组织,体育竞赛,是,体育赛事,0.95,direct,6,1
91510100MA6B5K1T3W,成都美橄部落达阵文化传播有限公司,5142,体育用品及器材批发,体育用品 器材 批发,体育用品;器材;批发,体育用品,是,体育用品,0.95,direct,9,1
91510100MA6BUYXP95,四川海心岚生物科技有限公司,8930,拓展培训,拓展 培训,培训;拓展,,是,健身休闲,0.75,direct,4,0
91510100MABTBKGC87,四川十九体育文化发展有限公司,8930,体育用品及器材零售,体育用品 器材 零售,体育用品;器材;零售,体育用品,是,体育用品,0.95,direct,9,1
91510100MA63DW0767,四川君侠文化发展有限公司,8392,青少年体育培训,青少年体育 培训,青少年体育;培训,青少年体育,是,体育培训,0.95,direct,7,1
91510100MA6AELLF74,成都媛媛健身服务有限公司,8930,健身服务,健身服务,健身服务,健身服务,是,健身休闲,0.95,direct,4,1
91510100MA64E9FQ0C,成都市琛博体育文化传播有限公司,8930,游泳健身服务,游泳 健身服务,健身服务;游泳,游泳;健身服务,是,健身休闲,0.95,direct,6,2
91510100MA7NGY14XX,成都瑞斯凯斯企业管理有限公司,8930,室内健身运动,室内 健身运动,健身运动;室内,,是,健身休闲,0.75,direct,6,0
91510100MA7LM3HU05,四川军博素质拓展训练有限公司,8392,体育训练服务,体育训练 服务,体育训练;服务,,是,体育培训,0.75,direct,6,0
915101000525452050,成都名杰体育运动有限公司,8930,健身咨询服务,健身 咨询服务,咨询服务;健身,,是,健身休闲,0.75,direct,6,0
91510100MA61U0NGXH,成都无氧爆发健康咨询有限公司,8930,健身服务,健身服务,健身服务,健身服务,是,健身休闲,0.95,direct,4,1
91510100MA6CL5M07H,成都山旁之树户外运动有限公司,9052,体育赛事策划,体育 赛事策划,赛事策划;体育,赛事策划,是,体育赛事,0.6,none,6,1
91510100MAACNE7H3G,成都一柒么瑜伽健身有限公司,8930,健身休闲活动,健身 休闲活动,休闲活动;健身,,是,健身休闲,0.75,direct,6,0
91510100MABY15LK4G,四川七野体育文化发展有限公司,8930,健身休闲活动组织,健身 休闲活动 组织,休闲活动;健身;组织,,是,健身休闲,0.75,direct,8,0
91510100MA69H6FE50,成都健飞体育文化传播有限公司,8921,游泳池代管服务,游泳池 代管 服务,代管;游泳池;服务,游泳池,是,健身休闲,0.95,direct,7,1
91510100MA6CCYKX4H,四川爱动猴体育文化传播有限公司,8911,体育赛事策划组织服务,体育 赛事策划 组织 服务,赛事策划;体育;服务;组织,赛事策划,是,体育赛事,0.95,direct,10,1
91510100MA66YJX43J,成都星趣智慧体育文化有限公司,8911,体育赛事组织策划,体育赛事 组织 策划,体育赛事;策划;组织,体育赛事,是,体育赛事,0.95,direct,8,1
91510100MA69MQE73X,成都玖森体育文化传播有限公司,8930,健身服务,健身服务,健身服务,健身服务,是,健身休闲,0.95,direct,4,1
91510100MA7HYFLX5C,成都维特鲁威健身管理有限公司,8930,健身休闲服务,健身 休闲 服务,健身;休闲;服务,,是,健身休闲,0.75,direct,6,0
91510100MA7GD2L8XW,四川海涵体育发展有限公司,8392,网球培训服务,网球培训 服务,网球培训;服务,网球培训,是,体育培训,0.95,direct,6,1
91510100MA64P7P06T,成都妙源健康管理有限公司,8930,西药药品零售,西药 药品 零售,西药;药品;零售,,是,健身休闲,0.75,direct,6,0
91510100MA6CHLX843,成都吉文思创体育文化传播有限公司,8392,青少年体育培训,青少年体育 培训,青少年体育;培训,青少年体育,是,体育培训,0.95,direct,7,1
91510100MA69LMAF7E,成都巨浪户外运动有限公司,8911,户外行程推广,户外 行程 推广,户外;行程;推广,,是,体育管理,0.75,direct,6,0
91510100MAC7N3850G,成都森悦万兴体育文化发展有限责任公司,8930,室内健身服务,室内 健身服务,健身服务;室内,健身服务,是,健身休闲,0.95,direct,6,1
91510100MA6C6YN00R,成都市拿云智成文化传媒有限公司,8911,体育赛事筹备服务,体育赛事 筹备 服务,体育赛事;筹备;服务,体育赛事,是,体育赛事,0.95,direct,8,1
91510100MAC5R97W13,飞羽客成都体育文化发展有限公司,8911,体育竞赛活动组织,体育竞赛 活动 组织,体育竞赛;组织;活动,体育竞赛,是,体育赛事,0.95,direct,8,1
91510100MA6B4PRP4A,成都大胡子飞钓户外用品有限公司,5242,渔具零售,渔具 零售,渔具;零售,渔具,是,体育用品,0.95,direct,4,1
91510100MA6816TH0K,成都山水后院健康管理咨询有限公司,8930,室内健身,室内 健身,健身;室内,,是,健身休闲,0.75,direct,4,0
91510100MA69JG4255,成都戴蒙跃达体育文化传播有限公司,8911,体育竞赛组织,体育竞赛 组织,体育竞赛;组织,体育竞赛,是,体育赛事,0.95,direct,6,1
91510105069761115Q,成都狼义文化传播有限公司,8930,体能拓展训练服务,体能 拓展 训练 服务,体能;拓展;训练;服务,,是,健身休闲,0.75,direct,8,0
91510100MA6DHD7Y0G,成都市伴我同行户外拓展运动有限公司,8930,体能拓展训练服务,体能 拓展 训练 服务,体能;拓展;训练;服务,,是,健身休闲,0.75,direct,8,0
91510100MA61RQM668,成都杰夫体育有限公司,8930,健身服务,健身服务,健身服务,健身服务,是,健身休闲,0.95,direct,4,1
91510100MA6C9FC211,成都型走者健身服务有限公司,8930,健身服务,健身服务,健身服务,健身服务,是,健身休闲,0.95,direct,4,1
91510100MABUXCWG15,成都小仓佳奈子健身服务有限公司,8930,成人瑜伽培训,成人 瑜伽 培训,瑜伽;成人;培训,瑜伽,是,健身休闲,0.95,direct,6,1
91510106MA61WYW69J,成都锦彬健康管理有限公司,8930,健身服务,健身服务,健身服务,健身服务,是,健身休闲,0.95,direct,4,1
91510100MA6CGGMMXU,成都魔特体育文化传播有限公司,8930,健身服务,健身服务,健身服务,健身服务,是,健身休闲,0.95,direct,4,1
91510100MA7HMP8D0C,成都卡米尔健康管理有限公司,8930,室内健身,室内 健身,健身;室内,,是,健身休闲,0.75,direct,4,0
91510100MACXW5A78C,成都腰翎卡巴迪体育发展有限公司,5242,体育用品零售,体育用品零售,体育用品零售,体育用品零售,是,体育用品,0.95,direct,6,1
91510100MA635UUC9R,四川阿那亚体育文化发展有限公司,8392,体育培训服务,体育培训 服务,体育培训;服务,体育培训,是,体育培训,0.95,direct,6,1
91510117LS0116814B,成都市未来星羽毛球俱乐部高新西区馆,8921,羽毛球馆服务,羽毛球馆 服务,羽毛球馆;服务,羽毛球馆,是,体育场馆,0.95,direct,6,1
91510100MA6C8B8Q6U,四川西部赛客智能科技有限公司,8921,体育场馆管理服务,体育场馆 管理 服务,体育场馆;服务;管理,体育场馆,是,体育场馆,0.95,direct,8,1
91510100MA6B83UL2T,成都宏圣鹰飞健身服务部,8930,健身休闲,健身 休闲,健身;休闲,,是,健身休闲,0.75,direct,4,0
91510100MA62L91B58,成都枫未生活科技有限公司,8930,瑜伽健身服务,瑜伽 健身服务,健身服务;瑜伽,瑜伽;健身服务,是,健身休闲,0.95,direct,6,2
91510100MACHYWGGXF,成都铁韧工坊体育文化发展有限公司,9052,体育赛事策划,体育 赛事策划,赛事策划;体育,赛事策划,是,体育赛事,0.6,none,6,1
91510100MAD2L2M37G,成都市安德柔道体育俱乐部有限公司,8911,体育竞赛组织,体育竞赛 组织,体育竞赛;组织,体育竞赛,是,体育赛事,0.95,direct,6,1
91510100MA64MB503Q,四川谊搏乒乓球俱乐部有限公司,8911,体育竞赛组织,体育竞赛 组织,体育竞赛;组织,体育竞赛,是,体育赛事,0.95,direct,6,1
91510100MA7FP5QW0Y,四川凡森健康管理咨询有限公司,8930,健康休闲活动,健康 休闲活动,休闲活动;健康,,是,健身休闲,0.75,direct,6,0
91510100350547399F,四川中垒体育文化传播有限公司,8392,提供体育服务,提供 体育服务,体育服务;提供,体育服务,是,体育管理,0.95,direct,6,1
91510100MA7MMW8679,成都力美佳健身有限公司,8921,体育场地设施经营,体育场地设施 经营,体育场地设施;经营,体育场地设施,是,体育场馆,0.95,direct,8,1
91510100MAD3W2N428,成都威玖乐悦健身服务有限公司,8930,健身休闲活动,健身 休闲活动,休闲活动;健身,,是,健身休闲,0.75,direct,6,0
91510100MA63HMM115,四川鸿博教体科技有限公司,5142,体育器材批发,体育器材 批发,体育器材;批发,体育器材,是,体育用品,0.95,direct,6,1
91510100MA61TYY22X,成都威玖玖玖体育文化传播有限公司,8930,游泳健身服务,游泳 健身服务,健身服务;游泳,游泳;健身服务,是,健身休闲,0.95,direct,6,2
91510100MA61YYWP5G,成都瑞驰乒乓球俱乐部,9052,体育赛事活动策划,体育赛事 活动 策划,体育赛事;策划;活动,体育赛事,是,体育赛事,0.6,none,8,1
91510100MA63G2DD26,成都力悦合泰健身服务有限公司,8930,健身休闲活动,健身 休闲活动,休闲活动;健身,,是,健身休闲,0.75,direct,6,0
91510100MA6CF89421,四川阿欧赛恩体育管理有限公司,7246,体育管理,体育管理,体育管理,体育管理,是,体育管理,0.6,none,4,1
91510100MA61WUC952,成都活力美体育文化传播有限责任公司,8930,健身休闲活动,健身 休闲活动,休闲活动;健身,,是,健身休闲,0.75,direct,6,0
91510100MA7NH0JK8U,成都东骁健身服务有限公司,8930,健身活动,健身活动,健身活动,,是,健身休闲,0.75,direct,4,0
91510100MA65TN767F,四川天狮力量体育文化传播有限公司,8930,跆拳道服务,跆拳道 服务,跆拳道;服务,跆拳道,是,健身休闲,0.95,direct,5,1
91510100MAC3DCY284,成都婕思佳文化传播有限公司,8930,健身休闲活动,健身 休闲活动,休闲活动;健身,,是,健身休闲,0.75,direct,6,0
91510100MA69J3FW5G,成都瑞蒽体育文化发展有限责任公司,8392,体育培训,体育培训,体育培训,体育培训,是,体育培训,0.95,direct,4,1
91510100MA7E6YWE68,成都嘉年华碳元素健身管理有限公司,8930,健身休闲活动,健身 休闲活动,休闲活动;健身,,是,健身休闲,0.75,direct,6,0
91510100MACBK31E7T,四川底格拉斯体育文化传播有限公司,8911,赛事活动,赛事 活动,赛事;活动,,是,体育管理,0.75,direct,4,0
91510100MA68K96R84,四川奥体智慧体育发展合伙企业有限合伙,9052,体育赛事策划,体育 赛事策划,赛事策划;体育,赛事策划,是,体育赛事,0.6,none,6,1
91510183MA6AB7WE49,四川华体体育发展有限公司,8911,体育赛事策划,体育 赛事策划,赛事策划;体育,赛事策划,是,体育赛事,0.95,direct,6,1
91510100MABU4H7238,成都宏远无限赛车文化传播有限公司,8911,体育竞赛组织,体育竞赛 组织,体育竞赛;组织,体育竞赛,是,体育赛事,0.95,direct,6,1
91510100MABWFL7C8F,成都喜昇菊健身服务有限公司,8930,健身休闲活动,健身 休闲活动,休闲活动;健身,,是,健身休闲,0.75,direct,6,0
91510100MAC19MHK00,成都天新虎少体育文化传播有限公司,8911,篮球训练,篮球 训练,篮球;训练,篮球,是,体育用品,0.95,direct,4,1
91510100MAC4PCPG15,成都动贰捌健身有限责任公司,8930,健身休闲活动,健身 休闲活动,休闲活动;健身,,是,健身休闲,0.75,direct,6,0
91510100MA61XP5L01,成都乐途天下文化传播有限公司,9052,组织体育表演活动,组织 体育表演 活动,体育表演;组织;活动,体育表演,是,体育赛事,0.6,none,8,1
91510100MA68DJQ70H,四川长叶兰建筑工程有限公司,4892,体育场地设施工程施工,体育场地设施 工程施工,体育场地设施;工程施工,体育场地设施,是,体育场馆,0.95,direct,10,1
91510100MABP4L0J4F,成都平衡瑜伽健身有限公司,8930,健身休闲活动,健身 休闲活动,休闲活动;健身,,是,健身休闲,0.75,direct,6,0
91510100MA69JUN40D,成都博雅米加时代健身管理有限公司,8930,健身休闲,健身 休闲,健身;休闲,,是,健身休闲,0.75,direct,4,0
91510100MA6C9Y7Q8D,四川迹晨体育文化传播有限公司,8921,体育场馆管理服务,体育场馆 管理 服务,体育场馆;服务;管理,体育场馆,是,体育场馆,0.95,direct,8,1
91510100MA6B4E0D41,四川西部天筑建设有限公司,4892,机场跑道停机坪施工,机场跑道 停机坪 施工,机场跑道;停机坪;施工,,是,体育场馆,0.75,direct,9,0
91510100MA6CR9W209,成都世纪绿洲体育文化传播有限公司,8930,健身服务,健身服务,健身服务,健身服务,是,健身休闲,0.95,direct,4,1
91510100MA6AW25D51,成都唯品健身服务有限公司,8930,健身休闲活动,健身 休闲活动,休闲活动;健身,,是,健身休闲,0.75,direct,6,0
915101003319395146,成都关键之道体育文化传播有限公司,8911,体育服务,体育服务,体育服务,体育服务,是,体育管理,0.95,direct,4,1
91510100MA697QGY5T,环奥文体发展有限公司,8911,体育竞赛组织,体育竞赛 组织,体育竞赛;组织,体育竞赛,是,体育赛事,0.95,direct,6,1
91510100MA62MWYE8A,成都金农汇商贸有限公司,5242,体育用品及器材零售,体育用品 器材 零售,体育用品;器材;零售,体育用品,是,体育用品,0.95,direct,9,1
91510100350561211W,成都康体汇体育文化传播有限公司,8930,健身服务,健身服务,健身服务,健身服务,是,健身休闲,0.95,direct,4,1
91510100397278894N,成都舞星级体育文化传播有限公司,8930,体育运动,体育运动,体育运动,,是,健身休闲,0.75,direct,4,0
91510100MA7EYXHKXQ,成都极客健身服务有限公司,8930,健身休闲活动,健身 休闲活动,休闲活动;健身,,是,健身休闲,0.75,direct,6,0
91510100MACTMX0W7M,成都趣多屋娱乐有限公司,8912,游艺娱乐活动,游艺 娱乐活动,游艺;娱乐活动,,是,体育管理,0.75,direct,6,0
91510100MAC3MNE70U,成都捷足健身服务有限公司,8930,健身休闲活动,健身 休闲活动,休闲活动;健身,,是,健身休闲,0.75,direct,6,0
91510100MA6DFGLRX5,成都热度健身服务有限公司,8930,健身休闲活动,健身 休闲活动,休闲活动;健身,,是,健身休闲,0.75,direct,6,0
91510100MA66FQG59K,四川成体鼎力体育文化传播有限公司,8930,体育健身,体育 健身,健身;体育,,是,健身休闲,0.75,direct,4,0
91510100MACECLB47M,成都阅梓健身服务有限责任公司,8930,健身休闲活动,健身 休闲活动,休闲活动;健身,,是,健身休闲,0.75,direct,6,0
91510100MACRA2C93Y,成都黑金体育文化传播有限公司,8930,健身休闲活动,健身 休闲活动,休闲活动;健身,,是,健身休闲,0.75,direct,6,0
91510100MA69GCMQ9C,成都天逸体育文化传播有限公司,9052,体育服务,体育服务,体育服务,体育服务,是,体育管理,0.6,none,4,1
91510100MA697BWP2G,成都贝特瑞健身服务有限公司,8930,健身活动,健身活动,健身活动,,是,健身休闲,0.75,direct,4,0
91510100MACC32KY71,成都市回响瑜伽健身有限责任公司,8930,健身休闲活动,健身 休闲活动,休闲活动;健身,,是,健身休闲,0.75,direct,6,0
91510100MABTXMBK7Q,成都仲璟健身有限公司,8930,健身休闲活动,健身 休闲活动,休闲活动;健身,,是,健身休闲,0.75,direct,6,0
91510100MA69X5K31L,四川顶格体育文化传播有限公司,5142,体育用品零售,体育用品零售,体育用品零售,体育用品零售,是,体育用品,0.95,direct,6,1
91510100MA66F4LR0J,成都大鱼舞蹈有限责任公司,8930,健身服务,健身服务,健身服务,健身服务,是,健身休闲,0.95,direct,4,1
91510100MABW3XYX9T,成都新川聚成体育发展有限公司,8930,健身卡,健身卡,健身卡,,是,健身休闲,0.75,direct,3,0
91510100MA64N8CC3Y,成都鸿程户外拓展有限公司,8930,户外拓展,户外拓展,户外拓展,户外拓展,是,健身休闲,0.95,direct,4,1
91510100MA67Y2FA25,成都斌武文化传播有限公司,8392,跆拳道培训,跆拳道培训,跆拳道培训,跆拳道培训,是,体育培训,0.95,direct,5,1
91510104MA6DE0Y537,成都富宏体育文化传播有限公司,9052,体育赛事组织策划服务,体育赛事 组织 策划 服务,体育赛事;策划;服务;组织,体育赛事,是,体育赛事,0.6,none,10,1
91510124MACU0F7364,成都市星越羽体育文化传播有限公司,8930,健身休闲,健身 休闲,健身;休闲,,是,健身休闲,0.75,direct,4,0
91510100MACWJEQR69,成都菜羽体育发展有限责任公司,8992,体育服务,体育服务,体育服务,体育服务,是,体育管理,0.6,none,4,1
91510100MA61U3027P,成都飒羽体育文化传播有限责任公司,8921,羽毛球场地服务,羽毛球场 服务,羽毛球场;服务,,是,体育场馆,0.75,direct,7,0
91510100MA66XY647B,成都兰途景峰健身服务有限公司,8930,休闲健身服务,休闲 健身服务,健身服务;休闲,健身服务,是,健身休闲,0.95,direct,6,1
91510100MA697U567F,四川锐奇健身服务有限公司,8930,健身服务,健身服务,健身服务,健身服务,是,健身休闲,0.95,direct,4,1
91510105350616948M,成都尚跑体育文化传播有限公司,8911,体育赛事服务,体育赛事 服务,体育赛事;服务,体育赛事,是,体育赛事,0.95,direct,6,1
91510107MA7G3D4YX0,四川焕采体育文化发展有限公司,7246,体育教育咨询,体育教育 咨询,体育教育;咨询,体育教育,是,体育培训,0.6,none,6,1
91510100MA68JUMM0N,四川澎湃体育发展有限公司,8921,体育场地设施经营,体育场地设施 经营,体育场地设施;经营,体育场地设施,是,体育场馆,0.95,direct,8,1
91510100MA6ADH9U7L,成都维哒健身服务有限公司,8930,健身休闲活动,健身 休闲活动,休闲活动;健身,,是,健身休闲,0.75,direct,6,0
91510100MAC526H41B,成都森吉鑫业体育文化发展有限公司,8930,健身服务,健身服务,健身服务,健身服务,是,健身休闲,0.95,direct,4,1
91510100MA7ER1TA9K,四川有苏文化创意发展有限公司,5142,体育器材批发,体育器材 批发,体育器材;批发,体育器材,是,体育用品,0.95,direct,6,1
91510100MA61XK45XQ,成都泛育互动科技有限公司,8911,举办体育活动,举办 体育 活动,体育;举办;活动,,是,体育管理,0.75,direct,6,0
91510100MA62M5YG0D,成都重装文化传播有限公司,8930,健身房服务,健身房 服务,健身房;服务,健身房,是,健身休闲,0.95,direct,5,1
91510100MA6CCC074W,成都扣篮体育文化传播有限公司,8921,体育场管理服务,体育场 管理 服务,体育场;服务;管理,体育场,是,体育场馆,0.95,direct,7,1
91510100MA67JULK72,四川家乐六点体育用品有限公司,5142,体育用品及器材批发,体育用品 器材 批发,体育用品;器材;批发,体育用品,是,体育用品,0.95,direct,9,1
91510100MA64482671,四川德荣文化传媒有限公司,8911,体育赛事服务,体育赛事 服务,体育赛事;服务,体育赛事,是,体育赛事,0.95,direct,6,1
91510100MA7N1HDW7L,成都虎少壹零壹体育文化传播有限公司,8921,体育场馆服务,体育场馆 服务,体育场馆;服务,体育场馆,是,体育场馆,0.95,direct,6,1
91510100MA6BKY6U36,成都锦悦精英健身服务有限公司,8930,健身服务,健身服务,健身服务,健身服务,是,健身休闲,0.95,direct,4,1
91510100MACK8WUU4N,成都博燃未来体育文化传播有限公司,8930,健身服务,健身服务,健身服务,健身服务,是,健身休闲,0.95,direct,4,1
91510100MA6CEUX66J,成都弓高盖世文化传播有限公司,8921,体育场馆运营,体育场馆 运营,体育场馆;运营,体育场馆,是,体育场馆,0.95,direct,6,1
91510100MA6DE5LH22,成都越瑜伽文化传播有限公司,8930,瑜伽教学服务,瑜伽 教学服务,教学服务;瑜伽,瑜伽,是,健身休闲,0.95,direct,6,1
91510100MACTMC5N84,成都市融禾力体育文化发展有限公司,8392,体育培训,体育培训,体育培训,体育培训,是,体育培训,0.95,direct,4,1
91510100MA69N8660A,成都市浪速锦城体育俱乐部有限公司,8930,皮划艇活动组织,皮划艇 活动 组织,皮划艇;组织;活动,皮划艇,是,健身休闲,0.95,direct,7,1
91510100MA61TQK05B,成都蓝白道体育文化传播有限公司,8392,体育培训,体育培训,体育培训,体育培训,是,体育培训,0.95,direct,4,1
91510100MA6AY3FW89,四川宏盛晖建设工程有限公司,4892,绿道工程施工,绿道 工程施工,绿道;工程施工,,是,体育场馆,0.75,direct,6,0
91510100MA62PW820P,成都胥龙科技有限公司,8930,健身服务,健身服务,健身服务,健身服务,是,健身休闲,0.95,direct,4,1
91510100MAD35U803A,跑跑视界（成都）文化娱乐有限公司,2449,卡丁车租赁,卡丁车 租赁,卡丁车;租赁,,是,体育用品,0.75,direct,5,0
91510100MA63DM087Q,成都九寰健身服务有限公司,8930,健身休闲活动,健身 休闲活动,休闲活动;健身,,是,健身休闲,0.75,direct,6,0
91510100MA63BAFJ9F,成都泰达方圆体育文化传播有限公司,8921,体育场馆管理,体育场馆 管理,体育场馆;管理,体育场馆,是,体育场馆,0.95,direct,6,1
91510100MA69U04H4K,四川东之源美体育文化传播有限公司,9052,体育赛事策划组织服务,体育 赛事策划 组织 服务,赛事策划;体育;服务;组织,赛事策划,是,体育赛事,0.6,none,10,1
91510100MA6CB3J245,成都过网网球俱乐部有限公司,8392,网球培训,网球培训,网球培训,网球培训,是,体育培训,0.95,direct,4,1
91510100MABTDUHN2X,四川物华人杰文化创意有限公司,5142,体育用品批发,体育用品批发,体育用品批发,体育用品批发,是,体育用品,0.95,direct,6,1
91510100MA7DL29H85,四川川绳体育文化传播有限公司,2449,花样跳绳,花样 跳绳,跳绳;花样,,是,体育用品,0.75,direct,4,0
91510100MAC7P116XW,成都引力极佳健身有限责任公司,8930,健身休闲活动,健身 休闲活动,休闲活动;健身,,是,健身休闲,0.75,direct,6,0
91510100331931969P,成都智乐文化体育有限公司,8392,游泳培训服务,游泳培训 服务,游泳培训;服务,游泳培训,是,体育培训,0.95,direct,6,1
91510100MAACPYJG7M,成都鑫奕文化传播有限公司,8921,体育场馆服务,体育场馆 服务,体育场馆;服务,体育场馆,是,体育场馆,0.95,direct,6,1
91510100MA6CMP3U1E,成都市恒健分众健身服务有限公司,8930,健身馆服务,健身 服务,健身;服务,,是,健身休闲,0.75,direct,5,0
91510100MA6CC69AX5,成都肇远体育管理有限公司,9052,体育赛事策划,体育 赛事策划,赛事策划;体育,赛事策划,是,体育赛事,0.6,none,6,1
91510100MA68H1CG8K,成都简丹简丹健身有限公司,8930,健身休闲活动,健身 休闲活动,休闲活动;健身,,是,健身休闲,0.75,direct,6,0
91510100MA6D0JL56K,成都慧忻健身有限责任公司,8930,瑜伽健身服务,瑜伽 健身服务,健身服务;瑜伽,瑜伽;健身服务,是,健身休闲,0.95,direct,6,2
91510108567190378U,成都印象户外拓展运动有限公司,8930,户外拓展,户外拓展,户外拓展,户外拓展,是,健身休闲,0.95,direct,4,1
91510100MA61XYD71N,成都花隐瑜伽科技有限公司,8930,健身服务,健身服务,健身服务,健身服务,是,健身休闲,0.95,direct,4,1
91510100MAC9Y3RE73,成都牛油果健身管理有限公司,8930,健身活动,健身活动,健身活动,,是,健身休闲,0.75,direct,4,0
91510100MAACND2P46,四川投号玩家企业管理有限公司,8912,游艺娱乐活动,游艺 娱乐活动,游艺;娱乐活动,,是,体育管理,0.75,direct,6,0
91510100MA6CE8NG4M,成都一赴健身服务有限公司,8930,健身服务,健身服务,健身服务,健身服务,是,健身休闲,0.95,direct,4,1
91511381MA7MY7BE9P,四川路跑体育发展有限公司,9052,体育赛事组织,体育赛事 组织,体育赛事;组织,体育赛事,是,体育赛事,0.6,none,6,1
91510100MA67A5LP0K,乐美森成都新材料科技有限公司,2443,健身器材配送,健身器材 配送,健身器材;配送,健身器材,是,体育用品,0.95,direct,6,1
91510100MAC15D3U7M,成都城南虎少体育文化传播有限公司,8930,健身休闲活动,健身 休闲活动,休闲活动;健身,,是,健身休闲,0.75,direct,6,0
91510100MAACGWRD9U,四川成都之已体育文化传播有限公司,8930,健身休闲活动,健身 休闲活动,休闲活动;健身,,是,健身休闲,0.75,direct,6,0
91510100MA61TR5U88,成都动能户外用品有限公司,5242,零售户外用品,零售 户外用品,户外用品;零售,,是,体育用品,0.75,direct,6,0
91510100MA6CCXE38F,成都椰丽美健康科技有限公司,8930,健身服务,健身服务,健身服务,健身服务,是,健身休闲,0.95,direct,4,1
91510100MA6CFJFJ3W,四川艺巳智能建筑工程有限公司,4892,体育场地工程施工,体育场地 工程施工,体育场地;工程施工,体育场地,是,体育场馆,0.95,direct,8,1
91510100MA6CR0L85G,成都云木企业管理咨询有限责任公司,8930,拓展活动,拓展 活动,拓展;活动,,是,健身休闲,0.75,direct,4,0
91510100MA61ULR524,成都赢盛健身有限责任公司,8930,健身服务,健身服务,健身服务,健身服务,是,健身休闲,0.95,direct,4,1
91510107MA65RYWW8P,四川领御体育文化发展有限公司,8930,台球服务,台球 服务,台球;服务,台球,是,健身休闲,0.95,direct,4,1
91510100MAC5DMJL7M,成都光影梦工场文化传播有限公司,8921,体育场馆运营,体育场馆 运营,体育场馆;运营,体育场馆,是,体育场馆,0.95,direct,6,1
91510100MA6DH76Q2F,四川康乐体文化传播有限公司,8911,体育竞赛组织,体育竞赛 组织,体育竞赛;组织,体育竞赛,是,体育赛事,0.95,direct,6,1
91510100MA7K2DGM6E,四川玖行天下户外拓展有限公司,8930,拓展活动策划服务,拓展 活动 策划 服务,策划;拓展;服务;活动,,是,健身休闲,0.75,direct,8,0
91510122MA6C5GYX6N,成都肉熊猫滑雪俱乐部有限公司,9052,体育服务,体育服务,体育服务,体育服务,是,体育管理,0.6,none,4,1
91510100MA6CFW8F14,成都弈韵文化传播有限公司,8392,围棋教学服务,围棋 教学服务,教学服务;围棋,,是,体育培训,0.75,direct,6,0
91510100MAC91LPX9P,成都寻峰体育文化发展有限公司,9052,体育赛事策划服务,体育 赛事策划 服务,赛事策划;体育;服务,赛事策划,是,体育赛事,0.6,none,8,1
91510100MA7KARR75L,成都世豪芈亚瑜伽健身有限公司,8930,健身锻炼,健身 锻炼,健身;锻炼,,是,健身休闲,0.75,direct,4,0
91510107551051787G,成都盛茂文化传播有限公司,9052,赛事策划,赛事策划,赛事策划,赛事策划,是,体育赛事,0.6,none,4,1
91510100MA7KGEL076,成都迷你氧体育文化传播有限公司,8930,健身房,健身房,健身房,健身房,是,健身休闲,0.95,direct,3,1
9151010034300314XL,四川七彩时光体育文化传播有限公司,8930,健身休闲活动,健身 休闲活动,休闲活动;健身,,是,健身休闲,0.75,direct,6,0
91510100MA7LW9841Y,成都燃点之星体育文化发展有限公司,8392,体育培训,体育培训,体育培训,体育培训,是,体育培训,0.95,direct,4,1
91510100MA6BKTUL9U,成都燃爆体育文化传播有限公司,8930,健身运动服务,健身运动 服务,健身运动;服务,,是,健身休闲,0.75,direct,6,0
91510100MABR60469D,成都蜀山虎少体育文化传播有限公司,8912,体育保障服务,体育 保障 服务,体育;保障;服务,,是,体育管理,0.75,direct,6,0
91510100MABY1BU71X,成都鹿道体育文化发展有限公司,9052,组织体育表演活动,组织 体育表演 活动,体育表演;组织;活动,体育表演,是,体育赛事,0.6,none,8,1
91510100MA6CXEGN7J,四川鑫瑞凡体育文化传播有限公司,8921,体育场馆管理服务,体育场馆 管理 服务,体育场馆;服务;管理,体育场馆,是,体育场馆,0.95,direct,8,1
91510100MABN2CWD14,成都高新区贤进户外运动工作室,8930,高尔夫竞赛,高尔夫 竞赛,高尔夫;竞赛,高尔夫,是,健身休闲,0.95,direct,5,1
915101003320116118,成都彦凯引擎体育文化传播有限公司,9052,体育赛事策划,体育 赛事策划,赛事策划;体育,赛事策划,是,体育赛事,0.6,none,6,1
91510100MAC5XE722E,成都天选泽星文化传媒有限公司,8911,体育赛事策划,体育 赛事策划,赛事策划;体育,赛事策划,是,体育赛事,0.95,direct,6,1
91510100MACHRLRY9J,四川触底反弹二体育发展有限公司,8392,篮球体育培训,篮球 体育培训,体育培训;篮球,篮球;体育培训,是,体育用品,0.95,direct,6,2
91510100MA6DGUQR5Q,四川耀盛文化传播有限公司,8930,健身服务,健身服务,健身服务,健身服务,是,健身休闲,0.95,direct,4,1
91510100MA6AY96804,成都星辉玩家科技有限公司,8911,电子竞技组织,电子竞技 组织,电子竞技;组织,电子竞技,是,电子竞技,0.95,direct,6,1
91510100MA69J8159R,四川聚能聚力体育科技有限公司,8392,跆拳道教学服务,跆拳道 教学服务,教学服务;跆拳道,跆拳道,是,健身休闲,0.95,direct,7,1
91510100MAC43GFJ32,四川星宇伽健身管理有限公司,8930,健身休闲活动,健身 休闲活动,休闲活动;健身,,是,健身休闲,0.75,direct,6,0
91510100MAC77UAE3P,成都维竞乐文化传媒有限公司,8911,文化会展服务,文化 会展 服务,会展;服务;文化,,是,体育管理,0.75,direct,6,0
91510100MA66DUW26H,成都姿势运动健康管理有限公司,8930,健身服务,健身服务,健身服务,健身服务,是,健身休闲,0.95,direct,4,1
91510100MA690MY101,成都锋锋景瑞体育文化传播有限公司,9052,体育赛事策划,体育 赛事策划,赛事策划;体育,赛事策划,是,体育赛事,0.6,none,6,1
91510100MAC7RLF3X2,四川易速康医疗科技有限公司,8930,资料器械服务,资料 器械 服务,器械;资料;服务,,是,健身休闲,0.75,direct,6,0
91510100MA61XEYW5M,成都火枪手体育文化传播有限公司,8392,体育运动培训,体育运动 培训,体育运动;培训,,是,体育培训,0.75,direct,6,0
91510100MABXQJG53M,成都萌骑骑体育用品有限公司,5242,体育用品及器材零售,体育用品 器材 零售,体育用品;器材;零售,体育用品,是,体育用品,0.95,direct,9,1
91510100MAC3ERKL05,成都宜盛川合文化发展有限公司,8930,户外拓展,户外拓展,户外拓展,户外拓展,是,健身休闲,0.95,direct,4,1
91510100MA69WNKA22,成都飞驰岛体育文化传播有限公司,8921,篮球运动场馆,篮球 运动场馆,运动场馆;篮球,篮球;运动场馆,是,体育用品,0.95,direct,6,2
91510100MA6CBG918B,成都重组肌因健身服务有限公司,8930,健身服务,健身服务,健身服务,健身服务,是,健身休闲,0.95,direct,4,1
91510100MA65NH5F9G,成都飞鱼户外运动有限公司,5242,户外用品零售,户外用品 零售,户外用品;零售,,是,体育用品,0.75,direct,6,0
91510100MABPPP7J40,成都动时代健身服务有限公司,8930,健身活动,健身活动,健身活动,,是,健身休闲,0.75,direct,4,0
91510100MA61UACT3T,成都酷克林体育文化传播有限公司,8930,健身服务,健身服务,健身服务,健身服务,是,健身休闲,0.95,direct,4,1
91510100MA6C9H477R,成都西部武术文化传播有限公司,8392,武术培训,武术培训,武术培训,武术培训,是,体育培训,0.95,direct,4,1
91510100MACC6YMA79,四川兜艾体育文化发展有限公司,9052,体育赛事策划,体育 赛事策划,赛事策划;体育,赛事策划,是,体育赛事,0.6,none,6,1
91510100MACQAERE1U,成都保力拾多斤健身服务有限公司,8930,健身休闲服务,健身 休闲 服务,健身;休闲;服务,,是,健身休闲,0.75,direct,6,0
91510100MA6DFG5C58,成都翔腾体育文化传播有限公司,8921,篮球馆场地服务,篮球馆 场地 服务,篮球馆;场地;服务,篮球馆,是,体育场馆,0.95,direct,7,1
91510100MAACJHTF31,成都奈特健身管理有限公司,8930,健身服务,健身服务,健身服务,健身服务,是,健身休闲,0.95,direct,4,1
91510106MACR706E46,四川逐梦阳光体育俱乐部有限公司,8392,体育培训服务,体育培训 服务,体育培训;服务,体育培训,是,体育培训,0.95,direct,6,1
91510105098895761A,成都蓉翼体育场馆管理有限公司,8921,体育场地设施经营,体育场地设施 经营,体育场地设施;经营,体育场地设施,是,体育场馆,0.95,direct,8,1
91510100MACXQX5E7J,四川海特之星体育设施工程有限公司,4892,体育场地施工,体育场地 施工,体育场地;施工,体育场地,是,体育场馆,0.95,direct,6,1
91510100MA6C8QDE09,成都兴至臻教育咨询有限公司,8392,儿童跆拳道培训,儿童 跆拳道培训,跆拳道培训;儿童,跆拳道培训,是,体育培训,0.95,direct,7,1
91510100MA64N1B26M,成都北峰竞季科技有限公司,2443,健身器材审核,健身器材 审核,健身器材;审核,健身器材,是,体育用品,0.95,direct,6,1
91510100MA6C4LH30Q,成都圣哲健身服务有限公司,8392,儿童跆拳道培训服务,儿童 跆拳道培训 服务,跆拳道培训;儿童;服务,跆拳道培训,是,体育培训,0.95,direct,9,1
91510124MA6CLEE78X,成都盛大健身服务有限公司,8930,健身训练服务,健身 训练 服务,健身;训练;服务,,是,健身休闲,0.75,direct,6,0
91510100MA67NEYK8Y,成都健恒健康管理有限责任公司,8930,健私教健身服务,健私教 健身服务,健私教;健身服务,健身服务,是,健身休闲,0.95,direct,7,1
91510100MABT7NC27R,成都未来拒停体育俱乐部有限公司,8392,青少年篮球培训,青少年 篮球培训,篮球培训;青少年,篮球培训,是,体育培训,0.95,direct,7,1
91510100MA62M30M8J,成都市华乐康体育用品有限公司,5242,体育用品服务,体育用品 服务,体育用品;服务,体育用品,是,体育用品,0.95,direct,6,1
91510100MAC34QMR5G,成都弈之初文化传播有限公司,5242,体育用品及器材零售,体育用品 器材 零售,体育用品;器材;零售,体育用品,是,体育用品,0.95,direct,9,1
91510100MAC6XLLC3K,成都星润玩家科技有限公司,8911,职业体育竞赛表演活动,职业 体育竞赛 表演 活动,体育竞赛;表演;职业;活动,体育竞赛,是,体育赛事,0.95,direct,10,1
915101073430596966,成都叮叮户外运动有限公司,5142,户外体育用品配送,户外 体育用品 配送,体育用品;户外;配送,体育用品,是,体育用品,0.95,direct,8,1
91510107MACKARPQ75,四川德拼创体育文化发展有限公司,8911,体育竞赛组织,体育竞赛 组织,体育竞赛;组织,体育竞赛,是,体育赛事,0.95,direct,6,1
91510100MA6C71HX8A,成都市聚合星火体育文化传播有限公司,8930,儿童成人跆拳道培训,儿童 成人 跆拳道培训,跆拳道培训;成人;儿童,跆拳道培训,是,体育培训,0.95,direct,9,1
91510100MACWT5WX3P,成都奇潜体育发展有限公司,8911,体育竞赛组织服务,体育竞赛 组织 服务,体育竞赛;服务;组织,体育竞赛,是,体育赛事,0.95,direct,8,1
91510100MA651HDK0K,成都花隐健身服务有限公司,8992,健身服务,健身服务,健身服务,健身服务,是,健身休闲,0.6,none,4,1
91510100MA65LKRT0G,成都鑫小思成体育文化传播有限公司,7246,体育教育咨询,体育教育 咨询,体育教育;咨询,体育教育,是,体育培训,0.6,none,6,1
91510100MA6BWT749F,成都野望青澜体育文化发展有限公司,8392,少儿篮球培训,少儿 篮球培训,篮球培训;少儿,篮球培训,是,体育培训,0.95,direct,6,1
91510100MA63CE9369,成都奔胜体育文化传播有限公司,9052,组织体育表演活动,组织 体育表演 活动,体育表演;组织;活动,体育表演,是,体育赛事,0.6,none,8,1
91510100MA7K69UX67,成都育则有成体育文化传播有限公司,8392,体育培训服务,体育培训 服务,体育培训;服务,体育培训,是,体育培训,0.95,direct,6,1
91510100MA7L43C13K,成都未来博展体育发展有限公司,8392,体育培训服务,体育培训 服务,体育培训;服务,体育培训,是,体育培训,0.95,direct,6,1
91510100MACJ6FTH3K,成都松与槿瑜伽健身有限公司,8930,瑜伽建身,瑜伽 建身,建身;瑜伽,瑜伽,是,健身休闲,0.95,direct,4,1
91510100MA6C7H0R4W,四川趣森活文化传播有限公司,9052,体育赛事策划,体育 赛事策划,赛事策划;体育,赛事策划,是,体育赛事,0.6,none,6,1
91510100MA670TNF27,四川叁壹柒叁体育文化发展有限公司,8930,健身服务,健身服务,健身服务,健身服务,是,健身休闲,0.95,direct,4,1
913300002434900169,成都新天府文化旅游发展股份有限公司,8911,体育赛事策划,体育 赛事策划,赛事策划;体育,赛事策划,是,体育赛事,0.95,direct,6,1
91510100MABQ8HC076,成都得卡体育用品销售有限公司,8930,体育健身,体育 健身,健身;体育,,是,健身休闲,0.75,direct,4,0
91510100MABU9LYX7F,成都欧宏汇能体育场馆管理有限公司,8392,体能训练,体能训练,体能训练,体能训练,是,体育培训,0.95,direct,4,1
91510100MA6CP7PB3H,成都锐格体育文化传播有限公司,8921,体育场馆管理服务,体育场馆 管理 服务,体育场馆;服务;管理,体育场馆,是,体育场馆,0.95,direct,8,1
91510100MABUXMWD4C,成都宾利锦荣商业管理有限公司,8930,健身休闲服务,健身 休闲 服务,健身;休闲;服务,,是,健身休闲,0.75,direct,6,0
91510100MA6BG70Y2N,成都膳时健身服务有限公司,8930,健身服务,健身服务,健身服务,健身服务,是,健身休闲,0.95,direct,4,1
91510108MAACKJ015P,成都华安兴成体育文化推广有限公司,8921,体育馆管理,体育馆 管理,体育馆;管理,体育馆,是,体育场馆,0.95,direct,5,1
91510100MA69WXCE1X,成都斐仪服饰设计有限公司,5242,体育用品及器材零售,体育用品 器材 零售,体育用品;器材;零售,体育用品,是,体育用品,0.95,direct,9,1
91510100MABMC9BY5N,成都蜕变力健身服务有限公司,8930,健身休闲活动,健身 休闲活动,休闲活动;健身,,是,健身休闲,0.75,direct,6,0
91510107MA61W7JE87,成都泛翔体育用品有限公司,5142,体育用品批发,体育用品批发,体育用品批发,体育用品批发,是,体育用品,0.95,direct,6,1
91510100MACHU9RH3J,成都豚风体育科技有限公司,8392,体育培训,体育培训,体育培训,体育培训,是,体育培训,0.95,direct,4,1
91510100MA62LF582X,成都蓉城羽林体育文化传播有限公司,8911,体育竞赛组织,体育竞赛 组织,体育竞赛;组织,体育竞赛,是,体育赛事,0.95,direct,6,1
91510100MA7EJJR261,四川湖上青云体育发展有限公司,8392,体育培训,体育培训,体育培训,体育培训,是,体育培训,0.95,direct,4,1
91510100MA6B2QEM91,四川环宇共创体育设施工程有限公司,4991,体育场地设施安装,体育场地设施 安装,体育场地设施;安装,体育场地设施,是,体育场馆,0.6,none,8,1
91510100MA64MU2F9D,成都蓉之梦体育文化发展有限责任公司,8930,健美健身服务,健美 健身服务,健身服务;健美,健身服务,是,健身休闲,0.95,direct,6,1
915101075972507819,成都星空虎少体育文化传播有限公司,8921,体育场馆管理,体育场馆 管理,体育场馆;管理,体育场馆,是,体育场馆,0.95,direct,6,1
91510100MA6CT8BX91,和家健身成都有限公司,8930,健身服务,健身服务,健身服务,健身服务,是,健身休闲,0.95,direct,4,1
91510100MA6CA8XX5Y,成都太一古教育咨询有限公司,8930,健身服务,健身服务,健身服务,健身服务,是,健身休闲,0.95,direct,4,1
91510100MABNTL118P,成都都市缘体育文化传播有限公司,8930,健身休闲服务,健身 休闲 服务,健身;休闲;服务,,是,健身休闲,0.75,direct,6,0
915101007280765934,成都市新阵地投资有限公司,8930,健身休闲活动,健身 休闲活动,休闲活动;健身,,是,健身休闲,0.75,direct,6,0
91510100MACDYK1X78,成都崇德尚武教育咨询有限公司,8392,体育运动技能培训,体育运动 技能 培训,体育运动;技能;培训,,是,体育培训,0.75,direct,8,0
91510100MA69L5LAXJ,成都海晟体育文化传播有限公司,8930,健身服务,健身服务,健身服务,健身服务,是,健身休闲,0.95,direct,4,1
91510100MA69HJ8YXR,成都鼎健润博文化传播有限公司,8992,健身服务,健身服务,健身服务,健身服务,是,健身休闲,0.6,none,4,1
91510100MA64PFBX9P,成都羽越羽毛球俱乐部有限公司,8930,健身休闲活动,健身 休闲活动,休闲活动;健身,,是,健身休闲,0.75,direct,6,0
91510100MA666QHY3T,成都舞空舞文化艺术有限公司,8930,健身休闲活动,健身 休闲活动,休闲活动;健身,,是,健身休闲,0.75,direct,6,0
91510107MA61RUYQ7U,四川锦官城足球俱乐部有限责任公司,8930,健身休闲活动,健身 休闲活动,休闲活动;健身,,是,健身休闲,0.75,direct,6,0
91510107749701968E,成都穗蓉体育用品有限公司,5242,体育用品零售,体育用品零售,体育用品零售,体育用品零售,是,体育用品,0.95,direct,6,1
91510100MACC7X8Y7L,成都七哥新传体育文化发展有限公司,5142,体育器材批发,体育器材 批发,体育器材;批发,体育器材,是,体育用品,0.95,direct,6,1
91510100MA6BGQXP0Q,成都澳恩奥商务服务有限公司,8930,健身服务,健身服务,健身服务,健身服务,是,健身休闲,0.95,direct,4,1
915101006818425448,成都欧凯森体育运动有限责任公司,8921,体育场馆管理,体育场馆 管理,体育场馆;管理,体育场馆,是,体育场馆,0.95,direct,6,1
91510100MA63PPW84A,必美你成都健身有限公司,8930,健身房服务,健身房 服务,健身房;服务,健身房,是,健身休闲,0.95,direct,5,1
9151010070929515X9,成都现代体育公园管理有限公司,8921,体育场馆管理,体育场馆 管理,体育场馆;管理,体育场馆,是,体育场馆,0.95,direct,6,1
9151010007536591X4,成都时代浩淼体育场管理有限公司,5142,体育器材批发,体育器材 批发,体育器材;批发,体育器材,是,体育用品,0.95,direct,6,1
91510100MACA5WA9XJ,成都井燃体育文化传播有限公司,8930,健身服务,健身服务,健身服务,健身服务,是,健身休闲,0.95,direct,4,1
91510100MA6CRMD76J,万峰冰雪成都体育发展有限公司,5242,体育用品零售,体育用品零售,体育用品零售,体育用品零售,是,体育用品,0.95,direct,6,1
9151010032743541X7,成都简之易健康管理有限公司,5142,健身器材批发,健身器材 批发,健身器材;批发,健身器材,是,体育用品,0.95,direct,6,1
91510100MAACMCUC86,四川锲科星体育发展有限公司,8392,体校及体育培训,体校 体育培训,体育培训;体校,体育培训,是,体育培训,0.95,direct,7,1
91510100MACB5EGG75,成都仓渊企业管理有限公司,5242,体育器材零售,体育器材 零售,体育器材;零售,体育器材,是,体育用品,0.95,direct,6,1
91510116MACMTA9R2W,成都锦艺名匠装饰工程有限公司,4892,体育场地设施施工,体育场地设施 施工,体育场地设施;施工,体育场地设施,是,体育场馆,0.95,direct,8,1
91510100MA6CH0X1XQ,四川中蜀思锐体育发展有限公司,8921,体育场馆管理,体育场馆 管理,体育场馆;管理,体育场馆,是,体育场馆,0.95,direct,6,1
91510100MABU43TL08,成都锦鱼商贸有限公司,5242,运动器械零售,运动 器械 零售,器械;零售;运动,,是,体育用品,0.75,direct,6,0
91510100MA7MBLXN5K,成都市艾达普拉提健身服务有限公司,8930,健身房服务,健身房 服务,健身房;服务,健身房,是,健身休闲,0.95,direct,5,1
915101007826934375,成都欧普若体育文化传播有限公司,5142,体育用品批发,体育用品批发,体育用品批发,体育用品批发,是,体育用品,0.95,direct,6,1
91510100MA635KH78Y,成都乐家聚成体育发展有限公司,8930,健身休闲活动,健身 休闲活动,休闲活动;健身,,是,健身休闲,0.75,direct,6,0
91510100MA6BPBRX63,成都世纪星体育运动发展有限责任公司,9052,体育赛事策划,体育 赛事策划,赛事策划;体育,赛事策划,是,体育赛事,0.6,none,6,1
91510100MACDK9CF3E,成都馨悦健身服务有限公司,8930,健身休闲活动,健身 休闲活动,休闲活动;健身,,是,健身休闲,0.75,direct,6,0
91510104MA7FAEDP3T,成都义轩常春藤体育文化传播有限公司,8911,体育赛事策划,体育 赛事策划,赛事策划;体育,赛事策划,是,体育赛事,0.95,direct,6,1
91510100MACEECNG89,成都市运之乐健身服务有限公司,8930,健身服务,健身服务,健身服务,健身服务,是,健身休闲,0.95,direct,4,1
91510100MA69YW7X3F,成都超肌人健身服务有限公司,8930,健身休闲服务,健身 休闲 服务,健身;休闲;服务,,是,健身休闲,0.75,direct,6,0
91510100MA62LU583P,成都青度健身服务有限公司,8930,健身服务,健身服务,健身服务,健身服务,是,健身休闲,0.95,direct,4,1
9151010009465141XQ,成都骏合乐途智能科技有限公司,5142,户外装备批发,户外装备 批发,户外装备;批发,户外装备,是,体育用品,0.95,direct,6,1
91510100MA69YGYB1J,成都市鑫艾康健身器材有限责任公司,5142,体育健身器材批发,体育 健身器材 批发,健身器材;批发;体育,健身器材,是,体育用品,0.95,direct,8,1
91510107331973552W,四川全运体育设施工程有限公司,4892,体育设施施工服务,体育设施 施工 服务,体育设施;施工;服务,体育设施,是,体育场馆,0.95,direct,8,1
91510100MABTTYYN9P,成都交子东恩体育文化传播有限公司,9052,组织体育表演活动,组织 体育表演 活动,体育表演;组织;活动,体育表演,是,体育赛事,0.6,none,8,1
91510105MAACN65BXX,四川吾星冠篮体育科技有限公司,8392,体育培训服务,体育培训 服务,体育培训;服务,体育培训,是,体育培训,0.95,direct,6,1
91510100MA6CC0C00N,成都市贝克健身服务有限公司,8930,健身服务,健身服务,健身服务,健身服务,是,健身休闲,0.95,direct,4,1
91510100MACEA93BXL,成都佑福喜体育文化发展有限公司,8930,健身培训,健身 培训,健身;培训,,是,健身休闲,0.75,direct,4,0
91510124MA68DL7WXP,菲赛体育管理成都有限公司,8911,体育赛事服务,体育赛事 服务,体育赛事;服务,体育赛事,是,体育赛事,0.95,direct,6,1
91510100MABYMGGN1X,成都箭扣体育文化传播有限公司,8911,体育赛事策划,体育 赛事策划,赛事策划;体育,赛事策划,是,体育赛事,0.95,direct,6,1
915101000806127867,成都泰濠迈商贸有限公司,5242,体育用品零售,体育用品零售,体育用品零售,体育用品零售,是,体育用品,0.95,direct,6,1
91510100MA6AFXEQ0E,四川一动体育发展有限公司,9052,体育赛事策划,体育 赛事策划,赛事策划;体育,赛事策划,是,体育赛事,0.6,none,6,1
91510100MABQX72A4Q,成都威玖吉瑞健身服务有限公司,8930,健身服务咨询,健身服务 咨询,健身服务;咨询,健身服务,是,健身休闲,0.95,direct,6,1
91510100MACR58YY7U,成都悠然好孕瑜伽健身有限责任公司,8930,保养健身服务,保养 健身服务,健身服务;保养,健身服务,是,健身休闲,0.95,direct,6,1
91510100MAD0NPWJ3D,成都动贰捌世纪健身有限责任公司,8930,健身休闲活动,健身 休闲活动,休闲活动;健身,,是,健身休闲,0.75,direct,6,0
91510107MA61TWN43C,成都沃力体育文化传播有限公司,8930,健身休闲活动,健身 休闲活动,休闲活动;健身,,是,健身休闲,0.75,direct,6,0
91510100MABNW4X38L,成都梵之艺健身服务有限公司,8930,瑜伽馆服务,瑜伽馆 服务,瑜伽馆;服务,瑜伽馆,是,健身休闲,0.95,direct,5,1
91510100MA66RJ4E25,四川稳健体育文化传播有限公司,8921,体育场管理,体育场 管理,体育场;管理,体育场,是,体育场馆,0.95,direct,5,1
91510100MA62U8Q94L,四川欧贰瑜伽健身有限公司,8930,瑜伽服务,瑜伽 服务,瑜伽;服务,瑜伽,是,健身休闲,0.95,direct,4,1
91510100MA67TN961D,四川闲鸟户外运动有限公司,8930,健身休闲活动,健身 休闲活动,休闲活动;健身,,是,健身休闲,0.75,direct,6,0
91510100MA6C7H96XR,成都羽拍轩体育用品有限公司,5242,体育用品及器材零售,体育用品 器材 零售,体育用品;器材;零售,体育用品,是,体育用品,0.95,direct,9,1
91510100MA6CAJQP5L,四川全运科技发展有限公司,4892,体育设施工程施工,体育设施 工程施工,体育设施;工程施工,体育设施,是,体育场馆,0.95,direct,8,1
91510100MABMEQM55H,成都幽名竹都茶楼有限公司,8930,棋牌室服务,棋牌室 服务,棋牌室;服务,,是,健身休闲,0.75,direct,5,0
91510100MA6D0KUY33,四川全运康体文化发展有限公司,9052,体育赛事活动策划服务,体育赛事 活动 策划 服务,体育赛事;策划;服务;活动,体育赛事,是,体育赛事,0.6,none,10,1
91510100MA65XP0C9J,成都飞鲸科技有限公司,5242,体育用品及器材零售,体育用品 器材 零售,体育用品;器材;零售,体育用品,是,体育用品,0.95,direct,9,1
91510100MAC4EXU69F,成都青椒肉丝健身服务有限公司,8930,健身休闲服务,健身 休闲 服务,健身;休闲;服务,,是,健身休闲,0.75,direct,6,0
91510100MA62WX0470,筑朴成都商贸有限公司,8930,棋牌室服务,棋牌室 服务,棋牌室;服务,,是,健身休闲,0.75,direct,5,0
91510100MA7N9YRF77,成都南迪体育文化传播有限公司,8930,健身服务,健身服务,健身服务,健身服务,是,健身休闲,0.95,direct,4,1
91510100MA6CYY2694,四川体产赛事管理有限公司,8911,体育赛事组织,体育赛事 组织,体育赛事;组织,体育赛事,是,体育赛事,0.95,direct,6,1
91510100MACCJM7C6L,四川金色福源农业发展有限责任公司,8930,健身休闲活动,健身 休闲活动,休闲活动;健身,,是,健身休闲,0.75,direct,6,0
91510100MA634LD45B,成都芊华文化传播有限公司,8930,健身休闲服务,健身 休闲 服务,健身;休闲;服务,,是,健身休闲,0.75,direct,6,0
91510100MA6A3MER32,成都红唐米加时代健身管理有限公司,8930,健身服务,健身服务,健身服务,健身服务,是,健身休闲,0.95,direct,4,1
91510100MA6CU9H99D,四川医康健创科技有限公司,5142,健身设备批发,健身 设备 批发,健身;批发;设备,,是,体育用品,0.75,direct,6,0
9151010733209850XX,成都市玛亚企业管理有限公司,8930,休闲健身活动,休闲 健身活动,健身活动;休闲,,是,健身休闲,0.75,direct,6,0
91510100332047243D,成都本直体育文化传播有限公司,8921,体育场管理服务,体育场 管理 服务,体育场;服务;管理,体育场,是,体育场馆,0.95,direct,7,1
91510100MA61TR9C69,四川猎人时代体育文化传播有限公司,8930,健身服务,健身服务,健身服务,健身服务,是,健身休闲,0.95,direct,4,1
915101007900007687,成都世凯豹商贸有限公司,8921,体育场地设施经营,体育场地设施 经营,体育场地设施;经营,体育场地设施,是,体育场馆,0.95,direct,8,1
91510100MACEJ90H9R,四川青堰体育科技有限公司,5142,体育器械批发,体育 器械 批发,批发;器械;体育,,是,体育用品,0.75,direct,6,0
91510100MA697UAP44,再生分子健身服务成都有限公司,8930,健身服务,健身服务,健身服务,健身服务,是,健身休闲,0.95,direct,4,1
91510100MA697E7G8A,四川比格玛兽健身服务有限公司,8930,健身服务,健身服务,健身服务,健身服务,是,健身休闲,0.95,direct,4,1
91510100MA6B2GXN0H,四川川体水上文化传播有限公司,8911,体育竞赛组织,体育竞赛 组织,体育竞赛;组织,体育竞赛,是,体育赛事,0.95,direct,6,1
91510100MACGRCC859,成都示现体育发展有限公司,8911,体育竞赛组织,体育竞赛 组织,体育竞赛;组织,体育竞赛,是,体育赛事,0.95,direct,6,1
91510100MA65NN3503,成都白兔堂户外用品有限公司,5142,户外用品批发,户外用品 批发,户外用品;批发,,是,体育用品,0.75,direct,6,0
91510100MA69KD9K1Q,宇鑫堇汇成都贸易有限公司,5242,体育用品零售,体育用品零售,体育用品零售,体育用品零售,是,体育用品,0.95,direct,6,1
91510100MA6DFK6712,成都吉帆体育文化传播有限公司,5242,建身器材零售,建身 器材 零售,建身;器材;零售,,是,体育用品,0.75,direct,6,0
91510108MA65TPM5XW,成都欧斯卡科技有限公司,8911,组织赛车活动,组织 赛车 活动,赛车;组织;活动,,是,体育管理,0.75,direct,6,0
915101007712114552,迪卡侬（成都）体育用品有限公司,5242,零售体育用品,零售 体育用品,体育用品;零售,体育用品,是,体育用品,0.95,direct,6,1
91510100MA672RR27J,成都瑜悦文化艺术交流有限公司,8930,健身休闲活动,健身 休闲活动,休闲活动;健身,,是,健身休闲,0.75,direct,6,0
91510100MA66Y9W23R,成都嘉浩篮途体育文化传播有限公司,8392,篮球培训,篮球培训,篮球培训,篮球培训,是,体育培训,0.95,direct,4,1
91510100MACQJTCU7N,成都上一至美瑜伽健身有限公司,8930,健身服务,健身服务,健身服务,健身服务,是,健身休闲,0.95,direct,4,1
91510100MACRCFAG4B,成都茶多多文化发展有限公司,8930,棋牌服务,棋牌 服务,棋牌;服务,,是,健身休闲,0.75,direct,4,0
91510100MABNQ1K93X,四川奥为体育用品销售有限责任公司,5142,体育用品批发,体育用品批发,体育用品批发,体育用品批发,是,体育用品,0.95,direct,6,1
91510104MA684DLD27,成都运动佳体育文化传播有限公司,8392,少儿体育培训,少儿 体育培训,体育培训;少儿,体育培训,是,体育培训,0.95,direct,6,1
91510100MA6ATE1F2A,成都酷式锻炼身体健身管理有限责任公司,8930,健身休闲活动,健身 休闲活动,休闲活动;健身,,是,健身休闲,0.75,direct,6,0
91510100MAACH1K41C,成都银泰芈亚瑜伽健身有限责任公司,8930,健身休闲活动服务,健身 休闲活动 服务,休闲活动;健身;服务,,是,健身休闲,0.75,direct,8,0
91510100MAACN8N857,糖娜丽虎（成都）科技有限公司,5242,潮玩体育用品零售,潮玩 体育用品零售,潮玩;体育用品零售,体育用品零售,是,体育用品,0.95,direct,8,1
91510100MA666L3N0W,成都谛毅体育文化传播有限公司,8930,健身服务,健身服务,健身服务,健身服务,是,健身休闲,0.95,direct,4,1
91510100MA68HLDJ35,四川珈崇商贸有限公司,5242,体育用品零售,体育用品零售,体育用品零售,体育用品零售,是,体育用品,0.95,direct,6,1
91510100MA7DAFX4XT,成都菲尼克司健身服务有限公司,8930,健身服务,健身服务,健身服务,健身服务,是,健身休闲,0.95,direct,4,1
91510100MACM62DW1Q,四川懒洋洋瑜伽健身有限公司,8930,健身休闲活动,健身 休闲活动,休闲活动;健身,,是,健身休闲,0.75,direct,6,0
91510100MABR45KT13,成都灏翔体育发展有限公司,8911,体育竞赛组织,体育竞赛 组织,体育竞赛;组织,体育竞赛,是,体育赛事,0.95,direct,6,1
91510100MACLPHDX3D,成都赤月互动娱乐有限公司,8912,游艺娱乐活动,游艺 娱乐活动,游艺;娱乐活动,,是,体育管理,0.75,direct,6,0
91510100MA69WMLB4P,四川非越体育文化发展有限公司,9052,体育赛事策划,体育 赛事策划,赛事策划;体育,赛事策划,是,体育赛事,0.6,none,6,1
91510100MA65T38G0G,成都嘉赢吉健康管理咨询有限公司,8992,健身服务,健身服务,健身服务,健身服务,是,健身休闲,0.6,none,4,1
91510100MA65R52B6J,成都米加迈杰刻健身服务有限责任公司,8930,健身服务,健身服务,健身服务,健身服务,是,健身休闲,0.95,direct,4,1
91510100MA67H43R8W,成都宏扬体育发展有限公司,9052,组织策划体育表演活动,组织 策划 体育表演 活动,体育表演;策划;组织;活动,体育表演,是,体育赛事,0.6,none,10,1
91510100MACN2K080M,成都百分之二文化发展有限公司,8930,健身休闲服务,健身 休闲 服务,健身;休闲;服务,,是,健身休闲,0.75,direct,6,0
91510100MA7HNXHK2Y,成都万得蓝奇境健康管理咨询有限责任公司,8930,健身休闲活动,健身 休闲活动,休闲活动;健身,,是,健身休闲,0.75,direct,6,0
91510100MACGH0T199,四川国竞体育文化发展有限公司,8911,体育竞赛组织,体育竞赛 组织,体育竞赛;组织,体育竞赛,是,体育赛事,0.95,direct,6,1
91510100MA69P1UC49,中窖集团有限公司,5142,体育用品批发,体育用品批发,体育用品批发,体育用品批发,是,体育用品,0.95,direct,6,1
91510100MA673G8K9G,纳萨迪成都文化传播有限责任公司,8930,瑜伽服务,瑜伽 服务,瑜伽;服务,瑜伽,是,健身休闲,0.95,direct,4,1
91510100MAD2MD2L2X,成都跃劲健身管理有限责任公司,8930,健身房健身服务,健身房 健身服务,健身服务;健身房,健身房;健身服务,是,健身休闲,0.95,direct,7,2
91510100MABN49NF34,成都无限进取体育文化传播有限公司,9052,组织体育表演活动,组织 体育表演 活动,体育表演;组织;活动,体育表演,是,体育赛事,0.6,none,8,1
91510100MACF2AMA22,成都市高新区内啡肽健身服务有限责任公司,8930,健身服务,健身服务,健身服务,健身服务,是,健身休闲,0.95,direct,4,1
91510107MACAK6D57X,成都虹祥世纪体育文化传播有限公司,8911,体育竞赛组织,体育竞赛 组织,体育竞赛;组织,体育竞赛,是,体育赛事,0.95,direct,6,1
91510100MAC6NN3M1E,四川名犀商贸有限公司,5242,体育用品器材零售,体育用品 器材 零售,体育用品;器材;零售,体育用品,是,体育用品,0.95,direct,8,1
91510107086661837L,成都标点体育文化发展有限公司,9052,组织体育文化活动,组织 体育文化 活动,体育文化;组织;活动,体育文化,是,体育管理,0.6,none,8,1
91510100MA639R8P9R,成都金威敏健身服务有限责任公司,8930,健身房服务,健身房 服务,健身房;服务,健身房,是,健身休闲,0.95,direct,5,1
91510100MAACQ5G46X,趣泳（成都）企业管理咨询有限公司,9052,体育赛事策划,体育 赛事策划,赛事策划;体育,赛事策划,是,体育赛事,0.6,none,6,1
91510100MA6BG4E80K,早鸟成都健身服务有限公司,8930,健身服务,健身服务,健身服务,健身服务,是,健身休闲,0.95,direct,4,1
91510100MA67FUF54N,成都聚合星煜体育文化传播有限公司,8911,体育赛事策划组织,体育 赛事策划 组织,赛事策划;体育;组织,赛事策划,是,体育赛事,0.95,direct,8,1
91510100MA6BTEP2X0,成都姜磊拳击体育文化传播有限公司,8930,健身服务,健身服务,健身服务,健身服务,是,健身休闲,0.95,direct,4,1
91510100MABQAJ6Q8N,成都金云策科技有限公司,5242,体育用品及器材零售,体育用品 器材 零售,体育用品;器材;零售,体育用品,是,体育用品,0.95,direct,9,1
91510100MACN6DNP9H,成都市锦江区多巴胺健身服务有限责任公司,8930,健身休闲活动,健身 休闲活动,休闲活动;健身,,是,健身休闲,0.75,direct,6,0
91510100327478129X,成都百叶文化传播有限公司,8911,体育赛事策划服务,体育 赛事策划 服务,赛事策划;体育;服务,赛事策划,是,体育赛事,0.95,direct,8,1
91510100MA6CMNLF81,成都鹦鹉螺潜水用品有限公司,5242,体育用品零售,体育用品零售,体育用品零售,体育用品零售,是,体育用品,0.95,direct,6,1
91510100MACYNJUM8D,四川慕禾瑜伽健身有限责任公司,8930,瑜伽健身管理,瑜伽 健身 管理,瑜伽;健身;管理,瑜伽,是,健身休闲,0.95,direct,6,1
91510100MA67WABT3C,四川恺憧装饰工程有限公司,4892,体育场地设施工程施工,体育场地设施 工程施工,体育场地设施;工程施工,体育场地设施,是,体育场馆,0.95,direct,10,1
91510100MA7N70C215,成都星享事成健身服务有限公司,8930,健身休闲活动,健身 休闲活动,休闲活动;健身,,是,健身休闲,0.75,direct,6,0
91510100MAC66L1Q32,成都漾锐体育发展有限公司,8911,体育竞赛组织服务,体育竞赛 组织 服务,体育竞赛;服务;组织,体育竞赛,是,体育赛事,0.95,direct,8,1
91510100MA6ABP4430,成都九方拉伽瑜伽健身有限公司,8930,健身休闲活动,健身 休闲活动,休闲活动;健身,,是,健身休闲,0.75,direct,6,0
91510100MA6C73FA27,成都凯可特思商贸有限公司,8930,健身服务,健身服务,健身服务,健身服务,是,健身休闲,0.95,direct,4,1
91510124MAD22Q7B9U,四川成都市健之道健身服务有限责任公司,8930,健身休闲活动,健身 休闲活动,休闲活动;健身,,是,健身休闲,0.75,direct,6,0
91510107MA6A3TCH87,潘逗体育文化传播成都有限公司,8921,体育场馆管理,体育场馆 管理,体育场馆;管理,体育场馆,是,体育场馆,0.95,direct,6,1
91510100MA67AYE351,成都市骏泰健身有限公司,8930,健身服务,健身服务,健身服务,健身服务,是,健身休闲,0.95,direct,4,1
91510107MA6CN7M62B,成都酷步体育设施工程有限公司,4991,体育设施安装服务,体育设施 安装 服务,体育设施;安装;服务,体育设施,是,体育场馆,0.6,none,8,1
91510100MABMXHUC23,成都芳德盛体育文化传播有限公司,8930,健身服务,健身服务,健身服务,健身服务,是,健身休闲,0.95,direct,4,1
91510100MA6DGLB985,成都有朋餐饮服务有限公司,8930,棋牌服务,棋牌 服务,棋牌;服务,,是,健身休闲,0.75,direct,4,0
91510100MAACLBEH9M,成都弹力鲁比克猩球体育文化发展有限公司,9052,体育赛事策划,体育 赛事策划,赛事策划;体育,赛事策划,是,体育赛事,0.6,none,6,1
91510100MA6527BX28,成都伍之星银石体育文化传播有限公司,9052,体育赛事策划,体育 赛事策划,赛事策划;体育,赛事策划,是,体育赛事,0.6,none,6,1
91510100MABT6BKM3H,成都大魔方体育文化传播有限公司,8392,少儿体能训练,少儿体能 训练,少儿体能;训练,少儿体能,是,体育培训,0.95,direct,6,1
91510100MABWD8KD2U,成都三街聚成体育发展有限公司,8930,健身服务,健身服务,健身服务,健身服务,是,健身休闲,0.95,direct,4,1
91510100MACY9GBU8M,四川茂涛精跃动体育用品有限公司,5242,体育用品零售,体育用品零售,体育用品零售,体育用品零售,是,体育用品,0.95,direct,6,1
91510100327506177T,成都市诚信合和商贸有限公司,5242,文体用品零售,文体用品 零售,文体用品;零售,,是,体育用品,0.75,direct,6,0
91510100MACRYT0164,乐速潮玩成都体育文化发展有限公司,8930,健身服务,健身服务,健身服务,健身服务,是,健身休闲,0.95,direct,4,1
91510100MA63EN7A6E,成都拉伽健康管理有限公司,8930,瑜伽馆服务,瑜伽馆 服务,瑜伽馆;服务,瑜伽馆,是,健身休闲,0.95,direct,5,1
91510100MA6AD6F69P,成都威玖吉行健身服务有限公司,8930,健身服务,健身服务,健身服务,健身服务,是,健身休闲,0.95,direct,4,1
91510100MA6C5RFW7Q,成都重塑健身服务有限公司,8930,健身咨询服务,健身 咨询服务,咨询服务;健身,,是,健身休闲,0.75,direct,6,0
91510100MACPR43Y7B,四川伴遇文化传媒有限责任公司,8930,瑜伽服务,瑜伽 服务,瑜伽;服务,瑜伽,是,健身休闲,0.95,direct,4,1
915100005534924393,四川耀柱建筑工程有限公司,4892,体育场地设施工程施工,体育场地设施 工程施工,体育场地设施;工程施工,体育场地设施,是,体育场馆,0.95,direct,10,1
91510100MA663E2Q30,成都佶腾体育用品有限公司,5142,体育用品批发,体育用品批发,体育用品批发,体育用品批发,是,体育用品,0.95,direct,6,1
91510100MA7GB8YF5E,四川伽可健身有限责任公司,8930,健身休闲活动策划服务,健身 休闲活动 策划 服务,休闲活动;健身;策划;服务,,是,健身休闲,0.75,direct,10,0
91510100MA62NCG422,四川羿力体育文化传播有限公司,8921,体育场场馆服务,体育场 场馆 服务,场馆;体育场;服务,体育场,是,体育场馆,0.95,direct,7,1
91510100MA6DFD3W81,成都逸特健身服务有限公司,8930,健身服务,健身服务,健身服务,健身服务,是,健身休闲,0.95,direct,4,1
91510100MABWF3FL3T,成都兴盛玖和氧立方健身服务有限公司,8930,互联网直播服务,互联网 直播 服务,直播;互联网;服务,,是,健身休闲,0.75,direct,7,0
91510100MA6C7N7R5U,四川博扬体育发展有限公司,8930,健身服务,健身服务,健身服务,健身服务,是,健身休闲,0.95,direct,4,1
91510108MA63DL9W80,四川战地行者户外装备有限公司,5242,户外用品零售,户外用品 零售,户外用品;零售,,是,体育用品,0.75,direct,6,0
91510100MA6B376E60,成都加瑜文化传播有限公司,8930,健身服务,健身服务,健身服务,健身服务,是,健身休闲,0.95,direct,4,1
91510100MA62LBQW1E,四川拓加电子商务股份有限公司,5142,体育用品批发,体育用品批发,体育用品批发,体育用品批发,是,体育用品,0.95,direct,6,1
91510100MA65UNJJ5U,成都洛道体育发展有限责任公司,8921,体育场地设施管理,体育场地设施 管理,体育场地设施;管理,体育场地设施,是,体育场馆,0.95,direct,8,1
91510100MA7N1PHE78,成都明顿体育文化发展有限公司,8930,健身服务,健身服务,健身服务,健身服务,是,健身休闲,0.95,direct,4,1
91510100MA6AFB2F4B,成都伽马健身有限责任公司,8930,健身休闲活动,健身 休闲活动,休闲活动;健身,,是,健身休闲,0.75,direct,6,0
91510100MA7KQHXKXL,成都荔枝健身管理有限公司,8930,健身休闲活动,健身 休闲活动,休闲活动;健身,,是,健身休闲,0.75,direct,6,0
91510100MAC25T4D9K,四川生机健身管理有限公司,8930,健身休闲活动,健身 休闲活动,休闲活动;健身,,是,健身休闲,0.75,direct,6,0
91510100321527452U,成都贾君国球体育文化传播有限公司,8911,体育竞赛组织,体育竞赛 组织,体育竞赛;组织,体育竞赛,是,体育赛事,0.95,direct,6,1
91510100MACQ3GXM25,成都鲸奇健身服务有限公司,8930,健身服务,健身服务,健身服务,健身服务,是,健身休闲,0.95,direct,4,1
91510100MAACNA6C5Y,托斯卡纳成都建筑材料有限公司,5242,户外用品零售,户外用品 零售,户外用品;零售,,是,体育用品,0.75,direct,6,0
91510100MAACMLD9XE,成都未知因子健身管理有限公司,8930,健身休闲活动,健身 休闲活动,休闲活动;健身,,是,健身休闲,0.75,direct,6,0
91510100MA6AH63Q82,四川兰利科技有限公司,5142,体育用品批发,体育用品批发,体育用品批发,体育用品批发,是,体育用品,0.95,direct,6,1
91510000590498733J,四川禧康体育用品有限公司,5142,体育用品批发,体育用品批发,体育用品批发,体育用品批发,是,体育用品,0.95,direct,6,1
91510100MA6CY66H8M,四川体产体育用品有限公司,7122,体育用品租赁,体育用品 租赁,体育用品;租赁,体育用品,是,体育用品,0.6,none,6,1
91510100MA65TB6F11,四川跆心体育文化传播有限公司,8911,体育赛事组织,体育赛事 组织,体育赛事;组织,体育赛事,是,体育赛事,0.95,direct,6,1
91510100MA69WNGQ82,成都傲麟体育科技有限公司,9052,体育赛事策划,体育 赛事策划,赛事策划;体育,赛事策划,是,体育赛事,0.6,none,6,1
915101073506594705,成都九维创艺体育文化有限公司,9052,体育赛事策划,体育 赛事策划,赛事策划;体育,赛事策划,是,体育赛事,0.6,none,6,1
91510100MA65RCD723,四川超动力户外运动有限公司,5142,体育用品及器材批发,体育用品 器材 批发,体育用品;器材;批发,体育用品,是,体育用品,0.95,direct,9,1
91510100MABQR2HM1W,成都源力未来体育发展有限公司,8930,健身休闲活动服务,健身 休闲活动 服务,休闲活动;健身;服务,,是,健身休闲,0.75,direct,8,0
91510100MACRHUTD90,成都穆锋文化传播有限公司,8930,健身休闲服务,健身 休闲 服务,健身;休闲;服务,,是,健身休闲,0.75,direct,6,0
91510107MA67A1E94P,四川四季星体育文化传播有限公司,7122,体育器材出租,体育器材 出租,体育器材;出租,体育器材,是,体育用品,0.6,none,6,1
91510100MA6B9HA82T,四川川体在线文化传媒有限公司,9052,体育赛事组织,体育赛事 组织,体育赛事;组织,体育赛事,是,体育赛事,0.6,none,6,1
91510100MA6CW2447D,成都晴天嗨球体育文化传播有限公司,8930,健身服务,健身服务,健身服务,健身服务,是,健身休闲,0.95,direct,4,1
91510100MACW03J82E,成都福年拾多斤健身服务有限公司,8930,健身服务,健身服务,健身服务,健身服务,是,健身休闲,0.95,direct,4,1
91510100MAC6H9685R,成都吉恒道文化传播有限公司,8930,健身休闲服务,健身 休闲 服务,健身;休闲;服务,,是,健身休闲,0.75,direct,6,0
91510107MA6DFR70XP,成都俊岐体育文化传播有限公司,9052,体育赛事策划,体育 赛事策划,赛事策划;体育,赛事策划,是,体育赛事,0.6,none,6,1
91510100MA7GT0AD2U,成都凡木优伽健身服务有限公司,8930,健身服务,健身服务,健身服务,健身服务,是,健身休闲,0.95,direct,4,1
91510100MABTL3W182,成都壹叁陆优佳健身服务有限公司,8930,健身休闲活动,健身 休闲活动,休闲活动;健身,,是,健身休闲,0.75,direct,6,0
91510100MABTET3D4U,成都漫宇健康管理咨询有限公司,8930,健身房服务,健身房 服务,健身房;服务,健身房,是,健身休闲,0.95,direct,5,1
91510100MA66AA4355,成都记上学云科技有限公司,5142,体育用品批发,体育用品批发,体育用品批发,体育用品批发,是,体育用品,0.95,direct,6,1
91510100MA68D6LM65,成都早安晚甜科技有限公司,9052,组织体育文化活动,组织 体育文化 活动,体育文化;组织;活动,体育文化,是,体育管理,0.6,none,8,1
91510100MA61U9NM37,成都美年达健身服务有限公司,8930,游泳馆活动,游泳馆 活动,游泳馆;活动,游泳馆,是,体育场馆,0.95,direct,5,1
91510100MABU4DF90N,成都蓉菁体育文化传播有限公司,9052,体育赛事策划,体育 赛事策划,赛事策划;体育,赛事策划,是,体育赛事,0.6,none,6,1
91510100MA682GTR5B,成都云飞健身服务有限公司,8930,健身休闲服务,健身 休闲 服务,健身;休闲;服务,,是,健身休闲,0.75,direct,6,0
91510100332032199K,成都市众上成贸易有限公司,5242,文化体育用品零售,文化 体育用品零售,体育用品零售;文化,体育用品零售,是,体育用品,0.95,direct,8,1
91510100MABWUP4M3T,成都市飞瑞体育文化传播有限公司,8930,健身休息服务,健身 休息 服务,健身;休息;服务,,是,健身休闲,0.75,direct,6,0
91510100350544155X,成都市魔方运动网络科技有限公司,8930,体育休闲健身服务,体育休闲 健身服务,体育休闲;健身服务,体育休闲;健身服务,是,健身休闲,0.95,direct,8,2
91510100MA7G9T4J3A,成都这儿玩健身有限公司,8930,健身服务,健身服务,健身服务,健身服务,是,健身休闲,0.95,direct,4,1
91510100MAC8YGH629,四川漾宸企业管理有限公司,8392,体育培训,体育培训,体育培训,体育培训,是,体育培训,0.95,direct,4,1
91510100MACDBM4D2L,四川海汇星辰生物科技有限公司,5142,体育用品批发,体育用品批发,体育用品批发,体育用品批发,是,体育用品,0.95,direct,6,1
91510100MAACMX5P2W,成都拉伽世纪峰景瑜伽健身有限公司,8930,瑜伽健身服务,瑜伽 健身服务,健身服务;瑜伽,瑜伽;健身服务,是,健身休闲,0.95,direct,6,2
91510100MA61XCEX0X,薪乐付科技集团有限公司,8921,体育场馆管理,体育场馆 管理,体育场馆;管理,体育场馆,是,体育场馆,0.95,direct,6,1
91510100MA6CE29F03,成都菡耀体育用品有限公司,5242,健身器材零售,健身器材 零售,健身器材;零售,健身器材,是,体育用品,0.95,direct,6,1
91510104MACLJE4D11,四川嗨懒洋洋瑜伽健身有限公司,8930,健身休闲服务,健身 休闲 服务,健身;休闲;服务,,是,健身休闲,0.75,direct,6,0
91510104MA6CP2MN9R,成都反斗锦娱乐有限公司,8912,游艺娱乐活动,游艺 娱乐活动,游艺;娱乐活动,,是,体育管理,0.75,direct,6,0
91510100MAC9F0HE19,四川不羁舞门文化传播有限公司,8919,其他体育组织,其他 体育组织,体育组织;其他,体育组织,是,体育管理,0.95,direct,6,1
91510100MABN5MBB56,四川利扬体育用品有限公司,5142,体育用品批发,体育用品批发,体育用品批发,体育用品批发,是,体育用品,0.95,direct,6,1
91510100MA63KDLN7D,成都魔方体育文化发展有限公司,8930,健身休闲服务,健身 休闲 服务,健身;休闲;服务,,是,健身休闲,0.75,direct,6,0
91440111321109437H,四川逸吻你商贸有限公司,5242,户外用品零售,户外用品 零售,户外用品;零售,,是,体育用品,0.75,direct,6,0
91510181MAEBFT9782,四川花叶锦健身有限公司,8930,健身休闲活动,健身 休闲活动,休闲活动;健身,,是,健身休闲,0.75,direct,6,0
91510181MA65TBYA97,都江堰魅力健身服务有限公司,8930,健身休闲活动,健身 休闲活动,休闲活动;健身,,是,健身休闲,0.75,direct,6,0
91510181MACTMKLC16,成都极猫商贸有限责任公司,5242,零售户外用品,零售 户外用品,户外用品;零售,,是,体育用品,0.75,direct,6,0
91510181MABT9CJH5N,都江堰市曼珈尔普拉提健身管理有限公司,8930,健身休闲活动,健身 休闲活动,休闲活动;健身,,是,健身休闲,0.75,direct,6,0
91510181MABPTAQ27W,成都乐崎户外用品有限公司,5242,户外用品零售,户外用品 零售,户外用品;零售,,是,体育用品,0.75,direct,6,0
91510181332032033F,都江堰绝岭体育场馆管理有限公司,8921,体育场馆管理,体育场馆 管理,体育场馆;管理,体育场馆,是,体育场馆,0.95,direct,6,1
91510181MADM445K9A,成都市都江堰旭焕体育文化传播有限责任公司,8999,文化和体育服务,文化 体育服务,体育服务;文化,体育服务,是,体育管理,0.6,none,7,1
91510181MADH6M092X,成都黑马克体育文化发展有限公司,8919,文化体育服务,文化 体育服务,体育服务;文化,体育服务,是,体育管理,0.95,direct,6,1
915101813320797476,都江堰星未来拓展活动有限公司,8930,拓展活动服务,拓展 活动 服务,拓展;服务;活动,,是,健身休闲,0.75,direct,6,0
91510181MA664F3F85,都江堰市富特博体育文化发展有限公司,9052,组织体育表演活动服务,组织 体育表演 活动 服务,体育表演;服务;组织;活动,体育表演,是,体育赛事,0.6,none,10,1
91510181MABTYJGQ5G,都江堰翼起游户外运动有限责任公司,8930,健身休闲运动,健身 休闲 运动,健身;休闲;运动,,是,健身休闲,0.75,direct,6,0
915101817302232307,都江堰市腾达体育俱乐部,8930,休闲健身娱乐活动,休闲 健身 娱乐活动,娱乐活动;健身;休闲,,是,健身休闲,0.75,direct,8,0
91510181MA7F3XK31Q,都江堰市尚武龙道体育文化传播有限公司,8919,其他体育组织,其他 体育组织,体育组织;其他,体育组织,是,体育管理,0.95,direct,6,1
91510181MA7E6KE09E,四川灌城飓风体育文化传播有限公司,9052,组织体育表演活动,组织 体育表演 活动,体育表演;组织;活动,体育表演,是,体育赛事,0.6,none,8,1
91510181MA64GRTP1A,成都艾自由户外运动有限公司,8930,健身服务,健身服务,健身服务,健身服务,是,健身休闲,0.95,direct,4,1
91510181MA69UTN3XY,都江堰盼达欢快体育发展有限公司,8911,体育组织,体育组织,体育组织,体育组织,是,体育管理,0.95,direct,4,1
91510181MABQ3H206X,成都市智速体育发展有限公司,8930,体育运动,体育运动,体育运动,,是,健身休闲,0.75,direct,4,0
91510181MA62N6PG12,都江堰市力悦室内体育场所服务有限公司,8921,室内体育场所服务,室内 体育场 服务,体育场;室内;服务,体育场,是,体育场馆,0.95,direct,8,1
91510181MA62P1DJ7H,四川时光旅拍户外运动有限公司,8930,户外休闲健身活动,户外 休闲 健身活动,健身活动;户外;休闲,,是,健身休闲,0.75,direct,8,0
91510181MA61WGXJ2D,成都汇星文旅科技有限公司,8930,户外拓展活动组织,户外拓展 活动 组织,户外拓展;组织;活动,户外拓展,是,健身休闲,0.95,direct,8,1
91510181MA6B6X73X2,成都优享健身服务有限公司,8930,健身休闲活动服务,健身 休闲活动 服务,休闲活动;健身;服务,,是,健身休闲,0.75,direct,8,0
91510181MA63JGANX1,成都垚腾商贸有限公司,5242,体育用品零售,体育用品零售,体育用品零售,体育用品零售,是,体育用品,0.95,direct,6,1
91510181MABXGL7D2J,成都启程星动体育文化传播有限公司,9052,组织体育表演活动服务,组织 体育表演 活动 服务,体育表演;服务;组织;活动,体育表演,是,体育赛事,0.6,none,10,1
91510181MACCXQA20X,成都仁武极限体育文化发展有限公司,8912,体育保障组织服务,体育 保障 组织 服务,体育;保障;服务;组织,,是,体育管理,0.75,direct,8,0
91510181MA61UAP844,成都天鹰户外运动有限公司,8930,健身休闲活动服务,健身 休闲活动 服务,休闲活动;健身;服务,,是,健身休闲,0.75,direct,8,0
91510181MACTT21649,成都乐动趣风体育文化传播有限公司,8912,体育保障服务,体育 保障 服务,体育;保障;服务,,是,体育管理,0.75,direct,6,0
91510181MA6C5PYW2A,都江堰力加健身服务有限公司,8930,健身休闲服务,健身 休闲 服务,健身;休闲;服务,,是,健身休闲,0.75,direct,6,0
91510181MA65QERF70,四川亿荣巨星体育文化发展有限公司,8911,体育竞赛组织,体育竞赛 组织,体育竞赛;组织,体育竞赛,是,体育赛事,0.95,direct,6,1
91510106MA6CEQ4D83,成都阿泽户外运动有限公司,8930,户外运动策划,户外运动 策划,户外运动;策划,户外运动,是,健身休闲,0.95,direct,6,1
915101813956290564,四川腾之道体育用品有限公司,5242,体育用品零售,体育用品零售,体育用品零售,体育用品零售,是,体育用品,0.95,direct,6,1
91510181MA66F3UUX9,都江堰市宏诚浩体育文化传播有限责任公司,8392,体育培训教育,体育培训 教育,体育培训;教育,体育培训,是,体育培训,0.95,direct,6,1
91510181350494960B,成都金字塔健身服务有限公司,8930,健身服务,健身服务,健身服务,健身服务,是,健身休闲,0.95,direct,4,1
91510181MAC6YFFKXW,成都市斯蒂柏健身服务有限公司,8930,健身服务,健身服务,健身服务,健身服务,是,健身休闲,0.95,direct,4,1
91510181MABMPGYK7F,四川新锐优星体育俱乐部有限公司,8911,体育竞赛组织,体育竞赛 组织,体育竞赛;组织,体育竞赛,是,体育赛事,0.95,direct,6,1
91510181MACNBNH19G,成都燕阳里体育文化发展有限公司,5242,体育用品零售,体育用品零售,体育用品零售,体育用品零售,是,体育用品,0.95,direct,6,1
91510181MA6ARYJ677,成都静远健身服务有限责任公司,8930,健身房服务,健身房 服务,健身房;服务,健身房,是,健身休闲,0.95,direct,5,1
91510181MA6ACH7U92,成都市唯美户外运动有限责任公司,8930,户外运动策划,户外运动 策划,户外运动;策划,户外运动,是,健身休闲,0.95,direct,6,1
91510181569653647D,都江堰市周全体育器材有限公司,5242,零售体育器材体育用品,零售 体育器材 体育用品,体育器材;体育用品;零售,体育器材;体育用品,是,体育用品,0.95,direct,10,2
91510181MA6B1TMK6E,成都卓帅精英户外拓展有限责任公司,8930,户外拓展训练,户外拓展 训练,户外拓展;训练,户外拓展,是,健身休闲,0.95,direct,6,1
91510181MA6CHF3X12,都江堰市奥尚博健身服务有限公司,8930,健身休闲活动,健身 休闲活动,休闲活动;健身,,是,健身休闲,0.75,direct,6,0
92510181MA6CY2QG6Y,都江堰市锦弘耀培训学校有限公司,8392,跆拳道培训,跆拳道培训,跆拳道培训,跆拳道培训,是,体育培训,0.95,direct,5,1
91510181MA63D7C582,成都名优国乒体育发展有限公司,8912,体育保障组织,体育 保障 组织,体育;保障;组织,,是,体育管理,0.75,direct,6,0
91510181MABLNKA26L,都江堰市鼎泰贤体育俱乐部有限责任公司,8392,体育培训,体育培训,体育培训,体育培训,是,体育培训,0.95,direct,4,1
91510181MA64FDE75K,四川懒熊熊体育文化传播有限公司,8930,休闲健身活动,休闲 健身活动,健身活动;休闲,,是,健身休闲,0.75,direct,6,0
91510181MA7H2AR64B,竟扬体育俱乐部成都有限公司,8911,组织体育竞赛,组织 体育竞赛,体育竞赛;组织,体育竞赛,是,体育赛事,0.95,direct,6,1
91510181MAACNRMQ8G,四川懿橙体育文化发展有限公司,8919,其他体育组织,其他 体育组织,体育组织;其他,体育组织,是,体育管理,0.95,direct,6,1
91510181MA61UJ6A4F,成都市天之仁体育指导有限公司,8392,体育运动训练指导服务,体育运动 训练 指导 服务,体育运动;训练;指导;服务,,是,体育培训,0.75,direct,10,0
91510181MA6B4DBA7Q,成都市雄英健身服务有限公司,8930,健身休闲活动,健身 休闲活动,休闲活动;健身,,是,健身休闲,0.75,direct,6,0
91510181MA6AQ91T7U,成都夏洛户外运动策划有限公司,8919,户外运动组织,户外运动 组织,户外运动;组织,户外运动,是,健身休闲,0.95,direct,6,1
915101816936979111,都江堰市博浪体育用品有限责任公司,5242,零售体育用品,零售 体育用品,体育用品;零售,体育用品,是,体育用品,0.95,direct,6,1
91510181MA6B3UBU15,四川百战格斗体育俱乐部有限公司,8930,格斗体育,格斗 体育,格斗;体育,,是,健身休闲,0.75,direct,4,0
91510181MA6AHPB83L,成都减加健身有限公司,8930,健身休闲活动服务,健身 休闲活动 服务,休闲活动;健身;服务,,是,健身休闲,0.75,direct,8,0
91510181MA6C6YNW27,成都青之鸟户外运动有限公司,8930,健身休闲活动,健身 休闲活动,休闲活动;健身,,是,健身休闲,0.75,direct,6,0
91510181MACEHEW492,都江堰励阳户外拓展有限公司,8392,体校及体育培训,体校 体育培训,体育培训;体校,体育培训,是,体育培训,0.95,direct,7,1
91510100MA67ELQF60,成都王牌未来健康科技有限公司,8912,体育组织保障,体育组织 保障,体育组织;保障,体育组织,是,体育管理,0.95,direct,6,1
91510181MACPP9R12R,都江堰锥风少年体育发展有限公司,9052,体育表演活动,体育表演 活动,体育表演;活动,体育表演,是,体育赛事,0.6,none,6,1
91510181MAC583Q517,成都曼力迪体育文化发展有限公司,8912,体育保障服务,体育 保障 服务,体育;保障;服务,,是,体育管理,0.75,direct,6,0
92510181MA69F91F1J,成都晴里体育文化传播有限公司,9052,组织体育表演活动,组织 体育表演 活动,体育表演;组织;活动,体育表演,是,体育赛事,0.6,none,8,1
91510181MA6CH2795J,都江堰市天兮仁诺体育培训学校有限公司,8392,跆拳道培训,跆拳道培训,跆拳道培训,跆拳道培训,是,体育培训,0.95,direct,5,1
91510181MA64LYWN0L,四川德奥零云体育发展有限公司,8392,体育培训,体育培训,体育培训,体育培训,是,体育培训,0.95,direct,4,1
91510181MA67CGCBXW,成都市凯鼎健身服务有限公司,8930,健身休闲活动服务,健身 休闲活动 服务,休闲活动;健身;服务,,是,健身休闲,0.75,direct,8,0
91510181MA61TPK618,都江堰市丹台龙跷文化传播有限责任公司,8392,武术培训,武术培训,武术培训,武术培训,是,体育培训,0.95,direct,4,1
91510181MACMU3DT0P,成都艾姆尔瑟体育文化发展有限公司,8392,体育培训,体育培训,体育培训,体育培训,是,体育培训,0.95,direct,4,1
91510181MA644JCCXN,都江堰二十四号体育文化传播有限公司,9052,组织体育表演活动,组织 体育表演 活动,体育表演;组织;活动,体育表演,是,体育赛事,0.6,none,8,1
91510181MA61RKPN8G,成都动达体育文化传播有限责任公司,8392,体育课外培训,体育 课外 培训,课外;体育;培训,,是,体育培训,0.75,direct,6,0
92510181MA64103L8E,成都浔美健身服务有限公司,8930,休闲健身活动,休闲 健身活动,健身活动;休闲,,是,健身休闲,0.75,direct,6,0
91510181MA6BQFHF1N,四川明宇之星足球俱乐部有限公司,8911,足球俱乐部服务,足球 俱乐部 服务,足球;俱乐部;服务,足球,是,体育用品,0.95,direct,7,1
91510181MA635P8J2U,成都市柔之道体育文化发展有限责任公司,8911,体育竞赛组织,体育竞赛 组织,体育竞赛;组织,体育竞赛,是,体育赛事,0.95,direct,6,1
91510181MADDW5QF9E,成都登徒户外运动有限公司,8930,健身休闲活动,健身 休闲活动,休闲活动;健身,,是,健身休闲,0.75,direct,6,0
91510181MADL23QK8R,成都小象滑雪体育发展有限公司,8999,体育障碍组织和体育赛事策划,体育 障碍 组织 体育 赛事策划,体育;赛事策划;障碍;组织,赛事策划,是,体育赛事,0.6,none,13,1
91510181MADP6UA795,四川夏炎焱体育发展有限公司,8912,体育保障组织和健身休闲活动,体育 保障 组织 健身 休闲活动,休闲活动;健身;体育;保障;组织,,是,体育管理,0.75,direct,13,0
91510181MACG4UCF6P,四川雪之星体育文化发展有限公司,8919,组织体育表演活动,组织 体育表演 活动,体育表演;组织;活动,体育表演,是,体育赛事,0.95,direct,8,1
91510181MA68HY0002,成都融创娱雪体育发展有限公司,8921,雪上娱乐场地,娱乐场,娱乐场,,是,体育场馆,0.75,direct,6,0
91510100MA65RGT91Q,成都恒心安悦体育场馆管理有限公司,8930,健身休闲活动,健身 休闲活动,休闲活动;健身,,是,健身休闲,0.75,direct,6,0
91510181MACDNCKKX2,都江堰星空管家户外用品销售有限公司,5242,户外用品销,户外用品,户外用品,,是,体育用品,0.75,direct,5,0
91510181MAACM3N19T,傲刃堂成都户外运动用品有限公司,5242,体育用品及器材零售,体育用品 器材 零售,体育用品;器材;零售,体育用品,是,体育用品,0.95,direct,9,1
91510181MACTWG5T23,成都边城户外用品有限公司,5242,零售服装  租用体育用品,零售 服装 租用 体育用品,体育用品;租用;服装;零售,体育用品,是,体育用品,0.95,direct,12,1
91510181MACPHRK80X,都江堰纽缇体育文化发展有限公司,8911,体育赛事组织,体育赛事 组织,体育赛事;组织,体育赛事,是,体育赛事,0.95,direct,6,1
91510181MA643DHQ46,成都励志迷彩户外运动有限公司,8930,户外休闲健身活动,户外 休闲 健身活动,健身活动;户外;休闲,,是,健身休闲,0.75,direct,8,0
91510181MA6B9TWH9B,成都转角户外运动有限公司,8930,休闲活动,休闲活动,休闲活动,,是,健身休闲,0.75,direct,4,0
91510181MA661FXD69,成都威马克户外用品有限公司,2449,钓鱼竿制造,钓鱼竿 制造,钓鱼竿;制造,,是,体育用品,0.75,direct,5,0
91510181MA6C8XJY1P,成都蜗牛户外运动有限公司,8930,户外拓展运动,户外拓展 运动,户外拓展;运动,户外拓展,是,健身休闲,0.95,direct,6,1
91510181MA68PWNR6B,成都市臻尚户外运动有限公司,8930,户外休闲健身活动服务,户外 休闲 健身活动 服务,健身活动;户外;休闲;服务,,是,健身休闲,0.75,direct,10,0
9151018178811060XG,都江堰市瑛达包装材料厂,2449,生产塑料制品,生产 塑料制品,塑料制品;生产,,是,体育用品,0.75,direct,6,0
91510181MA62L15J4K,四川省驼峰体育场馆管理有限公司,8930,户外运动服务,户外运动 服务,户外运动;服务,户外运动,是,健身休闲,0.95,direct,6,1
91510181MADM6YBE0N,都江堰鼎天辰龙体育发展有限公司,8912,体育保障组织,体育 保障 组织,体育;保障;组织,,是,体育管理,0.75,direct,6,0
91510181MA65WDGB47,成都菘蓝体育俱乐部有限公司,8911,体育竞赛组织,体育竞赛 组织,体育竞赛;组织,体育竞赛,是,体育赛事,0.95,direct,6,1
91510181MABLXH539A,成都昕玥户外运动有限公司,8930,健身休闲活动,健身 休闲活动,休闲活动;健身,,是,健身休闲,0.75,direct,6,0
91510181MA6AEAMF3F,都江堰速腾云豹体育俱乐部有限责任公司,8911,体育竞赛组织,体育竞赛 组织,体育竞赛;组织,体育竞赛,是,体育赛事,0.95,direct,6,1
91510181MACHRPFW7H,成都壹号弓箭体育文化传播有限公司,8999,体育赛事策划,体育 赛事策划,赛事策划;体育,赛事策划,是,体育赛事,0.6,none,6,1
91510181202769109Y,四川恒生科技发展有限公司,8930,计算机服务,计算机服务,计算机服务,,是,健身休闲,0.75,direct,5,0
91510181062419384A,都江堰哈利路亚运动器材有限责任公司,5242,运动器材零售,运动器材 零售,运动器材;零售,运动器材,是,体育用品,0.95,direct,6,1
91510181679654819G,都江堰青城高尔夫俱乐部有限公司,8930,高尔夫俱乐部管理,高尔夫 俱乐部 管理,高尔夫;俱乐部;管理,高尔夫,是,健身休闲,0.95,direct,8,1
91510181MA7LCCGJ48,都江堰润天麟体育文化传播有限责任公司,8930,健身休闲活动,健身 休闲活动,休闲活动;健身,,是,健身休闲,0.75,direct,6,0
91510181MA7JNY4X0D,成都龙跷隐踪文化传播有限公司,8392,武术交流,武术 交流,武术;交流,武术,是,健身休闲,0.95,direct,4,1
91510181395623412Y,都江堰汉刘漂流有限公司,8930,漂流服务,漂流 服务,漂流;服务,漂流,是,健身休闲,0.95,direct,4,1
91510181MA6B9Q6KX0,都江堰程辉游泳池管理有限公司,8921,游泳馆管理服务,游泳馆 管理 服务,游泳馆;服务;管理,游泳馆,是,体育场馆,0.95,direct,7,1
91510181MA6BTEDB7N,成都攀达利亚体育发展有限公司,8911,体育竞赛服务,体育竞赛 服务,体育竞赛;服务,体育竞赛,是,体育赛事,0.95,direct,6,1
91510181797802042K,都江堰市大成旅游发展有限公司,8930,旅资源开发,资源 开发,开发;资源,,是,健身休闲,0.75,direct,5,0
91510181734794516U,成都飞来峰旅游开发有限责任公司,8930,漂流服务,漂流 服务,漂流;服务,漂流,是,健身休闲,0.95,direct,4,1
91510181MA6CFE7N1T,都江堰飞伦鱼户外运动有限公司,8930,户外运动,户外运动,户外运动,户外运动,是,健身休闲,0.95,direct,4,1
91510181MA69UJFE12,成都魅力山水户外运动有限公司,8930,户外休闲健身活动,户外 休闲 健身活动,健身活动;户外;休闲,,是,健身休闲,0.75,direct,8,0
91510182MABWUKDB7U,四川君曦文化传播有限责任公司,8392,跆拳道技能培训服务,跆拳道 技能 培训 服务,跆拳道;技能;培训;服务,跆拳道,是,健身休闲,0.95,direct,9,1
91510182MA61WQTD5Q,彭州来力台球俱乐部,8930,室内台球娱乐活动,室内 台球 娱乐活动,台球;娱乐活动;室内,台球,是,健身休闲,0.95,direct,8,1
91510182MA7FHD7W8B,成都星飞越体育发展有限公司,8930,文化体育服务,文化 体育服务,体育服务;文化,体育服务,是,体育管理,0.95,direct,6,1
92510182MA6DGYJB04,彭州市卓尚贸易有限公司,8930,台球服务,台球 服务,台球;服务,台球,是,健身休闲,0.95,direct,4,1
92510182L20171483K,彭州市阳氏健身管理有限公司,8930,休闲健身,休闲 健身,健身;休闲,,是,健身休闲,0.75,direct,4,0
91510182MA69UWK8X0,彭州极线蓝色空间健身服务有限公司,8930,文化体育服务,文化 体育服务,体育服务;文化,体育服务,是,体育管理,0.95,direct,6,1
91510182MA61T65B5X,成都嵩武国术健身有限公司,8930,健身服务,健身服务,健身服务,健身服务,是,健身休闲,0.95,direct,4,1
91510182MA69JWMC5F,四川臻泳体育文化传播有限责任公司,8911,体育竞赛组织,体育竞赛 组织,体育竞赛;组织,体育竞赛,是,体育赛事,0.95,direct,6,1
91510182MAACJ84W9U,成都康芒体育文化传播有限公司,8911,体育竞赛组织,体育竞赛 组织,体育竞赛;组织,体育竞赛,是,体育赛事,0.95,direct,6,1
91510182MA6CDUXB19,成都卡伦健康咨询有限公司,8930,健身房服务,健身房 服务,健身房;服务,健身房,是,健身休闲,0.95,direct,5,1
91510182MABXGWPA2J,彭州市元之道健康管理有限公司,8930,健身休闲,健身 休闲,健身;休闲,,是,健身休闲,0.75,direct,4,0
91510182MADH4RLF84,彭州市澎湃体育发展有限公司,8930,健身房休闲活动,健身房 休闲活动,休闲活动;健身房,健身房,是,健身休闲,0.95,direct,7,1
91510182343068760A,成都市众豪足球俱乐部有限公司,8911,足球运动,足球运动,足球运动,,是,体育管理,0.75,direct,4,0
91510182MA63BR32XX,彭州市汭艺体育场馆有限公司,8392,体育活动培训,体育 活动 培训,体育;培训;活动,,是,体育培训,0.75,direct,6,0
91510182MAC5XF2903,成都贝乐星体育文化传播有限公司,8392,少儿体育培训,少儿 体育培训,体育培训;少儿,体育培训,是,体育培训,0.95,direct,6,1
915101820525155407,彭州圣力凯健身咨询管理有限公司,8930,休闲健身,休闲 健身,健身;休闲,,是,健身休闲,0.75,direct,4,0
91510182MA69KL9H9T,成都市梵逸心健康管理有限公司,8930,休闲健身服务,休闲 健身服务,健身服务;休闲,健身服务,是,健身休闲,0.95,direct,6,1
91510182MACA8EUA2B,彭州鑫众航体育文化传播合伙企业（有限合伙）,8392,少儿体育培训,少儿 体育培训,体育培训;少儿,体育培训,是,体育培训,0.95,direct,6,1
91510182MAC6W0NL74,成都彭州兴绵商贸易有限公司,8930,棋牌服务,棋牌 服务,棋牌;服务,,是,健身休闲,0.75,direct,4,0
91510182MA6C73312J,四川军戈企畅企业管理咨询有限公司,8930,拓展训练服务,拓展 训练 服务,拓展;训练;服务,,是,健身休闲,0.75,direct,6,0
91510182MA65RK2W9B,彭州市圣力凯游泳馆有限公司,8921,游泳馆服务,游泳馆 服务,游泳馆;服务,游泳馆,是,体育场馆,0.95,direct,5,1
91510182MA64Q9Y63E,四川飞驰悦动体育文化传播有限责任公司,8392,体育培训,体育培训,体育培训,体育培训,是,体育培训,0.95,direct,4,1
91510182MA64H2DU8A,成都道朴天成文化传播有限公司,8930,瑜伽服务,瑜伽 服务,瑜伽;服务,瑜伽,是,健身休闲,0.95,direct,4,1
91510182MABWD0T87W,成都首赛体育俱乐部有限公司,8911,体育竞赛组织,体育竞赛 组织,体育竞赛;组织,体育竞赛,是,体育赛事,0.95,direct,6,1
91510182MAC27BNH4A,成都一知鱼钓具有限公司,5242,渔具零售,渔具 零售,渔具;零售,渔具,是,体育用品,0.95,direct,4,1
91510182MA6BFJ3L2X,成都锐升蓝鲸体育俱乐部有限责任公司,8911,体育组织,体育组织,体育组织,体育组织,是,体育管理,0.95,direct,4,1
91510182MAC287T75L,成都市玖峰行体育文化发展有限公司,8921,体育场所服务,体育场 服务,体育场;服务,体育场,是,体育场馆,0.95,direct,6,1
91510182MA68242BX1,成都市领先体育文化发展有限责任公司,8919,体育类社会服务,体育类 社会 服务,体育类;服务;社会,,是,体育管理,0.75,direct,7,0
91510182MA632KE21L,四川德胜杰优体育文化传播有限公司,8911,体育竞赛组织,体育竞赛 组织,体育竞赛;组织,体育竞赛,是,体育赛事,0.95,direct,6,1
91510182MA61RRBF2C,彭州市圣力凯体育有限公司,8921,体育场所服务,体育场 服务,体育场;服务,体育场,是,体育场馆,0.95,direct,6,1
91510182MA62LEF916,成都福大康商贸有限公司,5142,体育用品批发,体育用品批发,体育用品批发,体育用品批发,是,体育用品,0.95,direct,6,1
91510182MA6CPQYE7C,四川纽斯达体育文化有限公司,5142,体育用品批发,体育用品批发,体育用品批发,体育用品批发,是,体育用品,0.95,direct,6,1
91510182MA6C5XCN0H,彭州市沃森建筑安装工程有限公司,4991,体育场地安装,体育场地 安装,体育场地;安装,体育场地,是,体育场馆,0.6,none,6,1
91510182MA68J4JG16,成都优二体育服务有限公司,8930,健身服务,健身服务,健身服务,健身服务,是,健身休闲,0.95,direct,4,1
91510182MA6A5BD23L,成都成体艺体企业管理有限公司,9052,体育赛事策划,体育 赛事策划,赛事策划;体育,赛事策划,是,体育赛事,0.6,none,6,1
91510182MA6AE5N2XJ,四川省超越高球体育用品有限公司,5142,体育用品器材批发,体育用品 器材 批发,体育用品;器材;批发,体育用品,是,体育用品,0.95,direct,8,1
91510182569675432X,成都福达康科技有限公司,5242,体育用品零售,体育用品零售,体育用品零售,体育用品零售,是,体育用品,0.95,direct,6,1
91510108765385678Q,成都市钓鱼人钓具有限公司,5142,钓鱼用品批发,钓鱼 用品 批发,钓鱼;用品;批发,,是,体育用品,0.75,direct,6,0
91510182MA6CCATP0Y,成都亚历山体育用品有限公司,2449,体育用品制造,体育用品制造,体育用品制造,体育用品制造,是,体育用品,0.95,direct,6,1
91510182MAC15H9X0R,四川柒和柒体育文化传播有限公司,8930,文化和体育,文化 体育,体育;文化,,是,健身休闲,0.75,direct,5,0
91510182MABQBD1L46,成都万宸体育发展有限公司,8911,体育赛事策划,体育 赛事策划,赛事策划;体育,赛事策划,是,体育赛事,0.95,direct,6,1
91510182MA61R68B31,四川世纪烽火体育文化有限公司,8911,体育赛事服务,体育赛事 服务,体育赛事;服务,体育赛事,是,体育赛事,0.95,direct,6,1
91510182MAACNGXH4P,彭州新鑫丰盛文化传播有限公司,9052,体育赛事策划及推广,体育 赛事策划 推广,赛事策划;体育;推广,赛事策划,是,体育赛事,0.6,none,9,1
915101825644794754,成都市润物体育用品厂,2441,生产羽毛球,生产 羽毛球,羽毛球;生产,羽毛球,是,体育用品,0.95,direct,5,1
91510182MA6C7RWUXX,成都鼎道体育用品有限公司,2449,体育用品制造,体育用品制造,体育用品制造,体育用品制造,是,体育用品,0.95,direct,6,1
91510182X2181912XR,彭州市金河体育用品器材厂,2449,体育用品生产,体育用品 生产,体育用品;生产,体育用品,是,体育用品,0.95,direct,6,1
91510182693698156W,成都丸美钓具有限公司,2449,钓具生产制造,钓具 生产 制造,钓具;制造;生产,钓具,是,体育用品,0.95,direct,6,1
91510182062408415B,成都丸美唐风户外用品有限公司,2449,渔具制造,渔具 制造,渔具;制造,渔具,是,体育用品,0.95,direct,4,1
91510104MA637P9712,成都鑫怡嘉体育用品有限公司,2449,生产渔具,生产 渔具,渔具;生产,渔具,是,体育用品,0.95,direct,4,1
91510182MA69PF847C,成都启诚航峰体育文化传播有限公司,8930,休闲健身服务,休闲 健身服务,健身服务;休闲,健身服务,是,健身休闲,0.95,direct,6,1
91510182MA6CTEAL0A,成都尚格品顿体育服务有限公司,8930,休闲健身活动服务,休闲 健身活动 服务,健身活动;休闲;服务,,是,健身休闲,0.75,direct,8,0
91510182MA63EF6L8F,彭州端贰瑜伽有限公司,8930,健身服务,健身服务,健身服务,健身服务,是,健身休闲,0.95,direct,4,1
91510182MA7D9UAP0G,成都市蓓贤商贸有限公司,5242,体育器材零售,体育器材 零售,体育器材;零售,体育器材,是,体育用品,0.95,direct,6,1
91510182MA6622PRX3,成都思博克体育发展有限公司,8392,体育培训,体育培训,体育培训,体育培训,是,体育培训,0.95,direct,4,1
91510100MABLX0030W,纬洛（成都）体育发展有限公司,9052,体育赛事策划,体育 赛事策划,赛事策划;体育,赛事策划,是,体育赛事,0.6,none,6,1
91510182MA6CCLL05W,成都宏盛诚体育设施工程有限公司,5142,健身器材批发,健身器材 批发,健身器材;批发,健身器材,是,体育用品,0.95,direct,6,1
9151018257227383X6,四川奥祥教体设备有限公司,5142,健身器材批发,健身器材 批发,健身器材;批发,健身器材,是,体育用品,0.95,direct,6,1
92510182L813100451,彭州市海豚湾度假村,8921,游泳服务,游泳 服务,游泳;服务,游泳,是,健身休闲,0.95,direct,4,1
91510182MA69CML05C,彭州市盛世荣创体育文化有限公司,8911,体育项目组织服务,体育项目 组织 服务,体育项目;服务;组织,,是,体育管理,0.75,direct,8,0
91510182MA669LX0XK,彭州市阳帆启航武术教育培训学校有限责任公司,8392,武术培训,武术培训,武术培训,武术培训,是,体育培训,0.95,direct,4,1
91510182MAC7T08L6L,成都玖尺营科技有限公司,8392,射击训练,射击训练,射击训练,,是,体育培训,0.75,direct,4,0
915101827403199140,彭州市在水一方餐饮娱乐有限公司,8921,游泳场所,游泳 场所,游泳;场所,游泳,是,健身休闲,0.95,direct,4,1
91510182MABPRBXK03,成都万狐钓具有限公司,2449,绳索缆制造,绳索 制造,绳索;制造,,是,体育用品,0.75,direct,5,0
91510182MA61W3EJ65,成都优胜步道户外运动有限责任公司,8930,健身休闲旅游,健身 休闲 旅游,健身;休闲;旅游,,是,健身休闲,0.75,direct,6,0
91510182MA69M279XJ,四川茂锦建筑工程有限公司,4892,房屋基础施工,房屋 基础 施工,施工;房屋;基础,,是,体育场馆,0.75,direct,6,0
91510182092835733A,成都阳光方正体育用品有限公司,2449,体育用品生产,体育用品 生产,体育用品;生产,体育用品,是,体育用品,0.95,direct,6,1
91510182MABX2D0E8X,彭州市蜀西竹里户外运动有限公司,8930,户外休闲活动,户外 休闲活动,休闲活动;户外,,是,健身休闲,0.75,direct,6,0
91510182MADL32Q072,四川柴古唐斯体育文化发展有限公司,8919,体育赛事举办,体育赛事 举办,体育赛事;举办,体育赛事,是,体育赛事,0.95,direct,6,1
91510182MABX5AN83N,成都仙山秦体育文化发展有限公司,8911,体育竞赛组织,体育竞赛 组织,体育竞赛;组织,体育竞赛,是,体育赛事,0.95,direct,6,1
91510182MAC3FT360K,彭州志合体育发展有限责任公司,8921,体育场地设施经营,体育场地设施 经营,体育场地设施;经营,体育场地设施,是,体育场馆,0.95,direct,8,1
91510183MADLNHKU46,成都今朝健身管理有限责任公司,8930,健身休闲活动,健身 休闲活动,休闲活动;健身,,是,健身休闲,0.75,direct,6,0
91510183MAD89KX79L,成都极真尚武浩燃体育文化传播有限公司,8930,健身服务,健身服务,健身服务,健身服务,是,健身休闲,0.95,direct,4,1
91510183MADY9Y0X3C,成都市邛崃滔博体育用品有限公司,5242,体育用品零售,体育用品零售,体育用品零售,体育用品零售,是,体育用品,0.95,direct,6,1
91510183MADR151C9K,成都市邛崃叁加壹体育文化发展有限公司,8999,体育赛事策划,体育 赛事策划,赛事策划;体育,赛事策划,是,体育赛事,0.6,none,6,1
91510183MAD37MFN5A,成都壹健健身有限公司,8930,健身服务,健身服务,健身服务,健身服务,是,健身休闲,0.95,direct,4,1
91510183MAD1JJC54Y,成都菲特玖零健身管理有限公司,8930,健身服务,健身服务,健身服务,健身服务,是,健身休闲,0.95,direct,4,1
91510183MA7N3WYC91,成都市简余户外拓展有限公司,8930,健身休闲,健身 休闲,健身;休闲,,是,健身休闲,0.75,direct,4,0
91510183MA66YMKA8C,成都市超级星新体育文化传播有限公司,8919,体育运动项目组织,体育运动 项目 组织,体育运动;项目;组织,,是,体育管理,0.75,direct,8,0
91510183MACM1QX480,成都浩瀚大魔方娱乐有限公司,8912,游艺娱乐活动,游艺 娱乐活动,游艺;娱乐活动,,是,体育管理,0.75,direct,6,0
91510183MA6A3DR35D,成都市裕科宇惠商贸有限责任公司,5242,体育用品及器材零售,体育用品 器材 零售,体育用品;器材;零售,体育用品,是,体育用品,0.95,direct,9,1
91510183MA64LP952P,邛崃市星跃动体育场馆管理有限公司,8921,体育场管理服务,体育场 管理 服务,体育场;服务;管理,体育场,是,体育场馆,0.95,direct,7,1
91510183MA6BRFKY16,成都必刻健身管理有限公司,8930,健身运动,健身运动,健身运动,,是,健身休闲,0.75,direct,4,0
91510183MA63GPHB40,成都酷乐体育发展有限公司,8911,体育项目服务,体育项目 服务,体育项目;服务,,是,体育管理,0.75,direct,6,0
91510183MA6CNPFF02,成都市宏远拓展培训有限责任公司,8930,拓展训练服务,拓展 训练 服务,拓展;训练;服务,,是,健身休闲,0.75,direct,6,0
91510183MA69KNFC1U,四川搏阳竞技体育文化传播有限公司,9052,组织体育表演活动,组织 体育表演 活动,体育表演;组织;活动,体育表演,是,体育赛事,0.6,none,8,1
91510183MA6CUYDG9W,成都宗道体育文化传播有限公司,8930,体育健身培训,体育 健身 培训,健身;体育;培训,,是,健身休闲,0.75,direct,6,0
91510183MACATA2L87,四川雲创教育信息咨询服务有限责任公司,8930,拓展团建服务,拓展 团建 服务,团建;拓展;服务,,是,健身休闲,0.75,direct,6,0
91510183MACH11H6XE,邛崃市菩缇瑜伽健身有限公司,8930,健身休闲活动,健身 休闲活动,休闲活动;健身,,是,健身休闲,0.75,direct,6,0
91510183MAC9KTK45Q,邛崃市雨亭乒训体育文化发展有限公司,8930,健身服务,健身服务,健身服务,健身服务,是,健身休闲,0.95,direct,4,1
91510183MA6433QL3B,邛崃市瑞博恩瑞康健身器材经营部,5242,零售健身器材,零售 健身器材,健身器材;零售,健身器材,是,体育用品,0.95,direct,6,1
92510183MABT062J8Y,邛崃市文君街道思益游泳池,8930,体育运动,体育运动,体育运动,,是,健身休闲,0.75,direct,4,0
91510183MA67KQ9YXC,成都翰能旗乐体育文化发展有限公司,8919,体育组织,体育组织,体育组织,体育组织,是,体育管理,0.95,direct,4,1
91510183MA7N17G15J,邛崃市水沐瑜伽健身有限公司,8930,健身休闲活动,健身 休闲活动,休闲活动;健身,,是,健身休闲,0.75,direct,6,0
91510183MA61XB535F,成都鼎锐文化传播有限公司,8930,健身服务,健身服务,健身服务,健身服务,是,健身休闲,0.95,direct,4,1
91510183MABX6DTN87,成都市简悦健康管理有限公司,8930,健身休闲活动,健身 休闲活动,休闲活动;健身,,是,健身休闲,0.75,direct,6,0
91510183MACC402B44,成都市正博悟道体育文化传播有限公司,9052,体育服务,体育服务,体育服务,体育服务,是,体育管理,0.6,none,4,1
91510183MACK284K9K,成都市水一方游泳俱乐部有限公司,8930,游泳健身服务,游泳 健身服务,健身服务;游泳,游泳;健身服务,是,健身休闲,0.95,direct,6,2
91510183MAC37B8516,成都市若岸健身有限公司,8930,健身服务,健身服务,健身服务,健身服务,是,健身休闲,0.95,direct,4,1
91510183MAC9JQ3B0F,邛崃市趣动乐健身俱乐部有限公司,8930,健身服务,健身服务,健身服务,健身服务,是,健身休闲,0.95,direct,4,1
91510183MA6C5K5B2T,成都市陆联印象户外运动有限公司,8930,健身服务,健身服务,健身服务,健身服务,是,健身休闲,0.95,direct,4,1
91510183MADKT8CQ83,邛崃市无山瑜伽健身有限公司,8930,瑜伽健身,瑜伽 健身,瑜伽;健身,瑜伽,是,健身休闲,0.95,direct,4,1
91510183MA6C9K2M5C,成都状元居体育文化传播有限公司,8392,武术培训,武术培训,武术培训,武术培训,是,体育培训,0.95,direct,4,1
91510183MA7GT18L8Q,邛崃市奥翔之星体育文化传播有限公司,8392,乒乓球培训,乒乓球培训,乒乓球培训,乒乓球培训,是,体育培训,0.95,direct,5,1
91510183MABW37W213,四川天泓体育发展有限责任公司,8392,武术培训,武术培训,武术培训,武术培训,是,体育培训,0.95,direct,4,1
91510183MAACG2TT0E,邛崃市玖临体育文化传播有限公司,8392,组织体育培训,组织 体育培训,体育培训;组织,体育培训,是,体育培训,0.95,direct,6,1
91510183MACH4B671R,成都青岑旗乐户外运动有限公司,5242,健身休闲活动,健身 休闲活动,休闲活动;健身,,是,体育用品,0.75,direct,6,0
91510183MA69UGGEXW,邛崃市睿博远体育文化传播有限公司,8392,体育活动,体育 活动,体育;活动,,是,体育培训,0.75,direct,4,0
91510183MAC7F9U37C,成都天壹格斗体育文化传播有限公司,8392,体育培训服务,体育培训 服务,体育培训;服务,体育培训,是,体育培训,0.95,direct,6,1
915101833430021636,成都市劲驰体育文化传播有限公司,7246,体育文化咨询,体育文化 咨询,体育文化;咨询,体育文化,是,体育管理,0.6,none,6,1
91510183MACRT4LM6K,成都智游体育场馆管理有限公司,8921,体育场地出租,体育场地 出租,体育场地;出租,体育场地,是,体育场馆,0.95,direct,6,1
91510183MA6C6PX85X,成都传承武道体育文化传播有限公司,8392,跆拳道教学,跆拳道 教学,跆拳道;教学,跆拳道,是,健身休闲,0.95,direct,5,1
91510183MAC9Q3DA11,成都市星皓体育文化发展有限公司,5242,体育竞赛组织,体育竞赛 组织,体育竞赛;组织,体育竞赛,是,体育赛事,0.95,direct,6,1
91510183MACX911N5N,成都运来万商贸有限公司,5242,体育用品零售,体育用品零售,体育用品零售,体育用品零售,是,体育用品,0.95,direct,6,1
91510183MACXUX5F72,邛崃金鹅商贸有限公司,5242,体育用品零售,体育用品零售,体育用品零售,体育用品零售,是,体育用品,0.95,direct,6,1
91510183MA644CC45M,成都育博小友体育文化有限公司,8911,组织策划运动赛事,组织 策划 运动 赛事,赛事;策划;运动;组织,,是,体育管理,0.75,direct,8,0
91510183MA655JHG0L,邛崃享水户外运动俱乐部有限公司,8919,户外运动服务,户外运动 服务,户外运动;服务,户外运动,是,健身休闲,0.95,direct,6,1
91510183MA65KN1M08,邛崃市康健体育文化管理有限公司,8930,游泳服务,游泳 服务,游泳;服务,游泳,是,健身休闲,0.95,direct,4,1
91510183MA6B63LC0C,成都轻新瑜伽健身有限公司,8930,瑜伽教学服务,瑜伽 教学服务,教学服务;瑜伽,瑜伽,是,健身休闲,0.95,direct,6,1
91510183MACTTX5Q8Y,成都市邛崃宇煜体育文化发展有限公司,8392,体育培训,体育培训,体育培训,体育培训,是,体育培训,0.95,direct,4,1
91510183MA67EYBG4G,成都海荣达体育文化传播有限公司,8911,轮滑培训,轮滑 培训,轮滑;培训,,是,体育管理,0.75,direct,4,0
91510183MAACLNC85B,成都市易合供应链管理有限公司,8930,健身休闲活动,健身 休闲活动,休闲活动;健身,,是,健身休闲,0.75,direct,6,0
915101833321082028,邛崃市绿营地素质拓展训练有限公司,8930,素质拓展训练,素质 拓展 训练,素质;拓展;训练,,是,健身休闲,0.75,direct,6,0
91510183MABXHYEQ4Q,成都市天骄马术俱乐部有限公司,8999,马术培训,马术 培训,马术;培训,马术,是,健身休闲,0.6,none,4,1
91510183MAD33U255B,成都崃练健身服务有限公司,8930,健身休闲活动,健身 休闲活动,休闲活动;健身,,是,健身休闲,0.75,direct,6,0
91510183MAC2YFXT4Q,四川崃瘦健身服务有限公司,8930,体育休闲,体育休闲,体育休闲,体育休闲,是,健身休闲,0.95,direct,4,1
91510183MA64P73T32,四川全江钧时户外拓展有限公司,8930,健身休闲活动,健身 休闲活动,休闲活动;健身,,是,健身休闲,0.75,direct,6,0
91510107MA64QHEW07,成都凯越户外运动有限公司,8930,户外运动活动,户外运动 活动,户外运动;活动,户外运动,是,健身休闲,0.95,direct,6,1
91510183MAACHYYM8T,成都图灵户外运动有限公司,5242,体育用品零售,体育用品零售,体育用品零售,体育用品零售,是,体育用品,0.95,direct,6,1
91510183MA6911GKXC,邛崃宝乐商业管理有限公司,8911,体育竞赛组织,体育竞赛 组织,体育竞赛;组织,体育竞赛,是,体育赛事,0.95,direct,6,1
91510183MAD9TL4G0H,成都星火燎原红色基地拓展训练有限公司,8930,健身休闲活动,健身 休闲活动,休闲活动;健身,,是,健身休闲,0.75,direct,6,0
91510183MACJP4732H,邛崃飞羽热气流户外运动有限公司,8930,健身休闲活动,健身 休闲活动,休闲活动;健身,,是,健身休闲,0.75,direct,6,0
91510183MAD4PXAK8C,成都多彩古镇永兴体育文化发展有限公司,8919,文化体育,文化 体育,体育;文化,,是,体育管理,0.75,direct,4,0
915101840574980141,崇州锦川旅游开发有限公司,8930,漂流休闲服务,漂流 休闲 服务,漂流;休闲;服务,漂流,是,健身休闲,0.95,direct,6,1
91510184MAC13FYL56,崇州市懒懒健身管理有限责任公司,8930,健身休闲活动,健身 休闲活动,休闲活动;健身,,是,健身休闲,0.75,direct,6,0
915101843320250362,崇州市强盛户外用品有限公司,2449,其它体育用品制造,其它 体育用品制造,体育用品制造;其它,体育用品制造,是,体育用品,0.95,direct,8,1
91510184MABMC1YG2N,崇州市第壹体育俱乐部有限公司,8911,体育竞赛组织,体育竞赛 组织,体育竞赛;组织,体育竞赛,是,体育赛事,0.95,direct,6,1
91510184MAACNDPA82,成都智烁体育文化发展有限公司,5242,体育用品零售,体育用品零售,体育用品零售,体育用品零售,是,体育用品,0.95,direct,6,1
91510184MA7DUEL74F,崇州轻羽体育文化传播有限公司,9052,体育赛事策划,体育 赛事策划,赛事策划;体育,赛事策划,是,体育赛事,0.6,none,6,1
91510184MA6C90T7XM,成都天地武道健康管理有限公司,8930,健身休闲活动,健身 休闲活动,休闲活动;健身,,是,健身休闲,0.75,direct,6,0
91510184MA6CU18Q9M,成都众乐天成体育文化传播有限公司,8930,健身休闲活动,健身 休闲活动,休闲活动;健身,,是,健身休闲,0.75,direct,6,0
91510184MABUNN280X,崇州市力冠体育俱乐部有限责任公司,8911,体育竞赛组织,体育竞赛 组织,体育竞赛;组织,体育竞赛,是,体育赛事,0.95,direct,6,1
91510184MA61XPYR46,成都野狼豌豆户外运动有限公司,8930,健身休闲活动,健身 休闲活动,休闲活动;健身,,是,健身休闲,0.75,direct,6,0
91510184MA7HR7U10W,成都市崇旸灼日体育文化传播有限公司,9052,体育服务,体育服务,体育服务,体育服务,是,体育管理,0.6,none,4,1
91510184MABMQ0P75L,成都迅阳律动体育文化发展有限公司,9052,体育服务,体育服务,体育服务,体育服务,是,体育管理,0.6,none,4,1
91510184069778830T,成都健立方健身有限公司,8930,健身服务,健身服务,健身服务,健身服务,是,健身休闲,0.95,direct,4,1
91510184MA61W6165E,成都乐彩休闲娱乐有限公司,8930,健身休闲活动,健身 休闲活动,休闲活动;健身,,是,健身休闲,0.75,direct,6,0
91510184MAC5ETE597,成都蜀邑购贸易有限公司,5242,文体器材零售服务,文体 器材 零售 服务,文体;器材;零售;服务,,是,体育用品,0.75,direct,8,0
91510184MA644AUX18,成都伟福体育文化传播有限公司,8911,体育竞赛组织,体育竞赛 组织,体育竞赛;组织,体育竞赛,是,体育赛事,0.95,direct,6,1
91510184MA61T2RF7R,成都市康超体育用品有限公司,5142,体育用品及器材批发,体育用品 器材 批发,体育用品;器材;批发,体育用品,是,体育用品,0.95,direct,9,1
92510184MA662N5W0G,成都劲博体育俱乐部有限公司,5142,体育用品及器材批发,体育用品 器材 批发,体育用品;器材;批发,体育用品,是,体育用品,0.95,direct,9,1
91510184MA7HW9FG0X,成都诺来体育俱乐部有限公司,5142,体育用品及器材批发,体育用品 器材 批发,体育用品;器材;批发,体育用品,是,体育用品,0.95,direct,9,1
91510184MAACGR6B5H,行游户外探险成都有限公司,8930,健身休闲活动,健身 休闲活动,休闲活动;健身,,是,健身休闲,0.75,direct,6,0
91510184MACA5LQ08K,崇州华琪健身器材服务馆,5242,体育用品零售,体育用品零售,体育用品零售,体育用品零售,是,体育用品,0.95,direct,6,1
91510184MA7F7LD28L,成都市马仕格户外用品有限公司,5242,户外用品零售,户外用品 零售,户外用品;零售,,是,体育用品,0.75,direct,6,0
91510184MABU8D927P,狮麦尔户外露营家具成都有限责任公司,2449,户外用品制造,户外用品 制造,户外用品;制造,,是,体育用品,0.75,direct,6,0
91510184MA6CBCPQ3U,成都轩皓体育设施工程有限公司,4892,体育场地设施工程施工,体育场地设施 工程施工,体育场地设施;工程施工,体育场地设施,是,体育场馆,0.95,direct,10,1
91510184MAACPPLW6D,成都星辰皓越体育文化传播有限公司,8392,体育培训,体育培训,体育培训,体育培训,是,体育培训,0.95,direct,4,1
91510184MAC3FC1F5Q,四川韶华体育俱乐部有限公司,8911,体育竞赛组织组织体育表演活动,体育竞赛 组织 组织 体育表演 活动,体育表演;体育竞赛;组织;活动,体育竞赛;体育表演,是,体育赛事,0.95,direct,14,2
91510184MAC91AEGXJ,成都润鸿体育文化发展有限公司,9052,体育赛事策划,体育 赛事策划,赛事策划;体育,赛事策划,是,体育赛事,0.6,none,6,1
91510184MA6CWUUG7N,成都市东鼎华体育器材有限公司,5142,体育器材批发,体育器材 批发,体育器材;批发,体育器材,是,体育用品,0.95,direct,6,1
91510184327451727D,成都康友商贸有限公司,5142,体育器材批发,体育器材 批发,体育器材;批发,体育器材,是,体育用品,0.95,direct,6,1
91510184562022789F,成都市华康体育用品有限公司,2449,体育用品生产,体育用品 生产,体育用品;生产,体育用品,是,体育用品,0.95,direct,6,1
91510184MA62XMUK43,四川南郡游乐设备有限公司,5242,体育器材零售,体育器材 零售,体育器材;零售,体育器材,是,体育用品,0.95,direct,6,1
91510184MA6C7JK30J,成都正复体育设施有限公司,5142,体育器材批发,体育器材 批发,体育器材;批发,体育器材,是,体育用品,0.95,direct,6,1
9151018439405828XF,成都群力体育用品有限公司,5142,体育用品批发,体育用品批发,体育用品批发,体育用品批发,是,体育用品,0.95,direct,6,1
91510184MACH5LX41G,崇州市幻影玩具有限公司,8912,游艺娱乐活动,游艺 娱乐活动,游艺;娱乐活动,,是,体育管理,0.75,direct,6,0
91510184MABU90863K,成都七彩引力体育俱乐部有限公司,8911,体育竞赛组织服务,体育竞赛 组织 服务,体育竞赛;服务;组织,体育竞赛,是,体育赛事,0.95,direct,8,1
91510184MA7GYXWL5Q,四川耀篮体育文化传播有限责任公司,8911,体育竞赛组织,体育竞赛 组织,体育竞赛;组织,体育竞赛,是,体育赛事,0.95,direct,6,1
91510184MAC9U07K91,成都龙恒体育文化传播有限责任公司,8919,其他体育组织,其他 体育组织,体育组织;其他,体育组织,是,体育管理,0.95,direct,6,1
91510184MA69X2R11L,成都奥云体育用品有限公司,5142,体育用品及器材批发,体育用品 器材 批发,体育用品;器材;批发,体育用品,是,体育用品,0.95,direct,9,1
91510184MA62L3KXXM,成都市岳成户外用品有限公司,5242,体育用品及器材零售,体育用品 器材 零售,体育用品;器材;零售,体育用品,是,体育用品,0.95,direct,9,1
91510184MABTYH2LXB,成都兰洋体艺体育俱乐部有限责任公司,8911,体育竞赛组织,体育竞赛 组织,体育竞赛;组织,体育竞赛,是,体育赛事,0.95,direct,6,1
91510184MA656FYW4P,四川行禅武术训练有限公司,8930,健身休闲活动,健身 休闲活动,休闲活动;健身,,是,健身休闲,0.75,direct,6,0
91510184758770543H,崇州市九龙沟漂流有限公司,8930,健身休闲活动,健身 休闲活动,休闲活动;健身,,是,健身休闲,0.75,direct,6,0
91510184MAC7CAFT0Q,成都博骏青宸体育发展有限公司,2449,一般项目：体育竞赛组织,一般 项目 体育竞赛 组织,体育竞赛;项目;组织;一般,体育竞赛,是,体育赛事,0.95,direct,11,1
91510184394627075R,崇州市高墩旅游小村文化传播有限公司,8930,健身休闲活动,健身 休闲活动,休闲活动;健身,,是,健身休闲,0.75,direct,6,0
91510184MA62NKRA3N,成都见山拓展训练有限公司,8930,学生社会实践服务,学生 社会 实践 服务,实践;学生;服务;社会,,是,健身休闲,0.75,direct,8,0
91510184MACDHCPU0U,四川云野天空户外运动有限公司,8930,健身休闲活动,健身 休闲活动,休闲活动;健身,,是,健身休闲,0.75,direct,6,0
91510184MA7FJ7DQ1W,成都开拓者拓展训练有限公司,8930,体验式拓展活动,体验式 拓展 活动,体验式;拓展;活动,,是,健身休闲,0.75,direct,7,0
92510184L68504400J,成都铭汇体育设施有限公司,5142,户外体育用品批发,户外 体育用品批发,体育用品批发;户外,体育用品批发,是,体育用品,0.95,direct,8,1
91510184MA7HD15HX2,成都晟强体育设施有限公司,5142,体育用品批发,体育用品批发,体育用品批发,体育用品批发,是,体育用品,0.95,direct,6,1
91510184MA6CRW847E,成都联宝水族用品有限公司,5242,水族器材及用品零售,水族 器材 用品 零售,水族;用品;器材;零售,,是,体育用品,0.75,direct,9,0
91510185MA63BGEK74,简阳市星途体育发展有限公司,9052,体育赛事活动策划,体育赛事 活动 策划,体育赛事;策划;活动,体育赛事,是,体育赛事,0.6,none,8,1
91510185MA69Y1N869,简阳青巢体育文化传播有限公司,8392,篮球培训,篮球培训,篮球培训,篮球培训,是,体育培训,0.95,direct,4,1
91510185MAC37F406K,简阳市非鱼户外用品有限公司,5242,渔具零售,渔具 零售,渔具;零售,渔具,是,体育用品,0.95,direct,4,1
91510185MACDJY4Q5L,四川简州空港体育投资有限公司,8911,体育竞赛组织,体育竞赛 组织,体育竞赛;组织,体育竞赛,是,体育赛事,0.95,direct,6,1
91510185MAACHXTY1D,简阳水灵子文化传媒有限公司,8930,健身休闲,健身 休闲,健身;休闲,,是,健身休闲,0.75,direct,4,0
91510185MA7NF3KN6Q,四川成中体育发展有限公司,8911,体育竞赛组织,体育竞赛 组织,体育竞赛;组织,体育竞赛,是,体育赛事,0.95,direct,6,1
91512081MA62K4J86T,简阳市启发新佰丽健身俱乐部,8930,游泳健身,游泳 健身,健身;游泳,游泳,是,健身休闲,0.95,direct,4,1
91510185MA63E4MJ3Y,简阳市品冠跆拳心教育培训学校有限公司,8392,跆拳道培训服务,跆拳道培训 服务,跆拳道培训;服务,跆拳道培训,是,体育培训,0.95,direct,7,1
91510185MA7DMCJ72F,简阳欧楷健身管理有限公司,8930,健身休闲活动,健身 休闲活动,休闲活动;健身,,是,健身休闲,0.75,direct,6,0
91510185MABNNHGD8Q,简阳市旅佳健身管理有限公司,8930,健身服务,健身服务,健身服务,健身服务,是,健身休闲,0.95,direct,4,1
91510185MA6C6Q8Q6E,简阳市康特体育有限公司,8392,体育培训,体育培训,体育培训,体育培训,是,体育培训,0.95,direct,4,1
91510185MAC7KX3Y1R,成都梵韵悦动瑜伽健身有限公司,8930,健身服务,健身服务,健身服务,健身服务,是,健身休闲,0.95,direct,4,1
91510185MA6CMAXH5A,简阳家齐游泳池管理有限公司,8921,游泳池管理,游泳池 管理,游泳池;管理,游泳池,是,健身休闲,0.95,direct,5,1
91510185MA6CF82D1K,成都市玉龙盛游泳池管理有限责任公司,8930,游泳池管理游泳服务,游泳池 管理 游泳 服务,游泳池;游泳;服务;管理,游泳池;游泳,是,健身休闲,0.95,direct,9,2
91510185MAE06F9R4G,中奥联合空港（简阳）体育文化发展有限公司,8911,体育竞赛组织,体育竞赛 组织,体育竞赛;组织,体育竞赛,是,体育赛事,0.95,direct,6,1
91510185MAC776M500,成都市旻凯跆拳道有限公司,8930,健身休闲活动,健身 休闲活动,休闲活动;健身,,是,健身休闲,0.75,direct,6,0
91510185MA64QL49X9,简阳市洋真劲武术教育培训学校有限公司,8392,少儿跆拳道培训,少儿 跆拳道培训,跆拳道培训;少儿,跆拳道培训,是,体育培训,0.95,direct,7,1
91510185MACL1TYY76,简阳梦启航体育文化传播有限公司,9052,体育表演活动组织,体育表演 活动 组织,体育表演;组织;活动,体育表演,是,体育赛事,0.6,none,8,1
91510185MA69M5M0XR,成都阳乐光轮滑有限公司,8392,少儿体育培训,少儿 体育培训,体育培训;少儿,体育培训,是,体育培训,0.95,direct,6,1
91510185MA65NQ8K3R,四川伽简健身服务有限公司,8930,健身服务,健身服务,健身服务,健身服务,是,健身休闲,0.95,direct,4,1
91510185MA69X6B10D,简阳市武之源跆拳道培训学校有限公司,8392,体育培训,体育培训,体育培训,体育培训,是,体育培训,0.95,direct,4,1
91510185MA6CH0WJ0Y,简阳五小虎足球俱乐部有限公司,8930,健身运动,健身运动,健身运动,,是,健身休闲,0.75,direct,4,0
91510185MA7F60X223,简阳德盛活力健身管理有限公司,8930,健身管理,健身 管理,健身;管理,,是,健身休闲,0.75,direct,4,0
91510185MA6BHX5D92,简阳市韦佳健身管理有限公司,8930,游泳健身,游泳 健身,健身;游泳,游泳,是,健身休闲,0.95,direct,4,1
91510185MA6AJ4NH71,成都溪尚渔具有限公司,5142,渔具批发,渔具 批发,渔具;批发,渔具,是,体育用品,0.95,direct,4,1
915120813457050817,简阳市飞羽渔具有限公司,5142,渔具批发,渔具 批发,渔具;批发,渔具,是,体育用品,0.95,direct,4,1
91510185MA69J1FJ3M,简阳市纵横经纬体育用品有限公司,5242,体育用品零售,体育用品零售,体育用品零售,体育用品零售,是,体育用品,0.95,direct,6,1
91510185MABWKC3L9D,简阳市哈哈超能星体育发展有限公司,8930,健身休闲活动,健身 休闲活动,休闲活动;健身,,是,健身休闲,0.75,direct,6,0
91510185MA68WQLH32,简阳市巨石猩猩健身服务有限公司,8930,健身服务,健身服务,健身服务,健身服务,是,健身休闲,0.95,direct,4,1
91510185MACM676B9G,四川仙明体育文化发展有限公司,5242,体育竞赛组织,体育竞赛 组织,体育竞赛;组织,体育竞赛,是,体育赛事,0.95,direct,6,1
91510185MAC66MR76D,简阳纵腾奕博体育文化传播有限公司,5242,户外帐篷零售,户外 帐篷 零售,户外;帐篷;零售,帐篷,是,体育用品,0.95,direct,6,1
91510185MABR84HL6W,简阳超燃之星体育文化传播有限公司,9052,体育服务,体育服务,体育服务,体育服务,是,体育管理,0.6,none,4,1
91512081060541132T,简阳市满溏红渔具有限公司,5242,渔具零售,渔具 零售,渔具;零售,渔具,是,体育用品,0.95,direct,4,1
91510185MA6ABPXA7L,简阳市再来毅组健身服务有限公司,8930,健身休闲活动,健身 休闲活动,休闲活动;健身,,是,健身休闲,0.75,direct,6,0
91510185MABX8DEW7J,四川鑫跃体育用品销售有限责任公司,5242,体育器材零售,体育器材 零售,体育器材;零售,体育器材,是,体育用品,0.95,direct,6,1
91510185MACNNUEU1L,成都凌动地平线体育发展有限公司,5242,体育用品零售,体育用品零售,体育用品零售,体育用品零售,是,体育用品,0.95,direct,6,1
91510185MABPANYX33,四川四季枫渔具有限公司,5142,渔具批发,渔具 批发,渔具;批发,渔具,是,体育用品,0.95,direct,4,1
91512022MA659Y5C4N,四川众耀拓展训练有限公司,8392,体能拓展训练服务,体能 拓展 训练 服务,体能;拓展;训练;服务,,是,体育培训,0.75,direct,8,0
91510185MACDA30C14,四川五之旅商贸有限公司,5142,体育用品批发,体育用品批发,体育用品批发,体育用品批发,是,体育用品,0.95,direct,6,1
91510185MACNDE6U2N,成都市众凯斯健身服务有限公司,8930,健身服务,健身服务,健身服务,健身服务,是,健身休闲,0.95,direct,4,1
91510185MA7GGURA77,成都蓉渝星耀体育文化发展有限公司,8912,体育保障组织,体育 保障 组织,体育;保障;组织,,是,体育管理,0.75,direct,6,0
91510185MAD025DT5X,成都鸿鹄少年行体育发展有限公司,8392,少儿跆拳道培训,少儿 跆拳道培训,跆拳道培训;少儿,跆拳道培训,是,体育培训,0.95,direct,7,1
91510302MAE1GL286L,自贡市华商乒乓球俱乐部有限责任公司,7122,体育设备用品出租,体育设备 用品 出租,体育设备;出租;用品,体育设备,是,体育用品,0.6,none,8,1
91510302MABPED5W5B,自贡军竞体育文化发展有限责任公司,8919,体育竞赛组织,体育竞赛 组织,体育竞赛;组织,体育竞赛,是,体育赛事,0.95,direct,6,1
91510302MA654AGC1C,自贡冰宇体育文化传播有限公司,8911,体育竞赛组织,体育竞赛 组织,体育竞赛;组织,体育竞赛,是,体育赛事,0.95,direct,6,1
91510302MABUXRRR0F,自贡市飞扬青少年羽毛球俱乐部有限公司,8911,体育赛事策划,体育 赛事策划,赛事策划;体育,赛事策划,是,体育赛事,0.95,direct,6,1
91510302MA7HACWQ9P,自贡新美星悦荟五新健身有限公司,8930,健身活动,健身活动,健身活动,,是,健身休闲,0.75,direct,4,0
91510302064469975E,自贡双际拓展训练有限公司,8392,体能拓展训练服务,体能 拓展 训练 服务,体能;拓展;训练;服务,,是,体育培训,0.75,direct,8,0
91510302054122791D,自贡诚益体育器械有限公司,5242,体育用品零售,体育用品零售,体育用品零售,体育用品零售,是,体育用品,0.95,direct,6,1
91510300620731162K,自贡市工艺装璜公司,8930,麻蒋服务,麻蒋 服务,麻蒋;服务,,是,健身休闲,0.75,direct,4,0
91510302MA6BEU3803,自贡海豚星体育文化传播有限公司,5242,零售体育用品,零售 体育用品,体育用品;零售,体育用品,是,体育用品,0.95,direct,6,1
91510300MABW4FK730,自贡星能量体育文化发展有限公司,8911,体育竞赛组织,体育竞赛 组织,体育竞赛;组织,体育竞赛,是,体育赛事,0.95,direct,6,1
91510302MA67UJXH95,自贡柯迪维特体育文化有限公司,8999,体育文化交流活动的策划及组织,体育文化 交流活动 策划 组织,体育文化;交流活动;策划;组织,体育文化,是,体育管理,0.6,none,14,1
915103025999890025,自贡市好身手体育文化有限责任公司,5242,零售体育文化用品,零售 体育 文化用品,文化用品;体育;零售,,是,体育用品,0.75,direct,8,0
91510302MABY3PUP8H,自贡市艾酷体育俱乐部有限公司,8911,体育竞赛组织,体育竞赛 组织,体育竞赛;组织,体育竞赛,是,体育赛事,0.95,direct,6,1
91510300MACULT8R1W,自贡市学羽体育发展有限公司,8921,羽毛球场馆租赁,羽毛球 场馆租赁,场馆租赁;羽毛球,羽毛球;场馆租赁,是,体育用品,0.95,direct,7,2
91510302MA67R5G151,自贡市同创体育发展有限公司,8930,室外体育健身服务,室外 体育 健身服务,健身服务;室外;体育,健身服务,是,健身休闲,0.95,direct,8,1
91510304MABT2ME03W,四川泰巍体育文化发展有限公司,8911,体育竞赛组织,体育竞赛 组织,体育竞赛;组织,体育竞赛,是,体育赛事,0.95,direct,6,1
91510302MADYJFPD1H,四川华皓户外拓展有限公司,8919,户外运动服务,户外运动 服务,户外运动;服务,户外运动,是,健身休闲,0.95,direct,6,1
91510302MAE3HXDK46,自贡云帆教育咨询有限公司,8392,教育服务,教育 服务,教育;服务,,是,体育培训,0.75,direct,4,0
92510302MABT8AAE2G,自贡市自流井区嘉航篮球俱乐部,8911,体育竞赛组织,体育竞赛 组织,体育竞赛;组织,体育竞赛,是,体育赛事,0.95,direct,6,1
92510302MA7GBMMF7K,自贡市飘扬篮球俱乐部有限公司,5242,文化服务,文化 服务,服务;文化,,是,体育用品,0.75,direct,4,0
91510302MA62FH2868,自贡市自流井区启翔体育培训学校有限公司,8392,跆拳道培训,跆拳道培训,跆拳道培训,跆拳道培训,是,体育培训,0.95,direct,5,1
91510302MA68PBYT5Q,自贡鑫跃文化传播有限公司,8919,其他体育组织,其他 体育组织,体育组织;其他,体育组织,是,体育管理,0.95,direct,6,1
91510302MABX0T0659,四川锦嵘禾商贸有限公司,5242,体育用品零售,体育用品零售,体育用品零售,体育用品零售,是,体育用品,0.95,direct,6,1
915103023094968762,自贡市鑫锐博体育文化传播有限公司,9052,组织体育表演活动,组织 体育表演 活动,体育表演;组织;活动,体育表演,是,体育赛事,0.6,none,8,1
91510302MA6BM1WG53,自贡天人渔具有限公司,2449,钓鱼专用的各类用具及用品制造,钓鱼 专用 各类 用具 用品 制造,用具;钓鱼;用品;专用;各类;制造,,是,体育用品,0.75,direct,14,0
91510302MA69H1NLXB,自贡晨元体育文化有限公司,8911,体育竞赛组织,体育竞赛 组织,体育竞赛;组织,体育竞赛,是,体育赛事,0.95,direct,6,1
91510302MAC7HEWF2J,自贡泳欣盛杰游泳馆管理有限公司,8930,健身活动,健身活动,健身活动,,是,健身休闲,0.75,direct,4,0
915103040667526943,自贡市全健游泳服务有限公司,8930,游泳服务,游泳 服务,游泳;服务,游泳,是,健身休闲,0.95,direct,4,1
91510302MACC90WU8B,自贡斌锋武艺文化传播有限公司,8930,运动健身,运动健身,运动健身,运动健身,是,健身休闲,0.95,direct,4,1
91510304MA696W9Y10,四川星浪文体用品有限公司,5142,体育用品及器材批发,体育用品 器材 批发,体育用品;器材;批发,体育用品,是,体育用品,0.95,direct,9,1
91510302MAC3XF0C04,自贡博联体育文化传播有限公司,8392,体育培训,体育培训,体育培训,体育培训,是,体育培训,0.95,direct,4,1
91510302MAC2K9WWX2,四川鑫渔乐渔具有限公司,5242,渔具零售,渔具 零售,渔具;零售,渔具,是,体育用品,0.95,direct,4,1
91510302MADWFCBD08,四川同舟行贸易有限公司,5142,食品销售,食品 销售,食品;销售,,是,体育用品,0.75,direct,4,0
91510302560727996X,自贡市自力教学仪器设备厂,2449,体育器材制造,体育器材 制造,体育器材;制造,体育器材,是,体育用品,0.95,direct,6,1
91510303MABTGWNA6E,自贡市越能拓展训练有限公司,8930,健身训练,健身 训练,健身;训练,,是,健身休闲,0.75,direct,4,0
91510300MA6203EY5R,自贡虹西商贸有限公司,5242,文化体育用品及器材批发,文化 体育用品 器材 批发,体育用品;器材;批发;文化,体育用品,是,体育用品,0.95,direct,11,1
91510303MA6A5CRE39,自贡市贡井区健力育英体育培训学校有限公司,8392,跆拳道及散打培训,跆拳道 散打 培训,跆拳道;散打;培训,跆拳道,是,健身休闲,0.95,direct,8,1
91510303MA7GW6B72U,自贡市型动加速健身有限公司,8930,健身休闲活动,健身 休闲活动,休闲活动;健身,,是,健身休闲,0.75,direct,6,0
91510303MA635RBX1Y,自贡市明瑞球馆体育俱乐部有限公司,8911,体育竞赛,体育竞赛,体育竞赛,体育竞赛,是,体育赛事,0.95,direct,4,1
91510303MA6203RBXA,自贡轩辕文体器材有限公司,5142,体育用品批发,体育用品批发,体育用品批发,体育用品批发,是,体育用品,0.95,direct,6,1
91510303MA65HULR1E,四川新仁华商贸有限公司,5242,体育用品及器材零售,体育用品 器材 零售,体育用品;器材;零售,体育用品,是,体育用品,0.95,direct,9,1
91510303MA693TJE71,自贡市盐帮体育设施有限公司,5242,体育用品及器材零售,体育用品 器材 零售,体育用品;器材;零售,体育用品,是,体育用品,0.95,direct,9,1
91510303MAE2GHET4G,自贡习羽青少年羽毛球俱乐部有限公司,8911,体育竞赛组织,体育竞赛 组织,体育竞赛;组织,体育竞赛,是,体育赛事,0.95,direct,6,1
91510304MAC8JBBL1M,自贡半醒露营娱乐有限公司,8911,歌舞娱乐,歌舞 娱乐,歌舞;娱乐,,是,体育管理,0.75,direct,4,0
91510304056079598P,自贡市金红达贸易有限公司,5142,体育器材批发,体育器材 批发,体育器材;批发,体育器材,是,体育用品,0.95,direct,6,1
91510304MAE9AMRR89,自贡市丛林兵峰户外拓展有限公司,8930,健身休闲活动服务,健身 休闲活动 服务,休闲活动;健身;服务,,是,健身休闲,0.75,direct,8,0
91510304MA6BQKWN6J,四川省黝狮拓展训练有限公司,8919,拓展训练,拓展 训练,拓展;训练,,是,体育管理,0.75,direct,4,0
91510304MAC63RH10W,自贡市自卡体育文化发展有限公司,8911,组织体育赛事,组织 体育赛事,体育赛事;组织,体育赛事,是,体育赛事,0.95,direct,6,1
91510304MA65R1A22H,自贡市路扬体育文化发展有限公司,8911,体育赛事组织,体育赛事 组织,体育赛事;组织,体育赛事,是,体育赛事,0.95,direct,6,1
91510304MACBJ47H7K,自贡市博翼电竞俱乐部有限公司,8911,体育竞赛组织,体育竞赛 组织,体育竞赛;组织,体育竞赛,是,体育赛事,0.95,direct,6,1
91510304MAE4YNYA2Q,自贡启越小巨人体育文化传播有限责任公司,9052,组织体育表演活动,组织 体育表演 活动,体育表演;组织;活动,体育表演,是,体育赛事,0.6,none,8,1
91510304MA67HEF6XT,四川丰凯乐体育场馆管理有限公司大安分公司,8921,体育场馆管理,体育场馆 管理,体育场馆;管理,体育场馆,是,体育场馆,0.95,direct,6,1
91510304MAACMNJ777,四川焱飞渔具有限公司,5242,体育用品及器材零售,体育用品 器材 零售,体育用品;器材;零售,体育用品,是,体育用品,0.95,direct,9,1
91510304MA65XCKM2N,四川燎原星火教育管理有限公司,5242,体育用品及器材零售,体育用品 器材 零售,体育用品;器材;零售,体育用品,是,体育用品,0.95,direct,9,1
91510304MA6BBL5L9R,四川滔灏体育发展有限公司,8919,体育活动组织,体育 活动 组织,体育;组织;活动,,是,体育管理,0.75,direct,6,0
91510311MADP1UBG1J,自贡源飞海体育文化传播有限公司,8911,体育竞赛组织,体育竞赛 组织,体育竞赛;组织,体育竞赛,是,体育赛事,0.95,direct,6,1
91510311MADT4AF28L,四川澜建建筑工程有限公司,4892,体育场地设施工程施工,体育场地设施 工程施工,体育场地设施;工程施工,体育场地设施,是,体育场馆,0.95,direct,10,1
91510311MADUMJNY4W,自贡市超鑫星体育俱乐部有限公司,8911,体育竞赛组织,体育竞赛 组织,体育竞赛;组织,体育竞赛,是,体育赛事,0.95,direct,6,1
91510311MAD3TMDG5W,自贡市贰号文化娱乐有限责任公司,8930,台球活动,台球 活动,台球;活动,台球,是,健身休闲,0.95,direct,4,1
91510311MA6B4TA7X0,自贡明瑞体育俱乐部有限公司,8911,体育竞赛组织赛事策划,体育竞赛 组织 赛事策划,赛事策划;体育竞赛;组织,体育竞赛;赛事策划,是,体育赛事,0.95,direct,10,2
91510302MACNEK043Y,自贡壹号商贸有限公司,8392,跆拳道培训,跆拳道培训,跆拳道培训,跆拳道培训,是,体育培训,0.95,direct,5,1
91510311MABN2DK95Q,自贡吾虎体育俱乐部有限公司,8911,体育竞赛组织,体育竞赛 组织,体育竞赛;组织,体育竞赛,是,体育赛事,0.95,direct,6,1
91510311MA7CW6EX0M,自贡烈焰体育文化传播有限公司,8930,体育休闲活动,体育休闲 活动,体育休闲;活动,体育休闲,是,健身休闲,0.95,direct,6,1
91510311MA68QF4H28,四川曼斯菲尔文化体育有限公司,8930,健身休闲活动,健身 休闲活动,休闲活动;健身,,是,健身休闲,0.75,direct,6,0
91510311MABT5UJ708,自贡市沿滩区八零九零培训学校有限公司,8921,游泳馆管理服务,游泳馆 管理 服务,游泳馆;服务;管理,游泳馆,是,体育场馆,0.95,direct,7,1
91510300MA67UWQA27,自贡冰炫体育文化传播有限公司,8919,户外运动组织,户外运动 组织,户外运动;组织,户外运动,是,健身休闲,0.95,direct,6,1
91510311MAACJKK1X2,自贡新美星悦荟创新健身有限公司,8930,健身休闲活动,健身 休闲活动,休闲活动;健身,,是,健身休闲,0.75,direct,6,0
91510311MAACK3E100,自贡星锐篮球俱乐部有限公司,8911,体育竞赛组织,体育竞赛 组织,体育竞赛;组织,体育竞赛,是,体育赛事,0.95,direct,6,1
91510311MAD40JFA3F,自贡市沿滩区明壹瑞培训学校有限公司,8392,体育培训,体育培训,体育培训,体育培训,是,体育培训,0.95,direct,4,1
91510311MADYMQ31XK,四川劲翔体育文化发展有限公司,5242,体育场地设施经营,体育场地设施 经营,体育场地设施;经营,体育场地设施,是,体育场馆,0.95,direct,8,1
92510311MA7GPCPK6W,自贡市沿滩区荣幸棋牌室经营部个人独资,8930,棋牌服务,棋牌 服务,棋牌;服务,,是,健身休闲,0.75,direct,4,0
91510300MA65LE1P6X,自贡市瑞鑫拓展训练有限公司,8930,体能拓展服务,体能 拓展 服务,体能;拓展;服务,,是,健身休闲,0.75,direct,6,0
91510311MABQP9TKX0,自贡市果浆轻极限户外运动有限公司,8930,体育活动,体育 活动,体育;活动,,是,健身休闲,0.75,direct,4,0
91510321MAD2QWBW3P,荣县哈哈中体搏击俱乐部有限公司,8930,体育和娱乐业,体育 娱乐业,娱乐业;体育,,是,健身休闲,0.75,direct,6,0
91510321MA63GKGH31,四川省燃童拳击俱乐部有限公司,8930,健身休闲活动,健身 休闲活动,休闲活动;健身,,是,健身休闲,0.75,direct,6,0
91510321MA64KX2Y1T,荣县动岚健身有限公司,8930,健身休闲活动,健身 休闲活动,休闲活动;健身,,是,健身休闲,0.75,direct,6,0
91510321MA62005NXG,荣县福如商贸有限公司,5242,文化体育用品零售,文化 体育用品零售,体育用品零售;文化,体育用品零售,是,体育用品,0.95,direct,8,1
91510321MA6676DW2C,四川泳晶游泳健身服务有限公司,8930,游泳健身服务,游泳 健身服务,健身服务;游泳,游泳;健身服务,是,健身休闲,0.95,direct,6,2
91510321MA6206GH71,荣县毓才体育文化有限公司,9052,体育文化赛事组织宣传,体育文化 赛事组织 宣传,体育文化;赛事组织;宣传,体育文化;赛事组织,是,体育管理,0.6,none,10,2
91510321MA7H144J2L,自贡市荣县蓝羽体育俱乐部有限公司,9052,体育赛事组织,体育赛事 组织,体育赛事;组织,体育赛事,是,体育赛事,0.6,none,6,1
91510321MABYNLWM4N,四川三丰云商贸有限责任公司,5142,体育用品批发,体育用品批发,体育用品批发,体育用品批发,是,体育用品,0.95,direct,6,1
91510300093173612M,自贡市欧野户外运动有限公司,8930,组织推广户外运动,组织 推广 户外运动,户外运动;推广;组织,户外运动,是,健身休闲,0.95,direct,8,1
91510321MACHGEH592,四川戏水年华水上娱乐有限公司,8392,游泳培训,游泳培训,游泳培训,游泳培训,是,体育培训,0.95,direct,4,1
91510321MA62W7K86M,荣县龙香文化传媒中心普通合伙,8919,其他体育组织,其他 体育组织,体育组织;其他,体育组织,是,体育管理,0.95,direct,6,1
91510321MA7K2N1AXX,四川塞笛户外用品有限责任公司,5142,户外用品批发,户外用品 批发,户外用品;批发,,是,体育用品,0.75,direct,6,0
91510322MADB4LYX6Y,四川省公子渔鱼饵渔具有限公司,5142,体育用品及器材批发,体育用品 器材 批发,体育用品;器材;批发,体育用品,是,体育用品,0.95,direct,9,1
91510322MADA1WCGXJ,四川盛博商贸有限公司,5142,体育用品及器材批发,体育用品 器材 批发,体育用品;器材;批发,体育用品,是,体育用品,0.95,direct,9,1
91510322MACE82UL3R,富顺县鑫新空间娱乐有限公司,8911,歌舞厅娱乐活动,歌舞厅 娱乐活动,歌舞厅;娱乐活动,,是,体育管理,0.75,direct,7,0
91510322MA69FXJ92F,四川中娱天成游乐设备有限公司,8912,娱乐、游戏,娱乐 游戏,娱乐;游戏,,是,体育管理,0.75,direct,5,0
91510322MA6BN5FJ88,四川泳航健身服务有限公司,8930,健身服务,健身服务,健身服务,健身服务,是,健身休闲,0.95,direct,4,1
92510322MA644YA269,富顺县蜀联茶坊（个人独资）,8930,棋牌室服务,棋牌室 服务,棋牌室;服务,,是,健身休闲,0.75,direct,5,0
92510322MA670PF75X,富顺琴和茶坊个人独资,8930,棋牌室服务,棋牌室 服务,棋牌室;服务,,是,健身休闲,0.75,direct,5,0
91510322MA7FXWTC3X,富顺县天美跆拳道培训学校有限公司,8392,体育培训,体育培训,体育培训,体育培训,是,体育培训,0.95,direct,4,1
91510322337833550B,自贡市搏浪体育文化有限公司,5242,体育用品零售,体育用品零售,体育用品零售,体育用品零售,是,体育用品,0.95,direct,6,1
91510322MA6AK4N03W,富顺县潮型武艺培训学校有限公司,8392,体育培训,体育培训,体育培训,体育培训,是,体育培训,0.95,direct,4,1
91510322MA6203N71Y,四川康力体育文化传播有限公司,9052,体育服务,体育服务,体育服务,体育服务,是,体育管理,0.6,none,4,1
91510322MA7FH0Y45B,四川梦维度体育文化发展有限公司,5242,体育用品零售,体育用品零售,体育用品零售,体育用品零售,是,体育用品,0.95,direct,6,1
91510322MA69MNATX3,富顺县攀达拓展训练有限公司,8930,拓展训练,拓展 训练,拓展;训练,,是,健身休闲,0.75,direct,4,0
91510322MA62W1UN6L,四川省青隆拓展训练有限公司,8930,山地户外拓展训练,山地 户外拓展 训练,户外拓展;训练;山地,户外拓展,是,健身休闲,0.95,direct,8,1
91510322MA67QBF956,富顺龙奥体育文化传播有限公司,8930,体能服务,体能 服务,体能;服务,,是,健身休闲,0.75,direct,4,0
91510322MA6BWKKW6N,富顺县圣德心瑜伽健身馆,8930,健身休闲活动,健身 休闲活动,休闲活动;健身,,是,健身休闲,0.75,direct,6,0
91510322MA64AGYF9X,富顺县首座健身服务有限公司,8930,健身服务,健身服务,健身服务,健身服务,是,健身休闲,0.95,direct,4,1
91510322MABNQK7C7H,富顺县武之魂搏击俱乐部有限公司,8930,搏击健身服务,搏击 健身服务,健身服务;搏击,健身服务,是,健身休闲,0.95,direct,6,1
91510322MA66AQDB1F,四川省远达美乐篮球俱乐部有限公司,8911,篮球竞赛组织,篮球 竞赛 组织,篮球;竞赛;组织,篮球,是,体育用品,0.95,direct,6,1
91510322MADCLDL569,四川大飞渔具有限责任公司,5142,体育用品及器材批发,体育用品 器材 批发,体育用品;器材;批发,体育用品,是,体育用品,0.95,direct,9,1
91510322MA6206UN5W,四川省丹晨体育文化传播有限公司,8930,健身休闲活动,健身 休闲活动,休闲活动;健身,,是,健身休闲,0.75,direct,6,0
91510322MA6204FH55,富顺县安吉斯君悦体育文化传播有限公司,8911,体育竞赛组织,体育竞赛 组织,体育竞赛;组织,体育竞赛,是,体育赛事,0.95,direct,6,1
91510322MA665N9T8Q,富顺县杰立搏击俱乐部有限公司,8930,健身休闲活动,健身 休闲活动,休闲活动;健身,,是,健身休闲,0.75,direct,6,0
91510322MA7FT0X28J,富顺县奕晟篮球俱乐部有限公司,8392,体育竞赛组织,体育竞赛 组织,体育竞赛;组织,体育竞赛,是,体育赛事,0.95,direct,6,1
91510322MABLHG8Y16,自贡市马安小狼牙科技有限公司,8392,信息服务,信息 服务,服务;信息,,是,体育培训,0.75,direct,4,0
92510322MAD1PF5N95,富顺县吉芳服装加工店（个人独资）,1821,服装制造,服装 制造,服装;制造,,是,体育用品,0.75,direct,4,0
91510322MA64P3487K,自贡热浪体育文化发展有限责任公司,8930,游泳运动,游泳 运动,游泳;运动,游泳,是,健身休闲,0.95,direct,4,1
91510322MABLY77Y3A,自贡逸尘体育文化发展有限公司,5142,体育用品批发,体育用品批发,体育用品批发,体育用品批发,是,体育用品,0.95,direct,6,1
91510322MA7DAJ5933,富顺县海之豚游泳培训学校有限公司,8392,游泳培训,游泳培训,游泳培训,游泳培训,是,体育培训,0.95,direct,4,1
91510322MA66YNHY8U,富顺县安际思君跃体育培训学校有限责任公司,8392,足球培训,足球培训,足球培训,足球培训,是,体育培训,0.95,direct,4,1
91510322MA62X2646R,富顺县灼之麟跆拳道培训学校有限责任公司,8392,跆拳道培训,跆拳道培训,跆拳道培训,跆拳道培训,是,体育培训,0.95,direct,5,1
91510322MA65501L8K,富顺景龙武术文化传播有限公司,8392,武术培训,武术培训,武术培训,武术培训,是,体育培训,0.95,direct,4,1
91510322MA6BAE7B5E,富顺县益动体育文化发展有限责任公司,8392,乒乓球培训,乒乓球培训,乒乓球培训,乒乓球培训,是,体育培训,0.95,direct,5,1
91510300MA6BQ47991,自贡自冠体育用品有限公司,5142,体育用品批发,体育用品批发,体育用品批发,体育用品批发,是,体育用品,0.95,direct,6,1
91510300MA62ERAG4W,自贡冠运体育场馆服务有限公司,8921,体育场馆服务管理,体育场馆 服务 管理,体育场馆;服务;管理,体育场馆,是,体育场馆,0.95,direct,8,1
91510300MA68R9NB3R,四川自冠体育产业集团有限公司,9054,体育组织服务,体育组织 服务,体育组织;服务,体育组织,是,体育管理,0.6,none,6,1
91510300MA64TGPK61,自贡明悦羽毛球俱乐部有限公司,8911,体育宣传服务,体育 宣传 服务,体育;宣传;服务,,是,体育管理,0.75,direct,6,0
91510300MA66G59K5N,自贡市善予体育文化传播有限公司,8911,体充竞赛组织,体充 竞赛 组织,体充;竞赛;组织,,是,体育管理,0.75,direct,6,0
91510300MACD40T90K,自贡乔氏体育用品销售有限公司,5242,体育用品及器材零售,体育用品 器材 零售,体育用品;器材;零售,体育用品,是,体育用品,0.95,direct,9,1
91510300MACDWJB82F,自贡星卡乒乓球俱乐部有限公司,8930,乒乓球服务,乒乓球 服务,乒乓球;服务,乒乓球,是,体育用品,0.95,direct,5,1
91510300MA7LW90P2J,自贡传智体育文化发展有限公司,4991,体育场地设施安装,体育场地设施 安装,体育场地设施;安装,体育场地设施,是,体育场馆,0.6,none,8,1
91510300MABTHCQX40,自贡果美体育文化发展合伙企业有限合伙,8911,体育竞赛组织,体育竞赛 组织,体育竞赛;组织,体育竞赛,是,体育赛事,0.95,direct,6,1
91510300MA68J6AP36,自贡市盐诚体育发展有限公司,5242,体育用品及器材零售,体育用品 器材 零售,体育用品;器材;零售,体育用品,是,体育用品,0.95,direct,9,1
91510300092124739D,自贡市得行体育文化传播有限责任公司,8392,体育培训,体育培训,体育培训,体育培训,是,体育培训,0.95,direct,4,1
91510300MACUPQC857,自贡市高新区奥帆体育培训学校有限公司,8392,体育培训服务,体育培训 服务,体育培训;服务,体育培训,是,体育培训,0.95,direct,6,1
91510300MAC5UDF40B,四川星聚辰体育文化传播有限公司,8911,体育竞赛组织,体育竞赛 组织,体育竞赛;组织,体育竞赛,是,体育赛事,0.95,direct,6,1
91510300062397170E,自贡禾美文化传播有限公司,5242,体育用品及器材零售,体育用品 器材 零售,体育用品;器材;零售,体育用品,是,体育用品,0.95,direct,9,1
91510300MA69W0XHX1,自贡谦谦健身有限公司,8930,健身休闲活动,健身 休闲活动,休闲活动;健身,,是,健身休闲,0.75,direct,6,0
91510300MADN8QPT24,四川盐兴邦体育文化发展有限公司,9052,体育赛事策划,体育 赛事策划,赛事策划;体育,赛事策划,是,体育赛事,0.6,none,6,1
91510300MAE9AU4882,四川立达尔体育文化发展有限公司,9052,体育表演服务,体育表演 服务,体育表演;服务,体育表演,是,体育赛事,0.6,none,6,1
91510300MABRUFW34C,自贡果壳体育文化发展有限公司,5242,体育用品,体育用品,体育用品,体育用品,是,体育用品,0.95,direct,4,1
91510300MA64P3KL53,自贡市溜溜体育文化传播有限公司,8912,体育保障组织,体育 保障 组织,体育;保障;组织,,是,体育管理,0.75,direct,6,0
91510300MA6206MM61,成都新美星悦荟健康管理有限公司,8930,健身活动,健身活动,健身活动,,是,健身休闲,0.75,direct,4,0
91510301MA63XRK79B,四川省我爱运动体育文化传播有限公司,9052,体育赛事活动策划,体育赛事 活动 策划,体育赛事;策划;活动,体育赛事,是,体育赛事,0.6,none,8,1
91510300MAE8GNX421,自贡市花样蝶沐游泳俱乐部有限公司,8930,体育运动游泳,体育运动 游泳,体育运动;游泳,游泳,是,健身休闲,0.95,direct,6,1
91510300MAE6R8568Q,四川跃憬体育文化发展有限公司,8911,体育竞赛组织,体育竞赛 组织,体育竞赛;组织,体育竞赛,是,体育赛事,0.95,direct,6,1
91510300337708194K,四川健浪文体用品有限公司,5242,零售体育用品,零售 体育用品,体育用品;零售,体育用品,是,体育用品,0.95,direct,6,1
91510300MAACEXEU7P,自贡跃则悦体育文化传播有限责任公司,9052,体育赛事策划,体育 赛事策划,赛事策划;体育,赛事策划,是,体育赛事,0.6,none,6,1
91510300MA6BJN3P89,四川省芸晨健康管理有限责任公司,8992,瑜伽体育健康服务,瑜伽 体育 健康 服务,瑜伽;体育;健康;服务,瑜伽,是,健身休闲,0.6,none,8,1
91510300MAC9WMTA8L,四川省冰奥体育文化发展有限公司,7246,体育培训咨询,体育培训 咨询,体育培训;咨询,体育培训,是,体育培训,0.6,none,6,1
91510300MAD4QWD22W,自贡市高新区石雅体育培训学校有限公司,8392,体育培训,体育培训,体育培训,体育培训,是,体育培训,0.95,direct,4,1
91510300083383085Y,自贡市盐汇商贸有限公司,5242,体育用品及器材零售,体育用品 器材 零售,体育用品;器材;零售,体育用品,是,体育用品,0.95,direct,9,1
91510300MA6AWGGJ2T,自贡绿网视野体育文化发展有限公司,8911,体育项目组织服务,体育项目 组织 服务,体育项目;服务;组织,,是,体育管理,0.75,direct,8,0
91510300MA661E6L7R,自贡圆周体育发展有限公司,8930,体育运动,体育运动,体育运动,,是,健身休闲,0.75,direct,4,0
91510300MACDU17YXG,自贡市聚星体育文化推广有限公司,8911,体育竞赛组织,体育竞赛 组织,体育竞赛;组织,体育竞赛,是,体育赛事,0.95,direct,6,1
91510300MA69BABQ6F,四川星动未来体育发展有限公司,8911,体育项目组织服务,体育项目 组织 服务,体育项目;服务;组织,,是,体育管理,0.75,direct,8,0
91510300MA62002G3B,四川九华体育文化传播有限公司,8392,体育培训,体育培训,体育培训,体育培训,是,体育培训,0.95,direct,4,1
91510300MACU3JRE0H,四川众行体育文化推广有限公司,8919,其他体育组织,其他 体育组织,体育组织;其他,体育组织,是,体育管理,0.95,direct,6,1
91510300MA62BCX610,自贡市冰轮体育发展有限公司,8911,体育竞赛,体育竞赛,体育竞赛,体育竞赛,是,体育赛事,0.95,direct,4,1
91510300MABMNR2P3H,自贡市艾丸体育俱乐部有限公司,8919,体育组,体育组,体育组,,是,体育管理,0.75,direct,3,0
91510300MA7FMJDX83,自贡德瑞克体育发展有限公司,8930,儿童运动,儿童 运动,儿童;运动,,是,健身休闲,0.75,direct,4,0
91510300MA6BJ0U96X,四川清熙体育文化传播有限公司,8392,跆拳道培训,跆拳道培训,跆拳道培训,跆拳道培训,是,体育培训,0.95,direct,5,1
91510300MA7MAWXCX0,四川盐蔚体育俱乐部有限公司,8911,文化、体育和娱乐业,文化 体育 娱乐业,娱乐业;体育;文化,,是,体育管理,0.75,direct,9,0
91510300MACD33L5X5,四川航耀体育发展有限公司,8911,体育竞赛组织,体育竞赛 组织,体育竞赛;组织,体育竞赛,是,体育赛事,0.95,direct,6,1
91510300MA69F6M126,自贡兰途健身服务有限公司,8930,室外休闲健身服务,室外 休闲 健身服务,健身服务;室外;休闲,健身服务,是,健身休闲,0.95,direct,8,1
91510300MA7JA1YX0J,自贡市艾舞体育俱乐部有限公司,8911,体育竞赛组织,体育竞赛 组织,体育竞赛;组织,体育竞赛,是,体育赛事,0.95,direct,6,1
91510300MA65N1Y66J,四川星动侠体育发展有限公司,8919,体育组织,体育组织,体育组织,体育组织,是,体育管理,0.95,direct,4,1
91510300MA6BHPRF3X,自贡市奕鑫体育文化发展有限公司,8919,文化、体育和娱乐业,文化 体育 娱乐业,娱乐业;体育;文化,,是,体育管理,0.75,direct,9,0
91510300MACRYMKD26,四川星动力体育发展有限公司,9052,体育赛事策划,体育 赛事策划,赛事策划;体育,赛事策划,是,体育赛事,0.6,none,6,1
91510300MA645YAX51,自贡市高新区明雅棋文培训学校有限公司,8919,体育组织,体育组织,体育组织,体育组织,是,体育管理,0.95,direct,4,1
91510302314460755P,自贡明和体育用品有限公司,5242,体育用品零售,体育用品零售,体育用品零售,体育用品零售,是,体育用品,0.95,direct,6,1
91510300MA67J4PK1L,四川千釜城体育文化传播有限公司,8912,体育专业,体育 专业,体育;专业,,是,体育管理,0.75,direct,4,0
91510300782291972P,自贡市巅峰户外运动有限公司,8930,健身休闲活动,健身 休闲活动,休闲活动;健身,,是,健身休闲,0.75,direct,6,0
91510311MAACNNLX88,自贡大树文化发展有限公司,5242,科教器械,科教 器械,科教;器械,,是,体育用品,0.75,direct,4,0
91510300MA64EHWU3N,自贡欣齐云文化传播有限公司,8911,体育竞赛组织,体育竞赛 组织,体育竞赛;组织,体育竞赛,是,体育赛事,0.95,direct,6,1
91510300MACWHRN356,自贡市曼黎娱乐有限公司,8911,歌舞厅娱乐活动,歌舞厅 娱乐活动,歌舞厅;娱乐活动,,是,体育管理,0.75,direct,7,0
91510300MA685M1L0E,四川希创众联文化传播有限公司,8911,体育竞赛组织,体育竞赛 组织,体育竞赛;组织,体育竞赛,是,体育赛事,0.95,direct,6,1
91510300MACGCC992M,四川赛尚车体育文化发展有限责任公司,9052,体育赛事策划健康服务,体育 赛事策划 健康 服务,赛事策划;体育;健康;服务,赛事策划,是,体育赛事,0.6,none,10,1
91510300MACUKHKD5J,四川叁拳体育文化传播有限责任公司,8392,跆拳道教学活动,跆拳道 教学活动,跆拳道;教学活动,跆拳道,是,健身休闲,0.95,direct,7,1
91510300MADK8MYK27,四川众优国际贸易有限公司,5142,体育用品信器材批发,体育用品 器材 批发,体育用品;器材;批发,体育用品,是,体育用品,0.95,direct,9,1
91510300MAD8A58P1T,自贡市强星篮球俱乐部有限公司,8911,,,,,是,体育管理,0.75,direct,0,0
91510300MA64480X5H,自贡乐动体育文化传播有限公司,5242,体育用品零售,体育用品零售,体育用品零售,体育用品零售,是,体育用品,0.95,direct,6,1
91510300MAC04QK843,自贡博越足球俱乐部有限公司,9052,体育赛事策划,体育 赛事策划,赛事策划;体育,赛事策划,是,体育赛事,0.6,none,6,1
91510300MA6BN598X1,自贡卓帅户外拓展有限责任公司,8930,体能拓展训练服务,体能 拓展 训练 服务,体能;拓展;训练;服务,,是,健身休闲,0.75,direct,8,0
91510300MAC20TTR54,自贡市果浆汤板上户外运动有限公司,8930,健身休闲活动,健身 休闲活动,休闲活动;健身,,是,健身休闲,0.75,direct,6,0
91510300MAC1LEGY2Q,四川易书文化用品有限责任公司,5242,体育用品零售,体育用品零售,体育用品零售,体育用品零售,是,体育用品,0.95,direct,6,1
91510300MA65KRK29F,四川中体动力体育发展有限公司,9052,体育赛事体能训练,体育赛事 体能训练,体育赛事;体能训练,体育赛事;体能训练,是,体育赛事,0.6,none,8,2
91510300678372772E,自贡佳好商贸有限责任公司,5142,体育用品批发,体育用品批发,体育用品批发,体育用品批发,是,体育用品,0.95,direct,6,1
91510402MA63411K5R,攀枝花东禅文化传播有限公司,8930,太极拳教授服务,太极拳 教授 服务,太极拳;教授;服务,太极拳,是,健身休闲,0.95,direct,7,1
91510402MADRMPMF61,攀枝花市卓越体育培训学校有限公司,8392,从事体育培训的营利性民办培训,从事 体育培训 营利性 民办 培训,营利性;体育培训;民办;培训;从事,体育培训,是,体育培训,0.95,direct,14,1
91510402MA6BCP2W6D,四川省攀奥体育发展有限公司,8919,户外运动的组织策划,户外运动 组织 策划,户外运动;策划;组织,户外运动,是,健身休闲,0.95,direct,9,1
91510402098338375F,攀枝花六九户外拓展运动策划有限公司,8919,户外拓展运动组织,户外拓展 运动 组织,户外拓展;运动;组织,户外拓展,是,健身休闲,0.95,direct,8,1
91510402MA64MT3R0N,攀枝花市趣动体育培训学校有限公司,8392,体育培训,体育培训,体育培训,体育培训,是,体育培训,0.95,direct,4,1
91510400675751427X,攀枝花市澳森健身服务有限公司,8992,健身服务,健身服务,健身服务,健身服务,是,健身休闲,0.6,none,4,1
91510402337764137A,攀枝花市兰冠体育发展有限公司,8911,体育赛事策划,体育 赛事策划,赛事策划;体育,赛事策划,是,体育赛事,0.95,direct,6,1
91510400MA63HYC10F,攀枝花劲浪体育发展有限公司,8929,露天体育健身器材管理,露天 体育 健身器材 管理,健身器材;露天;体育;管理,健身器材,是,体育用品,0.95,direct,10,1
91510402323324915B,攀枝花市大裂谷体育健身有限公司,8930,体育健身,体育 健身,健身;体育,,是,健身休闲,0.75,direct,4,0
915104025534917352,攀枝花市豪斯特健身会所,8930,健身活动服务,健身活动 服务,健身活动;服务,,是,健身休闲,0.75,direct,6,0
91510402MABPEA7D4K,攀枝花鼎燚体育俱乐部有限公司,8911,体育竞赛组织,体育竞赛 组织,体育竞赛;组织,体育竞赛,是,体育赛事,0.95,direct,6,1
91510402MA658RPX9Y,攀枝花市星罗棋文化传播有限公司,8911,棋类赛事活动组织,棋类 赛事 活动 组织,棋类;赛事;组织;活动,,是,体育管理,0.75,direct,8,0
91510402MA6BMD505U,攀枝花市狼牙体育培训学校有限公司,8392,体育培训,体育培训,体育培训,体育培训,是,体育培训,0.95,direct,4,1
91510402MADXX2R597,攀枝花市兴东体育发展有限公司,8921,体育场地设施经营,体育场地设施 经营,体育场地设施;经营,体育场地设施,是,体育场馆,0.95,direct,8,1
91510402MAE29K6816,攀枝花市森飞体育发展有限公司,8929,体育场地施设管理,体育场地 施设 管理,体育场地;施设;管理,体育场地,是,体育场馆,0.95,direct,8,1
91510402MA68G5U66R,攀枝花颜印跆拳道培训学校有限公司,8392,跆拳道培训,跆拳道培训,跆拳道培训,跆拳道培训,是,体育培训,0.95,direct,5,1
915104027699629547,攀枝花奥之康体育用品有限公司,5242,体育用品及器材零售,体育用品 器材 零售,体育用品;器材;零售,体育用品,是,体育用品,0.95,direct,9,1
91510402MA64ULF75T,攀枝花市绍辉商贸部,5242,体育用品零售,体育用品零售,体育用品零售,体育用品零售,是,体育用品,0.95,direct,6,1
91510402MA7EBEYP1W,四川说走就走户外运动有限公司,5242,体育用品零售,体育用品零售,体育用品零售,体育用品零售,是,体育用品,0.95,direct,6,1
91510402MA64BMLC3H,攀枝花维拓体育发展有限公司,8911,体育赛事活动组织策划,体育赛事 活动 组织 策划,体育赛事;策划;组织;活动,体育赛事,是,体育赛事,0.95,direct,10,1
91510402MA6AQRAA87,攀枝花跃童教育咨询有限公司,8392,青少年拓展培训服务,青少年 拓展 培训 服务,青少年;培训;拓展;服务,,是,体育培训,0.75,direct,9,0
91510402MA66AWCQ4K,四川健搏科技有限公司,5142,体育器材批发,体育器材 批发,体育器材;批发,体育器材,是,体育用品,0.95,direct,6,1
91510402089880103L,攀枝花市爱学渔具店,5242,钓鱼器材零售,钓鱼 器材 零售,钓鱼;器材;零售,,是,体育用品,0.75,direct,6,0
91510402MABURHEU2M,攀枝花小斑马体育俱乐部有限公司,8911,儿童平衡车竞赛,儿童 平衡 竞赛,竞赛;儿童;平衡,,是,体育管理,0.75,direct,7,0
91510402MA66EXTQ7J,攀枝花市翔韵文化传播有限公司,9052,体育表演服务,体育表演 服务,体育表演;服务,体育表演,是,体育赛事,0.6,none,6,1
91510402MA6BFB2Q5N,攀枝花登高阁体育用品有限公司,5142,批发体育用品,批发 体育用品,体育用品;批发,体育用品,是,体育用品,0.95,direct,6,1
91510402MA6212NR8X,攀枝花市启航体育发展有限公司,8911,体育竞赛组织,体育竞赛 组织,体育竞赛;组织,体育竞赛,是,体育赛事,0.95,direct,6,1
91510402MABT9PWB4P,攀枝花市元气健身有限责任公司,8930,健身休闲活动,健身 休闲活动,休闲活动;健身,,是,健身休闲,0.75,direct,6,0
91510402MAC5Y1JP78,攀枝花市壹号铁馆健身服务有限公司,8930,健身服务,健身服务,健身服务,健身服务,是,健身休闲,0.95,direct,4,1
91510402MA69AXND3W,攀枝花云翼户外活动策划有限公司,8919,体育组织,体育组织,体育组织,体育组织,是,体育管理,0.95,direct,4,1
91510402MA6210MQ8Q,攀枝花美晨户外用品有限公司,5242,户外用品零售,户外用品 零售,户外用品;零售,,是,体育用品,0.75,direct,6,0
91510402MA6BUU169B,攀枝花市坤牛体育俱乐部,8911,体育竞赛组织,体育竞赛 组织,体育竞赛;组织,体育竞赛,是,体育赛事,0.95,direct,6,1
91510402MADH71WD7R,攀枝花市武匠搏击俱乐部有限公司,8999,体育培训,体育培训,体育培训,体育培训,是,体育培训,0.6,none,4,1
91510402MA6212L8X2,攀枝花栖牛户外运动策划有限公司,8930,户外运动服务,户外运动 服务,户外运动;服务,户外运动,是,健身休闲,0.95,direct,6,1
91510402MA6A34KQ42,攀枝花市鹏森商贸有限公司,5242,体育用品及器材零售,体育用品 器材 零售,体育用品;器材;零售,体育用品,是,体育用品,0.95,direct,9,1
91510402MABT2HXN9N,攀枝花泰吾格体育文化发展有限公司,8930,健身休闲活动,健身 休闲活动,休闲活动;健身,,是,健身休闲,0.75,direct,6,0
91510402MADPH4082Q,攀枝花未来体育培训学校有限公司,8392,体育培训,体育培训,体育培训,体育培训,是,体育培训,0.95,direct,4,1
91510402MADRXTE38N,攀枝花乒途体育发展有限责任公司,8911,体育竞赛组织,体育竞赛 组织,体育竞赛;组织,体育竞赛,是,体育赛事,0.95,direct,6,1
91510402MAD2D97A4P,四川省木棉花体育文化发展有限公司,8911,体育竞赛组织,体育竞赛 组织,体育竞赛;组织,体育竞赛,是,体育赛事,0.95,direct,6,1
91510402MACRMX0T0P,四川启亮文化娱乐有限公司,8930,棋牌室服务,棋牌室 服务,棋牌室;服务,,是,健身休闲,0.75,direct,5,0
91510402MA7FLBRG0Q,攀枝花市川跃科技有限公司,8930,健身休闲活动,健身 休闲活动,休闲活动;健身,,是,健身休闲,0.75,direct,6,0
91510402MAD2HNAH0G,攀枝花享瘦拿铁健身服务有限责任公司,8930,健身服务,健身服务,健身服务,健身服务,是,健身休闲,0.95,direct,4,1
91510402309496374L,攀枝花市启航体育培训学校有限公司,8392,幼儿体育课程培训,幼儿体育 课程 培训,幼儿体育;课程;培训,幼儿体育,是,体育培训,0.95,direct,8,1
91510402MACD4R8K0E,攀枝花泳创游泳馆管理有限公司,8921,体育场馆管理,体育场馆 管理,体育场馆;管理,体育场馆,是,体育场馆,0.95,direct,6,1
91510402MA68GK4532,攀枝花市嘉诚宏薇经营部,5242,体育用品销售,体育用品销售,体育用品销售,体育用品销售,是,体育用品,0.95,direct,6,1
91510402MACUYTDU9K,攀枝花赛捷健身有限责任公司,8930,健身服务,健身服务,健身服务,健身服务,是,健身休闲,0.95,direct,4,1
91510402MADK9MLR2E,攀枝花佳译健身服务有限公司,8930,健身娱乐,健身 娱乐,健身;娱乐,,是,健身休闲,0.75,direct,4,0
91510402MAD72WDP22,攀枝花志翔体育俱乐部有限公司,8911,体育竞赛组织,体育竞赛 组织,体育竞赛;组织,体育竞赛,是,体育赛事,0.95,direct,6,1
91510402MA7EDWWX4M,攀枝花市锐启科技有限责任公司,8930,健身房服务,健身房 服务,健身房;服务,健身房,是,健身休闲,0.95,direct,5,1
91510402MA6BUER79N,四川唐奥体育发展有限公司,8919,户外体育活动策划,户外 体育 活动 策划,户外;策划;体育;活动,,是,体育管理,0.75,direct,8,0
91510402MA6BD2135T,攀枝花市致远体育文化发展有限公司,8392,少儿体育培训,少儿 体育培训,体育培训;少儿,体育培训,是,体育培训,0.95,direct,6,1
91510402MA7FU2RUX3,攀枝花晨实体育俱乐部有限公司,8911,体育竞赛组织,体育竞赛 组织,体育竞赛;组织,体育竞赛,是,体育赛事,0.95,direct,6,1
91510402MA661Y984T,攀枝花市吾生体育发展有限责任公司,8930,户外拓展活动,户外拓展 活动,户外拓展;活动,户外拓展,是,健身休闲,0.95,direct,6,1
91510402MA676YE76M,攀枝花卓盛体育发展有限公司,8921,体育场馆管理,体育场馆 管理,体育场馆;管理,体育场馆,是,体育场馆,0.95,direct,6,1
91510402MADJUD5U4G,攀枝花市钇名体育俱乐部有限责任公司,8911,体育竞赛组织,体育竞赛 组织,体育竞赛;组织,体育竞赛,是,体育赛事,0.95,direct,6,1
91510402MA6A406314,攀枝花市宏成体育文化发展有限公司,8392,文化体育演出,文化 体育 演出,体育;演出;文化,,是,体育培训,0.75,direct,6,0
91510402MADC0L2284,攀枝花志云体育发展有限公司,9052,体育表演服务,体育表演 服务,体育表演;服务,体育表演,是,体育赛事,0.6,none,6,1
91510402MA7M7X6N4C,四川勇攀体育发展有限公司,8911,体育竞赛组织,体育竞赛 组织,体育竞赛;组织,体育竞赛,是,体育赛事,0.95,direct,6,1
91510402MA6BFG847E,攀枝花健力体育发展有限责任公司,8930,户外运动组织,户外运动 组织,户外运动;组织,户外运动,是,健身休闲,0.95,direct,6,1
91510402MA624XJ100,攀枝花市博鑫足球俱乐部有限责任公司,9052,体育赛事组织策划服务,体育赛事 组织 策划 服务,体育赛事;策划;服务;组织,体育赛事,是,体育赛事,0.6,none,10,1
91510402MAC32PQM66,攀枝花市洪吉文化传媒有限公司,8919,其他体育组织,其他 体育组织,体育组织;其他,体育组织,是,体育管理,0.95,direct,6,1
91510402MA62107Y8F,攀枝花市爱尚户外活动策划有限公司,9052,户外运动策划服务,户外运动 策划 服务,户外运动;策划;服务,户外运动,是,健身休闲,0.6,none,8,1
91510402337855709H,攀枝花奥林体育服务有限公司,8921,室内体育场馆管理,室内 体育场馆 管理,体育场馆;室内;管理,体育场馆,是,体育场馆,0.95,direct,8,1
91510402MAC0TQ2K4A,攀枝花市长川健身管理有限公司,8930,健身休闲活动,健身 休闲活动,休闲活动;健身,,是,健身休闲,0.75,direct,6,0
91510402MACXACX49U,攀枝花市圣智体育文化发展有限公司,9052,体育赛事策划,体育 赛事策划,赛事策划;体育,赛事策划,是,体育赛事,0.6,none,6,1
91510402MA6BKDKMXU,攀枝花鼎燚体育培训学校有限公司,8392,教育技能培训,教育 技能 培训,技能;培训;教育,,是,体育培训,0.75,direct,6,0
91510402MAE2MLHR07,攀枝花昶发通商贸有限公司,5142,文体用品销售,文体用品 销售,文体用品;销售,,是,体育用品,0.75,direct,6,0
91510402MADXMQMB1Y,四川雄鹿体育文化发展有限公司,8911,体育赛事策划,体育 赛事策划,赛事策划;体育,赛事策划,是,体育赛事,0.95,direct,6,1
91510402MA6210CW3A,攀枝花市旭来商贸有限公司,5142,文化体育用品批发,文化 体育用品批发,体育用品批发;文化,体育用品批发,是,体育用品,0.95,direct,8,1
91510403MACBDN1J4B,四川劲冠体育发展有限公司,8911,体育竞赛组织,体育竞赛 组织,体育竞赛;组织,体育竞赛,是,体育赛事,0.95,direct,6,1
91510403MA65HU2933,攀枝花市聚能足球俱乐部有限责任公司,8911,体育竞赛组织,体育竞赛 组织,体育竞赛;组织,体育竞赛,是,体育赛事,0.95,direct,6,1
91510403MA67451C45,四川省美格健身俱乐部有限责任公司,8930,健身服务,健身服务,健身服务,健身服务,是,健身休闲,0.95,direct,4,1
92510403MA623JHA8G,攀枝花市西区健麟游泳馆,8930,游泳服务,游泳 服务,游泳;服务,游泳,是,健身休闲,0.95,direct,4,1
91510403MAD3MT5554,四川省攀健体育发展有限公司,5142,体育用品级器材批发,体育用品 器材 批发,体育用品;器材;批发,体育用品,是,体育用品,0.95,direct,9,1
91510403MAD14FRKX6,攀枝花市吕姐体育用品店个人独资,5142,体育用品及器材批发,体育用品 器材 批发,体育用品;器材;批发,体育用品,是,体育用品,0.95,direct,9,1
91510411MACKMUM33K,四川柒棵树体育俱乐部有限责任公司,8911,体育竞赛组织,体育竞赛 组织,体育竞赛;组织,体育竞赛,是,体育赛事,0.95,direct,6,1
91510411MAD5A7RT8X,攀枝花市龙健体育俱乐部有限责任公司,8930,文化体育和健身休闲活动,文化 体育 健身 休闲活动,休闲活动;健身;体育;文化,,是,健身休闲,0.75,direct,11,0
91510400MA68JLAN8Y,攀枝花亮亮健身服务有限公司,8930,健身服务,健身服务,健身服务,健身服务,是,健身休闲,0.95,direct,4,1
91510411MA66BUD08E,攀枝花市奇兵户外运动策划有限公司,8930,户外运动,户外运动,户外运动,户外运动,是,健身休闲,0.95,direct,4,1
91510411MA69YH1UXR,攀枝花悦童体育用品有限公司,5242,体育器材零售,体育器材 零售,体育器材;零售,体育器材,是,体育用品,0.95,direct,6,1
91510411MA69K61D49,四川鸢飞体育文化传播有限公司,8392,幼儿体能训练,幼儿 体能训练,体能训练;幼儿,体能训练,是,体育培训,0.95,direct,6,1
91510411MA65G6LH97,四川淼洲体育文化传播有限公司,8930,体育健身服务,体育 健身服务,健身服务;体育,健身服务,是,健身休闲,0.95,direct,6,1
91510411MA6959KY37,攀枝花市思博特足球培训学校有限责任公司,8392,体育培训,体育培训,体育培训,体育培训,是,体育培训,0.95,direct,4,1
91510400078865231N,攀枝花市乾盛川商贸有限责任公司,8930,体育场馆管理,体育场馆 管理,体育场馆;管理,体育场馆,是,体育场馆,0.95,direct,6,1
91510402MAC95T2C46,攀枝花野人户外拓展有限公司,5242,户外用品零售,户外用品 零售,户外用品;零售,,是,体育用品,0.75,direct,6,0
91510411MAC2084E2K,攀枝花鼎燚体育发展有限公司,9052,体育赛事策划,体育 赛事策划,赛事策划;体育,赛事策划,是,体育赛事,0.6,none,6,1
91510411MA7F5EMM9M,攀枝花市龙创体育培训学校有限公司,8392,体校及体育培训,体校 体育培训,体育培训;体校,体育培训,是,体育培训,0.95,direct,7,1
91510411MA6AD2M70F,攀枝花潇文健身服务有限公司,8930,健身休闲活动,健身 休闲活动,休闲活动;健身,,是,健身休闲,0.75,direct,6,0
91510411MA6AKX6F7R,攀枝花诚景商贸有限公司,5142,体育用品及器材批发,体育用品 器材 批发,体育用品;器材;批发,体育用品,是,体育用品,0.95,direct,9,1
91510411MACTD6J70R,攀枝花众家轮启体育俱乐部有限公司,8930,健身休闲活动,健身 休闲活动,休闲活动;健身,,是,健身休闲,0.75,direct,6,0
91510411MAE06DUQ4G,攀枝花市赛点体育发展有限公司,8930,乒乓球俱乐部,乒乓球 俱乐部,乒乓球;俱乐部,乒乓球,是,体育用品,0.95,direct,6,1
91510411MAE4BUER8A,攀枝花市领爵生活服务有限公司,8930,台球俱乐部,台球 俱乐部,台球;俱乐部,台球,是,健身休闲,0.95,direct,5,1
91510411MAC9930T1R,攀枝花华竞体育发展有限公司,5242,体育用品零售,体育用品零售,体育用品零售,体育用品零售,是,体育用品,0.95,direct,6,1
91510400MADQ67MG7X,攀枝花玺武社体育俱乐部个人独资,5242,体育器材零售,体育器材 零售,体育器材;零售,体育器材,是,体育用品,0.95,direct,6,1
91510411MAC6UCRP7U,四川顾建缘体育文化发展有限责任公司,9052,体育赛事组织承办,体育赛事 组织 承办,体育赛事;承办;组织,体育赛事,是,体育赛事,0.6,none,8,1
91510402MABMEEW133,攀枝花森诺体育文化传播有限公司,8392,网球培训,网球培训,网球培训,网球培训,是,体育培训,0.95,direct,4,1
91510411MA6211RC8B,攀枝花玥特斯商贸有限公司,5142,体育用品及器材批发,体育用品 器材 批发,体育用品;器材;批发,体育用品,是,体育用品,0.95,direct,9,1
91510411MA628N84XH,攀枝花飞洋体育文化传播有限公司,8911,场馆经营体育竞赛组织,场馆 经营 体育竞赛 组织,体育竞赛;场馆;经营;组织,体育竞赛,是,体育赛事,0.95,direct,10,1
91510421MA64GGLF9A,四川省巨犀科技服务有限公司,8930,健身休闲活动,健身 休闲活动,休闲活动;健身,,是,健身休闲,0.75,direct,6,0
91510421MA638GRK3P,攀枝花乐驰体育文化传播有限公司,8392,体校及体育培训,体校 体育培训,体育培训;体校,体育培训,是,体育培训,0.95,direct,7,1
91510421MACH6KDA63,攀枝花迷阳星体育文化发展有限公司,8919,其他体育组织,其他 体育组织,体育组织;其他,体育组织,是,体育管理,0.95,direct,6,1
91510421MAD1PULF6A,米易县鑫动体育发展有限责任公司,8912,体育保障组织,体育 保障 组织,体育;保障;组织,,是,体育管理,0.75,direct,6,0
91510421MA63QCWT68,米易峡谷风情康养旅游开发有限公司,8930,健身休闲活动,健身 休闲活动,休闲活动;健身,,是,健身休闲,0.75,direct,6,0
92510422MA65MRQB1R,攀枝花博鼎餐饮服务有限公司,8930,娱乐健身服务,娱乐 健身服务,健身服务;娱乐,健身服务,是,健身休闲,0.95,direct,6,1
91510422MABUG5NP6X,盐边县汐俊电玩有限公司,8912,游艺娱乐活动,游艺 娱乐活动,游艺;娱乐活动,,是,体育管理,0.75,direct,6,0
91510402MABP57CX2Y,攀枝花力冠体育发展有限责任公司,8930,健身休闲活动,健身 休闲活动,休闲活动;健身,,是,健身休闲,0.75,direct,6,0
91510422MADJT4074M,攀枝花汐宇体育发展有限公司,8930,健身休闲活动,健身 休闲活动,休闲活动;健身,,是,健身休闲,0.75,direct,6,0
92510422MA63R3532K,盐边县红格镇明辛茶行,8930,茶楼服务,茶楼 服务,茶楼;服务,,是,健身休闲,0.75,direct,4,0
91510422MAD4ATYJXP,攀枝花希格利体育发展有限公司,8911,体育竞赛组织,体育竞赛 组织,体育竞赛;组织,体育竞赛,是,体育赛事,0.95,direct,6,1
91510422MA643FD36F,攀枝花市篮蓓思特体育俱乐部有限公司,9052,组织体育表演活动,组织 体育表演 活动,体育表演;组织;活动,体育表演,是,体育赛事,0.6,none,8,1
91510422MAD8K7A933,四川马掌木寸户外运动策划有限公司,8930,餐饮服务,餐饮 服务,餐饮;服务,,是,健身休闲,0.75,direct,4,0
91510502MADD173D24,泸州卡萌健身服务中心（个人独资）,8930,健身休闲活动,健身 休闲活动,休闲活动;健身,,是,健身休闲,0.75,direct,6,0
91510502MADYXBRT0R,泸州雨露体育文化发展有限公司,8911,体育竞赛组织,体育竞赛 组织,体育竞赛;组织,体育竞赛,是,体育赛事,0.95,direct,6,1
91510502MA6AK6Q247,泸州赛昂体育有限公司,8392,乒乓培训,乒乓 培训,乒乓;培训,,是,体育培训,0.75,direct,4,0
92510502MAC41KT31F,泸州市江阳区星韵体育健身休闲活动有限公司,8930,健身休闲活动,健身 休闲活动,休闲活动;健身,,是,健身休闲,0.75,direct,6,0
91510502337760419P,泸州童趣拓展活动有限公司,8930,户外活动,户外活动,户外活动,,是,健身休闲,0.75,direct,4,0
91510502MADDWM0T4W,泸州赛润体育器材有限公司,5142,体育用品及器批发,体育用品 及器 批发,及器;体育用品;批发,体育用品,是,体育用品,0.95,direct,8,1
91510502MADPTUGR6J,泸州鸿翎舞蹈健身有限公司,8930,健身休闲活动,健身 休闲活动,休闲活动;健身,,是,健身休闲,0.75,direct,6,0
915105027623339793,泸州拓创体育用品有限公司,5242,体育用品零售,体育用品零售,体育用品零售,体育用品零售,是,体育用品,0.95,direct,6,1
91510502MA66GTBU59,泸州市艾空中瑜伽有限公司,8930,瑜伽健身活动,瑜伽 健身活动,健身活动;瑜伽,瑜伽,是,健身休闲,0.95,direct,6,1
91510502356240216L,泸州圆梦体育器材贸易有限公司,5242,零售体育器材,零售 体育器材,体育器材;零售,体育器材,是,体育用品,0.95,direct,6,1
91510502MAE0P8WUXA,泸州康茂体育设施有限公司,8929,其他体育场地设施管理,其他 体育场地设施 管理,体育场地设施;管理;其他,体育场地设施,是,体育场馆,0.95,direct,10,1
91510502MAE8L2HF0P,泸州晴天电竞俱乐部有限公司,8911,体育竞赛组织,体育竞赛 组织,体育竞赛;组织,体育竞赛,是,体育赛事,0.95,direct,6,1
91510502MABR5PC2XL,泸州新苗体育俱乐部有限公司,8911,体育竞赛组织,体育竞赛 组织,体育竞赛;组织,体育竞赛,是,体育赛事,0.95,direct,6,1
91510502MA68JUW20C,泸州行知体育发展有限公司,8392,体育培训,体育培训,体育培训,体育培训,是,体育培训,0.95,direct,4,1
91510502MA65KHE821,泸州壹心陆上体育俱乐部有限公司,8919,射击竞技体育运动服务,射击 竞技 体育运动 服务,竞技;体育运动;射击;服务,射击,是,健身休闲,0.95,direct,10,1
91510502MA7MHDY39F,四川泽源体育俱乐部有限责任公司,8911,体育竞赛组织,体育竞赛 组织,体育竞赛;组织,体育竞赛,是,体育赛事,0.95,direct,6,1
91510502MA658NWTXM,泸州市成旭商贸有限公司,5242,健身器材零售,健身器材 零售,健身器材;零售,健身器材,是,体育用品,0.95,direct,6,1
91510502MA694GK76P,泸州诺亚型人健身有限责任公司,8930,健身休闲活动,健身 休闲活动,休闲活动;健身,,是,健身休闲,0.75,direct,6,0
91510502MA647FTW7B,泸州合创体育服务有限公司,8911,体育项目组织服务,体育项目 组织 服务,体育项目;服务;组织,,是,体育管理,0.75,direct,8,0
91510502MA6227CH5L,泸州筑梦青春户外拓展有限公司,8930,健身休闲活动,健身 休闲活动,休闲活动;健身,,是,健身休闲,0.75,direct,6,0
91510502MA64DQLM7H,泸州蒙创拓展训练服务有限责任公司,8930,拓展训练服务,拓展 训练 服务,拓展;训练;服务,,是,健身休闲,0.75,direct,6,0
91510502MA692XX4X3,四川菲力斯体育文化发展有限公司,8930,健身休闲服务,健身 休闲 服务,健身;休闲;服务,,是,健身休闲,0.75,direct,6,0
91510502MA65D5BP17,泸州市奔跑体育用品有限公司,5242,体育用品零售,体育用品零售,体育用品零售,体育用品零售,是,体育用品,0.95,direct,6,1
91510502MA68T43M33,泸州伽和健身服务有限公司,8930,健身服务,健身服务,健身服务,健身服务,是,健身休闲,0.95,direct,4,1
91510502MA63NR624F,泸州市赛品汇文化传播有限公司,8392,体育培训,体育培训,体育培训,体育培训,是,体育培训,0.95,direct,4,1
91510502MA62243T8E,泸州市江阳区童真年代户外拓展有限公司,8930,户外拓展训练,户外拓展 训练,户外拓展;训练,户外拓展,是,健身休闲,0.95,direct,6,1
91510502MADHLP471H,泸州川和月商贸有限责任公司,5242,酒品批发,酒品 批发,酒品;批发,,是,体育用品,0.75,direct,4,0
91510502MADNC93P5J,泸州星航体育文化传播有限责任公司,8911,文化娱乐,文化娱乐,文化娱乐,,是,体育管理,0.75,direct,4,0
91510504MA625R8J7B,四川猎人品尚拓展训练有限公司,8912,体育科技保障服务,体育科技 保障 服务,体育科技;保障;服务,体育科技,是,体育管理,0.95,direct,8,1
91510502MA668YX770,泸州弘丰体育组织有限公司,8919,体育组织服务,体育组织 服务,体育组织;服务,体育组织,是,体育管理,0.95,direct,6,1
91510502MA62FW3R9J,泸州马丁健身服务有限公司,8930,健身服务,健身服务,健身服务,健身服务,是,健身休闲,0.95,direct,4,1
91510502MA7FKR495C,泸州共游体育服务有限公司,8930,健身休闲服务,健身 休闲 服务,健身;休闲;服务,,是,健身休闲,0.75,direct,6,0
91510502MA7N2G064W,泸州振威体育俱乐部有限公司,8919,食品销售,食品 销售,食品;销售,,是,体育管理,0.75,direct,4,0
91510502MADPJR588C,四川雅庆文化传媒有限公司,5142,文化体育娱乐活动与经纪代理服务,文化 体育 娱乐活动 经纪 代理服务,代理服务;娱乐活动;经纪;体育;文化,,是,体育用品,0.75,direct,15,0
91510502MAD98BFE22,泸州城市体育发展有限公司,5142,体育用品及器材零售,体育用品 器材 零售,体育用品;器材;零售,体育用品,是,体育用品,0.95,direct,9,1
91510502MACNXB1D2F,泸州江阳区御景半岛健身管理有限公司,8930,健身运动,健身运动,健身运动,,是,健身休闲,0.75,direct,4,0
91510502MAC34HU270,泸州百力健身服务有限公司,8930,健身服务,健身服务,健身服务,健身服务,是,健身休闲,0.95,direct,4,1
91510502MABRR32184,泸州江阳区澄鑫体育俱乐部有限公司,8919,体育组织,体育组织,体育组织,体育组织,是,体育管理,0.95,direct,4,1
91510502MA65RMF56B,泸州市润曼游泳俱乐部有限责任公司,8911,体育俱乐部服务,体育俱乐部 服务,体育俱乐部;服务,体育俱乐部,是,体育管理,0.95,direct,7,1
91510502MA7MQFUK7D,泸州渝尔仕健身有限公司,8930,健身服务,健身服务,健身服务,健身服务,是,健身休闲,0.95,direct,4,1
91510502MABNBL4199,泸州轻臣健身有限公司,8930,健身休闲活动,健身 休闲活动,休闲活动;健身,,是,健身休闲,0.75,direct,6,0
91510502337814851J,四川起航拓展训练有限公司,8930,拓展活动,拓展 活动,拓展;活动,,是,健身休闲,0.75,direct,4,0
91510502MAACG0P61P,泸州景兴园商贸有限公司,8930,高危险性体育运动,危险性 体育运动,危险性;体育运动,,是,健身休闲,0.75,direct,8,0
91510502MA63JHKLXG,泸州逆锋体育有限公司,8919,体育类社会服务,体育类 社会 服务,体育类;服务;社会,,是,体育管理,0.75,direct,7,0
91510502MA68KADM44,泸州市江阳区莱曼体育健身服务有限公司,8930,健身服务,健身服务,健身服务,健身服务,是,健身休闲,0.95,direct,4,1
91510502MADTAC1X0E,泸州燃力点体育文化传播有限公司,8912,体育保障组织,体育 保障 组织,体育;保障;组织,,是,体育管理,0.75,direct,6,0
91510502MADQ184R8C,泸州鱼凫游泳池管理有限公司,8921,体育场馆管理,体育场馆 管理,体育场馆;管理,体育场馆,是,体育场馆,0.95,direct,6,1
91510502MADQMWA56Y,泸州马雪游泳俱乐部（个人独资）,8921,体育场馆管理,体育场馆 管理,体育场馆;管理,体育场馆,是,体育场馆,0.95,direct,6,1
91510502MAEBAKNH71,泸州暖阳健身服务有限公司,8930,健身休闲活动,健身 休闲活动,休闲活动;健身,,是,健身休闲,0.75,direct,6,0
91510502MADWX8TD2D,泸州启武体育俱乐部有限公司,8911,体育竞赛组织,体育竞赛 组织,体育竞赛;组织,体育竞赛,是,体育赛事,0.95,direct,6,1
91510502MADYMWPP2E,泸州哇塞体育发展有限公司,8930,健身休闲活动,健身 休闲活动,休闲活动;健身,,是,健身休闲,0.75,direct,6,0
91510502MAEBLHYT7N,泸州弘武健身有限公司,8930,健身休闲活动,健身 休闲活动,休闲活动;健身,,是,健身休闲,0.75,direct,6,0
91510502MA7HGLTF7F,四川志长体育发展有限公司,8392,体育训练,体育训练,体育训练,,是,体育培训,0.75,direct,4,0
91510504MA69Y85X58,四川胤呈拓展训练有限公司,8930,健身休闲活动,健身 休闲活动,休闲活动;健身,,是,健身休闲,0.75,direct,6,0
91510502MA68WLUJ3B,泸州铂羽体育运动有限公司,8392,游泳培训,游泳培训,游泳培训,游泳培训,是,体育培训,0.95,direct,4,1
91510502MAACLWDM0L,四川玖趣维捷体育发展有限公司,8930,健身休闲活动,健身 休闲活动,休闲活动;健身,,是,健身休闲,0.75,direct,6,0
91510502582161073E,泸州市江阳区新动力体育运动有限公司,8930,体育运动健身服务,体育运动 健身服务,健身服务;体育运动,健身服务,是,健身休闲,0.95,direct,8,1
91510502MAACM5CN4X,泸州旭达体育文化传播有限公司,5242,体育用品   器材零售,体育用品 器材 零售,体育用品;器材;零售,体育用品,是,体育用品,0.95,direct,11,1
91510502MA6222GWXW,泸州运之康体育场馆服务有限公司,8921,体育场所管理,体育场 管理,体育场;管理,体育场,是,体育场馆,0.95,direct,6,1
91510502MA63N47M1P,泸州文旅天健体育有限责任公司,8921,体育场馆管理,体育场馆 管理,体育场馆;管理,体育场馆,是,体育场馆,0.95,direct,6,1
91510502MA64YKYM8W,泸州百协体育设施有限公司,5142,体育用品批发,体育用品批发,体育用品批发,体育用品批发,是,体育用品,0.95,direct,6,1
91510502MA66NPCL5G,泸州市自由慧体健康运动服务有限责任公司,8992,健身服务,健身服务,健身服务,健身服务,是,健身休闲,0.6,none,4,1
91510502MAC3G3XQXX,泸州伟麟健身服务有限公司,8930,健身服务,健身服务,健身服务,健身服务,是,健身休闲,0.95,direct,4,1
91510502MA68Y4KK2P,泸州市泳搏体育发展有限公司,8930,体育拓展训练,体育 拓展 训练,体育;拓展;训练,,是,健身休闲,0.75,direct,6,0
91510502MACA1G3C4C,泸州极酷体育发展有限公司,8930,健身休闲活动,健身 休闲活动,休闲活动;健身,,是,健身休闲,0.75,direct,6,0
91510502MACL5CHA82,泸州市酒城维捷体育发展有限公司,8930,健身休闲活动,健身 休闲活动,休闲活动;健身,,是,健身休闲,0.75,direct,6,0
91510502MA6BE6X35K,泸州探索之旅体育组织服务有限公司,8911,体育项目组织服务,体育项目 组织 服务,体育项目;服务;组织,,是,体育管理,0.75,direct,8,0
91510502MA65RU8X2B,四川老来少户外拓展有限公司,8930,户外拓展服务,户外拓展 服务,户外拓展;服务,户外拓展,是,健身休闲,0.95,direct,6,1
91510502MA6AY19C01,四川峻峰体育文化传媒有限公司,8930,健身休闲活动,健身 休闲活动,休闲活动;健身,,是,健身休闲,0.75,direct,6,0
91510502MABTFLFM8J,泸州莱维体育文化传播有限公司,8930,健身休闲活动,健身 休闲活动,休闲活动;健身,,是,健身休闲,0.75,direct,6,0
91510502MAC6TMPA34,泸州涅磐健身俱乐部有限责任公司,5242,体育用品及器材零售,体育用品 器材 零售,体育用品;器材;零售,体育用品,是,体育用品,0.95,direct,9,1
91510502MA635T5J4X,泸州杰斯健身服务有限公司,8930,健身服务,健身服务,健身服务,健身服务,是,健身休闲,0.95,direct,4,1
91510502MA67YBBMX0,泸州市海贝体育运动有限公司,8930,健身休闲活动,健身 休闲活动,休闲活动;健身,,是,健身休闲,0.75,direct,6,0
91510502MACDC3LT5D,四川宇烨双辉科技有限公司,5142,体育用品及器材批发,体育用品 器材 批发,体育用品;器材;批发,体育用品,是,体育用品,0.95,direct,9,1
91510502MA7GN8A48H,泸州爱酷体育文化发展有限公司,5242,体育用品及器材零售,体育用品 器材 零售,体育用品;器材;零售,体育用品,是,体育用品,0.95,direct,9,1
91510502MA64NAQR07,泸州逸姿普拉提健康管理有限公司,8930,健身休闲活动,健身 休闲活动,休闲活动;健身,,是,健身休闲,0.75,direct,6,0
91510502MA7E93A2XJ,泸州边城体育文化发展有限公司,8392,体育培训服务,体育培训 服务,体育培训;服务,体育培训,是,体育培训,0.95,direct,6,1
91510502MAACMCK308,四川泸武决体育文化发展有限公司,8919,其他体育组织,其他 体育组织,体育组织;其他,体育组织,是,体育管理,0.95,direct,6,1
91510502MA656D6N70,泸州海纳体育组织有限公司,8930,健身休闲活动,健身 休闲活动,休闲活动;健身,,是,健身休闲,0.75,direct,6,0
91510504MA63P9BCXL,泸州市未来体育培训有限公司,8392,体校培训,体校 培训,体校;培训,,是,体育培训,0.75,direct,4,0
91510502MABXGNA86G,泸州脊正健康管理有限责任公司,8992,运动康复理疗,运动康复 理疗,运动康复;理疗,运动康复,是,健身休闲,0.6,none,6,1
91510502MAC4YMFT0P,泸州勇士拓展训练有限责任公司,8930,拓展训练服务,拓展 训练 服务,拓展;训练;服务,,是,健身休闲,0.75,direct,6,0
91510502MA6AT55F3L,泸州蜕变健身服务有限公司,8930,健身休闲活动,健身 休闲活动,休闲活动;健身,,是,健身休闲,0.75,direct,6,0
91510502MAC789XR49,泸州远方优游体育文化发展有限公司,8930,体育运动,体育运动,体育运动,,是,健身休闲,0.75,direct,4,0
91510502MA66B9N39R,泸州林义体育健身服务有限公司,8930,健身休闲活动,健身 休闲活动,休闲活动;健身,,是,健身休闲,0.75,direct,6,0
91510504345709453E,泸州维杰体育器材有限公司,5142,体育器材批发,体育器材 批发,体育器材;批发,体育器材,是,体育用品,0.95,direct,6,1
91510502MA7DUC2N9M,泸州酷锐体育发展有限公司,8930,健身休闲活动,健身 休闲活动,休闲活动;健身,,是,健身休闲,0.75,direct,6,0
91510502MA7GCFT054,泸州祯一瑜伽健身有限公司,8930,健身服务,健身服务,健身服务,健身服务,是,健身休闲,0.95,direct,4,1
91510502MA6AU4861N,泸州市巅峰体育文化传播有限公司,5242,体育用品零售,体育用品零售,体育用品零售,体育用品零售,是,体育用品,0.95,direct,6,1
91510502MA7N4FDA8F,四川酷豆体育发展有限公司,8930,健身休闲活动,健身 休闲活动,休闲活动;健身,,是,健身休闲,0.75,direct,6,0
91510502MA7H3FNL0F,泸州锐酷乐动健身服务有限公司,8930,健身休闲活动,健身 休闲活动,休闲活动;健身,,是,健身休闲,0.75,direct,6,0
91510502MABPC3425D,泸州市江阳区青蓝艺术培训学校有限公司,8911,体育竞赛组织,体育竞赛 组织,体育竞赛;组织,体育竞赛,是,体育赛事,0.95,direct,6,1
91510502MA7LA18L9L,泸州小羽点体育文化发展有限公司,8911,体育竞赛组织,体育竞赛 组织,体育竞赛;组织,体育竞赛,是,体育赛事,0.95,direct,6,1
91510502MAC6FP5066,泸州乐拳体育文化发展有限责任公司,8930,健身休闲活动,健身 休闲活动,休闲活动;健身,,是,健身休闲,0.75,direct,6,0
91510502MA7MKCC91Y,四川橘猫体育文化发展有限公司,8930,健身休闲活动,健身 休闲活动,休闲活动;健身,,是,健身休闲,0.75,direct,6,0
91510502MA7GTU6F55,泸州市汇百川体育文化发展有限公司,8911,体育竞赛组织,体育竞赛 组织,体育竞赛;组织,体育竞赛,是,体育赛事,0.95,direct,6,1
91510502MA66YPT95J,四川竞福体育文化发展有限公司,8919,其他体育组织,其他 体育组织,体育组织;其他,体育组织,是,体育管理,0.95,direct,6,1
91510502MABUE3UBXD,泸州皓橙体育文化发展有限公司,8919,体育组织,体育组织,体育组织,体育组织,是,体育管理,0.95,direct,4,1
91510502694834906X,泸州志雄体育器材制造有限公司,5142,体育器材批发,体育器材 批发,体育器材;批发,体育器材,是,体育用品,0.95,direct,6,1
915105020739526352,泸州市劲康商贸有限公司,5242,体育用品零售,体育用品零售,体育用品零售,体育用品零售,是,体育用品,0.95,direct,6,1
91510504MA6547NMX0,泸州赛斯克体育文化有限公司,8921,篮球场馆服务,篮球场 服务,篮球场;服务,篮球场,是,体育场馆,0.95,direct,6,1
91510504MA6225864X,泸州市高高兴体育用品有限公司,8921,羽毛球场馆服务,羽毛球 场馆 服务,羽毛球;场馆;服务,羽毛球,是,体育用品,0.95,direct,7,1
91510502MADUGJCE8J,泸州市江阳区浩弘徐浩美育艺术培训学校有限公司,8392,体校及体育培训,体校 体育培训,体育培训;体校,体育培训,是,体育培训,0.95,direct,7,1
91510502MADPFD9Y6M,泸州酷小豆体育发展有限公司,8930,健身休闲活动,健身 休闲活动,休闲活动;健身,,是,健身休闲,0.75,direct,6,0
91510502MAEB7XB942,泸州一束光健身有限公司,8930,健身休闲活动,健身 休闲活动,休闲活动;健身,,是,健身休闲,0.75,direct,6,0
91510502MACURML66N,泸州擎峰体育文化发展有限公司,5242,体育用品零售,体育用品零售,体育用品零售,体育用品零售,是,体育用品,0.95,direct,6,1
91510502MACJFE2RX4,泸州肯将体育文化发展有限责任公司,5142,体育用品批发,体育用品批发,体育用品批发,体育用品批发,是,体育用品,0.95,direct,6,1
91510502MAEC8G6J4B,四川华川服饰有限公司,1821,运动休闲针织服装制造,运动 休闲 针织 服装 制造,针织;休闲;服装;制造;运动,,是,体育用品,0.75,direct,10,0
91510502MAEBWJB251,泸州鲢帮钓查具渔具有限公司,5242,体育用品及器材零售,体育用品 器材 零售,体育用品;器材;零售,体育用品,是,体育用品,0.95,direct,9,1
91510502MA7K4TH66K,泸州飞越体育俱乐部有限公司,9052,体育赛事策划,体育 赛事策划,赛事策划;体育,赛事策划,是,体育赛事,0.6,none,6,1
92510502MA65H7MT1D,泸州市江阳区沸腾健身服务中心,8930,健身运动,健身运动,健身运动,,是,健身休闲,0.75,direct,4,0
91510502MAE56ATU7J,四川沛栗锦体育设施有限公司,5142,体育用品及器材批发,体育用品 器材 批发,体育用品;器材;批发,体育用品,是,体育用品,0.95,direct,9,1
91510502MAE6JY4Y8U,泸州宸拓嘉鑫体育用品有限公司,5242,体育用品及器材批发,体育用品 器材 批发,体育用品;器材;批发,体育用品,是,体育用品,0.95,direct,9,1
91510504097671280B,泸州健道体育有限公司,8930,健身休闲,健身 休闲,健身;休闲,,是,健身休闲,0.75,direct,4,0
91510503MAC0U49G1G,泸州圣道搏冠武术文化传播有限公司,8930,搏击训练,搏击 训练,搏击;训练,,是,健身休闲,0.75,direct,4,0
91510503MA7D7Y7U27,泸州市纳溪区撞兴娱乐有限责任公司,8930,台球娱乐活动,台球 娱乐活动,台球;娱乐活动,台球,是,健身休闲,0.95,direct,6,1
91510503MA620GEY0X,四川新生代体育服务有限公司,8911,体育竞赛组织,体育竞赛 组织,体育竞赛;组织,体育竞赛,是,体育赛事,0.95,direct,6,1
91510503MA64QEE352,泸州市纳溪区力健体育文化传播有限公司,8919,体育保障组织,体育 保障 组织,体育;保障;组织,,是,体育管理,0.75,direct,6,0
91510503MADBD95T5T,泸州市纳溪区淞琪体育用品经营部个人独资,7122,体育用品设备出租,体育用品 设备 出租,体育用品;出租;设备,体育用品,是,体育用品,0.6,none,8,1
91510503MAD6W0RQ5G,泸州市灵杰体育俱乐部有限公司,5242,体育用品及器材零售,体育用品 器材 零售,体育用品;器材;零售,体育用品,是,体育用品,0.95,direct,9,1
91510502MA6335L55H,泸州市红崖谷拓展训练有限公司,8930,室外健身活动,室外 健身活动,健身活动;室外,,是,健身休闲,0.75,direct,6,0
91510503MA6BDQ6M8M,泸州市湖韵游泳场管理有限公司,8930,游泳馆服务,游泳馆 服务,游泳馆;服务,游泳馆,是,体育场馆,0.95,direct,5,1
91510503MA644LWN2C,泸州市护国体育文化发展有限公司,8919,其他体育组织,其他 体育组织,体育组织;其他,体育组织,是,体育管理,0.95,direct,6,1
91510503314402344M,泸州纳溪鸿源旅游开发有限公司,8930,水上漂流服务,水上 漂流 服务,漂流;水上;服务,漂流,是,健身休闲,0.95,direct,6,1
91510503MA67PBEK3N,泸州浩富商贸有限公司,5242,零售体育用品,零售 体育用品,体育用品;零售,体育用品,是,体育用品,0.95,direct,6,1
915105033145372060,泸州诺源教学设备有限公司,5242,文化体育用品零售,文化 体育用品零售,体育用品零售;文化,体育用品零售,是,体育用品,0.95,direct,8,1
91510504MADQ04AGXE,泸州凯翔体育文化发展有限公司,8911,体育竞赛组织,体育竞赛 组织,体育竞赛;组织,体育竞赛,是,体育赛事,0.95,direct,6,1
91510504MA6A6NXW4A,四川卓鑫明盈商贸有限公司,5242,体育用品零售,体育用品零售,体育用品零售,体育用品零售,是,体育用品,0.95,direct,6,1
91510504309355950H,泸州市星光点点文化有限公司,5142,体育用品及器材批发,体育用品 器材 批发,体育用品;器材;批发,体育用品,是,体育用品,0.95,direct,9,1
91510504MADMULUN08,泸州市恒乐维捷体育发展有限公司,8930,健身休闲活动,健身 休闲活动,休闲活动;健身,,是,健身休闲,0.75,direct,6,0
91510504MADTJU6W27,泸州乐孚尼体育发展有限公司,8930,健身休闲活动,健身 休闲活动,休闲活动;健身,,是,健身休闲,0.75,direct,6,0
91510504MAE58Q2Q7Q,泸州炫舞舞蹈健身有限公司,8930,健身休闲活动,健身 休闲活动,休闲活动;健身,,是,健身休闲,0.75,direct,6,0
91510504MABN49DD3D,泸州市龙马潭区极步体育俱乐部有限责任公司,8911,体育竞赛组织,体育竞赛 组织,体育竞赛;组织,体育竞赛,是,体育赛事,0.95,direct,6,1
91510504MA652P415Y,泸州市跃动体育文化传播有限公司,8911,体育竞赛组织,体育竞赛 组织,体育竞赛;组织,体育竞赛,是,体育赛事,0.95,direct,6,1
92510504MA6BJDGY77,四川中长跑体育文化发展有限公司,8911,体育竞赛组织,体育竞赛 组织,体育竞赛;组织,体育竞赛,是,体育赛事,0.95,direct,6,1
91510504MA66B8FK4Q,泸州篮盟体育文化传播有限公司,8911,组织篮球比赛,组织 篮球比赛,篮球比赛;组织,,是,体育管理,0.75,direct,6,0
92510504MABTHTPN23,泸州市龙马潭区艾一鸣游泳馆,8921,游泳管理服务,游泳 管理 服务,游泳;服务;管理,游泳,是,健身休闲,0.95,direct,6,1
91510504314561062Q,泸州穿越户外拓展有限公司,8911,户外拓展训练,户外拓展 训练,户外拓展;训练,户外拓展,是,健身休闲,0.95,direct,6,1
91510504MAE3P7Q9XE,泸州曼朵舞蹈健身有限公司,8930,健身休闲活动,健身 休闲活动,休闲活动;健身,,是,健身休闲,0.75,direct,6,0
91510504MAE0U5LG4A,泸州市拼搏体育发展有限公司,8930,健身休闲活动,健身 休闲活动,休闲活动;健身,,是,健身休闲,0.75,direct,6,0
91510504MADHJDNE6K,泸州酷漫地带娱乐中心（个人独资）,8930,健身休闲活动,健身 休闲活动,休闲活动;健身,,是,健身休闲,0.75,direct,6,0
91510504MADN8A1RXQ,泸州市橙闪闪体育发展有限公司,8911,体育竞赛组织,体育竞赛 组织,体育竞赛;组织,体育竞赛,是,体育赛事,0.95,direct,6,1
91510504MA6BHMPE4A,四川泸州龙马潭无角兽体育文化发展有限责任公司,8919,健身休闲活动,健身 休闲活动,休闲活动;健身,,是,体育管理,0.75,direct,6,0
91510504MAE2TXFR9H,泸州星火体育文化发展有限公司,8911,体育竞赛组织,体育竞赛 组织,体育竞赛;组织,体育竞赛,是,体育赛事,0.95,direct,6,1
91510504MAD0204FX0,泸州市篮图体育文化传播有限公司,8911,体育竞赛组织,体育竞赛 组织,体育竞赛;组织,体育竞赛,是,体育赛事,0.95,direct,6,1
91510504MAC5HMWMX1,泸州新颖斐丽体育俱乐部有限公司,8930,健身休闲活动,健身 休闲活动,休闲活动;健身,,是,健身休闲,0.75,direct,6,0
91510504MA6598F68M,泸州新斐丽体育运动有限公司,8930,健身房健身活动,健身房 健身活动,健身活动;健身房,健身房,是,健身休闲,0.95,direct,7,1
91510504MA7EG0WA54,四川无限旗鱼体育发展有限公司,8911,体育竞赛组织,体育竞赛 组织,体育竞赛;组织,体育竞赛,是,体育赛事,0.95,direct,6,1
91510504MA6223G197,泸州品致体育文化用品有限公司,5142,体育用品及器材批发,体育用品 器材 批发,体育用品;器材;批发,体育用品,是,体育用品,0.95,direct,9,1
91510504MA64PRUH14,四川省泸州百舸体育文化发展有限责任公司,8911,体育服务,体育服务,体育服务,体育服务,是,体育管理,0.95,direct,4,1
91510504MA6B46BB68,四川飞翼体育文化发展有限公司,8392,体能培训,体能 培训,体能;培训,,是,体育培训,0.75,direct,4,0
91510504MABWDT6R58,泸州市龙马潭区浩运健身服务有限责任公司,8930,体育健身服务,体育 健身服务,健身服务;体育,健身服务,是,健身休闲,0.95,direct,6,1
91510504327071812G,泸州市君海体育文化传播有限公司,8392,少儿体育训练,少儿 体育训练,体育训练;少儿,,是,体育培训,0.75,direct,6,0
91510504MA6BDP9A6C,四川奕鑫体育文化发展有限公司,8919,体育赛制策划,体育 赛制 策划,赛制;策划;体育,,是,体育管理,0.75,direct,6,0
91510504MABRN8E32H,泸州一伽健身有限责任公司,8930,健身休闲活动,健身 休闲活动,休闲活动;健身,,是,健身休闲,0.75,direct,6,0
91510504MA67CMPP3F,泸州市靓动体育组织有限公司,8392,体校及体育培训,体校 体育培训,体育培训;体校,体育培训,是,体育培训,0.95,direct,7,1
91510504MAACH6GP1H,四川百团体育文化发展有限责任公司,5242,体育用品及器材零售,体育用品 器材 零售,体育用品;器材;零售,体育用品,是,体育用品,0.95,direct,9,1
91510504MA66NKYBXP,泸州跃动联合体育文化传播有限责任公司,8911,户外拓展训练,户外拓展 训练,户外拓展;训练,户外拓展,是,健身休闲,0.95,direct,6,1
91510504MA68EKP80A,泸州非渔青少年体育发展有限公司,8930,健身休闲活动,健身 休闲活动,休闲活动;健身,,是,健身休闲,0.75,direct,6,0
91510504MA69RGBFX9,泸州全洲建筑装饰工程有限公司,8921,体育场地维护,体育场地 维护,体育场地;维护,体育场地,是,体育场馆,0.95,direct,6,1
91510504MACU7WW05Y,泸州冠博体育俱乐部有限公司,8911,体育和娱乐业,体育 娱乐业,娱乐业;体育,,是,体育管理,0.75,direct,6,0
91510504MA68W6EA7D,四川熟匠酒文化传播有限责任公司,5142,体育用品及器材批发,体育用品 器材 批发,体育用品;器材;批发,体育用品,是,体育用品,0.95,direct,9,1
91510504MA68NA4117,泸州盛世佳兴商贸有限公司,5142,体育用品及器材批发,体育用品 器材 批发,体育用品;器材;批发,体育用品,是,体育用品,0.95,direct,9,1
91510504MA67T2KU0N,泸州创造体育有限公司,8919,体育组织,体育组织,体育组织,体育组织,是,体育管理,0.95,direct,4,1
91510504MA622BQ81W,泸州市龙马潭区逸动商贸有限公司,5242,健身器材零售,健身器材 零售,健身器材;零售,健身器材,是,体育用品,0.95,direct,6,1
91510504MAD1QC8FXA,泸州鑫众江伦户外用品有限公司,5242,体育用品及器材零售,体育用品 器材 零售,体育用品;器材;零售,体育用品,是,体育用品,0.95,direct,9,1
91510504MA67YH145K,泸州市奥游游泳俱乐部,8919,其他体育组织,其他 体育组织,体育组织;其他,体育组织,是,体育管理,0.95,direct,6,1
91510504MA69EGX9X4,四川省泸州市维捷体育发展有限公司,8930,健身活动,健身活动,健身活动,,是,健身休闲,0.75,direct,4,0
91510504MA65L50U6F,四川恒创足球俱乐部有限责任公司,8911,足球训练营,足球 训练营,训练营;足球,足球,是,体育用品,0.95,direct,5,1
91510504MAC1WDDP7T,四川省泸州市滑个板体育发展有限责任公司,5142,体育用品批发,体育用品批发,体育用品批发,体育用品批发,是,体育用品,0.95,direct,6,1
91510504MA62280G3D,泸州山那边户外运动有限责任公司,8919,户外运动策划组织服务,户外运动 策划 组织 服务,户外运动;策划;服务;组织,户外运动,是,健身休闲,0.95,direct,10,1
91510504MA66RMC23D,四川家福体育场馆管理服务有限公司,8930,休闲健身活动,休闲 健身活动,健身活动;休闲,,是,健身休闲,0.75,direct,6,0
91510504MABQ9BKQXM,泸州纤行瑜伽健身有限公司,8930,健身休闲活动,健身 休闲活动,休闲活动;健身,,是,健身休闲,0.75,direct,6,0
91510504MA62YADF8W,泸州睿健体育文化发展有限公司,8930,健身休闲活动,健身 休闲活动,休闲活动;健身,,是,健身休闲,0.75,direct,6,0
91510504MAC7AQEK3K,泸州勇者搏击俱乐部有限责任公司,8930,健身休闲活动,健身 休闲活动,休闲活动;健身,,是,健身休闲,0.75,direct,6,0
91510504MAACMY3675,四川蓝环章鱼体育文化发展有限公司,8392,体育活动培训,体育 活动 培训,体育;培训;活动,,是,体育培训,0.75,direct,6,0
91510504MA67UL38XU,泸州启辰文化传媒设备有限公司,7122,体育用品设备出租,体育用品 设备 出租,体育用品;出租;设备,体育用品,是,体育用品,0.6,none,8,1
91510504MA622C9F3C,四川智汇拓展训练有限公司,8911,户外拓展训练,户外拓展 训练,户外拓展;训练,户外拓展,是,健身休闲,0.95,direct,6,1
91510504MAE4G8D32R,泸州森海娱乐工作室个人独资,8930,健身休闲活动,健身 休闲活动,休闲活动;健身,,是,健身休闲,0.75,direct,6,0
91510504MACYWFFE50,四川泰智宸鑫文化传媒有限公司,9052,组织体育表演活动,组织 体育表演 活动,体育表演;组织;活动,体育表演,是,体育赛事,0.6,none,8,1
91510504MA6220D97J,泸州杰卡户外拓展活动有限公司,5242,体育用品及器材零售,体育用品 器材 零售,体育用品;器材;零售,体育用品,是,体育用品,0.95,direct,9,1
91510504MA651GXNXJ,泸州市护航竞训体育科技有限公司,8930,休闲健身活动,休闲 健身活动,健身活动;休闲,,是,健身休闲,0.75,direct,6,0
91510504MAACJGGA7N,四川言武堂搏击俱乐部有限公司,8911,体育和娱乐业,体育 娱乐业,娱乐业;体育,,是,体育管理,0.75,direct,6,0
91510504MAC14MKT6W,泸州冠凯体育文化发展有限公司,8911,体育竞赛组织,体育竞赛 组织,体育竞赛;组织,体育竞赛,是,体育赛事,0.95,direct,6,1
91510504MA69X3TGXG,泸州骁将体育发展有限公司,5142,体育用品批发,体育用品批发,体育用品批发,体育用品批发,是,体育用品,0.95,direct,6,1
9151052233772002X0,泸州亚迪亚拓展训练有限公司,8930,健身服务,健身服务,健身服务,健身服务,是,健身休闲,0.95,direct,4,1
91510504MAE5UD524D,泸州龙马潭区顶悦健身有限责任公司,8930,健身休闲活动,健身 休闲活动,休闲活动;健身,,是,健身休闲,0.75,direct,6,0
91510504MAE3B1PE1Y,泸州龙马潭区月云涧娱乐有限责任公司,8930,健身休闲活动,健身 休闲活动,休闲活动;健身,,是,健身休闲,0.75,direct,6,0
91510504MABPJLMF3B,泸州奕德振武体育发展有限公司,8930,健身休闲活动,健身 休闲活动,休闲活动;健身,,是,健身休闲,0.75,direct,6,0
91510504MADKXQQX55,泸州市龙马潭区浩和体育文化发展有限责任公司,8911,体育竞赛组织,体育竞赛 组织,体育竞赛;组织,体育竞赛,是,体育赛事,0.95,direct,6,1
91510504MACMFD970W,四川围城壹品武术文化传播有限公司,8930,健身休闲活动,健身 休闲活动,休闲活动;健身,,是,健身休闲,0.75,direct,6,0
91510504MA64EGME6P,泸州市龙马潭区罗建商贸有限公司,5242,体育用品及器材零售,体育用品 器材 零售,体育用品;器材;零售,体育用品,是,体育用品,0.95,direct,9,1
91510504MA633RLC2W,泸州市众胜体育组织有限公司,9052,体育服务,体育服务,体育服务,体育服务,是,体育管理,0.6,none,4,1
91510500MACNDHNW52,四川闯将电子商务传媒有限公司,5142,体育用品批发,体育用品批发,体育用品批发,体育用品批发,是,体育用品,0.95,direct,6,1
91510502MABLR88U1J,泸州艺冠体育文化发展有限公司,8930,游泳健身服务,游泳 健身服务,健身服务;游泳,游泳;健身服务,是,健身休闲,0.95,direct,6,2
91510504MADNALFX96,四川禧和叁号体育发展有限公司,8911,体育竞赛组织,体育竞赛 组织,体育竞赛;组织,体育竞赛,是,体育赛事,0.95,direct,6,1
91510504MA634U7RXA,泸州盛宏渔具有限公司,5242,体育用品及器材零售,体育用品 器材 零售,体育用品;器材;零售,体育用品,是,体育用品,0.95,direct,9,1
91510504MA69M42Y8Y,四川探途体育文化传播有限公司,9052,体育赛事策划,体育 赛事策划,赛事策划;体育,赛事策划,是,体育赛事,0.6,none,6,1
91510504MACYYC2C9A,四川民飞建设工程有限公司,4892,体育场地设施工程施工,体育场地设施 工程施工,体育场地设施;工程施工,体育场地设施,是,体育场馆,0.95,direct,10,1
91510504MA699GRQ3M,泸州市飞火体育有限责任公司,8392,体校及体育培训,体校 体育培训,体育培训;体校,体育培训,是,体育培训,0.95,direct,7,1
91510502MA6BMX1Q7W,泸州市龙魂体育有限公司,8392,少儿体育培训,少儿 体育培训,体育培训;少儿,体育培训,是,体育培训,0.95,direct,6,1
91510504MAAGUWGD9N,泸州市飞鱼游泳俱乐部,8930,体育活动,体育 活动,体育;活动,,是,健身休闲,0.75,direct,4,0
91510504MACLW8X207,泸州市龙马潭区搏动体育文化推广有限责任公司,8392,体校及体育培训,体校 体育培训,体育培训;体校,体育培训,是,体育培训,0.95,direct,7,1
91510504MA7NHX6R2B,泸州热浪体育科技有限责任公司,8392,体育培训服务,体育培训 服务,体育培训;服务,体育培训,是,体育培训,0.95,direct,6,1
91510504MABW8TUU5T,泸州龙马潭区酷豆体育发展有限公司,8392,体育培训,体育培训,体育培训,体育培训,是,体育培训,0.95,direct,4,1
91510504MA6226FD9K,泸州市荣力昇源健身服务有限公司,8930,休闲健身活动,休闲 健身活动,健身活动;休闲,,是,健身休闲,0.75,direct,6,0
91510504MA6920EE0R,泸州市飞翔云端体育运动有限公司,8930,体育项目经营,体育项目 经营,体育项目;经营,,是,健身休闲,0.75,direct,6,0
91510504MADX57C97P,泸州乐冠体育文化发展有限公司,8911,体育竞赛组织,体育竞赛 组织,体育竞赛;组织,体育竞赛,是,体育赛事,0.95,direct,6,1
91510521MACUP0LG7D,泸县翔锐体育发展有限公司,8999,体育用品及器材零售,体育用品 器材 零售,体育用品;器材;零售,体育用品,是,体育用品,0.6,none,9,1
91510521MABQAA299U,泸县酷豆体育发展有限公司,8930,健身休闲活动,健身 休闲活动,休闲活动;健身,,是,健身休闲,0.75,direct,6,0
91510521MA65Q63D6U,泸县庆欣体育用品销售有限责任公司,5142,体育用品及器材批发,体育用品 器材 批发,体育用品;器材;批发,体育用品,是,体育用品,0.95,direct,9,1
91510521MA7H16JE2Q,泸县山风体育俱乐部有限责任公司,8912,体育保障组织,体育 保障 组织,体育;保障;组织,,是,体育管理,0.75,direct,6,0
91510521MA684GWN2U,四川泸州恒焱体育组织有限公司,8919,其他体育组织服务,其他 体育组织 服务,体育组织;服务;其他,体育组织,是,体育管理,0.95,direct,8,1
91510521MAE07MG45N,四川久远户外运动俱乐部个人独资,8930,健身休闲活动,健身 休闲活动,休闲活动;健身,,是,健身休闲,0.75,direct,6,0
91510521MADRFPD08H,泸州市巨浪体育文化发展有限公司,8911,健身休闲活动,健身 休闲活动,休闲活动;健身,,是,体育管理,0.75,direct,6,0
91510521MABLR55Y72,泸州龙韵体育发展有限公司,8912,体育保障组织,体育 保障 组织,体育;保障;组织,,是,体育管理,0.75,direct,6,0
91510521MABPF91F5W,四川启扬户外拓展有限责任公司,8930,体验式拓展活动,体验式 拓展 活动,体验式;拓展;活动,,是,健身休闲,0.75,direct,7,0
91510521MABRED4M9T,泸州跃翔体育场馆管理有限公司,8912,体育场地设施服务,体育场地设施 服务,体育场地设施;服务,体育场地设施,是,体育场馆,0.95,direct,8,1
91510521MAC65DT95E,泸州隆跃体育发展有限公司,5142,体育场地设施批发,体育场地设施 批发,体育场地设施;批发,体育场地设施,是,体育场馆,0.95,direct,8,1
91510521MABNDXPF0Q,四川省万仁禾渔具有限公司,2449,渔具制造,渔具 制造,渔具;制造,渔具,是,体育用品,0.95,direct,4,1
91510521MA642E5R37,泸县旺昌鱼药经营部,5242,钓鱼用品零售,钓鱼 用品 零售,钓鱼;用品;零售,,是,体育用品,0.75,direct,6,0
91510521567634792U,泸县太伏运英制衣厂,1821,运动针织服装制造,运动 针织 服装 制造,针织;服装;制造;运动,,是,体育用品,0.75,direct,8,0
91510521MAACGG4610,四川怡然体育文化发展有限公司,8392,体育培训,体育培训,体育培训,体育培训,是,体育培训,0.95,direct,4,1
91510521MABQWN9K90,泸州浩月户外用品有限公司,5242,户外用品零售,户外用品 零售,户外用品;零售,,是,体育用品,0.75,direct,6,0
91510521MA65EEW43K,四川诗德睿服饰有限公司,1821,纺织服装制造,纺织 服装 制造,服装;纺织;制造,,是,体育用品,0.75,direct,6,0
91510521MA66RB4303,四川狼训健拓展训练有限公司,8392,体育运动训练,体育运动 训练,体育运动;训练,,是,体育培训,0.75,direct,6,0
91510522MA6ABAAP25,合江虎力体育文化发展有限公司,8392,武术培训服务,武术培训 服务,武术培训;服务,武术培训,是,体育培训,0.95,direct,6,1
91510522MAC32RKP8L,合江县华永武术文化传播有限公司,8392,跆拳道培训,跆拳道培训,跆拳道培训,跆拳道培训,是,体育培训,0.95,direct,5,1
91510522MA6A4QM937,四川荔动源体育场馆管理有限责任公司,8921,体育场馆管理,体育场馆 管理,体育场馆;管理,体育场馆,是,体育场馆,0.95,direct,6,1
91510522MABRXEAX3C,泸州星跃健身服务有限公司,8930,健身房服务,健身房 服务,健身房;服务,健身房,是,健身休闲,0.95,direct,5,1
91510522MA66UM7Q4C,泸州坤鹏体育有限公司,8392,拳击培训,拳击 培训,拳击;培训,,是,体育培训,0.75,direct,4,0
91510522MAC7MFPK9F,四川问安瑜伽健身有限公司,8930,瑜伽健身活动,瑜伽 健身活动,健身活动;瑜伽,瑜伽,是,健身休闲,0.95,direct,6,1
91510522MABN7X516N,泸州星光体育文化发展有限公司,9052,体育表演活动,体育表演 活动,体育表演;活动,体育表演,是,体育赛事,0.6,none,6,1
91510522MA64H6CFXX,四川光玉体育文化发展有限公司,8911,体育赛事组织,体育赛事 组织,体育赛事;组织,体育赛事,是,体育赛事,0.95,direct,6,1
91510522MA64CC341D,合江第舞帝健身有限公司,8930,室内休闲健身服务,室内 休闲 健身服务,健身服务;休闲;室内,健身服务,是,健身休闲,0.95,direct,8,1
91510522MA6AJ4GQ6F,合江滔搏体育用品销售有限责任公司,5242,体育用品零售,体育用品零售,体育用品零售,体育用品零售,是,体育用品,0.95,direct,6,1
91510522MACUWTCR7A,合江临港起点健身有限公司,8930,健身休闲活动,健身 休闲活动,休闲活动;健身,,是,健身休闲,0.75,direct,6,0
91510522MADPFJ2Y87,合江县林跃体育文化发展有限公司,8911,体育和文化活动,体育 文化 活动,体育;文化;活动,,是,体育管理,0.75,direct,7,0
91510522MA69W6CY1Q,四川铂驰体育文化传播有限公司,8929,体育场地服务,体育场地 服务,体育场地;服务,体育场地,是,体育场馆,0.95,direct,6,1
91510522MA67N0QQ8D,泸州迷彩记忆研学拓展服务有限公司,8930,休闲健身活动,休闲 健身活动,健身活动;休闲,,是,健身休闲,0.75,direct,6,0
91510522MA7LLF3P8R,合江县九支镇洪武艺术培训学校有限公司,8392,体校及体育培训,体校 体育培训,体育培训;体校,体育培训,是,体育培训,0.95,direct,7,1
91510522MA6302QK5Q,四川尖刀拓展训练有限公司,8392,体育教育,体育教育,体育教育,体育教育,是,体育培训,0.95,direct,4,1
91510522MA694YJA30,合江佳栩户外拓展有限公司,8930,体育健身活动,体育 健身活动,健身活动;体育,,是,健身休闲,0.75,direct,6,0
91510524MA6AGUGT52,叙永县星武体育文化传播有限公司,8392,武术培训,武术培训,武术培训,武术培训,是,体育培训,0.95,direct,4,1
91510524MA680AT823,叙永县云羿体育文化用品有限公司,5242,体育用品零售,体育用品零售,体育用品零售,体育用品零售,是,体育用品,0.95,direct,6,1
91510524MA7F6WR99W,叙永县意启蔚莱户外运动有限公司,8392,儿童体能服务,儿童 体能 服务,体能;儿童;服务,,是,体育培训,0.75,direct,6,0
91510524MABWRPL3XH,叙永县雲辉格斗户外运动有限公司,8930,拓展训练,拓展 训练,拓展;训练,,是,健身休闲,0.75,direct,4,0
91510524MACDNUGU5E,叙永鼎峰户外运动有限公司,8930,健身休闲活动,健身 休闲活动,休闲活动;健身,,是,健身休闲,0.75,direct,6,0
91510524MA67M98181,泸州市虎蛟拓展训练有限公司,8911,体育训练,体育训练,体育训练,,是,体育管理,0.75,direct,4,0
91510524MA655NQK1M,叙永县富胜源商贸有限公司,5242,文化体育用品零售,文化 体育用品零售,体育用品零售;文化,体育用品零售,是,体育用品,0.95,direct,8,1
91510524MAD4UKTE19,叙永县燃武非凡体育文化传播有限公司,8911,武术体育,武术 体育,武术;体育,武术,是,健身休闲,0.95,direct,4,1
91510524MACLE4KL43,叙永县康利体育文化发展有限公司,8930,健身休闲活动,健身 休闲活动,休闲活动;健身,,是,健身休闲,0.75,direct,6,0
91510524MA69ELDD9B,四川曼巴文化体育有限公司,8911,篮球训练,篮球 训练,篮球;训练,篮球,是,体育用品,0.95,direct,4,1
91510524MAACEUTK2Q,叙永世新九鼎体育文化发展有限责任公司,8392,体育培训,体育培训,体育培训,体育培训,是,体育培训,0.95,direct,4,1
91510524MA660Q2U2E,叙永力康游泳池管理有限公司,8930,游泳服务,游泳 服务,游泳;服务,游泳,是,健身休闲,0.95,direct,4,1
91510524MAC85TUN1K,泸州松之盛科技有限公司,5142,体育器材批发,体育器材 批发,体育器材;批发,体育器材,是,体育用品,0.95,direct,6,1
91510524MACF8519XT,泸州市叙永县秘境时光农庄有限责任公司,8930,休闲娱乐活动,休闲 娱乐活动,娱乐活动;休闲,,是,健身休闲,0.75,direct,6,0
91510524MAC4LK3A29,四川汉林资产商业运营管理有限责任公司,8930,滑雪服务,滑雪 服务,滑雪;服务,滑雪,是,健身休闲,0.95,direct,4,1
91510525MADMCKM6XH,古蔺羿泓青少年足球俱乐部有限责任公司,8911,体育训练,体育训练,体育训练,,是,体育管理,0.75,direct,4,0
91510525MADL0FBN9Y,泸州市蔺久荟体育文化发展有限公司,8911,娱乐服务,娱乐 服务,娱乐;服务,,是,体育管理,0.75,direct,4,0
91510525MAACMYA53W,泸州万钧体育文化发展有限责任公司,8392,少儿体育培训,少儿 体育培训,体育培训;少儿,体育培训,是,体育培训,0.95,direct,6,1
91510525MA69JAR172,古蔺尚泳恒温体育俱乐部有限责任公司,9052,体育赛事策划,体育 赛事策划,赛事策划;体育,赛事策划,是,体育赛事,0.6,none,6,1
91510525MA67UWE04U,古蔺县聚英艺体培训学校有限责任公司,8392,体育培训服务,体育培训 服务,体育培训;服务,体育培训,是,体育培训,0.95,direct,6,1
91510525MA68JP6D1B,古蔺科航教育培训学校有限公司,8392,职业技能培训服务,职业技能 培训 服务,职业技能;培训;服务,,是,体育培训,0.75,direct,8,0
91510525MA6ATEQT6G,古蔺逐梦少年体育文化传播有限公司,8930,健身活动的服务,健身活动 服务,健身活动;服务,,是,健身休闲,0.75,direct,7,0
91510525MA6BG7RJ11,古蔺县叁一二健身服务有限公司,8930,体育健身服务,体育 健身服务,健身服务;体育,健身服务,是,健身休闲,0.95,direct,6,1
91510525MA69URGK9R,古蔺瀚鼎非渔体育发展有限公司,8992,健身服务,健身服务,健身服务,健身服务,是,健身休闲,0.6,none,4,1
91510525MACHCKJEX8,古蔺县健兴体育文化发展有限公司,8912,体育保障服务,体育 保障 服务,体育;保障;服务,,是,体育管理,0.75,direct,6,0
91510525MACFPKDB6H,古蔺县嘉鑫业体育用品销售有限公司,5242,体育用品零售,体育用品零售,体育用品零售,体育用品零售,是,体育用品,0.95,direct,6,1
91510525MA64TL242C,泸州领衔体育俱乐部有限责任公司,8392,体育培训,体育培训,体育培训,体育培训,是,体育培训,0.95,direct,4,1
91510525MA644CN53X,泸州娅馨体育科技有限公司,8392,体育教育,体育教育,体育教育,体育教育,是,体育培训,0.95,direct,4,1
91510525MA64U91X65,古蔺县锐力体育发展有限责任公司,5242,体育用品零售,体育用品零售,体育用品零售,体育用品零售,是,体育用品,0.95,direct,6,1
91510525MABW4G941N,古蔺县锐创佳体育文化发展有限公司,8911,体育竞赛组织,体育竞赛 组织,体育竞赛;组织,体育竞赛,是,体育赛事,0.95,direct,6,1
91510525MA622751X1,古蔺县荣贵胶帽厂,2444,胶帽加工,胶帽 加工,胶帽;加工,,是,体育用品,0.75,direct,4,0
91510600MA63CGHP27,德阳炫动体育俱乐部合伙企业有限合伙,8911,,,,,是,体育管理,0.75,direct,0,0
91510603MAE8E96921,德阳市撒野马术俱乐部有限公司,8930,,,,,是,健身休闲,0.75,direct,0,0
91510600MA656HC83C,德阳鸿远体育合伙企业有限合伙,8911,,,,,是,体育管理,0.75,direct,0,0
91510603MADFJ9C33T,四川六号健身俱乐部有限公司,8930,健身服务,健身服务,健身服务,健身服务,是,健身休闲,0.95,direct,4,1
91510603MAE421T71C,四川去野吧户外运动有限公司,8930,健身休闲活动,健身 休闲活动,休闲活动;健身,,是,健身休闲,0.75,direct,6,0
91510603MADWL84U7C,德阳博跃体育文化发展有限责任公司,8392,乒乓球培训,乒乓球培训,乒乓球培训,乒乓球培训,是,体育培训,0.95,direct,5,1
91510600MA6232DT13,四川探险者拓展训练有限公司,8930,拓展训练服务,拓展 训练 服务,拓展;训练;服务,,是,健身休闲,0.75,direct,6,0
91510600MA62344454,四川星源体育发展有限责任公司,8392,体育培训,体育培训,体育培训,体育培训,是,体育培训,0.95,direct,4,1
91510600MA688P0H6D,四川百城体育有限公司,8930,健身服务,健身服务,健身服务,健身服务,是,健身休闲,0.95,direct,4,1
91510603MACH265973,四川青鸿体育文化推广有限公司,9052,体育赛事策划,体育 赛事策划,赛事策划;体育,赛事策划,是,体育赛事,0.6,none,6,1
91510600MA69LE8697,四川弘武堂体育发展有限公司,8930,健身休闲活动,健身 休闲活动,休闲活动;健身,,是,健身休闲,0.75,direct,6,0
91510600MA62320U7W,德阳上美踏悦健身服务有限公司,8930,健身服务,健身服务,健身服务,健身服务,是,健身休闲,0.95,direct,4,1
91510603MABQF2WA3X,四川翘翘堂拓展训练有限公司,8930,健身休闲活动,健身 休闲活动,休闲活动;健身,,是,健身休闲,0.75,direct,6,0
91510600MA672FQX1P,德阳巨铭商贸有限公司,5142,户外用品批发,户外用品 批发,户外用品;批发,,是,体育用品,0.75,direct,6,0
91510603MA670GPW9W,德阳蜀星团结体育科技有限公司,5142,体育用品及器材批发,体育用品 器材 批发,体育用品;器材;批发,体育用品,是,体育用品,0.95,direct,9,1
91510603MAC8UE8N7M,四川普众星体育文化推广有限公司,9052,体育赛事策划,体育 赛事策划,赛事策划;体育,赛事策划,是,体育赛事,0.6,none,6,1
91510603MA7MRUQM47,四川萨利曼体育文化发展有限公司,5242,体育用品零售,体育用品零售,体育用品零售,体育用品零售,是,体育用品,0.95,direct,6,1
91510600MA627RAPXT,德阳文鑫文化体育有限公司,8921,体育场馆管理,体育场馆 管理,体育场馆;管理,体育场馆,是,体育场馆,0.95,direct,6,1
91510600MA62TM358M,四川德阳轮飞舞体育俱乐部有限公司,8911,体育竞赛组织,体育竞赛 组织,体育竞赛;组织,体育竞赛,是,体育赛事,0.95,direct,6,1
91510603MA67EM0L2W,四川仪动体育文化发展有限公司,8911,体育竞赛组织,体育竞赛 组织,体育竞赛;组织,体育竞赛,是,体育赛事,0.95,direct,6,1
91510603MA6AGUPA77,德阳市毅柯文化用品有限责任公司,5242,体育用品零售,体育用品零售,体育用品零售,体育用品零售,是,体育用品,0.95,direct,6,1
91510603MABURUNJ54,四川虎魄格斗体育文化发展有限公司,8911,体育运动训练指导服务,体育运动 训练 指导 服务,体育运动;训练;指导;服务,,是,体育管理,0.75,direct,10,0
91510603MA673DUB7D,四川省睿翼篮球俱乐部有限公司,8930,健身休闲活动,健身 休闲活动,休闲活动;健身,,是,健身休闲,0.75,direct,6,0
91510600MABT99HC3F,四川引动体育文化传播有限公司,9052,体育赛事策划,体育 赛事策划,赛事策划;体育,赛事策划,是,体育赛事,0.6,none,6,1
91510603MABYGF559X,四川瀚锦体育文化发展有限责任公司,8912,体育保障组织服务,体育 保障 组织 服务,体育;保障;服务;组织,,是,体育管理,0.75,direct,8,0
91510600MA63YPM55J,四川威驰达钓具有限公司,5242,渔具零售,渔具 零售,渔具;零售,渔具,是,体育用品,0.95,direct,4,1
91510600MA641MLY9N,德阳星虎体育文化传播有限公司,5142,体育用品批发,体育用品批发,体育用品批发,体育用品批发,是,体育用品,0.95,direct,6,1
91510603MAC6W0QL6Q,德阳西海岸健身服务有限公司,8930,健身服务,健身服务,健身服务,健身服务,是,健身休闲,0.95,direct,4,1
91510603MAC3W17W5W,德阳市旌阳区智航铭航体育文化发展有限公司,9052,体育赛事策划,体育 赛事策划,赛事策划;体育,赛事策划,是,体育赛事,0.6,none,6,1
91510600MA6657DG3W,四川锐孚户外拓展有限公司,8930,户外活动服务,户外活动 服务,户外活动;服务,,是,健身休闲,0.75,direct,6,0
91510603MA69KEXT0T,四川不二舞蹈健身有限公司,8930,健身休闲活动,健身 休闲活动,休闲活动;健身,,是,健身休闲,0.75,direct,6,0
91510600MA692YLA5B,四川德善武韵体育文化传播有限公司,9052,策划体育赛事,策划 体育赛事,体育赛事;策划,体育赛事,是,体育赛事,0.6,none,6,1
91510600MA66H8NR5K,四川风歌户外探险运动服务有限责任公司,8911,体育竞赛组织,体育竞赛 组织,体育竞赛;组织,体育竞赛,是,体育赛事,0.95,direct,6,1
91510600MA68MY4T02,四川凯锐嘉体育发展有限公司,5242,体育用品零售,体育用品零售,体育用品零售,体育用品零售,是,体育用品,0.95,direct,6,1
91510600MA6234373B,德阳市赛品汇体育文化产业发展有限公司,8392,体育培训,体育培训,体育培训,体育培训,是,体育培训,0.95,direct,4,1
91510600MA62ETPB48,四川西正体育设施有限公司,4991,体育设施安装,体育设施 安装,体育设施;安装,体育设施,是,体育场馆,0.6,none,6,1
91510600MA62GXBH6M,四川扬达健身服务有限责任公司,8392,青少年运动训练,青少年 运动 训练,青少年;训练;运动,,是,体育培训,0.75,direct,7,0
91510603MACE862G5R,德阳启智领航体育科技有限公司,8392,体育培训,体育培训,体育培训,体育培训,是,体育培训,0.95,direct,4,1
91510600MA655RY93M,四川悟道体育有限责任公司,8911,体育竞赛组织,体育竞赛 组织,体育竞赛;组织,体育竞赛,是,体育赛事,0.95,direct,6,1
91510603MADLQ0028F,德阳精艺阁极艺体育发展有限公司,8392,体育培训,体育培训,体育培训,体育培训,是,体育培训,0.95,direct,4,1
92510603MADKMLUH6M,德阳根号三体育文化传播有限公司,8911,体育竞赛组织,体育竞赛 组织,体育竞赛;组织,体育竞赛,是,体育赛事,0.95,direct,6,1
91510603MADNX1YJ67,德阳市旌阳区风生体育培训学校有限公司,8392,体育培训,体育培训,体育培训,体育培训,是,体育培训,0.95,direct,4,1
91510603MADPRMK40U,四川省云上美天健身服务有限公司,5142,体育用品及器材,体育用品 器材,体育用品;器材,体育用品,是,体育用品,0.95,direct,7,1
91510603MADPWKX297,四川锦豪体育文化发展有限公司,8392,健身休闲活动,健身 休闲活动,休闲活动;健身,,是,体育培训,0.75,direct,6,0
91510603MADG2M639Q,德阳市旌阳区赛搏力量健身有限公司,8930,体育健康服务,体育 健康 服务,体育;健康;服务,,是,健身休闲,0.75,direct,6,0
91510603MACCKY6428,四川动力特健身服务有限公司,8930,健身休闲活动,健身 休闲活动,休闲活动;健身,,是,健身休闲,0.75,direct,6,0
91510603MAC4WBNA5A,四川乾坤贸易有限公司,5142,体育用品批发,体育用品批发,体育用品批发,体育用品批发,是,体育用品,0.95,direct,6,1
91510603MABQ44388N,德阳旌城之星体育文化发展有限公司,8912,体育保障组织,体育 保障 组织,体育;保障;组织,,是,体育管理,0.75,direct,6,0
91510603MA7D7PB830,四川源武健身服务有限公司,8992,健身服务,健身服务,健身服务,健身服务,是,健身休闲,0.6,none,4,1
91510603MA6AQCQU2G,德阳市零度游泳服务有限公司,8930,游泳服务,游泳 服务,游泳;服务,游泳,是,健身休闲,0.95,direct,4,1
91510600MA66MCGE2Q,德阳市思斯瑜伽健身有限公司,8930,瑜伽健身服务,瑜伽 健身服务,健身服务;瑜伽,瑜伽;健身服务,是,健身休闲,0.95,direct,6,2
91510600MA66AU1N49,四川省力豪体育发展有限公司,8930,健身活动,健身活动,健身活动,,是,健身休闲,0.75,direct,4,0
91510600MA6343078W,四川驾游天下户外运动策划有限公司,7122,体育用品设备出租,体育用品 设备 出租,体育用品;出租;设备,体育用品,是,体育用品,0.6,none,8,1
91510603MABWE3AW6D,四川大德体育文化发展有限公司,8911,体育赛事策划,体育 赛事策划,赛事策划;体育,赛事策划,是,体育赛事,0.95,direct,6,1
91510600MA65EY0443,德阳胜格体育文化有限责任公司,8929,体育交流活动,体育 交流活动,交流活动;体育,,是,体育场馆,0.75,direct,6,0
91510603MA635M9Y3D,德阳市旌阳区梵静优佳瑜伽健身有限责任公司,8930,瑜伽服务,瑜伽 服务,瑜伽;服务,瑜伽,是,健身休闲,0.95,direct,4,1
91510600MA685QGN34,四川五零体育文化传播有限公司,8911,体育竞赛组织,体育竞赛 组织,体育竞赛;组织,体育竞赛,是,体育赛事,0.95,direct,6,1
91510600MA68WU2F7H,四川省狸花猫超模健身有限责任公司,8930,健身服务,健身服务,健身服务,健身服务,是,健身休闲,0.95,direct,4,1
91510603MAC8GL991H,德阳飞鹰体育文化发展有限公司,9052,体育赛事策划,体育 赛事策划,赛事策划;体育,赛事策划,是,体育赛事,0.6,none,6,1
91510600MA656P4RXC,德阳梵静瑜伽健身有限公司,8930,瑜伽服务,瑜伽 服务,瑜伽;服务,瑜伽,是,健身休闲,0.95,direct,4,1
91510600MA67UY3XX5,四川立度体育产业有限公司,8912,体育产业管理,体育产业 管理,体育产业;管理,体育产业,是,体育管理,0.95,direct,6,1
91510600MA66LUW38Q,德阳亚军体育用品有限公司,5242,体育用品零售,体育用品零售,体育用品零售,体育用品零售,是,体育用品,0.95,direct,6,1
91510600MA6235E68F,德阳艺通达贸易有限公司,5242,户外用品零售,户外用品 零售,户外用品;零售,,是,体育用品,0.75,direct,6,0
91510600MA67R6K99G,德阳港湾乒乓球俱乐部有限公司,8392,体育组织服务,体育组织 服务,体育组织;服务,体育组织,是,体育管理,0.95,direct,6,1
91510600MA642XHR19,四川德阳强松拓展训练咨询服务有限公司,8930,拓展训练服务,拓展 训练 服务,拓展;训练;服务,,是,健身休闲,0.75,direct,6,0
91510600MA6AYK728E,四川首航领动健身服务有限公司,8930,健身休闲服务,健身 休闲 服务,健身;休闲;服务,,是,健身休闲,0.75,direct,6,0
91510603MAACLDL85M,德阳市旌阳区三分线体育培训学校有限公司,8392,体育教育服务,体育教育 服务,体育教育;服务,体育教育,是,体育培训,0.95,direct,6,1
91510603MACC84GT3R,四川跃乐体育文化发展有限公司,8911,体育竞赛组织,体育竞赛 组织,体育竞赛;组织,体育竞赛,是,体育赛事,0.95,direct,6,1
91510600MA6669UJ71,四川童心同德健身服务有限公司,8911,体育项目组织服务,体育项目 组织 服务,体育项目;服务;组织,,是,体育管理,0.75,direct,8,0
91510600MA6AGLX954,德阳全地形文化旅游发展有限责任公司,8930,全地形摩托车休闲运动,地形 摩托车 休闲 运动,休闲;摩托车;地形;运动,,是,健身休闲,0.75,direct,10,0
91510603MACQYHF181,四川杉阳体育文化发展有限公司,8911,承接足球竞赛,承接 足球 竞赛,足球;竞赛;承接,足球,是,体育用品,0.95,direct,6,1
91510603MADP80M233,德阳市旌阳区鑫元体育培训学校有限公司,8392,体育培训,体育培训,体育培训,体育培训,是,体育培训,0.95,direct,4,1
91510603MABLPHX5XY,德阳永椿自行车有限公司,5142,自行车批发,自行车 批发,批发;自行车,,是,体育用品,0.75,direct,5,0
91510603MA7LLYXE0C,四川小曼巴体育发展有限公司,9052,体育赛事策划,体育 赛事策划,赛事策划;体育,赛事策划,是,体育赛事,0.6,none,6,1
91510603MACM0QJ78T,四川极力体育文化传播有限公司,8392,武术培训服务,武术培训 服务,武术培训;服务,武术培训,是,体育培训,0.95,direct,6,1
91510603MADFJHYQ3G,德阳市旌阳区硕果篮球培训学校有限公司,8392,体育培训,体育培训,体育培训,体育培训,是,体育培训,0.95,direct,4,1
91510603MADE3W4532,德阳印象自由鲨体育发展有限公司,8392,体育运动,体育运动,体育运动,,是,体育培训,0.75,direct,4,0
91510600MA66AU1U15,四川航启体育文化有限公司,8392,篮球培训,篮球培训,篮球培训,篮球培训,是,体育培训,0.95,direct,4,1
91510603MABTFC6B6Q,德阳顶峰健身服务有限公司,8930,游泳健身服务,游泳 健身服务,健身服务;游泳,游泳;健身服务,是,健身休闲,0.95,direct,6,2
91510600MA68RBMB2Y,四川玥亭瑜伽健身有限责任公司,8930,瑜伽健身服务,瑜伽 健身服务,健身服务;瑜伽,瑜伽;健身服务,是,健身休闲,0.95,direct,6,2
91510600MA6A4KB115,四川宜品双成图书有限责任公司,5242,文化体育用品零售,文化 体育用品零售,体育用品零售;文化,体育用品零售,是,体育用品,0.95,direct,8,1
91510600MA6237072W,四川凡石文化传播有限公司,8911,体育赛事,体育赛事,体育赛事,体育赛事,是,体育赛事,0.95,direct,4,1
91510600MA6A551B4J,四川杰思露商贸有限公司,5142,户外用品批发,户外用品 批发,户外用品;批发,,是,体育用品,0.75,direct,6,0
91510603MA7G9R8C62,德阳乐道体育俱乐部有限公司,8911,体育竞赛组织,体育竞赛 组织,体育竞赛;组织,体育竞赛,是,体育赛事,0.95,direct,6,1
91510600MA6231201J,德阳思必达贸易有限公司,5242,户外运动设备零售,户外运动 设备 零售,户外运动;零售;设备,户外运动,是,健身休闲,0.95,direct,8,1
91510600MA691NC27A,四川阿尔法远航教育信息有限公司,2443,健身器材制造,健身器材 制造,健身器材;制造,健身器材,是,体育用品,0.95,direct,6,1
91510604MADBXCY69M,四川潺城体育文化发展有限公司,8392,业务培训,业务培训,业务培训,,是,体育培训,0.75,direct,4,0
91510604MA6BT3P977,德阳飞凡体育文化传播有限公司,8911,体育竞赛组织,体育竞赛 组织,体育竞赛;组织,体育竞赛,是,体育赛事,0.95,direct,6,1
91510604MA69UM5G2D,四川纵横四海户外用品有限公司,5242,户外用品零售,户外用品 零售,户外用品;零售,,是,体育用品,0.75,direct,6,0
91510604MAACPX4R92,四川登峰体育文化发展有限责任公司,8392,篮球培训,篮球培训,篮球培训,篮球培训,是,体育培训,0.95,direct,4,1
91510604MAD162UN91,四川玲佳聆商贸有限公司,5242,体育用品零售,体育用品零售,体育用品零售,体育用品零售,是,体育用品,0.95,direct,6,1
91510604MAD09K696J,四川大井马业娱乐有限公司,8930,健身娱乐活动,健身 娱乐活动,娱乐活动;健身,,是,健身休闲,0.75,direct,6,0
915106266879397772,四川鸣笙瑞雨文化旅游资源开发有限公司,8930,休闲健身活动,休闲 健身活动,健身活动;休闲,,是,健身休闲,0.75,direct,6,0
9151062631442130XN,四川乐途旅游景区管理有限公司,8930,汽车营地开发与管理,汽车 营地 开发 管理,营地;开发;汽车;管理,,是,健身休闲,0.75,direct,9,0
91510600MA62301K6Q,四川绿动文化传播有限公司,8919,户外活动组织,户外活动 组织,户外活动;组织,,是,体育管理,0.75,direct,6,0
91510623MA6350UQ1E,四川诺瓦足球俱乐部有限公司,8911,足球培训,足球培训,足球培训,足球培训,是,体育培训,0.95,direct,4,1
91510623MAD42QFJ7T,四川离火功坊娱乐有限公司,8912,游艺娱乐活动,游艺 娱乐活动,游艺;娱乐活动,,是,体育管理,0.75,direct,6,0
91510623MAD8U3632W,德阳大智若娱体育文化传播有限公司,8911,体育竞赛组织,体育竞赛 组织,体育竞赛;组织,体育竞赛,是,体育赛事,0.95,direct,6,1
91510623MACHT07FX6,四川恒一体育文化传播有限公司,8911,体育竞赛组织,体育竞赛 组织,体育竞赛;组织,体育竞赛,是,体育赛事,0.95,direct,6,1
91510623MA64HQ5QX5,中江臻武体育文化有限公司,9052,体育文化活动组织,体育文化 活动 组织,体育文化;组织;活动,体育文化,是,体育管理,0.6,none,8,1
91510623MA673G223E,德阳锐龙体育文化传播有限公司,8911,体育竞赛组织,体育竞赛 组织,体育竞赛;组织,体育竞赛,是,体育赛事,0.95,direct,6,1
91510623MA69L4A3XF,德阳又耳健身服务有限公司,8930,健身休闲活动,健身 休闲活动,休闲活动;健身,,是,健身休闲,0.75,direct,6,0
91510623MAD6J1B02W,中江蜀鑫娱乐有限公司,8930,棋牌服务,棋牌 服务,棋牌;服务,,是,健身休闲,0.75,direct,4,0
91510623MAD615L33F,中江县久云文化娱乐有限公司,8930,棋牌室服务,棋牌室 服务,棋牌室;服务,,是,健身休闲,0.75,direct,5,0
91510623MAACFEX22Q,四川泉兴体育设施工程有限责任公司,4892,体育场地设施工程施工,体育场地设施 工程施工,体育场地设施;工程施工,体育场地设施,是,体育场馆,0.95,direct,10,1
91510623MAD5AW1542,中江尚品体育用品有限公司,5242,体育用品零售,体育用品零售,体育用品零售,体育用品零售,是,体育用品,0.95,direct,6,1
91510623MACBBTEL9D,德阳市飞羽羽毛球俱乐部有限公司,8911,体育运动服务,体育运动 服务,体育运动;服务,,是,体育管理,0.75,direct,6,0
91510623MAD3XPNWX8,中江亿钱娱乐有限公司,8930,健身休闲活动,健身 休闲活动,休闲活动;健身,,是,健身休闲,0.75,direct,6,0
91510623MAD5A23R59,中江县勇网文化娱乐有限公司,8930,健身休闲,健身 休闲,健身;休闲,,是,健身休闲,0.75,direct,4,0
91510623MA6234UT5P,德阳胜亚体育文化传播有限公司,8911,体育竞赛组织,体育竞赛 组织,体育竞赛;组织,体育竞赛,是,体育赛事,0.95,direct,6,1
91510623MAD483A93F,中江茗天再来娱乐有限公司,8930,健身休闲活动,健身 休闲活动,休闲活动;健身,,是,健身休闲,0.75,direct,6,0
91510623MAD39TAQ8R,中江珍茗源娱乐有限公司,8930,健身休闲活动,健身 休闲活动,休闲活动;健身,,是,健身休闲,0.75,direct,6,0
91510623MA7NDPX93U,中江县七方健身服务有限公司,8930,体育健身休闲活动,体育 健身 休闲活动,休闲活动;健身;体育,,是,健身休闲,0.75,direct,8,0
91510623MA64BUT91D,德阳翼搏地坪工程有限公司,4892,体育场地设施工程施工,体育场地设施 工程施工,体育场地设施;工程施工,体育场地设施,是,体育场馆,0.95,direct,10,1
91510623MA67FEUPX1,中江青桐游乐有限责任公司,8912,电玩娱乐服务,电玩 娱乐 服务,电玩;娱乐;服务,,是,体育管理,0.75,direct,6,0
91510623MA66H3TGXH,德阳英驰体育文化有限公司,8911,体育运动训练指导服务,体育运动 训练 指导 服务,体育运动;训练;指导;服务,,是,体育管理,0.75,direct,10,0
91510623MA69Y1B982,德阳宝林体育文化传播有限公司,8929,其他体育设施场地管理,其他 体育设施 场地 管理,体育设施;场地;管理;其他,体育设施,是,体育场馆,0.95,direct,10,1
915106230958975855,中江县蜀地翔圣赛鸽有限公司,8911,赛鸽项目组织服务,赛鸽 项目 组织 服务,赛鸽;服务;项目;组织,,是,体育管理,0.75,direct,8,0
91510623MA69UJ8C0Y,德阳飞赫体育用品有限公司,2442,体育用品及器材制造,体育用品 器材 制造,体育用品;器材;制造,体育用品,是,体育用品,0.95,direct,9,1
92510623MACDNFD18Q,中江嘉译游乐有限公司,8930,台球服务,台球 服务,台球;服务,台球,是,健身休闲,0.95,direct,4,1
91510623MA68FLN001,中江韬博健身服务有限公司,8930,健身服务,健身服务,健身服务,健身服务,是,健身休闲,0.95,direct,4,1
91510623MAD7JMLT1T,中江歆瑶茶楼有限公司,8930,棋牌服务,棋牌 服务,棋牌;服务,,是,健身休闲,0.75,direct,4,0
92510623MA63N03H4Q,中江晨熙文化娱乐有限公司,8930,麻将馆服务,麻将馆 服务,麻将馆;服务,,是,健身休闲,0.75,direct,5,0
91510623MAD526LX60,中江兴苹棋牌有限公司,8930,棋牌娱乐,棋牌 娱乐,棋牌;娱乐,,是,健身休闲,0.75,direct,4,0
92510623MA64QE140T,四川刹那网球俱乐部有限公司,5142,批发户外体育用品,批发 户外 体育用品,体育用品;户外;批发,体育用品,是,体育用品,0.95,direct,8,1
91510623MA638EM616,中江县智越驾校,8392,职业技能培训服务,职业技能 培训 服务,职业技能;培训;服务,,是,体育培训,0.75,direct,8,0
91510623MAD8DLL934,德阳伴山体育文化发展有限公司,8930,健身休闲娱乐,健身 休闲 娱乐,健身;休闲;娱乐,,是,健身休闲,0.75,direct,6,0
91510623MA68WDAE3N,中江县军武健身服务有限公司,8930,健身休闲活动,健身 休闲活动,休闲活动;健身,,是,健身休闲,0.75,direct,6,0
92510623MA68E71A97,中江县乡土风情茶楼有限责任公司,8930,棋牌服务,棋牌 服务,棋牌;服务,,是,健身休闲,0.75,direct,4,0
91510623MAD90AYA4N,中江县蕙惠文化娱乐有限公司,8930,一般棋牌游戏,一般 棋牌 游戏,棋牌;游戏;一般,,是,健身休闲,0.75,direct,6,0
91510600MACRX4WE27,德阳弘扬足球俱乐部有限公司,8911,体育竞赛,体育竞赛,体育竞赛,体育竞赛,是,体育赛事,0.95,direct,4,1
91510600MAD8LT28XL,四川裕诺亿贸易有限公司,5142,体育用品批发,体育用品批发,体育用品批发,体育用品批发,是,体育用品,0.95,direct,6,1
91510600MAE9BJLF9D,德阳芙晓瑜伽健身有限责任公司,8930,健身休闲活动,健身 休闲活动,休闲活动;健身,,是,健身休闲,0.75,direct,6,0
91510600MA63NN594K,德阳帕坦纯瑜伽健身有限责任公司,8930,健身服务,健身服务,健身服务,健身服务,是,健身休闲,0.95,direct,4,1
91510600MAC9HRTG95,四川威拓体育文化发展有限公司,8911,体育竞赛组织,体育竞赛 组织,体育竞赛;组织,体育竞赛,是,体育赛事,0.95,direct,6,1
91510600MA6232KD54,德阳泊伦健身服务有限公司,8930,健身服务,健身服务,健身服务,健身服务,是,健身休闲,0.95,direct,4,1
91510600MA62372C6R,德阳征途途邦户外用品有限公司,2449,户外用品制造,户外用品 制造,户外用品;制造,,是,体育用品,0.75,direct,6,0
92510600MA65T7CN4D,德阳自由鲨体育发展有限公司,8911,体育竞赛组织,体育竞赛 组织,体育竞赛;组织,体育竞赛,是,体育赛事,0.95,direct,6,1
91510600MA640X0P6N,德阳市艺向羽毛球俱乐部有限责任公司,8911,体育羽毛球运动,体育 羽毛球 运动,羽毛球;体育;运动,羽毛球,是,体育用品,0.95,direct,7,1
91510600MA65JJJK2T,德阳市风林体育文化有限公司,9052,组织体育文化活动,组织 体育文化 活动,体育文化;组织;活动,体育文化,是,体育管理,0.6,none,8,1
91510600MA6ANMWN4E,四川正一体育文化有限公司,9052,体育服务,体育服务,体育服务,体育服务,是,体育管理,0.6,none,4,1
91510600MA6AY1FE5W,德阳努克文化传媒有限公司,9054,体育经纪服务,体育经纪 服务,体育经纪;服务,体育经纪,是,体育传媒,0.6,none,6,1
91510600MA66E1Y5XW,德阳博武名扬体育文化有限责任公司,5242,体育用品零售,体育用品零售,体育用品零售,体育用品零售,是,体育用品,0.95,direct,6,1
91510600MAD85HRR46,四川工建鲨鱼健身管理有限公司,8930,健身活动服务,健身活动 服务,健身活动;服务,,是,健身休闲,0.75,direct,6,0
91510600MA67TXQ75C,四川西奥体育文化推广有限公司,8919,体育文化,体育文化,体育文化,体育文化,是,体育管理,0.95,direct,4,1
92510600MADK778M7B,德阳战旗飘扬模型科技有限公司,9052,体育赛事策划,体育 赛事策划,赛事策划;体育,赛事策划,是,体育赛事,0.6,none,6,1
91510600MA7G5DNU99,四川信号枪吃鸡体验电竞俱乐部有限公司,8911,体验式拓展活动及策划,体验式 拓展 活动 策划,体验式;策划;拓展;活动,,是,体育管理,0.75,direct,10,0
91510600MACNEYLC0H,德阳吾悦踏悦健身服务有限公司,8930,健身休闲活动,健身 休闲活动,休闲活动;健身,,是,健身休闲,0.75,direct,6,0
91510600MABQLNXM8A,德阳月美仁文创策划经营部,8912,体育保障组织,体育 保障 组织,体育;保障;组织,,是,体育管理,0.75,direct,6,0
91510600095322722F,德阳米翘垂钓科技有限公司,5242,钓具零售服务,钓具 零售 服务,钓具;零售;服务,钓具,是,体育用品,0.95,direct,6,1
91510600MA63JMAU39,德阳海歆教育咨询有限责任公司,7246,体育咨询,体育咨询,体育咨询,体育咨询,是,体育管理,0.6,none,4,1
91510600MA6234UD4W,德阳跃动健身服务有限公司,8930,健身服务,健身服务,健身服务,健身服务,是,健身休闲,0.95,direct,4,1
91510600MA65FP256T,四川剑戈体育文化有限公司,8919,体育组织,体育组织,体育组织,体育组织,是,体育管理,0.95,direct,4,1
91510600MA64WDJQ50,德阳摩尔踏悦健身服务有限公司,8930,健身活动,健身活动,健身活动,,是,健身休闲,0.75,direct,4,0
91510600MA67BLEJ6W,德阳源动力体育文化发展有限公司,8919,体育竞赛组织,体育竞赛 组织,体育竞赛;组织,体育竞赛,是,体育赛事,0.95,direct,6,1
91510600MA65LDPYXH,德阳创酷铭途体育发展有限公司,8921,提供羽毛球场地服务,提供 羽毛球场 服务,羽毛球场;服务;提供,,是,体育场馆,0.75,direct,9,0
91510600MA6BM5EHXE,德阳市活力体育文化发展有限公司,9052,体育赛事策划,体育 赛事策划,赛事策划;体育,赛事策划,是,体育赛事,0.6,none,6,1
91510600MA65RC5B4R,四川省德阳绿色浪潮体育文化发展有限责任公司,5242,体育用品及器材零售,体育用品 器材 零售,体育用品;器材;零售,体育用品,是,体育用品,0.95,direct,9,1
91510600MAD7PXEH1M,德阳九零力量健身有限公司,8930,,,,,是,健身休闲,0.75,direct,0,0
91510600MA7HM94R69,四川张强围棋俱乐部有限公司,8911,体育竞赛组织,体育竞赛 组织,体育竞赛;组织,体育竞赛,是,体育赛事,0.95,direct,6,1
91510600MAC0Y2WW5P,四川地标体育发展有限公司,8911,体育赛事策划,体育 赛事策划,赛事策划;体育,赛事策划,是,体育赛事,0.95,direct,6,1
91510600MA69303F4U,四川标杆体育管理有限责任公司,8921,体育产业管理,体育产业 管理,体育产业;管理,体育产业,是,体育管理,0.95,direct,6,1
91510600MA64Y36J99,德阳市布鲁斯健身服务有限公司,8930,健身服务,健身服务,健身服务,健身服务,是,健身休闲,0.95,direct,4,1
91510600MA6BHMXA2D,德阳市精诚体育文化发展有限公司,8392,体育培训,体育培训,体育培训,体育培训,是,体育培训,0.95,direct,4,1
91510600MACLHXYK0C,德阳三叶羽体育文化发展有限责任公司,8911,体育竞赛组织,体育竞赛 组织,体育竞赛;组织,体育竞赛,是,体育赛事,0.95,direct,6,1
91510600MA7KAFY34B,四川德阳一九零六体育文化发展有限责任公司,8911,体育竞赛组织,体育竞赛 组织,体育竞赛;组织,体育竞赛,是,体育赛事,0.95,direct,6,1
91510600MA632NAAXK,四川缪斯极木体育文化传播有限公司,8930,健身服务,健身服务,健身服务,健身服务,是,健身休闲,0.95,direct,4,1
91510600MA65GR2U18,四川诚至天下钓具有限公司,5142,渔具批发,渔具 批发,渔具;批发,渔具,是,体育用品,0.95,direct,4,1
91510600MA6533TH0F,四川石子体育文化发展有限责任公司,8392,体育培训,体育培训,体育培训,体育培训,是,体育培训,0.95,direct,4,1
91510600MABPP4RX9H,德阳元一活力体育俱乐部有限责任公司,8930,健身休闲服务,健身 休闲 服务,健身;休闲;服务,,是,健身休闲,0.75,direct,6,0
91510600MA66HB2F11,德阳缘成健身服务有限公司,8930,健身服务,健身服务,健身服务,健身服务,是,健身休闲,0.95,direct,4,1
91510681MAE11PN89X,四川众智成体育文化发展有限责任公司,8911,体育竞赛组织,体育竞赛 组织,体育竞赛;组织,体育竞赛,是,体育赛事,0.95,direct,6,1
91510681MADBK87N4A,四川恩嘉健身服务有限公司,8930,健身休闲活动,健身 休闲活动,休闲活动;健身,,是,健身休闲,0.75,direct,6,0
91510681MA67QQAP54,四川本来体育文化传播有限公司,8911,体育赛事策划,体育 赛事策划,赛事策划;体育,赛事策划,是,体育赛事,0.95,direct,6,1
91510681214293996K,四川亮立建筑工程有限公司,4720,体育场馆建筑,体育场馆 建筑,体育场馆;建筑,体育场馆,是,体育场馆,0.6,none,6,1
91510681MA6230TB06,四川龙奥体育文化有限公司,8911,体育项目服务,体育项目 服务,体育项目;服务,,是,体育管理,0.75,direct,6,0
91510681MA68KQXB5F,广汉叮叮猫体育文化有限公司,8930,健身休闲活动,健身 休闲活动,休闲活动;健身,,是,健身休闲,0.75,direct,6,0
91510681MACPXE6H7A,广汉市悟晟体育文化传播有限公司,8392,体育教学,体育 教学,体育;教学,,是,体育培训,0.75,direct,4,0
91510681MA62JLFM69,四川奥鑫体育发展有限责任公司,8930,休闲健身活动,休闲 健身活动,健身活动;休闲,,是,健身休闲,0.75,direct,6,0
91510681MA63B7XD6Y,广汉市奥鑫体育培训学校有限公司,8930,休闲健身活动,休闲 健身活动,健身活动;休闲,,是,健身休闲,0.75,direct,6,0
91510681MABW120R8T,广汉市微笑健身服务有限责任公司,8930,健身休闲活动,健身 休闲活动,休闲活动;健身,,是,健身休闲,0.75,direct,6,0
91510681MACHPU993N,四川爱客行户外运动有限责任公司,8930,健身休闲活动,健身 休闲活动,休闲活动;健身,,是,健身休闲,0.75,direct,6,0
91510681MA62TD1F2J,四川汉风雒运体育文化发展有限公司,8919,开展体育活动,开展 体育 活动,体育;开展;活动,,是,体育管理,0.75,direct,6,0
91510681MA684C878J,广汉乐享健身服务有限公司,8930,健身休闲活动,健身 休闲活动,休闲活动;健身,,是,健身休闲,0.75,direct,6,0
91510681MA68418A2K,广汉水动乐体育场馆管理有限公司,8921,游泳馆服务,游泳馆 服务,游泳馆;服务,游泳馆,是,体育场馆,0.95,direct,5,1
91510681MADTQMUY8U,广汉柒萌体育文化传播有限公司,8911,体育竞赛组织,体育竞赛 组织,体育竞赛;组织,体育竞赛,是,体育赛事,0.95,direct,6,1
91510681MA6947B23D,四川鑫协恒商贸有限公司,5142,批发文化体育品,批发 文化 体育,批发;体育;文化,,是,体育用品,0.75,direct,7,0
91510681MA6238024F,广汉市博胜赛鸽有限公司,8911,体育竞赛组织,体育竞赛 组织,体育竞赛;组织,体育竞赛,是,体育赛事,0.95,direct,6,1
91510681309350404X,四川力朗体育器材有限公司,5242,体育器材零售,体育器材 零售,体育器材;零售,体育器材,是,体育用品,0.95,direct,6,1
91510681MA7M0KDL9T,德阳贝恩猩球体育文化发展有限责任公司,8911,体育竞赛组织,体育竞赛 组织,体育竞赛;组织,体育竞赛,是,体育赛事,0.95,direct,6,1
91510681MA7JTYE90A,四川小超巨体育文化发展有限责任公司,8912,体育文化发展,体育文化 发展,体育文化;发展,体育文化,是,体育管理,0.95,direct,6,1
91510681MA6B4MXQ2H,广汉一胜健身服务有限公司,8930,健身休闲活动,健身 休闲活动,休闲活动;健身,,是,健身休闲,0.75,direct,6,0
91510681MACCW8M65E,四川汇星体育文化传播有限公司,8911,健身休闲活动,健身 休闲活动,休闲活动;健身,,是,体育管理,0.75,direct,6,0
91510681MA6A5EKT7W,四川贤平建设工程有限公司,4892,体育场地设施工程施工,体育场地设施 工程施工,体育场地设施;工程施工,体育场地设施,是,体育场馆,0.95,direct,10,1
91510681MACD3R051M,四川汉州篮体育文化传播有限责任公司,8911,体育竞赛组织,体育竞赛 组织,体育竞赛;组织,体育竞赛,是,体育赛事,0.95,direct,6,1
91510681MA7JELBK4T,四川羿武体育俱乐部有限公司,8911,体育竞赛组织和策划,体育竞赛 组织 策划,体育竞赛;策划;组织,体育竞赛,是,体育赛事,0.95,direct,9,1
91510681MA66U1B18T,广汉市首航健身服务有限公司,8930,健身服务,健身服务,健身服务,健身服务,是,健身休闲,0.95,direct,4,1
91510681MA63G42U78,四川金雁搏击俱乐部有限公司,8911,体育竞赛组织,体育竞赛 组织,体育竞赛;组织,体育竞赛,是,体育赛事,0.95,direct,6,1
91510681MA7KN1JH6X,四川冰欠体育文化发展有限公司,8911,体育竞赛组织,体育竞赛 组织,体育竞赛;组织,体育竞赛,是,体育赛事,0.95,direct,6,1
91510681MA66MNY02C,四川杰骜体育咨询有限公司,7246,体育咨询,体育咨询,体育咨询,体育咨询,是,体育管理,0.6,none,4,1
91510681MACDX6DH9L,广汉锦辰健身服务有限公司,8930,健身休闲活动,健身 休闲活动,休闲活动;健身,,是,健身休闲,0.75,direct,6,0
91510681MA7DX7WL6U,四川五运体育文化发展有限公司,5242,体育用品及器械零售,体育用品 器械 零售,体育用品;器械;零售,体育用品,是,体育用品,0.95,direct,9,1
91510681MA6BQPMQ07,广汉市优优健身服务有限公司,8930,瑜伽运动,瑜伽 运动,瑜伽;运动,瑜伽,是,健身休闲,0.95,direct,4,1
91510681MA7FNE12XQ,四川省萌动儿童体育文化发展有限责任公司,8911,体育竞赛组织,体育竞赛 组织,体育竞赛;组织,体育竞赛,是,体育赛事,0.95,direct,6,1
91510681MABU1P4E8B,四川宇鸿体育文化传播有限公司,8392,体育培训服务,体育培训 服务,体育培训;服务,体育培训,是,体育培训,0.95,direct,6,1
91510681MA6442TW5J,四川斯巴达健身有限公司,8930,健身服务,健身服务,健身服务,健身服务,是,健身休闲,0.95,direct,4,1
91510681MA644F602Q,四川元气健身有限公司,8930,健身休闲活动,健身 休闲活动,休闲活动;健身,,是,健身休闲,0.75,direct,6,0
91510681MA64JFNQ52,广汉澜蕴健身服务有限公司,8930,休闲健身活动,休闲 健身活动,健身活动;休闲,,是,健身休闲,0.75,direct,6,0
91510681MA69MUQQ6B,四川飞翔极限体育文化发展有限公司,8992,体育服务,体育服务,体育服务,体育服务,是,体育管理,0.6,none,4,1
91510681MACRDMJN33,四川天素户外用品有限公司,5242,户外用品零售,户外用品 零售,户外用品;零售,,是,体育用品,0.75,direct,6,0
91510681MA6233AX8C,四川启航马术俱乐部有限公司,8930,马术健身俱乐部服务,马术 健身俱乐部 服务,健身俱乐部;马术;服务,马术;健身俱乐部,是,健身休闲,0.95,direct,9,2
91510681MA66TL7M3T,广汉新泽文化发展有限公司,8911,体育竞赛组织,体育竞赛 组织,体育竞赛;组织,体育竞赛,是,体育赛事,0.95,direct,6,1
91510681MA68T1T431,四川恋爱坪户外运动有限公司,8930,户外运动组织策划,户外运动 组织 策划,户外运动;策划;组织,户外运动,是,健身休闲,0.95,direct,8,1
91510681MADN9BRF51,四川云朗服饰有限公司,1821,服装制造,服装 制造,服装;制造,,是,体育用品,0.75,direct,4,0
91510681MA65JKCL91,广汉花开足球俱乐部,8919,体育组织,体育组织,体育组织,体育组织,是,体育管理,0.95,direct,4,1
91510681MA66DP1E3J,四川意拳体育文化传播有限公司,8930,全民健身服务,全民 健身服务,健身服务;全民,健身服务,是,健身休闲,0.95,direct,6,1
91510681MACX4HGE37,广汉市珊瑚记忆文化用品有限公司,5142,体育用品及器材批发,体育用品 器材 批发,体育用品;器材;批发,体育用品,是,体育用品,0.95,direct,9,1
91510681MA7E1G298X,广汉市楠鑫电玩馆个人独资,8912,体育保障组织,体育 保障 组织,体育;保障;组织,,是,体育管理,0.75,direct,6,0
91510681577591589F,四川新动力体育器材有限责任公司,2443,生产健身器材,生产 健身器材,健身器材;生产,健身器材,是,体育用品,0.95,direct,6,1
91510681345714527N,广汉市迈翁户外拓展有限责任公司,8930,健身休闲活动,健身 休闲活动,休闲活动;健身,,是,健身休闲,0.75,direct,6,0
91510681MADMNQBX76,四川忆墅户外用品有限责任公司,5142,体育用品批发,体育用品批发,体育用品批发,体育用品批发,是,体育用品,0.95,direct,6,1
91510681MADP8DAP0X,四川博凡体育文化传播有限公司,8912,体育保障组织,体育 保障 组织,体育;保障;组织,,是,体育管理,0.75,direct,6,0
91510682MACX6B2X4W,四川中伦格致户外用品有限公司,2444,箱包制作,箱包 制作,箱包;制作,,是,体育用品,0.75,direct,4,0
91510682MAD17GMB3W,四川启运健身服务有限公司,8930,健身休闲,健身 休闲,健身;休闲,,是,健身休闲,0.75,direct,4,0
91510682MAD351TX8L,四川星运乐体健身服务有限公司,8930,体育娱乐,体育 娱乐,体育;娱乐,,是,健身休闲,0.75,direct,4,0
91510682MA6AYMLP0C,四川紫剑渔具有限公司,5242,钓鱼的各类用具零售,钓鱼 各类 用具 零售,用具;钓鱼;零售;各类,,是,体育用品,0.75,direct,9,0
91510682MA6233F77D,什邡市锐博健身服务有限公司,8930,健身服务,健身服务,健身服务,健身服务,是,健身休闲,0.95,direct,4,1
91510682MADPH2JX2C,德阳极行户外健身管理有限公司,8930,健身休闲活动,健身 休闲活动,休闲活动;健身,,是,健身休闲,0.75,direct,6,0
91510682MABT4JG25Q,什邡市薪火体育文化发展有限公司,5242,体育用品及器材零售,体育用品 器材 零售,体育用品;器材;零售,体育用品,是,体育用品,0.95,direct,9,1
92510682MAC8X18MXL,什邡市威纳健身俱乐部有限公司,8930,健身休闲活动,健身 休闲活动,休闲活动;健身,,是,健身休闲,0.75,direct,6,0
91510682MABXTMQT80,什邡市本来印象健身管理有限公司,8912,体育保障组织,体育 保障 组织,体育;保障;组织,,是,体育管理,0.75,direct,6,0
91510682MACDU7XR4E,什邡市海程文化创意策划有限公司,9052,体育表演,体育表演,体育表演,体育表演,是,体育赛事,0.6,none,4,1
91510682MADC30AH05,什邡市盛安体育赛事策划有限公司,8911,体育竞赛组织,体育竞赛 组织,体育竞赛;组织,体育竞赛,是,体育赛事,0.95,direct,6,1
91510682MA6A6JGDXM,什邡诚晨体育发展有限公司,8999,体育竞赛组织,体育竞赛 组织,体育竞赛;组织,体育竞赛,是,体育赛事,0.6,none,6,1
91510682MA69L1ND6F,四川省浩武聚英搏击俱乐部有限公司,8930,健身休闲活动,健身 休闲活动,休闲活动;健身,,是,健身休闲,0.75,direct,6,0
91510682MA7KC0MR4T,四川猩计划健身俱乐部有限公司,8392,体育运动培训,体育运动 培训,体育运动;培训,,是,体育培训,0.75,direct,6,0
91510682MA7L4LBF0G,四川星火少年体育文化传播有限公司,8392,篮球培训,篮球培训,篮球培训,篮球培训,是,体育培训,0.95,direct,4,1
91510682MA6B15Q7XT,什邡市拓胜体育文化有限公司,8911,体育服务咨询,体育服务 咨询,体育服务;咨询,体育服务,是,体育管理,0.95,direct,6,1
91510682MA632MUP7Y,什邡阿斯顿体育用品有限责任公司,5142,体育用品及器材批发,体育用品 器材 批发,体育用品;器材;批发,体育用品,是,体育用品,0.95,direct,9,1
91510682MA66XYXW8C,四川朗逸航体育用品有限公司,5142,体育用品及器材批发,体育用品 器材 批发,体育用品;器材;批发,体育用品,是,体育用品,0.95,direct,9,1
91510682MA66DCC54R,四川牧马岛乡村马术俱乐部有限公司,8930,健身休闲活动,健身 休闲活动,休闲活动;健身,,是,健身休闲,0.75,direct,6,0
91510682MACAUUF5XG,德阳战旅户外运动有限公司,8930,健身休闲活动,健身 休闲活动,休闲活动;健身,,是,健身休闲,0.75,direct,6,0
91510682323397647M,什邡市蜀豫旅游发展有限公司,8930,漂流服务,漂流 服务,漂流;服务,漂流,是,健身休闲,0.95,direct,4,1
91510682MA68TGJQ0R,什邡市鸿洲旅游开发有限公司,8930,水上漂流活动,水上 漂流 活动,漂流;水上;活动,漂流,是,健身休闲,0.95,direct,6,1
91510682MABP5FTF59,什邡市天娇农业科技发展有限公司,7122,体育用品设备出租,体育用品 设备 出租,体育用品;出租;设备,体育用品,是,体育用品,0.6,none,8,1
91510682MABQMAXN6Y,四川兵峰体育文化传播有限公司,8911,体育竞赛组织,体育竞赛 组织,体育竞赛;组织,体育竞赛,是,体育赛事,0.95,direct,6,1
91510682MADYF8W33B,四川新竞者体育文化推广有限公司,8911,体育竞赛组织,体育竞赛 组织,体育竞赛;组织,体育竞赛,是,体育赛事,0.95,direct,6,1
91510682MA69DECR2E,四川卡莫足球俱乐部有限公司,8911,体育竞赛组织,体育竞赛 组织,体育竞赛;组织,体育竞赛,是,体育赛事,0.95,direct,6,1
91510682MADNRGN92Y,四川什邡际禹博宏体育文化传播有限公司,8911,体育竞赛组织,体育竞赛 组织,体育竞赛;组织,体育竞赛,是,体育赛事,0.95,direct,6,1
91510683MA64846D0C,绵竹市斯迈健身服务有限公司,8930,健身休闲活动,健身 休闲活动,休闲活动;健身,,是,健身休闲,0.75,direct,6,0
91510683MA65F74T6F,四川星舞道文化传播有限公司,8930,健身服务,健身服务,健身服务,健身服务,是,健身休闲,0.95,direct,4,1
91510683MACGQPND63,绵竹市五嘉健身服务有限公司,8930,健身休闲服务,健身 休闲 服务,健身;休闲;服务,,是,健身休闲,0.75,direct,6,0
91510683MABT40NH07,绵竹嘉忆体育科技有限公司,9052,体育服务,体育服务,体育服务,体育服务,是,体育管理,0.6,none,4,1
91510683MA62T7M23B,四川省斯尚健身有限公司,8930,游泳运动,游泳 运动,游泳;运动,游泳,是,健身休闲,0.95,direct,4,1
91510683MAC1AKGL2U,绵竹市海百川渔具有限责任公司,5242,渔具零售,渔具 零售,渔具;零售,渔具,是,体育用品,0.95,direct,4,1
91510683MAC1CYY98H,绵竹市钩皇渔具有限责任公司,5242,渔具零售,渔具 零售,渔具;零售,渔具,是,体育用品,0.95,direct,4,1
91510683MA6ARLJ020,四川少昇体育文化发展有限公司,8392,体育活动培训,体育 活动 培训,体育;培训;活动,,是,体育培训,0.75,direct,6,0
91510683MA67M5HL8E,四川博进文化传播有限公司,8919,体育项目活动服务,体育项目 活动 服务,体育项目;服务;活动,,是,体育管理,0.75,direct,8,0
91510683MA69DYJ27A,四川省绵竹市华飞游泳池管理有限公司,8921,游泳馆管理服务,游泳馆 管理 服务,游泳馆;服务;管理,游泳馆,是,体育场馆,0.95,direct,7,1
91510683MA63FW2P7N,绵竹市龙岭万嘉体育文化推广有限公司,8930,体育类社会服务,体育类 社会 服务,体育类;服务;社会,,是,健身休闲,0.75,direct,7,0
91510683MABR6GC8XF,四川军武营文化传播有限责任公司,8911,军事训练活动,军事训练 活动,军事训练;活动,,是,体育管理,0.75,direct,6,0
91510683MAC3HBTU4K,绵竹问道围棋俱乐部有限公司,8911,体育竞赛组织,体育竞赛 组织,体育竞赛;组织,体育竞赛,是,体育赛事,0.95,direct,6,1
91510683MA7LMWYR3U,绵竹市袋鼠体育文化发展有限公司,8912,体育器材保障组织,体育器材 保障 组织,体育器材;保障;组织,体育器材,是,体育用品,0.95,direct,8,1
91510683MA6B6T3K29,四川成志体能拓展训练有限公司,8392,体能训练,体能训练,体能训练,体能训练,是,体育培训,0.95,direct,4,1
91510683MA63YPCE50,四川省斯一迈体育有限责任公司,5242,零售健身器材,零售 健身器材,健身器材;零售,健身器材,是,体育用品,0.95,direct,6,1
91510683MA64LNA533,绵竹市自游人户外拓展俱乐部,8930,户外拓展服务,户外拓展 服务,户外拓展;服务,户外拓展,是,健身休闲,0.95,direct,6,1
91510683MA684LQJ56,四川古儒瑜伽健身服务有限公司,8930,瑜伽服务,瑜伽 服务,瑜伽;服务,瑜伽,是,健身休闲,0.95,direct,4,1
91510683MA66CH953G,德阳领威消防安全技术服务有限公司,8930,健身休闲活动,健身 休闲活动,休闲活动;健身,,是,健身休闲,0.75,direct,6,0
91510683MA6B4HL264,德阳鼎奥体育用品有限公司,2441,足球生产,足球 生产,足球;生产,足球,是,体育用品,0.95,direct,4,1
91510683MA6BT6T23P,绵竹零点体育文化发展有限公司,8912,体育保障组织,体育 保障 组织,体育;保障;组织,,是,体育管理,0.75,direct,6,0
91510683MA6BEAPD7E,四川肥鱼户外运动有限公司,8930,休闲健身活动,休闲 健身活动,健身活动;休闲,,是,健身休闲,0.75,direct,6,0
91510703MAD9CK7R4P,四川曼巴未来体育发展有限公司,8911,体育竞赛组织,体育竞赛 组织,体育竞赛;组织,体育竞赛,是,体育赛事,0.95,direct,6,1
91510703MAD0B2F798,绵阳锐途体育文化发展有限公司,8919,其他体育组织,其他 体育组织,体育组织;其他,体育组织,是,体育管理,0.95,direct,6,1
91510703MAD5KXP03R,四川原球体育文化发展有限公司,9054,体育赛事组织,体育赛事 组织,体育赛事;组织,体育赛事,是,体育赛事,0.6,none,6,1
91510703MADLCQFX1G,四川野在一起户外运动有限公司,8930,体育业务,体育 业务,体育;业务,,是,健身休闲,0.75,direct,4,0
91510703MAD19L0M8K,成都蓝梦迪渔具有限公司,5142,,,,,是,体育用品,0.75,direct,0,0
91510703MAD91L1T5U,绵阳修源体育发展有限公司,8930,体育教育,体育教育,体育教育,体育教育,是,体育培训,0.95,direct,4,1
91510703MADB1UT61G,健盟健身俱乐部四川有限公司,8930,健身休闲活动,健身 休闲活动,休闲活动;健身,,是,健身休闲,0.75,direct,6,0
91510703MAD6EJX47Q,四川宛兴陶商贸有限责任公司,5242,体育用品及器材零售,体育用品 器材 零售,体育用品;器材;零售,体育用品,是,体育用品,0.95,direct,9,1
91510703MABUUE1C0X,四川零缺点体育文化传播有限公司,8930,台球活动,台球 活动,台球;活动,台球,是,健身休闲,0.95,direct,4,1
91510703MABXXCUK4B,四川妙达体育发展有限公司,8930,体育健身服务,体育 健身服务,健身服务;体育,健身服务,是,健身休闲,0.95,direct,6,1
91510703MA6BQP278Q,绵阳市速影天悦健身服务有限公司,8930,健身服务,健身服务,健身服务,健身服务,是,健身休闲,0.95,direct,4,1
91510703MA624NQ854,绵阳心鼎力体育文化传播有限公司,8930,健身服务,健身服务,健身服务,健身服务,是,健身休闲,0.95,direct,4,1
91510703584249263T,绵阳雅格格电子商务有限公司,5242,户外用品零售,户外用品 零售,户外用品;零售,,是,体育用品,0.75,direct,6,0
91510703MA6243CU1X,四川赛龙体育文化传播有限责任公司,9052,体育文化活动组织,体育文化 活动 组织,体育文化;组织;活动,体育文化,是,体育管理,0.6,none,8,1
91510704MA7EJ33890,绵阳勇创体育文化传播有限公司,5242,体育用品零售,体育用品零售,体育用品零售,体育用品零售,是,体育用品,0.95,direct,6,1
91510703MA653T3R8L,绵阳心跃体育发展有限公司,8911,体育运动训练指导服务,体育运动 训练 指导 服务,体育运动;训练;指导;服务,,是,体育管理,0.75,direct,10,0
91510703MA62TH020C,绵阳大浪体育用品有限公司,5242,体育用品零售,体育用品零售,体育用品零售,体育用品零售,是,体育用品,0.95,direct,6,1
91510703MACNNQ583L,四川柯洛德健身有限公司,8930,健身服务,健身服务,健身服务,健身服务,是,健身休闲,0.95,direct,4,1
91510703MA6240T30U,绵阳健龙运动服务有限公司,8392,乒乓球培训服务,乒乓球培训 服务,乒乓球培训;服务,乒乓球培训,是,体育培训,0.95,direct,7,1
91510703MABMGDDH1E,四川省何禾体育文化发展有限公司,8911,体育竞赛组织,体育竞赛 组织,体育竞赛;组织,体育竞赛,是,体育赛事,0.95,direct,6,1
91510703MA624JKW26,绵阳乐赛体育文化传播有限公司,8392,体育培训,体育培训,体育培训,体育培训,是,体育培训,0.95,direct,4,1
92510703MA6AMU3755,绵阳匠心体育用品有限公司,5242,体育用品零售,体育用品零售,体育用品零售,体育用品零售,是,体育用品,0.95,direct,6,1
91510703665373709F,绵阳市星源篮球运动培训有限责任公司,8392,篮球培训,篮球培训,篮球培训,篮球培训,是,体育培训,0.95,direct,4,1
92510703MA6A952Y0U,绵阳好伙伴体育用品有限公司,5242,体育用品零售,体育用品零售,体育用品零售,体育用品零售,是,体育用品,0.95,direct,6,1
91510703MA67LQCD23,四川西南猛虎户外运动有限责任公司,8919,户外运动的策划,户外运动 策划,户外运动;策划,户外运动,是,健身休闲,0.95,direct,7,1
91510703MA624F3B11,四川星虎体育文化传播有限公司,8392,体育培训,体育培训,体育培训,体育培训,是,体育培训,0.95,direct,4,1
91510703MACLJKU58M,四川宏博体适能体育俱乐部有限公司,8911,体育竞赛组织,体育竞赛 组织,体育竞赛;组织,体育竞赛,是,体育赛事,0.95,direct,6,1
91510703MABNYTM02A,四川欧荣体育文化发展有限公司,8911,体育竞赛组织,体育竞赛 组织,体育竞赛;组织,体育竞赛,是,体育赛事,0.95,direct,6,1
915107037422771050,绵阳市联腾商贸有限公司,5242,体育用品零售,体育用品零售,体育用品零售,体育用品零售,是,体育用品,0.95,direct,6,1
91510703MA668N2L4R,四川逸思研修教育管理有限公司,8930,户外拓展服务,户外拓展 服务,户外拓展;服务,户外拓展,是,健身休闲,0.95,direct,6,1
91510703MABNC8TN8J,绵阳乐动互通文化娱乐有限责任公司,8912,游艺娱乐活动,游艺 娱乐活动,游艺;娱乐活动,,是,体育管理,0.75,direct,6,0
91510703MA6517CDXK,绵阳朝晓体育培训有限公司,8392,体育培训,体育培训,体育培训,体育培训,是,体育培训,0.95,direct,4,1
91510703MABT0WD62K,绵阳零八幺六体育文化传播有限公司,8911,体育竞赛组织,体育竞赛 组织,体育竞赛;组织,体育竞赛,是,体育赛事,0.95,direct,6,1
91510703MADBNUMC6C,绵阳绵星体育赛事策划有限公司,7246,体育组织,体育组织,体育组织,体育组织,是,体育管理,0.6,none,4,1
91510703MA65MH8T79,四川绵阳型美健身服务有限公司,8930,健身服务,健身服务,健身服务,健身服务,是,健身休闲,0.95,direct,4,1
92510703MACHM6K16C,绵阳卓卓乒乓球俱乐部有限公司,8392,乒乓球培训服务,乒乓球培训 服务,乒乓球培训;服务,乒乓球培训,是,体育培训,0.95,direct,7,1
91510703MAACFT8R9U,绵阳鑫黑马健身服务有限公司,8930,健身娱乐服务,健身 娱乐 服务,健身;娱乐;服务,,是,健身休闲,0.75,direct,6,0
91510703MA6245AL0N,绵阳云垂千尺渔具有限公司,5242,渔具配件零售,渔具 配件 零售,渔具;配件;零售,渔具,是,体育用品,0.95,direct,6,1
92510703MACJ78B73G,绵阳小屋渔具有限公司,5242,渔具零售,渔具 零售,渔具;零售,渔具,是,体育用品,0.95,direct,4,1
91510703MA62CT3K79,四川起跑线体育发展有限公司,8930,健身服务,健身服务,健身服务,健身服务,是,健身休闲,0.95,direct,4,1
91510703MA6248BP8X,绵阳奇迹麦瑞可健身服务有限公司,8930,健身服务,健身服务,健身服务,健身服务,是,健身休闲,0.95,direct,4,1
915107033377263171,四川李庆武道文化传播有限公司,8911,体育竞赛组织,体育竞赛 组织,体育竞赛;组织,体育竞赛,是,体育赛事,0.95,direct,6,1
91510703MABR818E3T,四川华睿斯游泳馆管理有限公司,8930,游泳服务,游泳 服务,游泳;服务,游泳,是,健身休闲,0.95,direct,4,1
91510703784747128M,四川天行健教育发展有限公司,8930,户外运动,户外运动,户外运动,户外运动,是,健身休闲,0.95,direct,4,1
915107033094723052,四川嘉烨文化传播有限公司,5242,体育用品器材零售,体育用品 器材 零售,体育用品;器材;零售,体育用品,是,体育用品,0.95,direct,8,1
91510703MA6244DG6Y,四川天之健体育用品有限公司,5242,体育器材零售,体育器材 零售,体育器材;零售,体育器材,是,体育用品,0.95,direct,6,1
91510700095584669T,四川世尧兄弟体育文化传播有限公司,8392,篮球培训,篮球培训,篮球培训,篮球培训,是,体育培训,0.95,direct,4,1
9151070309212718X4,绵阳捷仕商贸有限责任公司,5242,体育用品零售,体育用品零售,体育用品零售,体育用品零售,是,体育用品,0.95,direct,6,1
91510703MA7KEMTT6D,四川柏睿在线科技有限公司,8930,户外拓展活动策划,户外拓展 活动 策划,户外拓展;策划;活动,户外拓展,是,健身休闲,0.95,direct,8,1
915107037847275305,四川省康威保健器材有限责任公司,5242,健身器材零售,健身器材 零售,健身器材;零售,健身器材,是,体育用品,0.95,direct,6,1
91510700MA677HW88Q,四川川健科技有限公司,5242,健身器材零售,健身器材 零售,健身器材;零售,健身器材,是,体育用品,0.95,direct,6,1
91510703MAC6FU6227,四川驰领演艺文化有限公司,8930,健身活动,健身活动,健身活动,,是,健身休闲,0.75,direct,4,0
91510703MAD8JU9W2M,绵阳千蜀缘体育文化推广有限责任公司,9052,体育表演服务,体育表演 服务,体育表演;服务,体育表演,是,体育赛事,0.6,none,6,1
91510703MA6975HU12,绵阳强健体育有限公司,5242,体育器材零售,体育器材 零售,体育器材;零售,体育器材,是,体育用品,0.95,direct,6,1
91510703MAD7P08C2G,四川驰骋百川体育文化发展有限公司,8911,体育竞赛组织,体育竞赛 组织,体育竞赛;组织,体育竞赛,是,体育赛事,0.95,direct,6,1
91510703MACFLNM0XP,绵阳市涪城区奚守鑫体育俱乐部中心,8930,台球服务,台球 服务,台球;服务,台球,是,健身休闲,0.95,direct,4,1
91510703345714308J,四川康尔沃体育用品有限公司,5242,体育用品零售,体育用品零售,体育用品零售,体育用品零售,是,体育用品,0.95,direct,6,1
91510703MA7K07MJ2T,绵阳市德启文化传媒有限公司,8911,体育竞赛,体育竞赛,体育竞赛,体育竞赛,是,体育赛事,0.95,direct,4,1
91510703314442928B,绵阳豪饰美商贸有限公司,5242,体育器材零售,体育器材 零售,体育器材;零售,体育器材,是,体育用品,0.95,direct,6,1
91510703MA623PCW2T,四川芃客体育服务有限公司,8392,体育教育,体育教育,体育教育,体育教育,是,体育培训,0.95,direct,4,1
91510703MACML7WD2C,绵阳新胜乒乓球俱乐部有限公司,8392,乒乓球练习,乒乓球 练习,乒乓球;练习,乒乓球,是,体育用品,0.95,direct,5,1
91510703MABQJJ1W4A,四川力普体育文化发展有限公司,8912,体育保障组织,体育 保障 组织,体育;保障;组织,,是,体育管理,0.75,direct,6,0
91510703MA6244NJ4X,四川华康翔文体设备有限公司,5242,体育用品零售,体育用品零售,体育用品零售,体育用品零售,是,体育用品,0.95,direct,6,1
91510703MA641NW03A,四川谦标商贸有限公司,5242,体育用品零售,体育用品零售,体育用品零售,体育用品零售,是,体育用品,0.95,direct,6,1
91510703MADF3XAE9Y,四川天意冬青体育文化传播有限公司,8911,体育组织,体育组织,体育组织,体育组织,是,体育管理,0.95,direct,4,1
91510703MADRCDT78B,绵阳市涪城区新奈斯电竞俱乐部个人独资,8911,体育组织,体育组织,体育组织,体育组织,是,体育管理,0.95,direct,4,1
91510703MAACGU62XM,四川岁月星河体育用品有限公司,5242,体育用品及器材零售,体育用品 器材 零售,体育用品;器材;零售,体育用品,是,体育用品,0.95,direct,9,1
91510703MA7JM6MDX2,绵阳市澎湃体育科技有限公司,5242,体育用品及器材零售,体育用品 器材 零售,体育用品;器材;零售,体育用品,是,体育用品,0.95,direct,9,1
91510703MA65771H5D,四川聚华体育文化传播有限公司,8392,体育培训,体育培训,体育培训,体育培训,是,体育培训,0.95,direct,4,1
91510703MAC32U3L5M,四川周泓锦建筑工程有限公司,4892,体育场地设施工程施工,体育场地设施 工程施工,体育场地设施;工程施工,体育场地设施,是,体育场馆,0.95,direct,10,1
91510703MADG1E5K4Y,四川鑫宏顺发体育文化传播有限公司,8911,体育组织,体育组织,体育组织,体育组织,是,体育管理,0.95,direct,4,1
91510703MA7K06DFXN,绵阳都火体育文化传播有限公司,8392,体育培训,体育培训,体育培训,体育培训,是,体育培训,0.95,direct,4,1
91510703590450932H,四川中宏达建设工程有限公司,4720,体育场馆建筑施工,体育场馆 建筑施工,体育场馆;建筑施工,体育场馆,是,体育场馆,0.6,none,8,1
91510703MA657DJY5N,四川赤木体育文化传播有限公司,8392,体育培训服务,体育培训 服务,体育培训;服务,体育培训,是,体育培训,0.95,direct,6,1
91510703MA66R1LD3H,四川新涪辰足球俱乐部有限公司,8911,体育项目组织服务,体育项目 组织 服务,体育项目;服务;组织,,是,体育管理,0.75,direct,8,0
91510703MA686W603R,四川江帆体育设施有限公司,5242,零售体育用品,零售 体育用品,体育用品;零售,体育用品,是,体育用品,0.95,direct,6,1
91510703MABUDJKR5H,绵阳乒搏者乒乓球俱乐部有限责任公司,8921,乒乓球场地设施经营,乒乓球 场地设施 经营,场地设施;乒乓球;经营,乒乓球,是,体育用品,0.95,direct,9,1
91510703MADGNY2T38,四川琅星渔具有限责任公司,5242,文化体育用品及器材专门零售,文化 体育用品 器材 专门 零售,体育用品;器材;零售;专门;文化,体育用品,是,体育用品,0.95,direct,13,1
91510703MA7MUNDN7K,四川树高体育文化传播有限公司,8392,体育培训服务,体育培训 服务,体育培训;服务,体育培训,是,体育培训,0.95,direct,6,1
91510703MA624D189W,四川旭诚雷蛙文化传播有限公司,9052,组织体育表演活动,组织 体育表演 活动,体育表演;组织;活动,体育表演,是,体育赛事,0.6,none,8,1
91510703MA69AL3A9D,绵阳逸动之羽文化传播有限公司,8930,射箭服务,射箭 服务,射箭;服务,射箭,是,健身休闲,0.95,direct,4,1
91510703MA693QFRXM,四川全吉体育设施工程有限公司,4892,体育运动场地施工,体育运动 场地 施工,体育运动;场地;施工,,是,体育场馆,0.75,direct,8,0
92510703MA68G0CD5F,绵阳添成源餐饮服务有限公司,8930,室内娱乐服务,室内 娱乐 服务,娱乐;室内;服务,,是,健身休闲,0.75,direct,6,0
91510703MAC3ELJ14E,绵阳普若美铁健身有限责任公司,8930,健身活动,健身活动,健身活动,,是,健身休闲,0.75,direct,4,0
91510703MA63P20Q5H,四川悦享动力体育文化传播有限公司,8392,体育培训,体育培训,体育培训,体育培训,是,体育培训,0.95,direct,4,1
91510703MA65N8EE39,绵阳爱起跑线健身服务有限公司,8930,健身房健身活动,健身房 健身活动,健身活动;健身房,健身房,是,健身休闲,0.95,direct,7,1
91510703MA68U9N0XE,绵阳直板涨分宝体育用品有限公司,5242,体育用品及配件研发,体育用品 配件 研发,体育用品;配件;研发,体育用品,是,体育用品,0.95,direct,9,1
91510703MA627C2T09,绵阳隆越体育服务有限公司,8921,游泳池管理服务,游泳池 管理 服务,游泳池;服务;管理,游泳池,是,健身休闲,0.95,direct,7,1
91510703MAC8MEBE9B,绵阳阿瑞斯体育文化发展有限公司,8911,体育赛事策划,体育 赛事策划,赛事策划;体育,赛事策划,是,体育赛事,0.95,direct,6,1
91510703MAD8XFAQ5Y,绵阳渔之贝体育器材有限公司,5242,体育器材零售,体育器材 零售,体育器材;零售,体育器材,是,体育用品,0.95,direct,6,1
91510703MA624CWC6R,绵阳市何家山市场管理有限公司,8930,棋牌服务,棋牌 服务,棋牌;服务,,是,健身休闲,0.75,direct,4,0
91510703MA62435L35,四川全民健身体育用品有限公司,5142,健身用品批发,健身 用品 批发,健身;用品;批发,,是,体育用品,0.75,direct,6,0
91510703MAC99MBX6R,绵阳市小黑体育文化传播有限公司,8930,健身休闲活动,健身 休闲活动,休闲活动;健身,,是,健身休闲,0.75,direct,6,0
91510703MADCWK4494,四川省长滕健身服务有限责任公司,8930,健身休闲活动,健身 休闲活动,休闲活动;健身,,是,健身休闲,0.75,direct,6,0
92510703MA65RL365K,绵阳市未来之城游乐设备有限公司,5242,体育用品及器材零售,体育用品 器材 零售,体育用品;器材;零售,体育用品,是,体育用品,0.95,direct,9,1
91510700MA677H383B,四川省斗魂体育文化有限公司,8930,健身服务,健身服务,健身服务,健身服务,是,健身休闲,0.95,direct,4,1
91510703586466747W,四川煜鹰商贸有限公司,5242,文化体育用品零售,文化 体育用品零售,体育用品零售;文化,体育用品零售,是,体育用品,0.95,direct,8,1
91510703MA6A9HP36K,中垚卓景科技有限公司,4892,体育场地设施工程施工,体育场地设施 工程施工,体育场地设施;工程施工,体育场地设施,是,体育场馆,0.95,direct,10,1
91510703MAD0K19J5U,绵阳康之豪健身有限责任公司,8992,健身服务,健身服务,健身服务,健身服务,是,健身休闲,0.6,none,4,1
91510703326988362G,四川康华远体育用品有限公司,5242,体育用品及器材零售,体育用品 器材 零售,体育用品;器材;零售,体育用品,是,体育用品,0.95,direct,9,1
915107036969927057,四川万年青康体游乐设备有限公司,5242,健身器材零售,健身器材 零售,健身器材;零售,健身器材,是,体育用品,0.95,direct,6,1
91510703MA64U6335B,绵阳市涪城区健行知培训学校有限公司,8392,武术培训,武术培训,武术培训,武术培训,是,体育培训,0.95,direct,4,1
91510703MACBEEYG0Y,绵阳市氧气健康管理有限公司,7122,体育用品设备出租,体育用品 设备 出租,体育用品;出租;设备,体育用品,是,体育用品,0.6,none,8,1
91510703MAACG14Q4P,四川赤木刚健康管理有限公司,8930,健身管理服务,健身 管理 服务,健身;服务;管理,,是,健身休闲,0.75,direct,6,0
91510703MA696YAU04,绵阳讯传影视文化有限公司,8930,影视制作,影视制作,影视制作,,是,健身休闲,0.75,direct,4,0
91510703MAACJEET40,绵阳友途户外拓展有限公司,8930,户外运动,户外运动,户外运动,户外运动,是,健身休闲,0.95,direct,4,1
91510703MACKMTKG4E,四川峰小铭体育文化发展有限公司,8392,篮球培训服务,篮球培训 服务,篮球培训;服务,篮球培训,是,体育培训,0.95,direct,6,1
91510703MAD4EFW21K,四川亦忻普拉提健康管理有限公司,8930,健身休闲活动,健身 休闲活动,休闲活动;健身,,是,健身休闲,0.75,direct,6,0
91510703MA65RXT041,绵阳市宏郡体育文化传播有限公司,9052,体育赛事策划,体育 赛事策划,赛事策划;体育,赛事策划,是,体育赛事,0.6,none,6,1
91510703MA68513X4Y,四川厚鸿教育咨询有限公司,8911,体育组织,体育组织,体育组织,体育组织,是,体育管理,0.95,direct,4,1
915107033233203323,四川金五环体育文化传播有限公司,8392,体育服务,体育服务,体育服务,体育服务,是,体育管理,0.95,direct,4,1
91510703MA68802H0G,绵阳弘宇体育文化传播有限公司,5242,体育用品零售,体育用品零售,体育用品零售,体育用品零售,是,体育用品,0.95,direct,6,1
92510703MA69UF3343,四川渔人部落户外用品有限公司,5242,渔具零售,渔具 零售,渔具;零售,渔具,是,体育用品,0.95,direct,4,1
91510703MA6AF1MNXX,四川艺阳壹拓体育科技有限公司,5142,体育用品批发,体育用品批发,体育用品批发,体育用品批发,是,体育用品,0.95,direct,6,1
92510703MA68YJMJ8F,四川鸟雷商贸有限公司,5242,游艺器材零售,游艺 器材 零售,游艺;器材;零售,,是,体育用品,0.75,direct,6,0
915107035883727523,绵阳悟道馆体育文化传播有限公司,9052,体育文化活动策划,体育文化 活动 策划,体育文化;策划;活动,体育文化,是,体育管理,0.6,none,8,1
91510703MAC1KANE75,绵阳潮玩文化传播有限公司,8930,体育健身,体育 健身,健身;体育,,是,健身休闲,0.75,direct,4,0
91510703MA6323AH2E,绵阳市飞越丛林体育发展有限公司,8930,休闲健身活动,休闲 健身活动,健身活动;休闲,,是,健身休闲,0.75,direct,6,0
92510703MACUQKL49D,四川真盛彩商贸有限公司,5242,渔具零售,渔具 零售,渔具;零售,渔具,是,体育用品,0.95,direct,4,1
91510703MA66T3FA7L,四川省浩悦足球俱乐部有限公司,8392,体育运动训练指导服务,体育运动 训练 指导 服务,体育运动;训练;指导;服务,,是,体育培训,0.75,direct,10,0
91510703MABM1Q3TX1,绵阳霹雳体育文化发展有限公司,8930,健身休闲活动,健身 休闲活动,休闲活动;健身,,是,健身休闲,0.75,direct,6,0
91510703MA6BJYEN1T,四川唯动众诚体育发展有限公司,5242,体育用品零售,体育用品零售,体育用品零售,体育用品零售,是,体育用品,0.95,direct,6,1
91510703MA6247T21G,四川鸿图博学文化有限公司,5142,体育用品批发,体育用品批发,体育用品批发,体育用品批发,是,体育用品,0.95,direct,6,1
91510703MADARTHT12,四川烟波钓客渔具有限公司,5242,文化体育用品及器材专门零售,文化 体育用品 器材 专门 零售,体育用品;器材;零售;专门;文化,体育用品,是,体育用品,0.95,direct,13,1
91510703MA62BJJ457,绵阳市召轩体育用品有限责任公司,5242,体育用品零售,体育用品零售,体育用品零售,体育用品零售,是,体育用品,0.95,direct,6,1
91510703MAACPU573T,四川终能体育文化传播有限公司,5242,体育用品零售,体育用品零售,体育用品零售,体育用品零售,是,体育用品,0.95,direct,6,1
91510703MADAP5GX18,绵阳茂春体育发展有限责任公司,8929,体育场地设施管理,体育场地设施 管理,体育场地设施;管理,体育场地设施,是,体育场馆,0.95,direct,8,1
91510703MADJU3QF82,绵阳因为涪山体育发展有限公司,8911,体育组织,体育组织,体育组织,体育组织,是,体育管理,0.95,direct,4,1
91510703MA68X5RP5F,绵阳新众诚体育发展有限公司,5242,体育用品零售,体育用品零售,体育用品零售,体育用品零售,是,体育用品,0.95,direct,6,1
915107033457109807,四川去运动体育用品有限公司,5142,健身器材批发,健身器材 批发,健身器材;批发,健身器材,是,体育用品,0.95,direct,6,1
91510703MA7NCGG1X6,绵阳云彩羽毛球俱乐部有限公司,8921,羽毛球运动及服务,羽毛球 运动 服务,羽毛球;服务;运动,羽毛球,是,体育用品,0.95,direct,8,1
91510703MA624A21XK,绵阳市索克体育发展有限公司,5242,体育用品及器材零售,体育用品 器材 零售,体育用品;器材;零售,体育用品,是,体育用品,0.95,direct,9,1
91510703345706746X,四川千城体育发展有限公司,8921,体育场地设施管理,体育场地设施 管理,体育场地设施;管理,体育场地设施,是,体育场馆,0.95,direct,8,1
91510703MA6246FK7Y,绵阳英豪体育发展有限公司,8930,健身活动,健身活动,健身活动,,是,健身休闲,0.75,direct,4,0
91510703MA6AC8U56J,四川雪趣科技发展有限公司,8930,滑冰滑雪,滑冰 滑雪,滑冰;滑雪,滑冰;滑雪,是,健身休闲,0.95,direct,4,2
91510703MA7FMLFT3A,四川君松体育发展有限公司,8911,体育竞赛组织,体育竞赛 组织,体育竞赛;组织,体育竞赛,是,体育赛事,0.95,direct,6,1
91510703MACKKRTL6R,绵阳市涪城区城浩体育俱乐部,8911,体育竞赛组织,体育竞赛 组织,体育竞赛;组织,体育竞赛,是,体育赛事,0.95,direct,6,1
91510703MADAWN0C5R,四川爱逗渔具有限公司,5242,文化体育用品及器材专门零售,文化 体育用品 器材 专门 零售,体育用品;器材;零售;专门;文化,体育用品,是,体育用品,0.95,direct,13,1
91510703MAACK3DX6U,四川天狼星体育俱乐部有限公司,8911,体育竞赛组织,体育竞赛 组织,体育竞赛;组织,体育竞赛,是,体育赛事,0.95,direct,6,1
91510703MABTTQW739,四川追光人户外运动有限公司,8930,休闲健身活动,休闲 健身活动,健身活动;休闲,,是,健身休闲,0.75,direct,6,0
91510703MA7HM6LN3J,绵阳城冠羽毛球俱乐部有限公司,8911,体育竞赛组织,体育竞赛 组织,体育竞赛;组织,体育竞赛,是,体育赛事,0.95,direct,6,1
91510703MA7F7PYY40,绵阳壹零柒体育科技有限公司,8911,体育竞赛组织,体育竞赛 组织,体育竞赛;组织,体育竞赛,是,体育赛事,0.95,direct,6,1
91510703MA6A669624,四川西科阳光力量健身管理有限公司,8930,健身服务,健身服务,健身服务,健身服务,是,健身休闲,0.95,direct,4,1
91510703MA6AJTET6Y,四川亿沐服装有限公司,1821,运动休闲针织服装制造,运动 休闲 针织 服装 制造,针织;休闲;服装;制造;运动,,是,体育用品,0.75,direct,10,0
91510703MAC5MR3Y4N,四川斯普锐体育文化传播有限公司,9052,体育赛事策划,体育 赛事策划,赛事策划;体育,赛事策划,是,体育赛事,0.6,none,6,1
91510703MA68D0DN7G,四川晓游体育发展有限公司,9052,体育赛事策划,体育 赛事策划,赛事策划;体育,赛事策划,是,体育赛事,0.6,none,6,1
91510703756609481A,绵阳市亿佳达运动器材有限公司,2442,专项运动器材及配件制造,专项 运动器材 配件 制造,运动器材;配件;专项;制造,运动器材,是,体育用品,0.95,direct,11,1
91510700MABWELMMXG,四川门多萨足球俱乐部有限公司,8921,足球比赛组织,足球比赛 组织,足球比赛;组织,,是,体育场馆,0.75,direct,6,0
91510703MACPPBUC7E,绵阳市银杏湾未来森林农业科技有限公司,8911,体验式拓展活动及策划,体验式 拓展 活动 策划,体验式;策划;拓展;活动,,是,体育管理,0.75,direct,10,0
91510703MACMPBC015,绵阳山猫体育文化推广有限公司,9052,体育表演活动服务,体育表演 活动 服务,体育表演;服务;活动,体育表演,是,体育赛事,0.6,none,8,1
91510704MA7FWJHJ3K,绵阳茵华体育文化发展有限公司,8999,体育用品及器材零售,体育用品 器材 零售,体育用品;器材;零售,体育用品,是,体育用品,0.6,none,9,1
91510704MA7M8C9E8T,四川劲博体育文化推广有限公司,8392,体育业务培训,体育 业务培训,业务培训;体育,,是,体育培训,0.75,direct,6,0
91510704309337509T,四川米苏文教体育用品有限公司,5242,体育用品及器材,体育用品 器材,体育用品;器材,体育用品,是,体育用品,0.95,direct,7,1
91510704MA696AY7XQ,四川宏报蜀韵体育文化传播有限公司,8392,少儿武术培训,少儿 武术培训,武术培训;少儿,武术培训,是,体育培训,0.95,direct,6,1
91510704MA67E2GWXX,绵阳比卡乐舞蹈健身有限公司,8930,健身休闲服务,健身 休闲 服务,健身;休闲;服务,,是,健身休闲,0.75,direct,6,0
91510704MACBYBF428,四川鹏达鸿飞商贸有限责任公司,5142,体育用品批发,体育用品批发,体育用品批发,体育用品批发,是,体育用品,0.95,direct,6,1
91510703399994552N,绵阳叁体棒垒球体育文化传播有限公司,9052,体育文化策划,体育文化 策划,体育文化;策划,体育文化,是,体育管理,0.6,none,6,1
91510704MACC91KK26,四川迎浩世文化传播有限公司,8392,轮滑培训,轮滑 培训,轮滑;培训,,是,体育培训,0.75,direct,4,0
91510704MA67546007,四川探索发现体育文化传播有限公司,8919,户外运动组织,户外运动 组织,户外运动;组织,户外运动,是,健身休闲,0.95,direct,6,1
91510704MA624DKQ7U,绵阳市同英会健身俱乐部,8392,跆拳道培训,跆拳道培训,跆拳道培训,跆拳道培训,是,体育培训,0.95,direct,5,1
91510703MAC0BQ2X28,四川泰羽体育文化发展有限公司,8392,武术培训,武术培训,武术培训,武术培训,是,体育培训,0.95,direct,4,1
91510704MA65TUCK2N,四川一航户外运动有限公司,8930,健身休闲活动,健身 休闲活动,休闲活动;健身,,是,健身休闲,0.75,direct,6,0
91510704MACEF31B8C,绵阳领骁体育科技有限公司,5242,体育用品及器材零售,体育用品 器材 零售,体育用品;器材;零售,体育用品,是,体育用品,0.95,direct,9,1
91510704MADP3KUK9F,四川雄威搏击俱乐部有限公司,8911,体育竞赛组织,体育竞赛 组织,体育竞赛;组织,体育竞赛,是,体育赛事,0.95,direct,6,1
91510704MA67XDM93R,绵阳健腾步云体育健身有限公司,8930,健身休闲活,健身 休闲,健身;休闲,,是,健身休闲,0.75,direct,5,0
91510704MACB1Q1X1W,绵阳荷信健身服务有限公司,8930,健身休闲活动,健身 休闲活动,休闲活动;健身,,是,健身休闲,0.75,direct,6,0
91510704MAE1P8RG4A,四川贝飞体育发展有限公司,5142,体育类,体育类,体育类,,是,体育用品,0.75,direct,3,0
91510704MAD2MP1G8P,绵阳裕丰体育设施工程有限责任公司,4892,体育场所施工,体育场 施工,体育场;施工,体育场,是,体育场馆,0.95,direct,6,1
91510704MA68Y8635T,绵阳友成体育健身有限公司,8930,体育健身服务,体育 健身服务,健身服务;体育,健身服务,是,健身休闲,0.95,direct,6,1
91510704MA66C70C6D,绵阳市太萌健身服务有限公司,8930,健身服务,健身服务,健身服务,健身服务,是,健身休闲,0.95,direct,4,1
91510704MACGAE815E,绵阳易百佳体育文化传播有限公司,5242,户外用品零售,户外用品 零售,户外用品;零售,,是,体育用品,0.75,direct,6,0
91510700MA7KPWYJ3F,绵阳智强体育文化传播有限公司,7246,体育赛事策划,体育 赛事策划,赛事策划;体育,赛事策划,是,体育赛事,0.6,none,6,1
91510704MA6BPGPFXD,绵阳市荆忠户外拓展有限公司,8930,户外拓展运动组织,户外拓展 运动 组织,户外拓展;运动;组织,户外拓展,是,健身休闲,0.95,direct,8,1
91510703MA66R1QP3J,绵阳市广纳户外运动有限公司,8919,户外运动活动组织策划,户外运动 活动 组织 策划,户外运动;策划;组织;活动,户外运动,是,健身休闲,0.95,direct,10,1
91510704314443023E,四川中羽大鹏体育科技有限公司,8921,体育训练场地,体育 训练场地,训练场地;体育,,是,体育场馆,0.75,direct,6,0
91510704MA6247P77M,绵阳市游仙区济世堂医疗器械经营部,5142,健身器材批发,健身器材 批发,健身器材;批发,健身器材,是,体育用品,0.95,direct,6,1
91510704MA7DCDQ32K,四川昆驰体育设施工程有限公司,5242,健身设备零售,健身 设备 零售,健身;零售;设备,,是,体育用品,0.75,direct,6,0
91510704MA62TRD71N,四川富临冠博体育文化发展有限公司,8919,体育组织,体育组织,体育组织,体育组织,是,体育管理,0.95,direct,4,1
91510704MA66XC8L94,绵阳博翱信鸽俱乐部有限公司,8911,信鸽竞赛组织,信鸽 竞赛 组织,信鸽;竞赛;组织,,是,体育管理,0.75,direct,6,0
91510704MA66DEP01E,绵阳博悦乒乓球培训学校有限责任公司,8392,乒乓球培训,乒乓球培训,乒乓球培训,乒乓球培训,是,体育培训,0.95,direct,5,1
91510704MA66W9QN6A,四川省鱼之韵渔具有限公司,2449,渔具生产,渔具 生产,渔具;生产,渔具,是,体育用品,0.95,direct,4,1
91510704MA65FQ0N3X,四川托马斯体育文化传播有限公司,5242,体育用品零售,体育用品零售,体育用品零售,体育用品零售,是,体育用品,0.95,direct,6,1
91510704MA66XX2W82,绵阳极枫烈焱体育文化传播有限公司,8392,体育培训服务,体育培训 服务,体育培训;服务,体育培训,是,体育培训,0.95,direct,6,1
91510704MABYHY5Q86,四川鲸锐体育文化传播有限公司,8392,蓝球培训,蓝球 培训,蓝球;培训,,是,体育培训,0.75,direct,4,0
91510703MA63Y2J37E,四川麦道体育文化传播有限公司,8930,健身服务,健身服务,健身服务,健身服务,是,健身休闲,0.95,direct,4,1
91510704MA6BN5A003,绵阳豆萁乒乓球培训学校有限公司,8392,乒乓球培训,乒乓球培训,乒乓球培训,乒乓球培训,是,体育培训,0.95,direct,5,1
91510700MA6BJXE19B,四川沂可体育文化传播有限公司,8911,体育赛事策划,体育 赛事策划,赛事策划;体育,赛事策划,是,体育赛事,0.95,direct,6,1
91510704MABQPJXJ44,绵阳思迈健身有限责任公司,8930,健身休闲活动,健身 休闲活动,休闲活动;健身,,是,健身休闲,0.75,direct,6,0
91510704MA65HH386N,四川腾健体育文化有限公司,8911,体育竞赛组织,体育竞赛 组织,体育竞赛;组织,体育竞赛,是,体育赛事,0.95,direct,6,1
91510704MACJ24TL44,四川省猎鹰突起户外运动有限公司,8930,健身休闲活动,健身 休闲活动,休闲活动;健身,,是,健身休闲,0.75,direct,6,0
91510704MA683U1BX9,四川富乐非凡户外拓展有限公司,8930,健身休闲活动,健身 休闲活动,休闲活动;健身,,是,健身休闲,0.75,direct,6,0
91440300359224107F,深圳市艾塔运动健身管理有限公司,2443,健身器材加工,健身器材 加工,健身器材;加工,健身器材,是,体育用品,0.95,direct,6,1
91510704MA6240C67K,绵阳市绵州聚力体育发展有限公司,8392,足球培训,足球培训,足球培训,足球培训,是,体育培训,0.95,direct,4,1
91510704MACMYWH18P,绵阳曼巴之家体育发展有限公司,8930,健身房健身活动,健身房 健身活动,健身活动;健身房,健身房,是,健身休闲,0.95,direct,7,1
91510705MA696PGGXY,绵阳市罗乐棒垒球体育文化传播有限公司,7246,体育咨询,体育咨询,体育咨询,体育咨询,是,体育管理,0.6,none,4,1
91510705MA658MDH8L,绵阳市飞猫体育文化传播有限公司,5623,体育文化推广服务,体育文化 推广 服务,体育文化;推广;服务,体育文化,是,体育管理,0.6,none,8,1
91510724309458861H,绵阳五岳旅游开发有限公司,8930,漂流旅游服务,漂流 旅游 服务,漂流;旅游;服务,漂流,是,健身休闲,0.95,direct,6,1
92510705MA670JXP0B,绵阳市安州区花荄湛爵台球室,8930,台球服务,台球 服务,台球;服务,台球,是,健身休闲,0.95,direct,4,1
91510705MAC73MD980,绵阳市先觉健身服务有限责任公司,8930,健身培训,健身 培训,健身;培训,,是,健身休闲,0.75,direct,4,0
91510724345696015G,绵阳市安州区犇牛体育文化推广有限公司,8392,体育运动指导,体育运动 指导,体育运动;指导,,是,体育培训,0.75,direct,6,0
92510705MA6BWYTBXH,绵阳市安州区花荄青禾运动健身馆,8930,健身运动,健身运动,健身运动,,是,健身休闲,0.75,direct,4,0
91510705MA6614FC3W,四川动之健体育文化推广有限公司,8911,体育竞赛组织,体育竞赛 组织,体育竞赛;组织,体育竞赛,是,体育赛事,0.95,direct,6,1
91510705MA65376R76,四川拓荒者户外体育有限公司,8911,体育竞赛组织,体育竞赛 组织,体育竞赛;组织,体育竞赛,是,体育赛事,0.95,direct,6,1
91510705MADQ9DEN6K,四川超越体育俱乐部有限公司,7122,体育用品设备出租,体育用品 设备 出租,体育用品;出租;设备,体育用品,是,体育用品,0.6,none,8,1
91510724MA624DH996,绵阳市安州区华福盛地游泳池,8930,健身休闲活动,健身 休闲活动,休闲活动;健身,,是,健身休闲,0.75,direct,6,0
91510704MA67QF04XM,四川炘辉恒曜科技有限公司,5142,体育用品批发,体育用品批发,体育用品批发,体育用品批发,是,体育用品,0.95,direct,6,1
91510705MA6APJMT24,绵阳市枣核渔具有限公司,5242,渔具零售,渔具 零售,渔具;零售,渔具,是,体育用品,0.95,direct,4,1
91510705MA688J0X0G,绵阳市安州区迎新乡鹏宇体育培训学校有限公司,8392,体育培训,体育培训,体育培训,体育培训,是,体育培训,0.95,direct,4,1
91510705MA68RNBPX3,绵阳市安州区河清镇老泉包生态休闲庄,8930,游泳服务,游泳 服务,游泳;服务,游泳,是,健身休闲,0.95,direct,4,1
91510705MABQE7UL9K,绵阳市安州区芦义钓具有限责任公司,2449,渔具加工,渔具 加工,渔具;加工,渔具,是,体育用品,0.95,direct,4,1
91510705MA67GM6E4G,绵阳星动岚体育文化发展有限责任公司,8930,健身休闲活动,健身 休闲活动,休闲活动;健身,,是,健身休闲,0.75,direct,6,0
91510724MA6240CG93,绵阳千佛山商贸有限公司,8930,旅游漂流服务,旅游 漂流 服务,漂流;旅游;服务,漂流,是,健身休闲,0.95,direct,6,1
91510722MAC8EYK450,绵阳市凤骄义体育文化发展有限公司,8919,体育和娱乐业,体育 娱乐业,娱乐业;体育,,是,体育管理,0.75,direct,6,0
91510722MACG8WRT3A,四川鑫之屹体育文化传播有限公司,8911,体育竞赛组织,体育竞赛 组织,体育竞赛;组织,体育竞赛,是,体育赛事,0.95,direct,6,1
91510722MAC0HFKU5X,四川思腾源飞体育用品有限公司,5142,体育用品及器材批发,体育用品 器材 批发,体育用品;器材;批发,体育用品,是,体育用品,0.95,direct,9,1
91510722MACDDC637E,四川彬珑体育发展有限公司,5242,体育用品零售,体育用品零售,体育用品零售,体育用品零售,是,体育用品,0.95,direct,6,1
91510722MAC93DU93Y,三台县乐安镇飞扬体育文化发展中心,5242,体育用品零售,体育用品零售,体育用品零售,体育用品零售,是,体育用品,0.95,direct,6,1
91510722MA62HQU63G,三台县潼乐湾游乐园有限公司,8930,水上游乐服务,水上 游乐 服务,游乐;水上;服务,,是,健身休闲,0.75,direct,6,0
91510722MACCACGP3M,三台县合末文化创意服务有限责任公司,8919,其他体育组织,其他 体育组织,体育组织;其他,体育组织,是,体育管理,0.95,direct,6,1
91510722MACA8B7143,三台县源宝康户外拓展有限公司,8930,健身休闲活动,健身 休闲活动,休闲活动;健身,,是,健身休闲,0.75,direct,6,0
91510722MABXQF2Q55,绵阳尚剑商贸有限公司,5242,渔具零售,渔具 零售,渔具;零售,渔具,是,体育用品,0.95,direct,4,1
91510722MAC3UM3472,四川飞钩渔具有限公司,5242,渔具零售,渔具 零售,渔具;零售,渔具,是,体育用品,0.95,direct,4,1
91510722345699232D,三台县扬煜体育场馆管理有限公司,8921,体育场馆,体育场馆,体育场馆,体育场馆,是,体育场馆,0.95,direct,4,1
91510722MA624EL89G,三台县锐博健身服务有限公司,8930,健身服务,健身服务,健身服务,健身服务,是,健身休闲,0.95,direct,4,1
91510722MAC6MHBM0P,四川汶腾体育文化发展有限公司,5242,体育用品零售,体育用品零售,体育用品零售,体育用品零售,是,体育用品,0.95,direct,6,1
91510722MA624HG93X,绵阳市帕森莱特健身服务有限公司,8930,健身服务,健身服务,健身服务,健身服务,是,健身休闲,0.95,direct,4,1
91510723MADH55RM9H,四川蚣蝮体育文化传播有限责任公司,8911,体育竞赛组织,体育竞赛 组织,体育竞赛;组织,体育竞赛,是,体育赛事,0.95,direct,6,1
91510723MA650HKE02,四川力度文化传媒有限公司,8392,体育培训,体育培训,体育培训,体育培训,是,体育培训,0.95,direct,4,1
91510723MACL6PD01A,四川鹏信亦兴建筑工程有限公司,4892,体育场地设施工程施工,体育场地设施 工程施工,体育场地设施;工程施工,体育场地设施,是,体育场馆,0.95,direct,10,1
91510723MA7NBQ8TXK,盐亭嫘祖育成体育培训学校有限公司,8392,成人体育培训,成人 体育培训,体育培训;成人,体育培训,是,体育培训,0.95,direct,6,1
91510723MAD9CCEY41,四川嫘祖恒远体育文化传播有限公司,9052,体育赛事策划,体育 赛事策划,赛事策划;体育,赛事策划,是,体育赛事,0.6,none,6,1
91510723MACC88AJ4K,盐亭县云溪镇金钟休闲农家院,8930,休闲垂钓,休闲 垂钓,垂钓;休闲,,是,健身休闲,0.75,direct,4,0
91510723MAC9U18984,盐亭县玉龙镇灯笼棋牌俱乐部,8919,棋牌室服务,棋牌室 服务,棋牌室;服务,,是,体育管理,0.75,direct,5,0
91510723MACN5TNL4E,盐亭丝路源文化体育运营管理有限公司,8921,体育场馆运营和管理,体育场馆 运营 管理,体育场馆;运营;管理,体育场馆,是,体育场馆,0.95,direct,9,1
92510723MA68H8R790,盐亭县富驿镇四海渔具店,5242,渔具和鱼饵零售,渔具 鱼饵 零售,鱼饵;渔具;零售,渔具,是,体育用品,0.95,direct,7,1
92510723MA7EHEJK8J,盐亭县富驿镇望江亭钓具店,5242,渔具零售,渔具 零售,渔具;零售,渔具,是,体育用品,0.95,direct,4,1
91510723MACCGBH808,盐亭县富驿镇杨俊杰渔具店,5242,渔具零售,渔具 零售,渔具;零售,渔具,是,体育用品,0.95,direct,4,1
91510723MACAHEE32G,盐亭县岐伯镇幸福茶馆,8911,室内娱乐活动,室内 娱乐活动,娱乐活动;室内,,是,体育管理,0.75,direct,6,0
91510723MACAE6R458,盐亭县岐伯镇老年协会娱乐场所,8919,室内娱乐活动,室内 娱乐活动,娱乐活动;室内,,是,体育管理,0.75,direct,6,0
91510723MACA05BF4D,盐亭县岐伯镇晓芳娱乐馆,8911,室内娱乐活动,室内 娱乐活动,娱乐活动;室内,,是,体育管理,0.75,direct,6,0
91510723MACAHFBK5G,盐亭县岐伯镇桂琼棋乐馆,8911,室内娱乐活动,室内 娱乐活动,娱乐活动;室内,,是,体育管理,0.75,direct,6,0
91510723MACAHF749N,盐亭县岐伯镇茶亭茶馆,8911,室内娱乐活动,室内 娱乐活动,娱乐活动;室内,,是,体育管理,0.75,direct,6,0
91510723MACA51GXXF,盐亭县岐伯镇仙臣茶馆,8919,棋牌室服务,棋牌室 服务,棋牌室;服务,,是,体育管理,0.75,direct,5,0
91510723MACA06BA6M,盐亭县岐伯镇快乐棋牌馆,8911,室内娱乐活动,室内 娱乐活动,娱乐活动;室内,,是,体育管理,0.75,direct,6,0
91510723MACA6RY51L,盐亭县岐伯镇王茂芝茶馆,8911,室内娱乐活动,室内 娱乐活动,娱乐活动;室内,,是,体育管理,0.75,direct,6,0
91510723MACAHF3M0M,盐亭县岐伯镇兴兴茶馆,8911,室内娱乐活动,室内 娱乐活动,娱乐活动;室内,,是,体育管理,0.75,direct,6,0
91510723MACA51QB3R,盐亭县岐伯镇桥头休闲馆,8919,棋牌室服务,棋牌室 服务,棋牌室;服务,,是,体育管理,0.75,direct,5,0
91510723MAC9D93W39,盐亭县岐伯镇春华休闲体育用品店,5242,体育用品零售,体育用品零售,体育用品零售,体育用品零售,是,体育用品,0.95,direct,6,1
91510723MACBB8UU7B,盐亭县西陵镇仕芬茶馆,8930,健身休闲活动,健身 休闲活动,休闲活动;健身,,是,健身休闲,0.75,direct,6,0
91510723MAC8UYQ918,盐亭县嫘祖镇启文村三哥茶馆,8919,棋牌室服务,棋牌室 服务,棋牌室;服务,,是,体育管理,0.75,direct,5,0
91510723MAC8G0M54E,盐亭县嫘祖镇王小英棋牌馆,8919,棋牌室服务,棋牌室 服务,棋牌室;服务,,是,体育管理,0.75,direct,5,0
91510723MAC95FA84W,盐亭县大兴回族乡广胜休闲中心,8919,棋牌室服务,棋牌室 服务,棋牌室;服务,,是,体育管理,0.75,direct,5,0
915107253456837247,梓潼县洪鑫商贸有限责任公司,5242,体育用品零售,体育用品零售,体育用品零售,体育用品零售,是,体育用品,0.95,direct,6,1
91510725MA6AT9PX9D,梓潼力晨体育场馆管理有限公司,8921,体育馆,体育馆,体育馆,体育馆,是,体育场馆,0.95,direct,3,1
91510725MA7GTPA71Y,绵阳市艾乒体育文化传播有限责任公司,5242,体育用品及器材零售,体育用品 器材 零售,体育用品;器材;零售,体育用品,是,体育用品,0.95,direct,9,1
91510725MAACN05Y1D,梓潼县天空体育文化传播有限公司,8912,体育保障组织,体育 保障 组织,体育;保障;组织,,是,体育管理,0.75,direct,6,0
91510725MAAGUTP1X9,梓潼县梓嘉拓展训练有限公司,8930,健身休闲,健身 休闲,健身;休闲,,是,健身休闲,0.75,direct,4,0
91510725MAC2MEHC5B,梓潼常奄迈砷办公用品有限公司,5142,体育用品批发,体育用品批发,体育用品批发,体育用品批发,是,体育用品,0.95,direct,6,1
92510725MA67BJT6XN,梓潼县森塬渔具店,5142,渔具批发,渔具 批发,渔具;批发,渔具,是,体育用品,0.95,direct,4,1
91510725MA660PLQ8M,梓潼橙智星体育场馆管理有限公司,8921,体育场地设施管理服务,体育场地设施 管理 服务,体育场地设施;服务;管理,体育场地设施,是,体育场馆,0.95,direct,10,1
91510725MAC605QW5A,绵阳两弹城益民体育场馆管理有限公司,8921,体育馆服务,体育馆 服务,体育馆;服务,体育馆,是,体育场馆,0.95,direct,5,1
91510725MA680HN91M,梓潼县奥冠体育培训学校有限公司,8392,健身培训,健身 培训,健身;培训,,是,体育培训,0.75,direct,4,0
91510725MA6BLTUD9J,四川帝乡茂叶户外拓展有限公司,8930,健身休闲活动,健身 休闲活动,休闲活动;健身,,是,健身休闲,0.75,direct,6,0
91510725MAC78B121C,梓潼九千里体育用品有限公司,5142,批发体育用品,批发 体育用品,体育用品;批发,体育用品,是,体育用品,0.95,direct,6,1
91510725MAC216P95M,梓潼佳适宝健身服务有限责任公司,8930,健身休闲活动,健身 休闲活动,休闲活动;健身,,是,健身休闲,0.75,direct,6,0
91371000MA3UQ83D9A,威海神征户外装备有限公司,5242,体育用品及器材零售,体育用品 器材 零售,体育用品;器材;零售,体育用品,是,体育用品,0.95,direct,9,1
91510725MA6AEK0WX3,梓潼特玛仕拓展训练有限公司,8930,健身服务,健身服务,健身服务,健身服务,是,健身休闲,0.95,direct,4,1
91510725MAC3A42U5T,梓潼县素卿功体育设施工程有限公司,4892,体育场地施工,体育场地 施工,体育场地;施工,体育场地,是,体育场馆,0.95,direct,6,1
91510725MAC0PBCE6Q,梓潼县兵长卿建筑有限公司,4892,体育设施工程施工,体育设施 工程施工,体育设施;工程施工,体育设施,是,体育场馆,0.95,direct,8,1
91510725MAC0P3RB5J,梓潼县卿全部署体育设施工程有限公司,4892,体育场地设施工程施工,体育场地设施 工程施工,体育场地设施;工程施工,体育场地设施,是,体育场馆,0.95,direct,10,1
91510725MAC1JN5H7J,梓潼县卿住两体育设施工程有限公司,4892,体育场地设施工程施工,体育场地设施 工程施工,体育场地设施;工程施工,体育场地设施,是,体育场馆,0.95,direct,10,1
91510725MAC3GTD51K,梓潼县碧卿全体育设施工程有限公司,4892,体育场地设施工程施工,体育场地设施 工程施工,体育场地设施;工程施工,体育场地设施,是,体育场馆,0.95,direct,10,1
91510725MAC33BM914,梓潼县远卿蒲体育设施工程有限公司,4892,体育场地设施工程建设,体育场地设施 工程建设,体育场地设施;工程建设,体育场地设施,是,体育场馆,0.95,direct,10,1
91510725MAC2TGNX9T,梓潼县皇渔卿渔具有限公司,5142,渔具批发,渔具 批发,渔具;批发,渔具,是,体育用品,0.95,direct,4,1
91510725MAC2LFH8X1,梓潼县绍均体育设施工程有限公司,4892,体育场地设施工程,体育场地设施 工程,体育场地设施;工程,体育场地设施,是,体育场馆,0.95,direct,8,1
91510725MAC1P0H471,梓潼县送卿坤体育设施工程有限公司,4892,体育场地工程施工,体育场地 工程施工,体育场地;工程施工,体育场地,是,体育场馆,0.95,direct,8,1
91510725MAC0A4TH8A,梓潼县卿几建体育设施工程有限公司,4892,体育场地设施工程施工,体育场地设施 工程施工,体育场地设施;工程施工,体育场地设施,是,体育场馆,0.95,direct,10,1
91510725MAC2H1H71W,梓潼县志噶元体育设施工程有限公司,4991,体育器材安装,体育器材 安装,体育器材;安装,体育器材,是,体育用品,0.6,none,6,1
91510725MAC178GX1G,梓潼县冲卿兴体育设施工程有限公司,4892,体育场地设施工程施工,体育场地设施 工程施工,体育场地设施;工程施工,体育场地设施,是,体育场馆,0.95,direct,10,1
91510725MAC2H7U97M,梓潼县蒲富卿卿体育设施工程有限公司,4892,体育场地设施工程施工,体育场地设施 工程施工,体育场地设施;工程施工,体育场地设施,是,体育场馆,0.95,direct,10,1
91510725MAC2LUEJ1A,梓潼县祖博文梅体育设施工程有限公司,4892,体育场地施工,体育场地 施工,体育场地;施工,体育场地,是,体育场馆,0.95,direct,6,1
91510725MAC362ME4Q,梓潼县兆铬农业有限责任公司,1821,针织衫加工,针织衫 加工,针织衫;加工,,是,体育用品,0.75,direct,5,0
91510725MAC3XU3A45,梓潼羊远清渔具有限公司,5242,渔具零售,渔具 零售,渔具;零售,渔具,是,体育用品,0.95,direct,4,1
91510726MACLKN050B,绵阳金石健身服务有限公司,8930,健身休闲活动,健身 休闲活动,休闲活动;健身,,是,健身休闲,0.75,direct,6,0
91510726MAD6PC574Y,绵阳逐梦者体育文化传播有限公司,8911,,,,,是,体育管理,0.75,direct,0,0
91510726MA642HL02P,北川海洋贝贝健身服务有限公司,8392,游泳培训,游泳培训,游泳培训,游泳培训,是,体育培训,0.95,direct,4,1
91510726MA6914256A,四川云朵羌狼户外拓展有限责任公司,8930,健身休闲服务,健身 休闲 服务,健身;休闲;服务,,是,健身休闲,0.75,direct,6,0
91510726MA7L3MAT6A,北川鹰嘴岩旅游开发有限公司,8930,旅游飘流服务,旅游 飘流 服务,飘流;旅游;服务,,是,健身休闲,0.75,direct,6,0
91510726MA62497M0X,北川县神禹大峡谷漂流服务有限公司,8930,旅游漂流服务,旅游 漂流 服务,漂流;旅游;服务,漂流,是,健身休闲,0.95,direct,6,1
91510727MA67DL5B45,平武县立美健身服务有限公司,8930,健身服务,健身服务,健身服务,健身服务,是,健身休闲,0.95,direct,4,1
91510727MA6AD6YHX9,平武县锐乐健身服务有限公司,8930,举办健身休闲活动,举办 健身 休闲活动,休闲活动;健身;举办,,是,健身休闲,0.75,direct,8,0
91510727MAC0UMBE7A,绵阳市逐梦滕飞体育文化传播有限公司,8911,体育竞赛服务,体育竞赛 服务,体育竞赛;服务,体育竞赛,是,体育赛事,0.95,direct,6,1
91510727MABUBK2B1N,四川兴武农业科技有限公司,8930,户外漂流,户外 漂流,漂流;户外,漂流,是,健身休闲,0.95,direct,4,1
91510703327066052F,四川百宠千虫生物科技有限公司,8392,户外运动拓展训练,户外运动 拓展 训练,户外运动;拓展;训练,户外运动,是,健身休闲,0.95,direct,8,1
91510700MA66A39J9R,四川尚动体育有限公司,8392,体育训练指导,体育训练 指导,体育训练;指导,,是,体育培训,0.75,direct,6,0
91510700MADHCXL56L,绵阳悠氧健身服务有限公司,8930,,,,,是,健身休闲,0.75,direct,0,0
91510700MACF56AC8H,四川流浪者足球俱乐部有限公司,8911,足球赛事组织,足球赛事 组织,足球赛事;组织,,是,体育管理,0.75,direct,6,0
91510700MA63WBCT9G,四川省海聚达体育科技有限公司,8921,体育场地维护运营,体育场地 维护 运营,体育场地;运营;维护,体育场地,是,体育场馆,0.95,direct,8,1
91510700MABUYFMC9E,四川觅麓氧舱体育发展有限公司,8930,体育健身,体育 健身,健身;体育,,是,健身休闲,0.75,direct,4,0
91510700MA7EKNFK34,四川强文体育文化发展有限公司,5142,体育用品批发,体育用品批发,体育用品批发,体育用品批发,是,体育用品,0.95,direct,6,1
91510700MAC2GWGN57,绵阳好多多文化科技有限公司,5242,体育用品零售,体育用品零售,体育用品零售,体育用品零售,是,体育用品,0.95,direct,6,1
91510700MAC3MC0C2E,绵阳三好瑜伽健身有限公司,8930,瑜伽健身,瑜伽 健身,瑜伽;健身,瑜伽,是,健身休闲,0.95,direct,4,1
91510700MA7HC4J02X,四川沐米科技有限公司,1811,运动服装制造,运动服装 制造,运动服装;制造,运动服装,是,体育用品,0.6,none,6,1
91510700MAACH1TY47,四川浩宇众科商贸有限公司,5242,体育用品零售,体育用品零售,体育用品零售,体育用品零售,是,体育用品,0.95,direct,6,1
91510700MA6AFKB89F,四川新跃橙健身服务有限责任公司,8930,健身休闲服务,健身 休闲 服务,健身;休闲;服务,,是,健身休闲,0.75,direct,6,0
91510700MA66H48J3Y,四川同英会体育发展有限公司,8392,体育运动训练指导服务,体育运动 训练 指导 服务,体育运动;训练;指导;服务,,是,体育培训,0.75,direct,10,0
915107030934185799,绵阳九州文体设备有限公司,5142,体育用品批发,体育用品批发,体育用品批发,体育用品批发,是,体育用品,0.95,direct,6,1
91510700MA66DAQ90K,绵阳聚星体育文化推广有限责任公司,8392,体育培训,体育培训,体育培训,体育培训,是,体育培训,0.95,direct,4,1
91510700MAACLCYA1N,绵阳英菲体育文化发展有限公司,8992,体育健身服务,体育 健身服务,健身服务;体育,健身服务,是,健身休闲,0.6,none,6,1
92510700MA6BBEGN6D,绵阳桌尔体育文化传播有限公司,8992,体育健身服务,体育 健身服务,健身服务;体育,健身服务,是,健身休闲,0.6,none,6,1
91510700MA64RGW14H,绵阳新投体育发展有限公司,8911,体育运动组织,体育运动 组织,体育运动;组织,,是,体育管理,0.75,direct,6,0
92510700MA6858WG93,绵阳海琴体育科技有限公司,8930,健身休闲活动,健身 休闲活动,休闲活动;健身,,是,健身休闲,0.75,direct,6,0
91510700MA62491A47,绵阳市布鲁斯休闲健身有限公司,8930,休闲健身服务,休闲 健身服务,健身服务;休闲,健身服务,是,健身休闲,0.95,direct,6,1
91510700MA68LJMP6Q,四川巴布体育文化传播有限公司,8392,游泳培训,游泳培训,游泳培训,游泳培训,是,体育培训,0.95,direct,4,1
9151070057961895XF,四川启美实业集团有限公司,8930,健身服务,健身服务,健身服务,健身服务,是,健身休闲,0.95,direct,4,1
91510703MA7L8GKM37,绵阳五公里健身有限公司,8930,健身服务,健身服务,健身服务,健身服务,是,健身休闲,0.95,direct,4,1
9151070059047087XP,绵阳顶呱呱体育服务有限公司,8392,游泳健身培训,游泳 健身 培训,健身;游泳;培训,游泳,是,健身休闲,0.95,direct,6,1
91510703MABUGL4X43,四川起跑线健身服务有限公司,8930,健身服务,健身服务,健身服务,健身服务,是,健身休闲,0.95,direct,4,1
91510700MABNCTW65T,四川美慧体育文化发展有限责任公司,9052,体育赛事策划,体育 赛事策划,赛事策划;体育,赛事策划,是,体育赛事,0.6,none,6,1
91510700MA7JWKGQ00,四川能量守恒体育发展有限公司,8911,体育竞赛策划,体育竞赛 策划,体育竞赛;策划,体育竞赛,是,体育赛事,0.95,direct,6,1
91510700MA63818C6Y,四川轻悦文化传播有限公司,8930,健身服务,健身服务,健身服务,健身服务,是,健身休闲,0.95,direct,4,1
91510700MA7N5PE48X,四川活力猫体育文化发展有限公司,8911,体育赛事组织,体育赛事 组织,体育赛事;组织,体育赛事,是,体育赛事,0.95,direct,6,1
91510700MA6B6B4P0E,绵阳市清一瑜伽健身有限公司,8930,瑜伽教学服务,瑜伽 教学服务,教学服务;瑜伽,瑜伽,是,健身休闲,0.95,direct,6,1
91510700314454603K,绵阳沸点商贸有限公司,5242,体育器材零售,体育器材 零售,体育器材;零售,体育器材,是,体育用品,0.95,direct,6,1
91510700MA69XM1W44,绵阳市经纬体育文化发展有限公司,8930,健身服务,健身服务,健身服务,健身服务,是,健身休闲,0.95,direct,4,1
91510703MA7KUUJX4W,四川金狼王体育文化发展有限责任公司,8392,篮球培训,篮球培训,篮球培训,篮球培训,是,体育培训,0.95,direct,4,1
91510700MA7L53MA60,四川凡腾体育文化传播有限公司,8392,网球教学,网球 教学,网球;教学,网球,是,体育用品,0.95,direct,4,1
91510700MA6A8UQR9E,绵阳叁生涛体育文化传播有限责任公司,8930,健身服务,健身服务,健身服务,健身服务,是,健身休闲,0.95,direct,4,1
91510703MA6A37F16D,四川省梦之尚体育文化传播有限公司,8392,网球服务,网球 服务,网球;服务,网球,是,体育用品,0.95,direct,4,1
915107006841734039,绵阳康力体育设备有限公司,5142,体育设备批发,体育设备 批发,体育设备;批发,体育设备,是,体育用品,0.95,direct,6,1
91510700MA656PR56W,绵阳瀚垚体育文化活动有限责任公司,8930,健身活动,健身活动,健身活动,,是,健身休闲,0.75,direct,4,0
91510700MACH7U7334,四川悠然客渔具有限公司,5242,渔具零售,渔具 零售,渔具;零售,渔具,是,体育用品,0.95,direct,4,1
91510700MA6BL11L3P,绵阳超越健身有限公司,8930,健身服务,健身服务,健身服务,健身服务,是,健身休闲,0.95,direct,4,1
91510700MA62WP8U9Y,四川省瑜界文化传播有限公司,8930,瑜伽健身服务,瑜伽 健身服务,健身服务;瑜伽,瑜伽;健身服务,是,健身休闲,0.95,direct,6,2
91510700MACX3HGA5C,四川纽勒维尔体育发展有限公司,8392,篮球教学,篮球 教学,篮球;教学,篮球,是,体育用品,0.95,direct,4,1
92510700MA64A3661B,绵阳强全体育文化发展有限公司,8392,游泳教学,游泳 教学,游泳;教学,游泳,是,健身休闲,0.95,direct,4,1
91510700MA68PERX1G,绵阳心知瑜舍瑜伽有限公司,8930,瑜伽健身休闲活动,瑜伽 健身 休闲活动,休闲活动;瑜伽;健身,瑜伽,是,健身休闲,0.95,direct,8,1
91510104332041984T,四川瑞美体育设备有限公司,4892,学校体育场地施工,学校 体育场地 施工,体育场地;施工;学校,体育场地,是,体育场馆,0.95,direct,8,1
91510700MA6842N331,四川澳小优文化传播有限公司,8392,游泳培训,游泳培训,游泳培训,游泳培训,是,体育培训,0.95,direct,4,1
91510700MA66BK1W6Q,四川睦雅教育管理有限公司,8392,艺体培训服务,艺体 培训 服务,艺体;培训;服务,,是,体育培训,0.75,direct,6,0
91510700MACW1XJ04Y,绵阳高新区龙霆世尧体育培训学校有限公司,8392,体育培训,体育培训,体育培训,体育培训,是,体育培训,0.95,direct,4,1
91510700MACADR0N0L,四川鲸锐足球俱乐部有限公司,5242,足球相关产品零售,足球 相关 产品 零售,足球;零售;相关;产品,足球,是,体育用品,0.95,direct,8,1
91510700MA7JHHLXX2,四川省嘉卉商贸有限公司,5242,零售渔具,零售 渔具,渔具;零售,渔具,是,体育用品,0.95,direct,4,1
91510700MA7H512LXF,绵阳万升通户外运动用品有限公司,5242,体育用品零售,体育用品零售,体育用品零售,体育用品零售,是,体育用品,0.95,direct,6,1
91510700MA6B50EE9J,绵阳劲奥体育发展有限公司,9052,体育赛事策划,体育 赛事策划,赛事策划;体育,赛事策划,是,体育赛事,0.6,none,6,1
91510700MA68UNPY9P,绵阳靓彩体育工程有限公司,5142,体育用品批发,体育用品批发,体育用品批发,体育用品批发,是,体育用品,0.95,direct,6,1
91510700MA7DUK6AXX,绵阳乐武极一体育文化传播有限公司,8930,健身休闲活动,健身 休闲活动,休闲活动;健身,,是,健身休闲,0.75,direct,6,0
91510700MA62WTB2XR,四川刀锋体育文化传播有限公司,8392,体育培训,体育培训,体育培训,体育培训,是,体育培训,0.95,direct,4,1
91510700MA6343W55M,绵阳兄弟联手文体设备有限公司,5242,体育用品及器材零售,体育用品 器材 零售,体育用品;器材;零售,体育用品,是,体育用品,0.95,direct,9,1
91510700052192964G,绵阳市步行者体育器材有限公司,5242,体育器材零售,体育器材 零售,体育器材;零售,体育器材,是,体育用品,0.95,direct,6,1
915107063378487603,绵阳齐云社体育发展有限公司,8921,体育场馆经营,体育场馆 经营,体育场馆;经营,体育场馆,是,体育场馆,0.95,direct,6,1
91510700MA69UQB78R,绵阳市花隐瑜文化传媒有限公司,8930,健身休闲活动,健身 休闲活动,休闲活动;健身,,是,健身休闲,0.75,direct,6,0
91510700MA64R4W389,四川省伽瑜何既文化有限公司,8930,健身活动,健身活动,健身活动,,是,健身休闲,0.75,direct,4,0
91510700MABPPD28XD,四川千皓体育设施有限公司,5242,体育器材零售,体育器材 零售,体育器材;零售,体育器材,是,体育用品,0.95,direct,6,1
91510703MABNGBC44Q,绵阳瀚威体育文化发展有限公司,8911,体育运动组织,体育运动 组织,体育运动;组织,,是,体育管理,0.75,direct,6,0
91510700MA65HBDN6Q,四川锐博健身服务有限公司,8930,健身服务,健身服务,健身服务,健身服务,是,健身休闲,0.95,direct,4,1
91510700MA62CTKH01,绵阳积力拓展运动有限公司,8392,篮球技术指导,篮球 技术 指导,篮球;指导;技术,篮球,是,体育用品,0.95,direct,6,1
91510700MABLR3B604,绵阳尤舞文化艺术有限公司,8930,健身休闲活动,健身 休闲活动,休闲活动;健身,,是,健身休闲,0.75,direct,6,0
91510700MA66UHMDXF,四川亿韦体育文化传播有限公司,8930,拓展活动,拓展 活动,拓展;活动,,是,健身休闲,0.75,direct,4,0
91510700MA68WT4R5Y,绵阳青巢体育文化传播有限公司,8392,体育运动训练指导服务,体育运动 训练 指导 服务,体育运动;训练;指导;服务,,是,体育培训,0.75,direct,10,0
91510700MABMMQJB98,四川同一体育文化传播有限公司,8392,网球培训服务,网球培训 服务,网球培训;服务,网球培训,是,体育培训,0.95,direct,6,1
91510700MACBQ8J38W,四川蜀匠明泓体育发展有限公司,8911,体育竞赛组织服务,体育竞赛 组织 服务,体育竞赛;服务;组织,体育竞赛,是,体育赛事,0.95,direct,8,1
91510700MA7FCXPF03,四川祥虎体育文化发展有限公司,5242,体育用品零售,体育用品零售,体育用品零售,体育用品零售,是,体育用品,0.95,direct,6,1
91510700MA620YP44N,绵阳聚梦梵星体育科技有限公司,8911,体育竞赛组织,体育竞赛 组织,体育竞赛;组织,体育竞赛,是,体育赛事,0.95,direct,6,1
91510703MAAGW17G2H,四川倍特健身服务有限公司,8930,健身休闲活动,健身 休闲活动,休闲活动;健身,,是,健身休闲,0.75,direct,6,0
91510700064496308P,绵阳尚羽体育发展有限公司,8930,体育健身,体育 健身,健身;体育,,是,健身休闲,0.75,direct,4,0
91510700MA688BF124,四川东悦医疗器械有限公司,5142,医疗用品及器材批发,医疗 用品 器材 批发,用品;器材;批发;医疗,,是,体育用品,0.75,direct,9,0
91510700MA7G1DHT06,四川祺祉体育俱乐部有限责任公司,8930,健身休闲活动,健身 休闲活动,休闲活动;健身,,是,健身休闲,0.75,direct,6,0
91510700MABTPPY8XC,绵阳市恒屹斯体育文化传播有限责任公司,8921,体育场地运一营,体育场地 运一营,体育场地;运一营,体育场地,是,体育场馆,0.95,direct,7,1
91510700MA6247RC0N,绵阳赛鑫美途户外运动有限公司,8930,健身休闲活动,健身 休闲活动,休闲活动;健身,,是,健身休闲,0.75,direct,6,0
91510700MAACECFK4M,绵阳市劲美健身有限责任公司,8930,健身服务,健身服务,健身服务,健身服务,是,健身休闲,0.95,direct,4,1
91510700MABX28C818,四川光彩足球俱乐部有限公司,8911,体育竞赛,体育竞赛,体育竞赛,体育竞赛,是,体育赛事,0.95,direct,4,1
91510700MA6ABKEP5L,四川一武德武武术文化传播有限公司,8911,体育竞赛组织,体育竞赛 组织,体育竞赛;组织,体育竞赛,是,体育赛事,0.95,direct,6,1
91510700MA69N02R5U,四川丞言体育俱乐部有限公司,8919,体育训练指导服务,体育训练 指导 服务,体育训练;指导;服务,,是,体育管理,0.75,direct,8,0
91510700MA62R9DW6N,绵阳文勇体育文化有限公司,8392,体育训练指导服务,体育训练 指导 服务,体育训练;指导;服务,,是,体育培训,0.75,direct,8,0
91510700MA62CDJYXL,绵阳行迹体育文化发展有限公司,5242,体育用品零售,体育用品零售,体育用品零售,体育用品零售,是,体育用品,0.95,direct,6,1
91510700MA65WR158K,绵阳上婵瑜伽健身有限责任公司,8930,瑜伽服务,瑜伽 服务,瑜伽;服务,瑜伽,是,健身休闲,0.95,direct,4,1
91510700MA67XA2R55,绵阳极限健身服务有限公司,8392,游泳培训,游泳培训,游泳培训,游泳培训,是,体育培训,0.95,direct,4,1
91510700MABYD9P373,四川悦己瑜伽健身有限公司,8930,瑜伽服务,瑜伽 服务,瑜伽;服务,瑜伽,是,健身休闲,0.95,direct,4,1
91510700MAC1HRHK8J,四川国骏熙电子商务有限公司,5242,户外用品零售,户外用品 零售,户外用品;零售,,是,体育用品,0.75,direct,6,0
91510700MAC6FR5P6R,四川安菡科技有限公司,5142,户外用品批发,户外用品 批发,户外用品;批发,,是,体育用品,0.75,direct,6,0
91510700MAC6PUDR6M,绵阳市喜淘电子商务有限责任公司,5142,户外用品批发,户外用品 批发,户外用品;批发,,是,体育用品,0.75,direct,6,0
91510700MA65TBG61F,绵阳动能健身有限责任公司,8930,健身体闲活动,身体 活动,身体;活动,,是,健身休闲,0.75,direct,6,0
91510700MA65G29D99,绵阳奥威体育发展有限公司,8392,体育培训,体育培训,体育培训,体育培训,是,体育培训,0.95,direct,4,1
91510700MAC16YQ86P,绵阳蝉丫瑜伽健身有限公司,8930,健身服务,健身服务,健身服务,健身服务,是,健身休闲,0.95,direct,4,1
91510700MA67U0BC66,绵阳博道体育健身运动馆,8930,健身运动活动运营,健身运动 活动 运营,健身运动;运营;活动,,是,健身休闲,0.75,direct,8,0
91510700MABTY8AA6F,绵阳星火体育文化发展有限公司,8919,体育活动组织,体育 活动 组织,体育;组织;活动,,是,体育管理,0.75,direct,6,0
91510700MACNU8M21T,四川玖拓体育发展有限公司,5242,体育用品零售,体育用品零售,体育用品零售,体育用品零售,是,体育用品,0.95,direct,6,1
91510700MA6B2DQH95,四川嘉熙文化传播有限公司,9052,组织体育表演活动,组织 体育表演 活动,体育表演;组织;活动,体育表演,是,体育赛事,0.6,none,8,1
91510700MA67FMQP66,四川麒兵军文教育科技有限公司,8930,健身休闲活动,健身 休闲活动,休闲活动;健身,,是,健身休闲,0.75,direct,6,0
91510700MA6A68Q82E,四川尤本瑜伽健身有限公司,8930,健身活动,健身活动,健身活动,,是,健身休闲,0.75,direct,4,0
91510700MA7F9RAK3J,四川六优体育文化发展有限公司,8392,体育培训,体育培训,体育培训,体育培训,是,体育培训,0.95,direct,4,1
91510700MA67QBBC48,绵阳倍斯特文化传播有限公司,8930,健身服务,健身服务,健身服务,健身服务,是,健身休闲,0.95,direct,4,1
91510700MA69JQR10L,绵阳明翔信鸽俱乐部有限公司,8919,信鸽参赛服务,信鸽 参赛 服务,信鸽;参赛;服务,,是,体育管理,0.75,direct,6,0
91510700MA64BRXEXN,绵阳浩来晋美健身服务有限公司,8930,健身休闲活动,健身 休闲活动,休闲活动;健身,,是,健身休闲,0.75,direct,6,0
91510700MA7M0T6909,四川前沿体育发展有限公司,8921,体育场地设施经营,体育场地设施 经营,体育场地设施;经营,体育场地设施,是,体育场馆,0.95,direct,8,1
91510700MA6A9WMM3M,绵阳全速体育俱乐部有限公司,8911,摩托车运动俱乐部,摩托车 运动 俱乐部,俱乐部;摩托车;运动,,是,体育管理,0.75,direct,8,0
91510700MACKMYJT81,绵阳倒湾沟马术俱乐部有限公司,8930,马术服务,马术 服务,马术;服务,马术,是,健身休闲,0.95,direct,4,1
91510703MA69Y4BM2P,四川鼎皓体育发展有限公司,8921,体育场地设施经营,体育场地设施 经营,体育场地设施;经营,体育场地设施,是,体育场馆,0.95,direct,8,1
91510700MA64NWK366,四川科迈体育俱乐部有限公司,8392,教育培训,教育 培训,培训;教育,,是,体育培训,0.75,direct,4,0
91510700MACBWJBF8Q,四川槿诚商贸有限公司,5242,体育用品零售,体育用品零售,体育用品零售,体育用品零售,是,体育用品,0.95,direct,6,1
91510700MA66UE1A3L,绵阳晋鹏文化科技有限公司,8392,体育运动训练指导服务,体育运动 训练 指导 服务,体育运动;训练;指导;服务,,是,体育培训,0.75,direct,10,0
91510700MA7H5BY762,四川山上城体育文化发展有限公司,5242,体育用品及器材零售,体育用品 器材 零售,体育用品;器材;零售,体育用品,是,体育用品,0.95,direct,9,1
91510700MA7KM90H15,绵阳晓游城南体育发展有限公司,8930,高危型体育运动,危型 体育运动,危型;体育运动,,是,健身休闲,0.75,direct,7,0
91510700MA6AEHNR73,四川翎辉天泽体育文化传播有限公司,8911,体育竞赛组织,体育竞赛 组织,体育竞赛;组织,体育竞赛,是,体育赛事,0.95,direct,6,1
91510700MA7J5XU211,四川飞越篮徒体育文化发展有限公司,8392,篮球培训,篮球培训,篮球培训,篮球培训,是,体育培训,0.95,direct,4,1
91510700MABTFC9X53,绵阳弈之味体育文化传播有限公司,8911,体育赛事策划,体育 赛事策划,赛事策划;体育,赛事策划,是,体育赛事,0.95,direct,6,1
91510700MABTYGNU4Q,绵阳市爱乐文化传播有限公司,8930,健身休闲,健身 休闲,健身;休闲,,是,健身休闲,0.75,direct,4,0
91510700MAE2U9QP2L,绵阳全明星体育文化传播有限公司,9052,体育赛事策划,体育 赛事策划,赛事策划;体育,赛事策划,是,体育赛事,0.6,none,6,1
91510700MABWLLNF7A,四川潇博健身服务有限公司,8930,健身休闲活动服务,健身 休闲活动 服务,休闲活动;健身;服务,,是,健身休闲,0.75,direct,8,0
91510700MA6BQEFA50,绵阳叁分体育有限责任公司,8911,体育运动训练指导服务,体育运动 训练 指导 服务,体育运动;训练;指导;服务,,是,体育管理,0.75,direct,10,0
91510700326935703C,绵阳鑫鹏体育运动服务有限公司,5242,体育用品及器材零售,体育用品 器材 零售,体育用品;器材;零售,体育用品,是,体育用品,0.95,direct,9,1
91510700MA620EUP3A,四川肆为志体育文化传播有限公司,5142,体育用品批发,体育用品批发,体育用品批发,体育用品批发,是,体育用品,0.95,direct,6,1
91510700MABT2CFH1P,绵阳骐骥体育文化发展有限公司,5242,体育器材零售,体育器材 零售,体育器材;零售,体育器材,是,体育用品,0.95,direct,6,1
91510700MA7KK50M0R,绵阳市经开区世超体育培训学校有限公司,8392,体育培训,体育培训,体育培训,体育培训,是,体育培训,0.95,direct,4,1
91510700MA6BK30Q8C,绵阳市力宛健身器材销售有限责任公司,5142,体育用品批发,体育用品批发,体育用品批发,体育用品批发,是,体育用品,0.95,direct,6,1
91510700MACDBYDN47,绵阳市经开区艺晞文化传播有限公司,8930,健身休闲服务,健身 休闲 服务,健身;休闲;服务,,是,健身休闲,0.75,direct,6,0
91510700MAACKCU177,四川博训体育文化传播有限公司,8392,体育培训服务,体育培训 服务,体育培训;服务,体育培训,是,体育培训,0.95,direct,6,1
91510700MA7FY7C04X,四川嘉龙文旅有限公司,8392,体育培训服务,体育培训 服务,体育培训;服务,体育培训,是,体育培训,0.95,direct,6,1
91510700MADG33J51M,绵阳泷湾体育发展有限公司,8921,文体活动管理服务,文体活动 管理 服务,文体活动;服务;管理,,是,体育场馆,0.75,direct,8,0
91510700MACFR7631X,绵阳逐涛游泳馆有限责任公司,8921,室内恒温游泳服务,室内 恒温 游泳 服务,恒温;游泳;室内;服务,游泳,是,健身休闲,0.95,direct,8,1
91510700MA7GT9AM0X,四川创造门渔具有限责任公司,2449,渔具生产,渔具 生产,渔具;生产,渔具,是,体育用品,0.95,direct,4,1
91510700MACGJ5LT13,四川楠搏体育文化传播有限公司,8911,体育策划组织服务,体育 策划 组织 服务,策划;体育;服务;组织,,是,体育管理,0.75,direct,8,0
91510700MABQDWDD8H,绵阳张郡瑜伽健身有限公司,8930,健身服务,健身服务,健身服务,健身服务,是,健身休闲,0.95,direct,4,1
91510700MA6B4LNM3D,绵阳青雲体育文化发展有限责任公司,8930,体育健身,体育 健身,健身;体育,,是,健身休闲,0.75,direct,4,0
91510700309436857C,四川王迪体育文化传播有限公司,8930,卡丁车体验服务,卡丁车 体验 服务,卡丁车;体验;服务,,是,健身休闲,0.75,direct,7,0
91510700MABQTYB28X,绵阳汇江海体育文化传播有限责任公司,8930,健身体育服务,健身 体育服务,体育服务;健身,体育服务,是,体育管理,0.95,direct,6,1
91510700MACY5DWX6C,绵阳鲨鱼力量健身有限公司,8930,健身服务,健身服务,健身服务,健身服务,是,健身休闲,0.95,direct,4,1
91510700MA6ACMD806,四川斯塔瑞健身管理有限公司,5242,体育器材零售,体育器材 零售,体育器材;零售,体育器材,是,体育用品,0.95,direct,6,1
91510700MABQPRU87G,四川旭力胜体育文化传播有限公司,9052,体育表演活动组织,体育表演 活动 组织,体育表演;组织;活动,体育表演,是,体育赛事,0.6,none,8,1
91510700MA6A9P207C,四川萨芬娜商贸有限公司,5242,体育用品零售,体育用品零售,体育用品零售,体育用品零售,是,体育用品,0.95,direct,6,1
92510700MABW51E21C,绵阳飞漾休闲健身有限公司,8930,健身服务,健身服务,健身服务,健身服务,是,健身休闲,0.95,direct,4,1
91510700MA6AF01U05,绵阳奥辰足球俱乐部有限公司,8911,体育竞赛组织,体育竞赛 组织,体育竞赛;组织,体育竞赛,是,体育赛事,0.95,direct,6,1
91510700MA6A2A6A53,四川瀚艺鼎跃文化传播有限公司,8919,体育组织服务,体育组织 服务,体育组织;服务,体育组织,是,体育管理,0.95,direct,6,1
91510700MA63GD5X51,绵阳梵一瑜伽健身有限公司,8930,健身休闲活动,健身 休闲活动,休闲活动;健身,,是,健身休闲,0.75,direct,6,0
91510700MA6870UP9D,四川米瑞柯商贸有限公司,5242,体育用品零售,体育用品零售,体育用品零售,体育用品零售,是,体育用品,0.95,direct,6,1
91510700MA64C9JC0G,绵阳誉萌体育文化传播有限公司,8919,互联网体育服务,互联网 体育服务,体育服务;互联网,体育服务,是,体育管理,0.95,direct,7,1
91510700MA6A2M0E2B,四川虎鲨体育有限公司,8930,健身休闲活动,健身 休闲活动,休闲活动;健身,,是,健身休闲,0.75,direct,6,0
91510700MA66T56G4H,绵阳好运体育运动有限公司,8930,水上运动服务,水上运动 服务,水上运动;服务,水上运动,是,健身休闲,0.95,direct,6,1
91510700MABWQLMEXN,绵阳市五二零户外运动有限公司,8930,健身休闲活动,健身 休闲活动,休闲活动;健身,,是,健身休闲,0.75,direct,6,0
91510700MABWJB9C5N,四川省自由侠户外运动有限责任公司,8930,健身休闲活动,健身 休闲活动,休闲活动;健身,,是,健身休闲,0.75,direct,6,0
91510700MAD1Q5C547,绵阳悦钓体育文化发展有限公司,5242,渔具零售,渔具 零售,渔具;零售,渔具,是,体育用品,0.95,direct,4,1
91510700099575073F,绵阳猎鹰拓展训练有限公司,8930,拓展训练,拓展 训练,拓展;训练,,是,健身休闲,0.75,direct,4,0
91510781MADP6K5X2Y,江油市冰雪萌动体育文化发展有限公司,8930,滑冰场服务,滑冰场 服务,滑冰场;服务,滑冰场,是,体育场馆,0.95,direct,5,1
91510781MAE0T9NM1H,四川纵眺体育文化发展有限公司,9052,体育表演服务,体育表演 服务,体育表演;服务,体育表演,是,体育赛事,0.6,none,6,1
91510781MADLJAN075,四川鸿鹄耕渔商贸有限公司,5242,体育用品零售,体育用品零售,体育用品零售,体育用品零售,是,体育用品,0.95,direct,6,1
91510781MACMFW593Q,四川绿翼鲸鲨户外拓展有限公司,8930,拓展服务,拓展 服务,拓展;服务,,是,健身休闲,0.75,direct,4,0
91510781MACK9F1G4T,江油博玮卓体育发展有限公司,8999,体育用品批发,体育用品批发,体育用品批发,体育用品批发,是,体育用品,0.6,none,6,1
91510781MA68FWAQ0L,江油市正标体育培训学校有限公司,8392,体育教育培训,体育教育 培训,体育教育;培训,体育教育,是,体育培训,0.95,direct,6,1
91510781MACGFCTQ55,江油鸿飞体育文化发展有限公司,8911,体育竞赛组织,体育竞赛 组织,体育竞赛;组织,体育竞赛,是,体育赛事,0.95,direct,6,1
91510781MAACH9791G,四川义雨堂体育文化发展有限公司,8911,体育竞赛组织,体育竞赛 组织,体育竞赛;组织,体育竞赛,是,体育赛事,0.95,direct,6,1
91510781MABXKW7P2W,江油市家里顽健身有限责任公司,8930,健身培训服务,健身 培训 服务,健身;培训;服务,,是,健身休闲,0.75,direct,6,0
91510781MA62YMAB95,绵阳市实况体育文化发展有限责任公司,7122,体育设备用品出租,体育设备 用品 出租,体育设备;出租;用品,体育设备,是,体育用品,0.6,none,8,1
91510781MA6968KLXR,江油市明辉体育文化传播有限公司,8911,体育竞赛组织,体育竞赛 组织,体育竞赛;组织,体育竞赛,是,体育赛事,0.95,direct,6,1
91510781MABXFB4JXG,江油市尼比鲁健身服务有限责任公司,8392,体育培训,体育培训,体育培训,体育培训,是,体育培训,0.95,direct,4,1
91510781MA67CKHE7W,江油山地精英体育文化有限公司,8919,体育组织,体育组织,体育组织,体育组织,是,体育管理,0.95,direct,4,1
91510781MAD3083F73,江油市本伟体育俱乐部个人独资,8930,休闲健身活动,休闲 健身活动,健身活动;休闲,,是,健身休闲,0.75,direct,6,0
91510781MA624BM95K,绵阳市大千科技有限公司,5142,体育用品批发,体育用品批发,体育用品批发,体育用品批发,是,体育用品,0.95,direct,6,1
91510781MACHFEUU0F,四川睿力虎体育文化传播有限公司,8392,跆拳道培训,跆拳道培训,跆拳道培训,跆拳道培训,是,体育培训,0.95,direct,5,1
91510781MA65EW874L,四川小月亮文化传播有限公司,7246,体育咨询,体育咨询,体育咨询,体育咨询,是,体育管理,0.6,none,4,1
91510781MA6ABDAC4E,江油时空龙游乐有限公司,8912,游艺娱乐活动,游艺 娱乐活动,游艺;娱乐活动,,是,体育管理,0.75,direct,6,0
91510781MA66AYJB1A,江油市漫奢健身服务有限公司,8930,健身休闲活动,健身 休闲活动,休闲活动;健身,,是,健身休闲,0.75,direct,6,0
91510781MA624DET3M,四川骥降空临健身管理有限责任公司,8930,提供健身服务,提供 健身服务,健身服务;提供,健身服务,是,健身休闲,0.95,direct,6,1
91510781MA66G0KR9W,绵阳市译丹健身服务有限公司,8930,室外休闲建身服务,室外 休闲 建身 服务,建身;室外;休闲;服务,,是,健身休闲,0.75,direct,8,0
91510781MA6A95EE3T,绵阳市江油弘业飞腾体育文化发展有限公司,8392,体育培训,体育培训,体育培训,体育培训,是,体育培训,0.95,direct,4,1
91510781MAD1R6F43D,江油市悠途足迹健身服务有限责任公司,8930,健身服务,健身服务,健身服务,健身服务,是,健身休闲,0.95,direct,4,1
91510781MA663NR47D,江油炫阳道体育文化传播有限公司,8930,建身休闲,建身 休闲,建身;休闲,,是,健身休闲,0.75,direct,4,0
9151078176999338X1,江油市今日体育用品有限公司,5242,体育用品零售,体育用品零售,体育用品零售,体育用品零售,是,体育用品,0.95,direct,6,1
91510781MA66DQE55M,绵阳市宁格武韵文化传播有限公司,8392,武术训练,武术 训练,武术;训练,武术,是,健身休闲,0.95,direct,4,1
91510781MA62T63T0M,江油市辰超食品有限公司,5242,零售体育器材,零售 体育器材,体育器材;零售,体育器材,是,体育用品,0.95,direct,6,1
91510781MAD7WTW8X3,绵阳趣年记体育发展有限公司,8911,,,,,是,体育管理,0.75,direct,0,0
91510781MA64WWBE83,江油市泽明电子科技有限公司,5242,文化体育用品及器材销售,文化 体育用品 器材 销售,体育用品;器材;销售;文化,体育用品,是,体育用品,0.95,direct,11,1
91510781MACYY5GHX5,四川青运智慧体育文化发展有限公司,8919,体育服务,体育服务,体育服务,体育服务,是,体育管理,0.95,direct,4,1
91510781MACPX71W92,四川力捷晟体育科技有限公司,9052,体育赛事策划,体育 赛事策划,赛事策划;体育,赛事策划,是,体育赛事,0.6,none,6,1
91510781MA67CJKT6A,绵阳勤朗体育有限责任公司,8911,体育竞赛组织,体育竞赛 组织,体育竞赛;组织,体育竞赛,是,体育赛事,0.95,direct,6,1
91510781MA68JMRC9X,江油市茶然居茶楼有限公司,8930,棋牌娱乐服务,棋牌 娱乐 服务,棋牌;娱乐;服务,,是,健身休闲,0.75,direct,6,0
91510781MA64ADPA2Q,江油大维体育文化有限公司,9054,体育组织服务,体育组织 服务,体育组织;服务,体育组织,是,体育管理,0.6,none,6,1
91510781MA7H9L60X4,江油市成一龙体育俱乐部有限公司,8392,体育培训,体育培训,体育培训,体育培训,是,体育培训,0.95,direct,4,1
91510703MA62413P8X,四川省建兴健身服务有限责任公司,8392,武术教学,武术 教学,武术;教学,武术,是,健身休闲,0.95,direct,4,1
91510781MA6A2P4H0P,江油市建兴体育培训学校有限公司,8392,体育类培训,体育类 培训,体育类;培训,,是,体育培训,0.75,direct,5,0
91510781MAACPP027P,四川自腾科技有限公司,9041,体彩零售,体彩 零售,体彩;零售,体彩,是,体育彩票,0.6,none,4,1
91510781MABXWCC943,江油市豪驰飞程体育文化发展有限公司,8392,体育运动训练,体育运动 训练,体育运动;训练,,是,体育培训,0.75,direct,6,0
91510781323338663T,江油市伯菲健身服务有限公司,8930,健身服务,健身服务,健身服务,健身服务,是,健身休闲,0.95,direct,4,1
91510781MA62WPLW8B,江油市静一心体育培训学校有限公司,8392,体育教育培训,体育教育 培训,体育教育;培训,体育教育,是,体育培训,0.95,direct,6,1
91510781MAC6PJ0B2A,江油天畅科技有限公司,8930,棋牌服务,棋牌 服务,棋牌;服务,,是,健身休闲,0.75,direct,4,0
91510781MAACQ1T13N,四川江油鑫丰茂建材销售有限责任公司,5142,渔具批发,渔具 批发,渔具;批发,渔具,是,体育用品,0.95,direct,4,1
91510781MA6249F285,四川酷力足球俱乐部有限公司,8911,体育竞赛组织,体育竞赛 组织,体育竞赛;组织,体育竞赛,是,体育赛事,0.95,direct,6,1
91510781MABQT9EK6W,绵阳步月登云体育发展有限公司,8930,体育健身,体育 健身,健身;体育,,是,健身休闲,0.75,direct,4,0
91510781MABT4FN45X,绵阳禅悦音瑜伽健身有限公司,8930,健身服务,健身服务,健身服务,健身服务,是,健身休闲,0.95,direct,4,1
91510781MAC4PLE13U,江油市绿茵世代体育文化传播有限公司,8911,体育竞赛组织,体育竞赛 组织,体育竞赛;组织,体育竞赛,是,体育赛事,0.95,direct,6,1
91510781MA7KP92M1E,江油动感倍力健身服务有限公司,8930,健身休闲活动,健身 休闲活动,休闲活动;健身,,是,健身休闲,0.75,direct,6,0
91510781MA637AF1X6,江油皇宾雷斯商贸有限公司,5242,体育用品零售,体育用品零售,体育用品零售,体育用品零售,是,体育用品,0.95,direct,6,1
91510781MACDQ1U73H,江油市伦海体育场馆管理有限公司,8930,健身休闲活动,健身 休闲活动,休闲活动;健身,,是,健身休闲,0.75,direct,6,0
91510781MABUDMR315,江油市庚旺兴体育文化传播有限公司,8921,游泳池经营,游泳池 经营,游泳池;经营,游泳池,是,健身休闲,0.95,direct,5,1
91510781MAC1AXT84Y,江油时光泳星游泳俱乐部有限公司,8911,游泳培训,游泳培训,游泳培训,游泳培训,是,体育培训,0.95,direct,4,1
91510781MACPC0W274,江油市赤金橙水上娱乐有限公司,8392,游泳培训,游泳培训,游泳培训,游泳培训,是,体育培训,0.95,direct,4,1
91510781MADCKRQP4E,江油市飞昂麦尔体育发展有限公司,8911,体育竞赛组织,体育竞赛 组织,体育竞赛;组织,体育竞赛,是,体育赛事,0.95,direct,6,1
91510781MADCAKCG8E,江油少强体育文化传播有限责任公司,8911,组织文化交流活动,组织 文化 交流活动,交流活动;文化;组织,,是,体育管理,0.75,direct,8,0
91510781MADG0D2C1D,四川诗城五月丰体育文化发展有限公司,8911,羽毛球,羽毛球,羽毛球,羽毛球,是,体育用品,0.95,direct,3,1
91510700MA62464Y1X,绵阳市总教官文化传播有限公司,8930,拓展训练,拓展 训练,拓展;训练,,是,健身休闲,0.75,direct,4,0
91510781MACM3TTN7E,江油市蜀耀体育文化传播有限公司,8911,体育项目开发,体育项目 开发,体育项目;开发,,是,体育管理,0.75,direct,6,0
91510781MACANFHU8T,江油市奥皇鹰体育文化传播有限公司,8392,篮球培训,篮球培训,篮球培训,篮球培训,是,体育培训,0.95,direct,4,1
91510781MAD292J08K,江油花儿朵朵体育文化传播有限责任公司,9052,体育赛事策划,体育 赛事策划,赛事策划;体育,赛事策划,是,体育赛事,0.6,none,6,1
9151078105219568XY,江油市杉迩弈运动休闲有限公司,8930,器械健身体育俱乐部,器械 健身 体育俱乐部,体育俱乐部;健身;器械,体育俱乐部,是,体育管理,0.95,direct,9,1
91510781MAD1DNGM7P,江油艾芙茜足球俱乐部有限责任公司,9052,体育赛事组织,体育赛事 组织,体育赛事;组织,体育赛事,是,体育赛事,0.6,none,6,1
91510781MA64UP2E0B,绵阳市科隆巴赫商贸有限公司,5142,体育用品及器材批发,体育用品 器材 批发,体育用品;器材;批发,体育用品,是,体育用品,0.95,direct,9,1
91510781MA6BUXR54E,四川亿僖渔具有限公司,2449,渔具制造,渔具 制造,渔具;制造,渔具,是,体育用品,0.95,direct,4,1
91510781699195752M,江油世外洞天旅游开发有限公司,8930,漂流娱乐服务,漂流 娱乐 服务,漂流;娱乐;服务,漂流,是,健身休闲,0.95,direct,6,1
91510781MACC8NE13T,江油市虹英乐迪娱乐有限公司,8912,游艺娱乐活动,游艺 娱乐活动,游艺;娱乐活动,,是,体育管理,0.75,direct,6,0
91510781MAD3JRB51R,江油市星之梦户外拓展工作室个人独资,8930,健身休闲活动,健身 休闲活动,休闲活动;健身,,是,健身休闲,0.75,direct,6,0
91510781MA64C9M335,江油市中剑体育有限司,7246,体育咨询,体育咨询,体育咨询,体育咨询,是,体育管理,0.6,none,4,1
91510781MA64C9M365,江油市中剑体育有限公司,5242,体育用品零售,体育用品零售,体育用品零售,体育用品零售,是,体育用品,0.95,direct,6,1
91510781MAD2PBRU6E,江油市动动乐体育用品销售店个人独资,5242,体育用品及器材零售,体育用品 器材 零售,体育用品;器材;零售,体育用品,是,体育用品,0.95,direct,9,1
91510781MA7NKKC19C,四川安邻社区服务有限公司,8930,健身休闲活动,健身 休闲活动,休闲活动;健身,,是,健身休闲,0.75,direct,6,0
91510781MADWCU576R,四川越翔畅动体育器材有限公司,2444,体育用品及器材制造,体育用品 器材 制造,体育用品;器材;制造,体育用品,是,体育用品,0.95,direct,9,1
91510781MADFHUJF2L,江油市久弘飞腾体育发展有限公司,8911,体育竞赛组织,体育竞赛 组织,体育竞赛;组织,体育竞赛,是,体育赛事,0.95,direct,6,1
91510781MAD3C6WY7Y,四川集结地户外用品销售有限公司,5242,体育用品及器材零售,体育用品 器材 零售,体育用品;器材;零售,体育用品,是,体育用品,0.95,direct,9,1
91510781MA680DYC5Q,四川江油画屏尚景景区管理有限责任公司,8930,户外健身娱乐服务,户外 健身 娱乐 服务,户外;健身;娱乐;服务,,是,健身休闲,0.75,direct,8,0
91510700MA6BL2K13H,四川猎隼户外用品股份公司,2444,运动防护用具制造,运动 防护 用具 制造,用具;防护;制造;运动,,是,体育用品,0.75,direct,8,0
91510781MA6BN33F36,四川省创坤商贸有限公司,5142,体育用品及器材批发,体育用品 器材 批发,体育用品;器材;批发,体育用品,是,体育用品,0.95,direct,9,1
91510781MACR6PJ643,四川省天诚领航渔具有限公司,5242,渔具零售,渔具 零售,渔具;零售,渔具,是,体育用品,0.95,direct,4,1
91510781MAC0WNCH1M,江油市鹏越体育俱乐部,8930,体育项目,体育项目,体育项目,,是,健身休闲,0.75,direct,4,0
91510802MAE2J6JW7X,乐传广元市文化传媒有限责任公司,9052,组织体育表演活动,组织 体育表演 活动,体育表演;组织;活动,体育表演,是,体育赛事,0.6,none,8,1
91510802MADND3NR8M,广元市冰熊体育培训中心有限公司,8392,体育培训,体育培训,体育培训,体育培训,是,体育培训,0.95,direct,4,1
91510802MAD9F3PB8T,四川省利剑拓展训练有限公司,8930,健身休闲活动,健身 休闲活动,休闲活动;健身,,是,健身休闲,0.75,direct,6,0
91510802MADA857522,广元市超星体育培训中心有限公司,8911,体育竞赛组织,体育竞赛 组织,体育竞赛;组织,体育竞赛,是,体育赛事,0.95,direct,6,1
91510802MADJ7GT719,广元洛梵普拉提瑜伽健身馆（个人独资）,8930,健身休闲活动,健身 休闲活动,休闲活动;健身,,是,健身休闲,0.75,direct,6,0
91510802MAE2BC9T1B,四川茗香苑文化娱乐有限公司,8930,健身休闲活动,健身 休闲活动,休闲活动;健身,,是,健身休闲,0.75,direct,6,0
91510802MAE3EEE17Q,广元老郑商贸有限公司,5242,渔具零售,渔具 零售,渔具;零售,渔具,是,体育用品,0.95,direct,4,1
91510802MAD4RLLW4A,广元篮盟体育发展有限公司,8911,体育竞赛组织,体育竞赛 组织,体育竞赛;组织,体育竞赛,是,体育赛事,0.95,direct,6,1
91510802MA6256BM3C,广元春秋拓展训练有限公司,8930,体育拓展训练服务,体育 拓展 训练 服务,体育;拓展;训练;服务,,是,健身休闲,0.75,direct,8,0
91510802MA65W58W35,四川金坐标户外运动策划有限公司,8911,体育竞赛组织,体育竞赛 组织,体育竞赛;组织,体育竞赛,是,体育赛事,0.95,direct,6,1
91510802MACAQDEF73,广元嘉绩拓展训练有限责任公司,8930,体验式拓展活动及策划,体验式 拓展 活动 策划,体验式;策划;拓展;活动,,是,健身休闲,0.75,direct,10,0
91510802MA6536X3XQ,广元梦之拓展有限公司,8930,健身休闲活动,健身 休闲活动,休闲活动;健身,,是,健身休闲,0.75,direct,6,0
91510802MA69PQ8F71,广元聚兴体育文化传播有限公司,8911,承办小型竞赛,承办 小型 竞赛,承办;竞赛;小型,,是,体育管理,0.75,direct,6,0
91510802MA6BQR5F87,四川欢乐糖体育发展有限公司,5242,体育用品级器材零售,体育用品 器材 零售,体育用品;器材;零售,体育用品,是,体育用品,0.95,direct,9,1
91510802MA64WFUG9W,四川省军鸿拓展训练有限公司,8930,拓展训练服务,拓展 训练 服务,拓展;训练;服务,,是,健身休闲,0.75,direct,6,0
91510802MACHLYC59H,广元金色篮筐体育发展有限公司,8392,少儿体育培训,少儿 体育培训,体育培训;少儿,体育培训,是,体育培训,0.95,direct,6,1
91510800MA633U2T9Y,四川荣杰体育器材有限公司,5242,体育用品及器材零售,体育用品 器材 零售,体育用品;器材;零售,体育用品,是,体育用品,0.95,direct,9,1
91510802572795806Y,广元市宇兴商贸有限公司,5242,体育用品零售,体育用品零售,体育用品零售,体育用品零售,是,体育用品,0.95,direct,6,1
91510802MA6A69H96D,四川超越体育设施工程有限公司,2449,体育用品制造,体育用品制造,体育用品制造,体育用品制造,是,体育用品,0.95,direct,6,1
91510802MA67EM4H5M,广元市文旅体产业发展有限公司,8921,体育场馆管理服务,体育场馆 管理 服务,体育场馆;服务;管理,体育场馆,是,体育场馆,0.95,direct,8,1
91510802MA68JJGH19,四川小零萌体育服务有限公司,8930,健身活动,健身活动,健身活动,,是,健身休闲,0.75,direct,4,0
91510802MA66RGE97T,广元市禹通商贸有限公司,5242,体育用品器材专门零售,体育用品 器材 专门 零售,体育用品;器材;零售;专门,体育用品,是,体育用品,0.95,direct,10,1
91510802MA6250EB61,四川柒陆捌拓展训练有限公司,8930,体能拓展训练服务,体能 拓展 训练 服务,体能;拓展;训练;服务,,是,健身休闲,0.75,direct,8,0
91510802MA6ADD9D7A,四川陈炳武术文化传播有限公司,8930,健身休闲活动,健身 休闲活动,休闲活动;健身,,是,健身休闲,0.75,direct,6,0
91510802MACBAM5Q8C,广元翔鹏体育用品经营部,5242,体育用品及器材批发,体育用品 器材 批发,体育用品;器材;批发,体育用品,是,体育用品,0.95,direct,9,1
91510802MA7FG4C91X,广元市荧朵瑜伽健身有限公司,8930,健身休闲活动,健身 休闲活动,休闲活动;健身,,是,健身休闲,0.75,direct,6,0
91510802MABWJJC089,四川省象屿电子游戏有限责任公司,8912,游艺娱乐活动,游艺 娱乐活动,游艺;娱乐活动,,是,体育管理,0.75,direct,6,0
91510800MA69PTWM54,广元兴旺体育文化发展有限公司,8930,健身休闲活动,健身 休闲活动,休闲活动;健身,,是,健身休闲,0.75,direct,6,0
91510802MA6BGPG3XX,广元北瀚体育发展有限公司,8392,体育培训,体育培训,体育培训,体育培训,是,体育培训,0.95,direct,4,1
915108023377313357,广元劲博商贸有限公司,5242,体育用品零售,体育用品零售,体育用品零售,体育用品零售,是,体育用品,0.95,direct,6,1
91510802MA7M96N36P,广元市利州区潮玩城市风云娱乐中心,8912,游艺娱乐活动,游艺 娱乐活动,游艺;娱乐活动,,是,体育管理,0.75,direct,6,0
91510802MACGF9FJ03,广元市利州区毛毛虫娱乐中心,8912,游艺娱乐活动,游艺 娱乐活动,游艺;娱乐活动,,是,体育管理,0.75,direct,6,0
91510802MACRFNTP7H,广元沸园瑜伽健身有限公司,8930,健身休闲活动,健身 休闲活动,休闲活动;健身,,是,健身休闲,0.75,direct,6,0
91510802MA68XYPFXH,四川省嘉事锦商贸有限公司,5242,文化体育用品及器材专门零售,文化 体育用品 器材 专门 零售,体育用品;器材;零售;专门;文化,体育用品,是,体育用品,0.95,direct,13,1
91510800MA6B7PKNX0,广元市莱斯体育培训中心有限公司,5242,体育用品零售,体育用品零售,体育用品零售,体育用品零售,是,体育用品,0.95,direct,6,1
91510802MA66TJPR38,广元市利州区领扬体育培训中心有限公司,7246,体育咨询,体育咨询,体育咨询,体育咨询,是,体育管理,0.6,none,4,1
91510802MABNL2U76U,广元弥阳儿童拓展训练有限责任公司,8392,体能训练,体能训练,体能训练,体能训练,是,体育培训,0.95,direct,4,1
91510802MAACF8NB68,广元旭成体育发展有限公司,8921,体育场馆经营,体育场馆 经营,体育场馆;经营,体育场馆,是,体育场馆,0.95,direct,6,1
91510802MACTC7Q057,广元市利州区正德体育培训中心有限公司,8392,跆拳道培训,跆拳道培训,跆拳道培训,跆拳道培训,是,体育培训,0.95,direct,5,1
91510802MA67C5WB7T,四川冰熊体育发展有限公司,9052,体育赛事活动策划咨询,体育赛事 活动 策划 咨询,体育赛事;策划;咨询;活动,体育赛事,是,体育赛事,0.6,none,10,1
91510802MAACM18C8U,广元市旭达体育发展有限公司,8911,体育竞赛组织,体育竞赛 组织,体育竞赛;组织,体育竞赛,是,体育赛事,0.95,direct,6,1
91510802MA68A81F0Q,广元爱尚体育文化有限公司,8930,健身休闲活动,健身 休闲活动,休闲活动;健身,,是,健身休闲,0.75,direct,6,0
91510802MACJ12285L,广元跃高体育发展有限公司,8911,体育竞赛组织,体育竞赛 组织,体育竞赛;组织,体育竞赛,是,体育赛事,0.95,direct,6,1
91510802MAACF3HH3L,广元市利州区贺家班体育培训中心有限公司,8912,体育文化推广,体育文化 推广,体育文化;推广,体育文化,是,体育管理,0.95,direct,6,1
91510802MABPDHA78A,广元起航体育发展有限公司,8392,体育培训,体育培训,体育培训,体育培训,是,体育培训,0.95,direct,4,1
91510802MA6AP5PX6T,四川省军誉户外拓展有限公司,8930,山地户外运动,山地 户外运动,户外运动;山地,户外运动,是,健身休闲,0.95,direct,6,1
91510802MA69CT5D9D,四川概特体育发展有限公司,8392,体育培训服务,体育培训 服务,体育培训;服务,体育培训,是,体育培训,0.95,direct,6,1
91510802MA691P3T6B,广元市宗正武道健身服务有限公司,8930,休闲健身服务,休闲 健身服务,健身服务;休闲,健身服务,是,健身休闲,0.95,direct,6,1
91510802MA63FTYP2P,广元市利州区积木体育文化推广有限责任公司,8919,体育类社会服务,体育类 社会 服务,体育类;服务;社会,,是,体育管理,0.75,direct,7,0
91510802MA63YCFQ72,广元市兴邦拓展训练有限责任公司,8930,拓展和学生素质训练,拓展 学生 素质 训练,素质;拓展;训练;学生,,是,健身休闲,0.75,direct,9,0
91510100MA7G1HCJ88,四川睿丰恒达企业管理有限公司,5242,体育用品及器材零售,体育用品 器材 零售,体育用品;器材;零售,体育用品,是,体育用品,0.95,direct,9,1
91510802MABY612Y4G,广元市天乾体育文化传播有限公司,8911,体育竞赛组织,体育竞赛 组织,体育竞赛;组织,体育竞赛,是,体育赛事,0.95,direct,6,1
91510802MA647G6791,广元金城鑫商贸有限公司,5242,体育用品及器材零售,体育用品 器材 零售,体育用品;器材;零售,体育用品,是,体育用品,0.95,direct,9,1
91510802MAD25TYX5J,广元达人体育发展有限公司,8911,体育赛事组织,体育赛事 组织,体育赛事;组织,体育赛事,是,体育赛事,0.95,direct,6,1
91510802MABRBBMW39,广元泳腾体育文化发展有限责任公司,8912,体育保障组织,体育 保障 组织,体育;保障;组织,,是,体育管理,0.75,direct,6,0
91510802MA67WBKF99,四川耀星体育发展有限公司,8392,游泳培训,游泳培训,游泳培训,游泳培训,是,体育培训,0.95,direct,4,1
91510800MA66P7ML0T,广元顺顺体育服务有限公司,8911,体育项目组织服务,体育项目 组织 服务,体育项目;服务;组织,,是,体育管理,0.75,direct,8,0
91510800MA6B0QTB3W,四川硕扬文化传媒有限公司,8930,健身服务,健身服务,健身服务,健身服务,是,健身休闲,0.95,direct,4,1
91510800MAD92A0N5B,广元海路亚渔具有限公司,2449,渔具制造,渔具 制造,渔具;制造,渔具,是,体育用品,0.95,direct,4,1
91510802MA6B3TAG89,广元七号健身有限责任公司,8930,健身休闲活动,健身 休闲活动,休闲活动;健身,,是,健身休闲,0.75,direct,6,0
91510802MACPGBYA7X,四川未来体育文化发展有限责任公司,8392,篮球培训服务,篮球培训 服务,篮球培训;服务,篮球培训,是,体育培训,0.95,direct,6,1
91510802337771927D,广元市山水欢歌旅游开发有限公司,8930,健身休闲,健身 休闲,健身;休闲,,是,健身休闲,0.75,direct,4,0
91510811MACRQ31R0D,广元移众体育文化发展有限公司,7283,体育赛事策划,体育 赛事策划,赛事策划;体育,赛事策划,是,体育赛事,0.6,none,6,1
91510811MAC1K9E292,广元腾耀拓展训练有限责任公司,8930,体育健身活动,体育 健身活动,健身活动;体育,,是,健身休闲,0.75,direct,6,0
91510812MADJPFF27C,广元鼎盛体育文化发展有限公司,9052,体育表演服务,体育表演 服务,体育表演;服务,体育表演,是,体育赛事,0.6,none,6,1
91510812MAC6NKW24W,广元至圣体育文化传播有限公司,8911,其它体育组织服务,其它 体育组织 服务,体育组织;其它;服务,体育组织,是,体育管理,0.95,direct,8,1
91510812314570487K,广元曾家山滑雪场有限公司,8930,滑雪滑草场服务,滑雪 草场 服务,滑雪;草场;服务,滑雪,是,健身休闲,0.95,direct,7,1
91510821MA64EW3C2W,广元市蜀侠体育文化发展有限责任公司,8392,武术培训,武术培训,武术培训,武术培训,是,体育培训,0.95,direct,4,1
91510821MA7N7JAX4J,广元领航体育发展有限公司,8392,体育活动培训,体育 活动 培训,体育;培训;活动,,是,体育培训,0.75,direct,6,0
91510821MAC2DP034W,旺苍县卓诚体育文化发展有限公司,8911,体育竞赛组织,体育竞赛 组织,体育竞赛;组织,体育竞赛,是,体育赛事,0.95,direct,6,1
91510821MACKRBQT78,广元市铸奇商贸有限公司,7122,体育用品设备出租,体育用品 设备 出租,体育用品;出租;设备,体育用品,是,体育用品,0.6,none,8,1
91510821MA68WJHH9M,旺苍拳盛体育有限公司,8911,体育竞赛组织,体育竞赛 组织,体育竞赛;组织,体育竞赛,是,体育赛事,0.95,direct,6,1
91510822MAE3YKHK7B,广元金俊体育文化发展有限公司,8912,体育保障组织,体育 保障 组织,体育;保障;组织,,是,体育管理,0.75,direct,6,0
91510822MAD0L3F927,四川铜戈体育文化发展有限公司,8911,体育竞赛组织,体育竞赛 组织,体育竞赛;组织,体育竞赛,是,体育赛事,0.95,direct,6,1
91510822MACFLP5C5U,青川鲸锐体育文化发展有限责任公司,8392,蓝球培训,蓝球 培训,蓝球;培训,,是,体育培训,0.75,direct,4,0
91510822MABY6LKW7G,青川展华体育文化传播有限公司,5242,文化体育用品及器材零售,文化 体育用品 器材 零售,体育用品;器材;零售;文化,体育用品,是,体育用品,0.95,direct,11,1
91510822MA7NKN870C,广元滔远体育文化发展有限公司,8921,游泳场地设施经营,游泳 场地设施 经营,场地设施;游泳;经营,游泳,是,健身休闲,0.95,direct,8,1
91510822MACWUW7G44,青川县川博体育发展有限公司,8911,体育竞赛组织,体育竞赛 组织,体育竞赛;组织,体育竞赛,是,体育赛事,0.95,direct,6,1
91510822MABULJWT15,广元市美亿达体育科技有限公司,5242,文化体育用具零售,文化 体育 用具 零售,用具;体育;零售;文化,,是,体育用品,0.75,direct,8,0
91510822MA7MRPYM1X,青川县松柏户外运动有限公司,8930,健身休闲活动,健身 休闲活动,休闲活动;健身,,是,健身休闲,0.75,direct,6,0
91510823MA6A9HU54A,四川鼎恒体育培训学校有限公司,8392,篮球培训,篮球培训,篮球培训,篮球培训,是,体育培训,0.95,direct,4,1
91510823MA63FTMU7M,四川省杰达拓展训练有限公司,8930,校内拓展训练,校内 拓展 训练,校内;拓展;训练,,是,健身休闲,0.75,direct,6,0
91510823MA67LP4880,四川雷霆勇士拓展训练有限责任公司,8930,拓展训练,拓展 训练,拓展;训练,,是,健身休闲,0.75,direct,4,0
91510823MACRL0UQ1T,剑阁县晶源商贸有限公司,8930,棋牌服务,棋牌 服务,棋牌;服务,,是,健身休闲,0.75,direct,4,0
91510823MACW7DLD1Q,剑阁县福缘建设工程有限公司,5142,体育用品及器具批发,体育用品 器具 批发,体育用品;器具;批发,体育用品,是,体育用品,0.95,direct,9,1
91510823MA6764761K,四川博景体育文化发展有限公司,8919,体育组织,体育组织,体育组织,体育组织,是,体育管理,0.95,direct,4,1
91510823MABLTQ9F5G,四川勇敢者商贸有限公司,9052,体育表演活动,体育表演 活动,体育表演;活动,体育表演,是,体育赛事,0.6,none,6,1
91510823MACQ8XND9X,剑阁宏球体育文化发展有限公司,5142,体育用品批发,体育用品批发,体育用品批发,体育用品批发,是,体育用品,0.95,direct,6,1
91510824MAEAJLU46T,四川省匠拐拐安装工程有限公司,4991,体育场地设施安装,体育场地设施 安装,体育场地设施;安装,体育场地设施,是,体育场馆,0.6,none,8,1
91510824MADNC4GT7W,四川省依夏渔具有限责任公司,5142,体育用品及器材批发,体育用品 器材 批发,体育用品;器材;批发,体育用品,是,体育用品,0.95,direct,9,1
91510824MAE5K0WH9H,苍溪县动莱体育培训学校有限公司,8392,体育培训,体育培训,体育培训,体育培训,是,体育培训,0.95,direct,4,1
91510824MADEHUXE23,苍溪雷战特训拓展训练有限责任公司,8930,健身休闲活动,健身 休闲活动,休闲活动;健身,,是,健身休闲,0.75,direct,6,0
91510824MADWTTY46D,苍溪县新动猴体育发展有限公司,8911,体育竞赛组织,体育竞赛 组织,体育竞赛;组织,体育竞赛,是,体育赛事,0.95,direct,6,1
91510824MADWH5AY8F,四川尖刀突击拓展训练有限公司,8930,健身休闲活动,健身 休闲活动,休闲活动;健身,,是,健身休闲,0.75,direct,6,0
91510824MAE1BUPE9W,广元星鑫体育发展有限公司,5142,体育用品及器材批发,体育用品 器材 批发,体育用品;器材;批发,体育用品,是,体育用品,0.95,direct,9,1
91510824MA6849RDXD,苍溪县韵道艺体培训学校有限责任公司,8911,体育赛事组织,体育赛事 组织,体育赛事;组织,体育赛事,是,体育赛事,0.95,direct,6,1
91510824MA68AEW600,四川省齐得利商贸有限公司,5142,体育用品及器材批发,体育用品 器材 批发,体育用品;器材;批发,体育用品,是,体育用品,0.95,direct,9,1
91510824MA635N406A,四川苍溪文化旅游发展集团有限公司,8930,健身休闲活动,健身 休闲活动,休闲活动;健身,,是,健身休闲,0.75,direct,6,0
91510824MA6250GF1W,苍溪县叁号娱乐城,8930,健身休闲活动,健身 休闲活动,休闲活动;健身,,是,健身休闲,0.75,direct,6,0
91510824MA6821N729,四川慕爱瑟文化娱乐有限公司,8930,健身休闲活动,健身 休闲活动,休闲活动;健身,,是,健身休闲,0.75,direct,6,0
91510824MA6BB9FP29,苍溪县腾鹰户外拓展训练有限公司,8930,户外拓展,户外拓展,户外拓展,户外拓展,是,健身休闲,0.95,direct,4,1
91510824MAC8MML776,四川兴煜商贸有限责任公司,5242,体育用品零售,体育用品零售,体育用品零售,体育用品零售,是,体育用品,0.95,direct,6,1
91510824MA652CHB4Y,苍溪县东启体育培训学校有限公司,8911,体育竞赛组织,体育竞赛 组织,体育竞赛;组织,体育竞赛,是,体育赛事,0.95,direct,6,1
92510824MACLRRNPXX,苍溪县恒态文化传媒有限公司,8930,休闲健身活动,休闲 健身活动,健身活动;休闲,,是,健身休闲,0.75,direct,6,0
91510824MA62YLG476,四川斯跑尔特健身服务有限公司,8930,休闲健身服务,休闲 健身服务,健身服务;休闲,健身服务,是,健身休闲,0.95,direct,6,1
91510824MA7G6KDT1J,四川杰苹建筑劳务有限公司,4892,体育场地设施工程施工,体育场地设施 工程施工,体育场地设施;工程施工,体育场地设施,是,体育场馆,0.95,direct,10,1
91510824MADLD3EG9Q,苍溪县威林游泳俱乐部有限责任公司,8921,高危险性体育运动（游泳）,危险性 体育运动 游泳,危险性;体育运动;游泳,游泳,是,健身休闲,0.95,direct,12,1
91510824MA6BPBRL8W,四川辰星拓展训练有限责任公司,8392,运动训练,运动 训练,训练;运动,,是,体育培训,0.75,direct,4,0
91510824MA647YKU54,四川飞鹰保安培训学校有限公司,8392,武术培训,武术培训,武术培训,武术培训,是,体育培训,0.95,direct,4,1
91510903MA6265P56D,四川省志同道合体育文化传播有限公司,8911,体育活动服务,体育 活动 服务,体育;服务;活动,,是,体育管理,0.75,direct,6,0
91510900MABQR2QE3W,遂宁市遂卡体育文化发展有限公司,8930,健身休闲活动,健身 休闲活动,休闲活动;健身,,是,健身休闲,0.75,direct,6,0
91510903MA6BQDWP3F,四川艾涂图企业管理咨询有限公司,5242,体育用品零售,体育用品零售,体育用品零售,体育用品零售,是,体育用品,0.95,direct,6,1
91510903MA66BY4CXM,遂宁澳利弗森健身服务有限公司,8930,健身休闲活动,健身 休闲活动,休闲活动;健身,,是,健身休闲,0.75,direct,6,0
91510903MA68CXPMXG,遂宁市本库里南色健身服务有限公司,8930,健身休闲服务,健身 休闲 服务,健身;休闲;服务,,是,健身休闲,0.75,direct,6,0
91510903MA65X5JP1X,遂宁长恩体育文化传播有限公司,8392,体育培训服务,体育培训 服务,体育培训;服务,体育培训,是,体育培训,0.95,direct,6,1
91510903MAD0DHHG7W,遂宁市船山区小旋风体育培训学校有限公司,8392,从事体育培训,从事 体育培训,体育培训;从事,体育培训,是,体育培训,0.95,direct,6,1
91510903MA631NJ692,四川美克斯健身服务有限公司,8930,健身服务,健身服务,健身服务,健身服务,是,健身休闲,0.95,direct,4,1
91510903MAC6UCCL9C,四川斯威岷体育发展有限责任公司,8911,体育竞赛组织,体育竞赛 组织,体育竞赛;组织,体育竞赛,是,体育赛事,0.95,direct,6,1
91510903MACF5F502W,遂宁健驰体育文化传播有限公司,9052,组织体育表演活动,组织 体育表演 活动,体育表演;组织;活动,体育表演,是,体育赛事,0.6,none,8,1
91510903MA676N7F7P,遂宁方圆弈智围棋俱乐部有限责任公司,8911,体育项目组织服务,体育项目 组织 服务,体育项目;服务;组织,,是,体育管理,0.75,direct,8,0
9151090055345183X0,遂宁本色健身有限公司,8930,健身休闲服务,健身 休闲 服务,健身;休闲;服务,,是,健身休闲,0.75,direct,6,0
91510900MA7FQ3KJ6D,四川叁诚体育文化发展有限公司,8911,体育竞赛组织,体育竞赛 组织,体育竞赛;组织,体育竞赛,是,体育赛事,0.95,direct,6,1
91510900MAACFF4Y24,遂宁市本安伯色健身服务有限公司,8930,健身休闲活动,健身 休闲活动,休闲活动;健身,,是,健身休闲,0.75,direct,6,0
91510900MA6260328F,遂宁市攀源体育文化传播有限公司,8911,体育竞赛组织服务,体育竞赛 组织 服务,体育竞赛;服务;组织,体育竞赛,是,体育赛事,0.95,direct,8,1
91510903MACLDTJRXE,四川省趣雪极限体育文化推广有限责任公司,8911,体育赛事组织,体育赛事 组织,体育赛事;组织,体育赛事,是,体育赛事,0.95,direct,6,1
92510903MA664M6H28,遂宁市船山区茶之道茶馆,8930,棋牌娱乐,棋牌 娱乐,棋牌;娱乐,,是,健身休闲,0.75,direct,4,0
91510904MACT87T02C,遂宁市壹兆奥体健身管理有限责任公司,8930,健身管理,健身 管理,健身;管理,,是,健身休闲,0.75,direct,4,0
91510904MA6CJLW70T,遂宁市安居区羽季羽毛球俱乐部,8392,体育运动培训,体育运动 培训,体育运动;培训,,是,体育培训,0.75,direct,6,0
91510904MA6810HC7Q,遂宁利剑拓展训练有限公司,8930,健身休闲活动,健身 休闲活动,休闲活动;健身,,是,健身休闲,0.75,direct,6,0
91510904MACL2CUA4Q,遂宁鑫耀悦动篮球俱乐部有限公司,8392,体育培训服务,体育培训 服务,体育培训;服务,体育培训,是,体育培训,0.95,direct,6,1
91510904MA7H5K0QXE,遂宁市启程体育赛事策划有限公司,8911,体育竞赛组织,体育竞赛 组织,体育竞赛;组织,体育竞赛,是,体育赛事,0.95,direct,6,1
91510904MACUCDBE1F,遂宁市安居区启程篮球培训学校有限公司,8392,篮球培训服务,篮球培训 服务,篮球培训;服务,篮球培训,是,体育培训,0.95,direct,6,1
91510904MAC7P5NH0M,四川精戈拓展训练有限公司,8930,健身休闲服务,健身 休闲 服务,健身;休闲;服务,,是,健身休闲,0.75,direct,6,0
9151090432708527XH,遂宁市极峰户外运动有限公司,8930,拓展户外活动,拓展 户外活动,户外活动;拓展,,是,健身休闲,0.75,direct,6,0
91510900MA7E45470B,四川省亮剑户外拓展有限责任公司,8930,健身休闲活动,健身 休闲活动,休闲活动;健身,,是,健身休闲,0.75,direct,6,0
9151092108072012XQ,蓬溪县学府文体有限公司,5242,篮球零售,篮球 零售,篮球;零售,篮球,是,体育用品,0.95,direct,4,1
91510921MABWJXF48K,蓬溪冠廷篮球俱乐部馆,8392,篮球培训,篮球培训,篮球培训,篮球培训,是,体育培训,0.95,direct,4,1
91510921MA7GCJEQ3D,蓬溪库鲨体育俱乐部馆,8392,蓝球培训,蓝球 培训,蓝球;培训,,是,体育培训,0.75,direct,4,0
92510921MA64MFYJ4W,蓬溪县世英百货店,8930,棋牌室服务,棋牌室 服务,棋牌室;服务,,是,健身休闲,0.75,direct,5,0
91510921MAACL2B225,蓬溪县子之午体育俱乐部馆,8911,体育赛事组织策划,体育赛事 组织 策划,体育赛事;策划;组织,体育赛事,是,体育赛事,0.95,direct,8,1
92510921MA67XE7A90,蓬溪县庄坤渔具店,5242,渔具零售,渔具 零售,渔具;零售,渔具,是,体育用品,0.95,direct,4,1
91510921MA64BLQN2J,遂宁市冠纶体育文化传播有限公司,8921,体育场管理,体育场 管理,体育场;管理,体育场,是,体育场馆,0.95,direct,5,1
91510921MA64ELMX59,遂宁市鑫永盛商贸有限公司,5242,零售体育用品,零售 体育用品,体育用品;零售,体育用品,是,体育用品,0.95,direct,6,1
91510921MA7DYY0H9K,蓬溪县荣耀龙跃体育俱乐部馆,8911,体育竟赛组织,体育 竟赛 组织,竟赛;体育;组织,,是,体育管理,0.75,direct,6,0
91510921MA67WUY90Y,蓬溪明伦智远企业管理咨询中心,8392,职业技能培训服务,职业技能 培训 服务,职业技能;培训;服务,,是,体育培训,0.75,direct,8,0
91510921MACPKN96X3,蓬溪县木易渔具有限公司,5242,渔具零售,渔具 零售,渔具;零售,渔具,是,体育用品,0.95,direct,4,1
91510921MACQWB0M74,蓬溪县良安茶馆店,8930,棋牌室服务,棋牌室 服务,棋牌室;服务,,是,健身休闲,0.75,direct,5,0
91510921MACRU4MT5J,蓬溪县海印茶馆店,8930,棋牌娱乐服务,棋牌 娱乐 服务,棋牌;娱乐;服务,,是,健身休闲,0.75,direct,6,0
91510921MACRYNB524,蓬溪县望佳茶馆店,8930,棋牌室服务,棋牌室 服务,棋牌室;服务,,是,健身休闲,0.75,direct,5,0
91510921MACRL06H51,蓬溪县红意茶馆店,8930,棋牌室服务,棋牌室 服务,棋牌室;服务,,是,健身休闲,0.75,direct,5,0
91510921MACQG0AC1L,蓬溪县稳宝茶馆店,8930,棋牌室服务,棋牌室 服务,棋牌室;服务,,是,健身休闲,0.75,direct,5,0
91510921MABRYRT72T,蓬溪县智乐体育俱乐部,8911,传授跆拳道,传授 跆拳道,跆拳道;传授,跆拳道,是,健身休闲,0.95,direct,5,1
91510921MACP7GK949,蓬溪县凤鸣永芳茶楼经营部,8930,棋牌服务,棋牌 服务,棋牌;服务,,是,健身休闲,0.75,direct,4,0
91510921MACR6T1Q48,蓬溪县宏元茶馆,8930,棋牌娱乐,棋牌 娱乐,棋牌;娱乐,,是,健身休闲,0.75,direct,4,0
91510921MACPXELL59,蓬溪县学富来茶馆,8930,棋牌服务,棋牌 服务,棋牌;服务,,是,健身休闲,0.75,direct,4,0
91510921MACP1GQ49H,蓬溪县继蓉农府茶馆,8930,棋牌服务,棋牌 服务,棋牌;服务,,是,健身休闲,0.75,direct,4,0
91510921MACQUR0BXB,蓬溪县附南荣光娱乐厅,8930,棋牌服务,棋牌 服务,棋牌;服务,,是,健身休闲,0.75,direct,4,0
91510921MACRAW3123,蓬溪县永裕唐氏茶馆,8930,棋牌服务,棋牌 服务,棋牌;服务,,是,健身休闲,0.75,direct,4,0
91510921MACNPGKP1P,蓬溪县兴秀珍茶馆,8930,棋牌室服务,棋牌室 服务,棋牌室;服务,,是,健身休闲,0.75,direct,5,0
91510921MA6BNJKL43,蓬溪县琪琪鸿兴体育培训学校有限公司,8392,体育培训服务,体育培训 服务,体育培训;服务,体育培训,是,体育培训,0.95,direct,6,1
91510921MABUNMCJ1X,遂宁仁知湖休闲健身有限责任公司,8930,休闲健身,休闲 健身,健身;休闲,,是,健身休闲,0.75,direct,4,0
91510923MAACNTTPXD,大英县方门陈馆长武术培训学校有限公司,8930,健身俱乐部,健身俱乐部,健身俱乐部,健身俱乐部,是,健身休闲,0.95,direct,5,1
91510923MA66T140XT,遂宁奇兵拓展训练有限公司,8930,拓展活动,拓展 活动,拓展;活动,,是,健身休闲,0.75,direct,4,0
91510923MAC2TFEX9K,遂宁市功蚨熊武术培训学校有限公司,8392,武术培训,武术培训,武术培训,武术培训,是,体育培训,0.95,direct,4,1
91510923MA620QAN2J,大英县精英体育用品销售有限公司,5242,体育用品,体育用品,体育用品,体育用品,是,体育用品,0.95,direct,4,1
91510923MA62U2LR3K,大英叉勾娱乐馆,8930,台球活动,台球 活动,台球;活动,台球,是,健身休闲,0.95,direct,4,1
915109235950531869,四川鸿坤体育用品有限公司,2441,生产球类生产,生产 球类 生产,球类;生产,,是,体育用品,0.75,direct,6,0
91510923MA68LE315G,四川星耀北斗体育有限公司,8930,健身休闲活动,健身 休闲活动,休闲活动;健身,,是,健身休闲,0.75,direct,6,0
9151092368418425X7,大英方舟水艺园旅游开发有限责任公司,8930,漂流游泳,漂流 游泳,漂流;游泳,漂流;游泳,是,健身休闲,0.95,direct,4,2
91510923MA6AUCEE7F,四川省西南砺剑拓展训练有限责任公司,8930,室外休闲健身服务,室外 休闲 健身服务,健身服务;室外;休闲,健身服务,是,健身休闲,0.95,direct,8,1
91510923MABTMX0L5L,四川省西部峰创拓展训练有限责任公司,8930,健身休闲活动,健身 休闲活动,休闲活动;健身,,是,健身休闲,0.75,direct,6,0
91510900MA7N6RT446,四川旸旸功夫大咖体育文化发展有限公司,8930,健身休闲活动,健身 休闲活动,休闲活动;健身,,是,健身休闲,0.75,direct,6,0
91510900MA7GMHA47F,遂宁市蔚蓝鼎盛体育文化传播有限公司,8930,室内游泳,室内 游泳,游泳;室内,游泳,是,健身休闲,0.95,direct,4,1
91510900337769974K,遂宁市鑫琪拓展训练有限责任公司,8930,拓展训练,拓展 训练,拓展;训练,,是,健身休闲,0.75,direct,4,0
91510900MAD037QA31,遂宁卓越星辉体育发展有限责任公司,8392,体育服务,体育服务,体育服务,体育服务,是,体育管理,0.95,direct,4,1
91510900MA68L00E4A,遂宁聚和裕运动用品有限公司,5242,体育用品及器材,体育用品 器材,体育用品;器材,体育用品,是,体育用品,0.95,direct,7,1
91510900MA63CAPK6M,遂宁博奕体育文化传播有限公司,8392,体育活动培训,体育 活动 培训,体育;培训;活动,,是,体育培训,0.75,direct,6,0
91510900MA64MGTT7L,四川柏斯宝体育用品有限公司,2441,制造篮球,制造 篮球,篮球;制造,篮球,是,体育用品,0.95,direct,4,1
91510900MA67XPDD13,四川博元拓展训练有限公司,8930,室外休闲健身服务,室外 休闲 健身服务,健身服务;室外;休闲,健身服务,是,健身休闲,0.95,direct,8,1
91510900MA6262155C,遂宁市开发区阳光少儿网球俱乐部,8392,网球培训,网球培训,网球培训,网球培训,是,体育培训,0.95,direct,4,1
91510900MAD03MMT4Q,遂宁黑少豹主健身管理有限责任公司,8930,健身休闲活动,健身 休闲活动,休闲活动;健身,,是,健身休闲,0.75,direct,6,0
91510900MA6266P91X,四川南政棠商贸有限公司,5242,文化体育用品零售,文化 体育用品零售,体育用品零售;文化,体育用品零售,是,体育用品,0.95,direct,8,1
915109003094885505,四川端林实业有限公司,8930,棋牌服务,棋牌 服务,棋牌;服务,,是,健身休闲,0.75,direct,4,0
91510900MA7M37FD7E,四川泳越体育场馆管理有限公司,8921,体育场地设施管理,体育场地设施 管理,体育场地设施;管理,体育场地设施,是,体育场馆,0.95,direct,8,1
91510900MA6871PL7Y,遂宁志达体育文化传播有限公司,8911,体育项目服务,体育项目 服务,体育项目;服务,,是,体育管理,0.75,direct,6,0
91510900MA7J22JH3K,四川众合奇迹体育发展有限责任公司,9052,体育赛事策划,体育 赛事策划,赛事策划;体育,赛事策划,是,体育赛事,0.6,none,6,1
91510900MACCT98N1M,四川省遂宁市永恩格斗健身俱乐部有限责任公司,8930,健身服务,健身服务,健身服务,健身服务,是,健身休闲,0.95,direct,4,1
91510900MACBJJY009,四川诺亚体育发展有限公司,8930,体育运动,体育运动,体育运动,,是,健身休闲,0.75,direct,4,0
915109003457773414,遂宁市自由人体育文化传播有限公司,7246,体育文化活动策划,体育文化 活动 策划,体育文化;策划;活动,体育文化,是,体育管理,0.6,none,8,1
91510900MA7GYM7G57,四川体晨体育设施有限公司,5142,体育用品及器材批发,体育用品 器材 批发,体育用品;器材;批发,体育用品,是,体育用品,0.95,direct,9,1
91510900MAACKRAU8W,遂宁经济技术开发区翱翔培训学校有限公司,8392,体育培训,体育培训,体育培训,体育培训,是,体育培训,0.95,direct,4,1
91510900MA7KW91P87,遂宁市泳乐佳体育文化传播有限公司,8921,游泳场馆服务,游泳 场馆 服务,场馆;游泳;服务,游泳,是,健身休闲,0.95,direct,6,1
91510900MAC4NXACXA,遂宁福布斯健身服务有限公司,8930,健身休闲活动,健身 休闲活动,休闲活动;健身,,是,健身休闲,0.75,direct,6,0
91510900MA6260X109,遂宁市天籁之音商贸有限公司,5242,零售体育用品,零售 体育用品,体育用品;零售,体育用品,是,体育用品,0.95,direct,6,1
91510900MA69FPYL4W,遂宁市飞人篮球俱乐部有限责任公司,8911,体育竞赛组织,体育竞赛 组织,体育竞赛;组织,体育竞赛,是,体育赛事,0.95,direct,6,1
91510900MA64WE5142,遂宁叁石娱乐有限公司,8911,娱乐唱歌；餐饮服务,娱乐 唱歌 餐饮 服务,餐饮;唱歌;娱乐;服务,,是,体育管理,0.75,direct,9,0
91510900MACW6D0F95,四川赋能体育文化发展有限责任公司,5242,零售户外用品,零售 户外用品,户外用品;零售,,是,体育用品,0.75,direct,6,0
91510900MAD1BRPL6H,四川新启创体育文化发展有限公司,7122,体育设备场地出租,体育设备 场地 出租,体育设备;出租;场地,体育设备,是,体育用品,0.6,none,8,1
91510900MAACLTDL49,四川逗鲤鲩渔具有限公司,5242,零售渔具,零售 渔具,渔具;零售,渔具,是,体育用品,0.95,direct,4,1
91510900MABRHDQW7U,遂宁赤橙体育文化发展有限公司,8930,健身休闲活动,健身 休闲活动,休闲活动;健身,,是,健身休闲,0.75,direct,6,0
91510900MAC1G6YL11,四川鲸迅体教信息技术有限公司,5242,体育用品及器材零售,体育用品 器材 零售,体育用品;器材;零售,体育用品,是,体育用品,0.95,direct,9,1
91510900MA7GF6504P,遂宁天鹿体育文化传播有限公司,5242,体育成品器材零售服务,体育 成品 器材 零售 服务,成品;器材;体育;零售;服务,,是,体育用品,0.75,direct,10,0
91510903MA680WMG3B,遂宁市幼米康复服务中心,8992,残疾康复训练服务,残疾 康复训练 服务,康复训练;残疾;服务,康复训练,是,健身休闲,0.6,none,8,1
91510900MADN84WQ2W,遂宁拉飞体育文化传播有限公司,9052,体育表演服务,体育表演 服务,体育表演;服务,体育表演,是,体育赛事,0.6,none,6,1
91510903MA6266A61C,遂宁市优智盛商贸有限公司,5242,体育用品零售,体育用品零售,体育用品零售,体育用品零售,是,体育用品,0.95,direct,6,1
91510900MACPJWF32L,四川塔祺氧舱健身俱乐部有限责任公司,8930,游泳培训服务,游泳培训 服务,游泳培训;服务,游泳培训,是,体育培训,0.95,direct,6,1
91510921MA66CERL0H,遂宁鸿辰教学设备有限公司,5142,体育用品及器材批发,体育用品 器材 批发,体育用品;器材;批发,体育用品,是,体育用品,0.95,direct,9,1
91510900337763425R,遂宁市聚鑫源商贸有限公司,5242,体育用品零售,体育用品零售,体育用品零售,体育用品零售,是,体育用品,0.95,direct,6,1
91510900MAC3Y1093Y,四川遂意文化传播有限公司,8911,体育赛事策划,体育 赛事策划,赛事策划;体育,赛事策划,是,体育赛事,0.95,direct,6,1
91510900MA7E7L8F11,四川康华体育俱乐部有限公司,8392,体育培训,体育培训,体育培训,体育培训,是,体育培训,0.95,direct,4,1
91510900MABMQLUM74,遂宁市景卓户外拓展有限公司,8999,户外拓展,户外拓展,户外拓展,户外拓展,是,健身休闲,0.6,none,4,1
91510900MA68YJFH7B,遂宁市秀丽行体育设施有限公司,5242,体育用品零售,体育用品零售,体育用品零售,体育用品零售,是,体育用品,0.95,direct,6,1
91510900MA65MQQY7R,四川珀沃体育文化传播有限公司,5242,体育用品及器材零售,体育用品 器材 零售,体育用品;器材;零售,体育用品,是,体育用品,0.95,direct,9,1
91510900MA67GK7G1J,四川智晨体育有限公司,8392,体育培训,体育培训,体育培训,体育培训,是,体育培训,0.95,direct,4,1
91510900MA67TFKK4K,遂宁顶点体育文化传播有限公司,8930,健身服务,健身服务,健身服务,健身服务,是,健身休闲,0.95,direct,4,1
91510900MA6269JJ3N,遂宁小将足球俱乐部有限公司,8911,体育竞赛组织,体育竞赛 组织,体育竞赛;组织,体育竞赛,是,体育赛事,0.95,direct,6,1
91510900MAACPG9Q6U,遂宁立美体育文化传播有限公司,9052,体育服务,体育服务,体育服务,体育服务,是,体育管理,0.6,none,4,1
91510900MACQJUE58Y,四川省锦鹏宏程体育文化发展有限公司,5242,体育用品零售,体育用品零售,体育用品零售,体育用品零售,是,体育用品,0.95,direct,6,1
91510900MAC710JU7N,遂宁哈罗体育俱乐部有限责任公司,8930,台球培训,台球 培训,台球;培训,台球,是,健身休闲,0.95,direct,4,1
91510900MA67GWQ630,四川体航体育设施有限责任公司,5242,体育用品及器材零售,体育用品 器材 零售,体育用品;器材;零售,体育用品,是,体育用品,0.95,direct,9,1
91510900MACKAFMW4G,四川爱伽瑜文化传播有限责任公司,8930,体育健身服务,体育 健身服务,健身服务;体育,健身服务,是,健身休闲,0.95,direct,6,1
915109003457573679,遂宁弘晟体育文化传播有限公司,8911,体育竞赛组织,体育竞赛 组织,体育竞赛;组织,体育竞赛,是,体育赛事,0.95,direct,6,1
92510900MA65MLUJ6B,遂宁市大诚体育用品经营部,5242,体育用品零售,体育用品零售,体育用品零售,体育用品零售,是,体育用品,0.95,direct,6,1
91510900MA62601C7B,遂宁市峰速教育咨询有限公司,8930,拓展训练,拓展 训练,拓展;训练,,是,健身休闲,0.75,direct,4,0
91510900MA69012YXJ,四川寻踪文化传播有限公司,8930,户外运动服务,户外运动 服务,户外运动;服务,户外运动,是,健身休闲,0.95,direct,6,1
91510903MA67PHJWX7,遂宁明杨体育文化传播有限公司,8911,体育项目组织服务,体育项目 组织 服务,体育项目;服务;组织,,是,体育管理,0.75,direct,8,0
91510900MA7HTXTQ09,四川拂者文化传播有限公司,8930,健身休闲服务,健身 休闲 服务,健身;休闲;服务,,是,健身休闲,0.75,direct,6,0
91510900MA69P4YG01,遂宁市燃力健身服务有限公司,8930,健身休闲活动,健身 休闲活动,休闲活动;健身,,是,健身休闲,0.75,direct,6,0
91510900MA62TXD6XR,遂宁市骏龙拓展训练有限公司,8930,健身休闲活动,健身 休闲活动,休闲活动;健身,,是,健身休闲,0.75,direct,6,0
91510903MA68G16Q6G,遂宁市龙锐商贸有限公司,5242,体育用品零售,体育用品零售,体育用品零售,体育用品零售,是,体育用品,0.95,direct,6,1
91510900MACJF0J25F,四川锦洋户外拓展有限公司,8392,体育培训服务,体育培训 服务,体育培训;服务,体育培训,是,体育培训,0.95,direct,6,1
91510900MA64QB4A0L,遂宁市三圆体育文化发展有限公司,8911,体育竟赛组织,体育 竟赛 组织,竟赛;体育;组织,,是,体育管理,0.75,direct,6,0
91510900MA6265284P,四川伟康达体育用品有限公司,5142,体育用品批发,体育用品批发,体育用品批发,体育用品批发,是,体育用品,0.95,direct,6,1
91510900MA6AK87P7U,四川壹搏晟体育发展有限公司,8911,体育竞赛活动,体育竞赛 活动,体育竞赛;活动,体育竞赛,是,体育赛事,0.95,direct,6,1
91510900MAC7D38X5C,四川艾斯文化传播有限公司,8911,体育赛事,体育赛事,体育赛事,体育赛事,是,体育赛事,0.95,direct,4,1
91510900MACYHFL07R,遂宁市卓越星博体育发展有限公司,8930,健身休闲活动,健身 休闲活动,休闲活动;健身,,是,健身休闲,0.75,direct,6,0
91510900MABMF2GC4B,遂宁奥纳乒乓球俱乐部有限公司,8930,健身体育培训,健身 体育培训,体育培训;健身,体育培训,是,体育培训,0.95,direct,6,1
91510900MACQPM7G4H,遂宁市国鑫体育文化发展有限公司,8930,体育健康服务,体育 健康 服务,体育;健康;服务,,是,健身休闲,0.75,direct,6,0
91510900MACCTW3D06,四川凌天体育文化传播有限公司,8911,体育竞赛组织,体育竞赛 组织,体育竞赛;组织,体育竞赛,是,体育赛事,0.95,direct,6,1
91510900MAACGDAK6G,遂宁本劳伦色健身服务有限公司,8930,专业健身服务,专业 健身服务,健身服务;专业,健身服务,是,健身休闲,0.95,direct,6,1
91510900MACCHG137R,遂宁维克斯健身管理有限公司,8930,健身休闲活动,健身 休闲活动,休闲活动;健身,,是,健身休闲,0.75,direct,6,0
91510922MAD4ALDJ48,四川健达田径体育发展有限公司,8911,体育竞赛组织,体育竞赛 组织,体育竞赛;组织,体育竞赛,是,体育赛事,0.95,direct,6,1
91510922MA63UQQN9W,射洪县远锐体育器械有限公司,8930,健身房健身活动,健身房 健身活动,健身活动;健身房,健身房,是,健身休闲,0.95,direct,7,1
92510922MA6BPTQT6Q,射洪市蓝兴游泳池管理有限公司,8392,体育培训,体育培训,体育培训,体育培训,是,体育培训,0.95,direct,4,1
91510922MA69WMD389,射洪市鸿奥体育用品有限责任公司,5242,体育用品,体育用品,体育用品,体育用品,是,体育用品,0.95,direct,4,1
91510922095581062K,遂宁美颐年健康管理有限公司,5242,健身器材零售,健身器材 零售,健身器材;零售,健身器材,是,体育用品,0.95,direct,6,1
91510922MAACFUPU4M,遂宁羽强信鸽俱乐部有限公司,5242,户外用品零售,户外用品 零售,户外用品;零售,,是,体育用品,0.75,direct,6,0
91510922MA682GBL1R,四川瀚隼体育俱乐部有限责任公司,8919,体育娱乐活动,体育 娱乐活动,娱乐活动;体育,,是,体育管理,0.75,direct,6,0
91510922MA66NG8G4K,射洪县琢烽户外拓展有限公司,8930,户外拓展训练,户外拓展 训练,户外拓展;训练,户外拓展,是,健身休闲,0.95,direct,6,1
91510922MAACL8TA92,射洪市健翔体育用品有限公司,5242,体育用品及器材零售,体育用品 器材 零售,体育用品;器材;零售,体育用品,是,体育用品,0.95,direct,9,1
91510922MABMFXXA0M,射洪市领速游泳俱乐部,8930,游泳服务,游泳 服务,游泳;服务,游泳,是,健身休闲,0.95,direct,4,1
91510922MA6266G94B,四川聚贤阳光体育组织服务有限公司,5142,体育用品器材批发,体育用品 器材 批发,体育用品;器材;批发,体育用品,是,体育用品,0.95,direct,8,1
91510922MA68MLC68N,射洪市飞鸟健身服务有限责任公司,8930,健身服务,健身服务,健身服务,健身服务,是,健身休闲,0.95,direct,4,1
91510922MA67GWNJ0K,四川狮拓户外拓展有限公司,8930,室外休闲健身,室外 休闲 健身,室外;健身;休闲,,是,健身休闲,0.75,direct,6,0
91510922MA7D393G2K,射洪市君禹临体育培训学校有限公司,8392,体育培训,体育培训,体育培训,体育培训,是,体育培训,0.95,direct,4,1
91510922MABRQLP42J,遂宁沁芸教育咨询有限公司,5242,体育用品零售,体育用品零售,体育用品零售,体育用品零售,是,体育用品,0.95,direct,6,1
91510922MAC25LGK0U,射洪勇拓体育俱乐部有限公司,9054,体育组织服务,体育组织 服务,体育组织;服务,体育组织,是,体育管理,0.6,none,6,1
91510922MA627GW64C,遂宁市酷吧轮滑有限公司,5242,体育用品零售,体育用品零售,体育用品零售,体育用品零售,是,体育用品,0.95,direct,6,1
91510922MA64P79R57,四川赛尼思户外运动有限公司,5142,体育用品批发,体育用品批发,体育用品批发,体育用品批发,是,体育用品,0.95,direct,6,1
91510922MA6361DP34,四川乐型动健身有限公司,5242,体育用品及器材零售,体育用品 器材 零售,体育用品;器材;零售,体育用品,是,体育用品,0.95,direct,9,1
92510922MA62B9CC9G,四川雷速体育用品有限责任公司,5242,体育用品零售,体育用品零售,体育用品零售,体育用品零售,是,体育用品,0.95,direct,6,1
915109223269729503,射洪市怡健体育设施有限公司,5242,健身器材零售,健身器材 零售,健身器材;零售,健身器材,是,体育用品,0.95,direct,6,1
91510922MA64FR7447,四川博贯体育服务有限公司,8930,健身咨询,健身 咨询,健身;咨询,,是,健身休闲,0.75,direct,4,0
91510922MA6BURL33U,射洪星翊体育文化发展有限公司,8392,体育培训,体育培训,体育培训,体育培训,是,体育培训,0.95,direct,4,1
91510922MAACKL3L36,射洪晟涌体育俱乐部有限公司,8930,健身服务,健身服务,健身服务,健身服务,是,健身休闲,0.95,direct,4,1
91510922MA6266NG6T,射洪市久航户外拓展有限公司,8930,户外拓展训练服务,户外拓展 训练 服务,户外拓展;训练;服务,户外拓展,是,健身休闲,0.95,direct,8,1
91510922MA64GAW34Q,射洪市翔鱼户外运动有限公司,8921,体育场地设施经营,体育场地设施 经营,体育场地设施;经营,体育场地设施,是,体育场馆,0.95,direct,8,1
91510922MA7FRW8681,射洪荣耀龙跃搏击俱乐部馆,8930,健身休闲活动,健身 休闲活动,休闲活动;健身,,是,健身休闲,0.75,direct,6,0
91510922MACBQQME6W,射洪市海亿鑫户外运动用品有限公司,5242,户外用品零售,户外用品 零售,户外用品;零售,,是,体育用品,0.75,direct,6,0
91511002MA68FPAA0W,四川省申飞商贸有限公司,5142,体育用品及器材批发,体育用品 器材 批发,体育用品;器材;批发,体育用品,是,体育用品,0.95,direct,9,1
91511002MA64DFCK37,内江市纵腾体育组织服务有限责任公司,5142,批发体育服饰,批发 体育 服饰,批发;服饰;体育,,是,体育用品,0.75,direct,6,0
91511002MA7LBRQK1D,四川省弘武正元体育俱乐部有限责任公司,8911,体育竟赛,体育 竟赛,竟赛;体育,,是,体育管理,0.75,direct,4,0
91511002MA6270F387,四川思铭健身服务有限公司,8930,健身服务,健身服务,健身服务,健身服务,是,健身休闲,0.95,direct,4,1
91511002MA62709K9Q,内江市鑫威健商贸有限公司,5242,零售体育用品,零售 体育用品,体育用品;零售,体育用品,是,体育用品,0.95,direct,6,1
91511000MA65GM1X6L,内江市明强体育竞赛组织有限公司,8911,组织体育比赛活动,组织 体育比赛 活动,体育比赛;组织;活动,体育比赛,是,体育赛事,0.95,direct,8,1
91511002MA69Y71078,内江直线体育俱乐部有限公司,8911,体育竞赛,体育竞赛,体育竞赛,体育竞赛,是,体育赛事,0.95,direct,4,1
91511011MA6271JU76,四川星奥星体育有限公司,5142,文化体育用品批发,文化 体育用品批发,体育用品批发;文化,体育用品批发,是,体育用品,0.95,direct,8,1
915110025842276112,内江市灵洋办公用品有限公司,5242,零售文体用品,零售 文体用品,文体用品;零售,,是,体育用品,0.75,direct,6,0
91511002MADBHXRY3X,内江心武龙传承极一体育俱乐部有限公司,8911,体育活动经营,体育 活动 经营,体育;经营;活动,,是,体育管理,0.75,direct,6,0
91511002309314673B,内江新凯莱商贸有限公司,5242,零售体育用品及器材,零售 体育用品 器材,体育用品;器材;零售,体育用品,是,体育用品,0.95,direct,9,1
91511002345727993M,内江船儿商贸有限责任公司,5142,体育器材批发,体育器材 批发,体育器材;批发,体育器材,是,体育用品,0.95,direct,6,1
91511011MA6273L856,四川睿德体育经纪服务有限公司,8930,室内休闲健身,室内 休闲 健身,健身;休闲;室内,,是,健身休闲,0.75,direct,6,0
91511002MABUNR6L3E,四川浪屿舟体育文化发展有限公司,8930,健身休闲活动,健身 休闲活动,休闲活动;健身,,是,健身休闲,0.75,direct,6,0
91511002MA62AL7B6K,内江市市中区道元跆拳道培训学校有限公司,8392,跆拳道培训,跆拳道培训,跆拳道培训,跆拳道培训,是,体育培训,0.95,direct,5,1
91511002MA6274R35K,内江市市中区汇涌游泳池管理有限公司,8930,体育管理,体育管理,体育管理,体育管理,是,体育管理,0.95,direct,4,1
91511002MA65FND77H,四川省泰克西姆商贸有限公司,5142,体育用品批发,体育用品批发,体育用品批发,体育用品批发,是,体育用品,0.95,direct,6,1
91511002MACPKYT917,内江市深耕基石体育俱乐部,8392,篮球训练,篮球 训练,篮球;训练,篮球,是,体育用品,0.95,direct,4,1
91511002MA6A2PL34B,四川梦之队健身有限公司,8930,室内娱乐,室内 娱乐,娱乐;室内,,是,健身休闲,0.75,direct,4,0
91511002MA7FYWCD9P,四川蓝跃体育发展有限公司,8911,体育竞赛组织策划,体育竞赛 组织 策划,体育竞赛;策划;组织,体育竞赛,是,体育赛事,0.95,direct,8,1
91511002MA6B0T8832,内江小帮手商贸有限公司,5242,体育用品及器材零售,体育用品 器材 零售,体育用品;器材;零售,体育用品,是,体育用品,0.95,direct,9,1
91511002MA6717XY7G,四川酷动体育文化有限公司,8991,体育文化活动推广,体育文化 活动 推广,体育文化;推广;活动,体育文化,是,体育管理,0.6,none,8,1
915110026899441901,内江市创欣贸易有限公司,5242,体育用品零售,体育用品零售,体育用品零售,体育用品零售,是,体育用品,0.95,direct,6,1
91511002MA63DMP354,内江鹏杰体育俱乐部有限公司,8930,健身休闲活动,健身 休闲活动,休闲活动;健身,,是,健身休闲,0.75,direct,6,0
91511000345689050J,四川浩体体育文化有限公司,8911,体育竞赛组织,体育竞赛 组织,体育竞赛;组织,体育竞赛,是,体育赛事,0.95,direct,6,1
915110023377967882,内江众立体育服务有限公司,8911,竞技体育组织服务,竞技体育 组织 服务,竞技体育;服务;组织,竞技体育,是,体育赛事,0.95,direct,8,1
91511002MA63X6KR5K,内江飞扬体育有限公司,8392,体育教育服务,体育教育 服务,体育教育;服务,体育教育,是,体育培训,0.95,direct,6,1
91511002MA62XJ5A5Q,内江正鑫励志体育俱乐部有限公司,8911,体育竞赛组织,体育竞赛 组织,体育竞赛;组织,体育竞赛,是,体育赛事,0.95,direct,6,1
91511002MA64N9F07B,四川波超体育文化发展有限公司,8930,体育运动,体育运动,体育运动,,是,健身休闲,0.75,direct,4,0
91511002MA69PGD178,内江佰盛体育服务有限公司,8930,健身休闲活动,健身 休闲活动,休闲活动;健身,,是,健身休闲,0.75,direct,6,0
91511002MABY9M8LXG,内江市启梦佳航篮球俱乐部有限公司,8911,体育竞赛组织,体育竞赛 组织,体育竞赛;组织,体育竞赛,是,体育赛事,0.95,direct,6,1
91511002MABTUN6T59,内江市火焰焱体育场馆管理有限责任公司,8921,体育场地设施经营,体育场地设施 经营,体育场地设施;经营,体育场地设施,是,体育场馆,0.95,direct,8,1
91511002MACFMQRK94,内江市中区健力美体育发展有限责任公司,8930,健身休闲活动,健身 休闲活动,休闲活动;健身,,是,健身休闲,0.75,direct,6,0
91511002MA6AY3E42C,内江市市中区梦艺源舞蹈健身有限公司,8930,从事艺术形体舞蹈培训,从事 艺术 形体 舞蹈培训,舞蹈培训;形体;艺术;从事,舞蹈培训,是,体育培训,0.95,direct,10,1
91511002MA67RAGR1E,内江远博体育文化有限公司,5142,体育用品批发,体育用品批发,体育用品批发,体育用品批发,是,体育用品,0.95,direct,6,1
91511002MACQDYFG27,内江新帅骑体育文化发展有限公司,8930,卡丁车服务,卡丁车 服务,卡丁车;服务,,是,健身休闲,0.75,direct,5,0
92511002MA64YN1C4P,内江市市中区潘三渔具有限公司,5242,渔具零售,渔具 零售,渔具;零售,渔具,是,体育用品,0.95,direct,4,1
91511002MA68Y5UD1M,内江市乔安滑翔运动有限责任公司,8921,体育场馆管理,体育场馆 管理,体育场馆;管理,体育场馆,是,体育场馆,0.95,direct,6,1
91511011309451061Y,内江市鑫创健身服务有限责任公司,8930,健身服务,健身服务,健身服务,健身服务,是,健身休闲,0.95,direct,4,1
91511011MA6274B847,四川正鑫体育有限公司,8911,体育运动训练服务,体育运动 训练 服务,体育运动;训练;服务,,是,体育管理,0.75,direct,8,0
91511011MA687YQP62,内江奋斗十三体育组织服务有限公司,9052,体育服务,体育服务,体育服务,体育服务,是,体育管理,0.6,none,4,1
91511000MA62W8J237,四川聚贤体育拓展有限公司,5142,体育用品批发,体育用品批发,体育用品批发,体育用品批发,是,体育用品,0.95,direct,6,1
91511011MA62XNEA3K,内江万腾贸易有限公司,5142,体育用品及器材批发,体育用品 器材 批发,体育用品;器材;批发,体育用品,是,体育用品,0.95,direct,9,1
91511011MA665PHU2T,四川安博文化传媒有限责任公司,5242,体育用品零售,体育用品零售,体育用品零售,体育用品零售,是,体育用品,0.95,direct,6,1
91511011MA6A9ER73Y,内江零点光束体育文化发展有限责任公司,8930,体育健身,体育 健身,健身;体育,,是,健身休闲,0.75,direct,4,0
91511011MAD6E59K7K,内江市圣羽堂体育发展有限公司,8911,体育竞赛组织,体育竞赛 组织,体育竞赛;组织,体育竞赛,是,体育赛事,0.95,direct,6,1
91511011MACMMAQ44T,内江少年行体育俱乐部有限公司,8911,体育竞赛组织,体育竞赛 组织,体育竞赛;组织,体育竞赛,是,体育赛事,0.95,direct,6,1
91511011MA68PU919M,内江线体商贸有限公司,8919,互联网体育服务,互联网 体育服务,体育服务;互联网,体育服务,是,体育管理,0.95,direct,7,1
91511011MA6B3WTM6M,四川咏歌文化传播有限公司,9052,组织体育表演服务,组织 体育表演 服务,体育表演;服务;组织,体育表演,是,体育赛事,0.6,none,8,1
91511011MA7E2KPX75,内江市深度健身服务有限公司,8930,健身服务,健身服务,健身服务,健身服务,是,健身休闲,0.95,direct,4,1
91511011MADKW7H784,内江市东兴区甜城鹏翔体育培训学校有限公司,8392,体育培训,体育培训,体育培训,体育培训,是,体育培训,0.95,direct,4,1
91511011MAE7XMRB01,内江市东兴区欢泰体育培训学校有限公司,8392,篮球训练,篮球 训练,篮球;训练,篮球,是,体育用品,0.95,direct,4,1
91511011MA62755U9F,内江角逐体育组织有限公司,8392,体育运动训练指导服务,体育运动 训练 指导 服务,体育运动;训练;指导;服务,,是,体育培训,0.75,direct,10,0
91511011MA62748E4C,四川省飞豹体育有限公司,8392,体育运动训练指导,体育运动 训练 指导,体育运动;训练;指导,,是,体育培训,0.75,direct,8,0
91511011MA62TXA445,四川卓益诚体育用品有限公司,5242,零售体育器材,零售 体育器材,体育器材;零售,体育器材,是,体育用品,0.95,direct,6,1
91511011MA6A9H4326,四川寒阳体育文化发展有限公司,8392,体育教育,体育教育,体育教育,体育教育,是,体育培训,0.95,direct,4,1
91511011314547543Q,内江集兰祥体育发展有限责任公司,5242,零售体育,零售 体育,体育;零售,,是,体育用品,0.75,direct,4,0
91511002MA66DP0R38,内江金诺钓具有限公司,5242,零售钓具,零售 钓具,钓具;零售,钓具,是,体育用品,0.95,direct,4,1
91511011MA65MK0D3B,四川坤育体育文化发展有限责任公司,8912,体育保障组织,体育 保障 组织,体育;保障;组织,,是,体育管理,0.75,direct,6,0
91511011MAC4TW2D7D,内江艾迪体育俱乐部,9052,体育服务,体育服务,体育服务,体育服务,是,体育管理,0.6,none,4,1
91511011337840582M,内江鸿图商贸有限公司,5242,体育用品零售,体育用品零售,体育用品零售,体育用品零售,是,体育用品,0.95,direct,6,1
91511011MA68B1MQ0W,四川宸环亿速商贸有限公司,5142,体育用品批发,体育用品批发,体育用品批发,体育用品批发,是,体育用品,0.95,direct,6,1
91511011MACT5PNY5C,内江奥莱体育用品有限责任公司,5242,体育器材零售,体育器材 零售,体育器材;零售,体育器材,是,体育用品,0.95,direct,6,1
91511011MACQAPHJ9H,内江东兴区滔搏体育用品有限公司,5242,体育用品零售,体育用品零售,体育用品零售,体育用品零售,是,体育用品,0.95,direct,6,1
91511011MA7N5C2M3J,内江和讯飞人体育发展有限公司,8392,体育培训,体育培训,体育培训,体育培训,是,体育培训,0.95,direct,4,1
91511011MA686C8H0L,内江力衡体育管理有限公司,5142,体育器材批发,体育器材 批发,体育器材;批发,体育器材,是,体育用品,0.95,direct,6,1
91511011MA675D9F7T,内江市众信奥瑞健身服务有限责任公司,8930,健身休闲活动,健身 休闲活动,休闲活动;健身,,是,健身休闲,0.75,direct,6,0
91511011MABM3YUT4H,内江市栋桐体育俱乐部有限责任公司,8930,射击竞技体育运动,射击 竞技 体育运动,竞技;体育运动;射击,射击,是,健身休闲,0.95,direct,8,1
91511011MACN69H99Y,内江云峥体育俱乐部有限公司,8911,体育竞赛组织,体育竞赛 组织,体育竞赛;组织,体育竞赛,是,体育赛事,0.95,direct,6,1
91510107MA62MGE02W,内江峰旺体育文化传播有限公司,8392,篮球培训咨询服务,篮球培训 咨询服务,篮球培训;咨询服务,篮球培训,是,体育培训,0.95,direct,8,1
91511011MAD97BAHX8,内江鹏远体育文化发展有限公司,8392,体育教育,体育教育,体育教育,体育教育,是,体育培训,0.95,direct,4,1
91511011MACJXCU42A,内江萌星体育发展有限公司,9052,体育服务,体育服务,体育服务,体育服务,是,体育管理,0.6,none,4,1
91511011MACTL3Q111,内江乐斐体育发展有限公司,8992,体育服务,体育服务,体育服务,体育服务,是,体育管理,0.6,none,4,1
91511011MA6BWJLG91,四川省内江市东兴区龙威武术文化传播有限公司,8392,武术指导,武术指导,武术指导,,是,体育培训,0.75,direct,4,0
91511011MAC8KT5Q9M,内江市东兴区迅威体育赛事策划有限责任公司,9052,体育赛事策划,体育 赛事策划,赛事策划;体育,赛事策划,是,体育赛事,0.6,none,6,1
91511011MA64M18W70,内江悦心健身服务有限公司,8930,健身服务,健身服务,健身服务,健身服务,是,健身休闲,0.95,direct,4,1
91511011MACNL3P87T,四川帕布体育发展有限公司,7246,体育咨询,体育咨询,体育咨询,体育咨询,是,体育管理,0.6,none,4,1
91511011MABXP0NA12,四川聪愉健体育俱乐部有限责任公司,8930,健身运动,健身运动,健身运动,,是,健身休闲,0.75,direct,4,0
91511011MA666JQ54M,内江绿茵继承者足球俱乐部有限责任公司,5242,体育用品零售,体育用品零售,体育用品零售,体育用品零售,是,体育用品,0.95,direct,6,1
91511011MA68WUC67C,内江跃浪体育组织有限公司,8911,体育竞赛组织,体育竞赛 组织,体育竞赛;组织,体育竞赛,是,体育赛事,0.95,direct,6,1
91511011MA65F22K6W,四川共创体育文化有限公司,5242,零售体育用品,零售 体育用品,体育用品;零售,体育用品,是,体育用品,0.95,direct,6,1
91511011MA64PC6H8B,内江锐利行健身服务有限公司,8930,健身服务,健身服务,健身服务,健身服务,是,健身休闲,0.95,direct,4,1
91511025337790693W,内江市浩力体育组织有限公司,8919,体育组织,体育组织,体育组织,体育组织,是,体育管理,0.95,direct,4,1
91511011MA6A4M850Y,内江内鲁克林体育俱乐部有限公司,8392,体育培训服务,体育培训 服务,体育培训;服务,体育培训,是,体育培训,0.95,direct,6,1
91511011MABQB5L59L,四川童恩拓展训练有限公司,8930,拓展训练,拓展 训练,拓展;训练,,是,健身休闲,0.75,direct,4,0
91511011MACT512N6N,内江心武极一体育俱乐部有限公司,8392,体育竞赛培训,体育竞赛 培训,体育竞赛;培训,体育竞赛,是,体育赛事,0.95,direct,6,1
91511011MA6AJJYGXP,四川映运体育有限公司,9054,体育组织服务,体育组织 服务,体育组织;服务,体育组织,是,体育管理,0.6,none,6,1
915110113270464496,四川天涯休闲健身有限公司,8930,休闲健身服务,休闲 健身服务,健身服务;休闲,健身服务,是,健身休闲,0.95,direct,6,1
91511011MAC9U5530W,内江一隅围棋俱乐部有限公司,8930,棋牌室服务,棋牌室 服务,棋牌室;服务,,是,健身休闲,0.75,direct,5,0
91511011MABU2BDAXD,四川阿尔法体育文化发展有限公司,8392,体育培训,体育培训,体育培训,体育培训,是,体育培训,0.95,direct,4,1
91511000MA635WX72Q,四川众成鑫和体育发展有限公司,8911,体育竞赛组织,体育竞赛 组织,体育竞赛;组织,体育竞赛,是,体育赛事,0.95,direct,6,1
91511011MACJ359F60,四川译锋体育发展有限公司,5242,体育用品零售,体育用品零售,体育用品零售,体育用品零售,是,体育用品,0.95,direct,6,1
91511011345764743F,内江博谊商贸有限公司,5242,零售体育用品,零售 体育用品,体育用品;零售,体育用品,是,体育用品,0.95,direct,6,1
91511011MA630YWX7Y,内江市起点体育有限责任公司,8392,体育培训,体育培训,体育培训,体育培训,是,体育培训,0.95,direct,4,1
91511011MA68842M2J,内江竞悦文化传播有限责任公司,9052,体育赛事活动,体育赛事 活动,体育赛事;活动,体育赛事,是,体育赛事,0.6,none,6,1
91511000MAACKUPF9R,内江建工商业运营管理有限公司,8921,商业运营管理,商业 运营 管理,运营;商业;管理,,是,体育场馆,0.75,direct,6,0
91511000MA66GURD0P,内江三石教育科技有限公司,8930,拓展活动,拓展 活动,拓展;活动,,是,健身休闲,0.75,direct,4,0
91511011MA6275BNXA,内江爱上渔渔具有限公司,5142,钓鱼用品和器材批发,钓鱼 用品 器材 批发,钓鱼;用品;器材;批发,,是,体育用品,0.75,direct,9,0
91511011MA680T741B,四川艾何渔具有限公司,5242,渔具零售,渔具 零售,渔具;零售,渔具,是,体育用品,0.95,direct,4,1
91511000MA64073K3Q,内江锐新体育发展有限公司,5242,零售体育器材,零售 体育器材,体育器材;零售,体育器材,是,体育用品,0.95,direct,6,1
91511002MA63RPTU6C,四川成志富拓体育组织服务有限公司,8919,体育组织,体育组织,体育组织,体育组织,是,体育管理,0.95,direct,4,1
92511024MACQ9RFP5D,威远众森体育发展有限责任公司,8921,体育场馆管理,体育场馆 管理,体育场馆;管理,体育场馆,是,体育场馆,0.95,direct,6,1
91511024MADQHAEB30,威远弘拓休闲健身有限责任公司,8930,健身休闲活动,健身 休闲活动,休闲活动;健身,,是,健身休闲,0.75,direct,6,0
91511024MA6341A099,四川创美文化娱乐有限公司,8921,歌舞厅娱乐,歌舞厅 娱乐,歌舞厅;娱乐,,是,体育场馆,0.75,direct,5,0
91511024MACRU0CL5M,四川省威少体育发展有限公司,8911,体育服务,体育服务,体育服务,体育服务,是,体育管理,0.95,direct,4,1
91511024MA693C3Q7B,四川优倍斯特体育中介代理服务有限公司,9052,体育服务,体育服务,体育服务,体育服务,是,体育管理,0.6,none,4,1
91511024MABTM3GJ9A,威远筑梦体育发展有限公司,9052,体育赛事策划,体育 赛事策划,赛事策划;体育,赛事策划,是,体育赛事,0.6,none,6,1
91511024MA6441AL1P,内江市讯泰网络游戏有限责任公司,8912,游艺娱乐活动,游艺 娱乐活动,游艺;娱乐活动,,是,体育管理,0.75,direct,6,0
91511024MAE67QJX88,威远县泽扬体育用品有限公司,5242,体育用品及器材零售,体育用品 器材 零售,体育用品;器材;零售,体育用品,是,体育用品,0.95,direct,9,1
91511024MA6BNJ4786,四川成奇体育文化发展有限公司,5242,体育用品零售,体育用品零售,体育用品零售,体育用品零售,是,体育用品,0.95,direct,6,1
91511024MA692J4M48,威远德尚体育有限责任公司,8919,体育组织,体育组织,体育组织,体育组织,是,体育管理,0.95,direct,4,1
91511024MA7K0JRH0F,威远县飓风体育文化推广有限公司,9052,体育服务,体育服务,体育服务,体育服务,是,体育管理,0.6,none,4,1
91511024MABY91T71X,威远县远动体育发展有限公司,8912,体育保障组织,体育 保障 组织,体育;保障;组织,,是,体育管理,0.75,direct,6,0
91511024MACYWDTY2Q,威远县翠峰山体育俱乐部有限公司,8930,健身休闲活动,健身 休闲活动,休闲活动;健身,,是,健身休闲,0.75,direct,6,0
91511025MADPCTBQ0U,内江全成体育俱乐部有限公司,8911,体育竞赛,体育竞赛,体育竞赛,体育竞赛,是,体育赛事,0.95,direct,4,1
91511025MAACF9635N,资中县叁壹教育培训有限公司,8392,教育培训,教育 培训,培训;教育,,是,体育培训,0.75,direct,4,0
92511025MAC5UM9Y25,四川省传联体育有限公司,8392,体育活动,体育 活动,体育;活动,,是,体育培训,0.75,direct,4,0
91511025MA6275J37K,资中县黑曼巴体育用品经营部,5242,体育用品零售,体育用品零售,体育用品零售,体育用品零售,是,体育用品,0.95,direct,6,1
91511025MA7F417W49,资中县金卓体育俱乐部有限责任公司,8392,体育活动,体育 活动,体育;活动,,是,体育培训,0.75,direct,4,0
91511025MACX2XJM02,资中县胖胖体育用品销售有限公司,5142,体育用品批发,体育用品批发,体育用品批发,体育用品批发,是,体育用品,0.95,direct,6,1
91511025MAACP2DM0W,资中县强军户外拓展有限公司,8930,体育健身,体育 健身,健身;体育,,是,健身休闲,0.75,direct,4,0
92511025MAC3NCE09B,资中县隐园休闲娱乐有限公司,8930,休闲健身,休闲 健身,健身;休闲,,是,健身休闲,0.75,direct,4,0
91511025MACWETR726,资中县月英休闲健身有限公司,8930,健身服务,健身服务,健身服务,健身服务,是,健身休闲,0.95,direct,4,1
91511025MADKJ5JB78,资中县悦途户外运动用品有限公司,2449,其他体育用品制造,其他 体育用品制造,体育用品制造;其他,体育用品制造,是,体育用品,0.95,direct,8,1
91511025MADQ3E2K59,资中县博浪游泳俱乐部有限公司,8929,其他体育场地设施管理,其他 体育场地设施 管理,体育场地设施;管理;其他,体育场地设施,是,体育场馆,0.95,direct,10,1
91511025MAE6M3JL95,资中县鲸鱼体育培训学校有限公司,8392,体育培训,体育培训,体育培训,体育培训,是,体育培训,0.95,direct,4,1
91511025MA63M5PK7F,四川省零度生命时光健身服务有限公司,8930,休闲健身活动,休闲 健身活动,健身活动;休闲,,是,健身休闲,0.75,direct,6,0
91511025MA6275KM92,资中县秀伟商贸有限责任公司,5242,体育用品及器材零售,体育用品 器材 零售,体育用品;器材;零售,体育用品,是,体育用品,0.95,direct,9,1
91511025327079523D,资中县宸语文体用品经营部,5242,体育用品及器材零售,体育用品 器材 零售,体育用品;器材;零售,体育用品,是,体育用品,0.95,direct,9,1
91511025MAC9KR2P72,资中县深蓝健身服务有限公司,8930,健身休闲活动,健身 休闲活动,休闲活动;健身,,是,健身休闲,0.75,direct,6,0
91511025MA7MJY2B98,资中县绪峰搏击俱乐部有限公司,8911,体育竞赛组织,体育竞赛 组织,体育竞赛;组织,体育竞赛,是,体育赛事,0.95,direct,6,1
91511025MA64ACLTXR,资中县刘杠武术文化传播有限责任公司,8392,武术培训,武术培训,武术培训,武术培训,是,体育培训,0.95,direct,4,1
91511025MA69GWAE9M,资中时代健身服务有限公司,8930,休闲健身服务,休闲 健身服务,健身服务;休闲,健身服务,是,健身休闲,0.95,direct,6,1
91511025MAACP8GT3P,资中县凯跃休闲健身有限公司,8930,健身休闲活动,健身 休闲活动,休闲活动;健身,,是,健身休闲,0.75,direct,6,0
91511025MA7J06X701,资中县弈界围棋俱乐部有限责任公司,8930,棋牌服务,棋牌 服务,棋牌;服务,,是,健身休闲,0.75,direct,4,0
91511025MA65FPXC0D,资中县芯瑞健身有限责任公司,8930,健身休闲活动,健身 休闲活动,休闲活动;健身,,是,健身休闲,0.75,direct,6,0
91511025MACB9QGJ6R,资中县黑鞋体育用品销售有限责任公司,5142,体育用品批发,体育用品批发,体育用品批发,体育用品批发,是,体育用品,0.95,direct,6,1
92511025MACQA1PX96,四川金雪舞渔具有限公司,2449,渔具制造,渔具 制造,渔具;制造,渔具,是,体育用品,0.95,direct,4,1
91511025MACA24NC46,资中县力动爱体育发展有限责任公司,5242,体育用品零售,体育用品零售,体育用品零售,体育用品零售,是,体育用品,0.95,direct,6,1
91511025MABUJF7K7J,资中县励志体育培训学校有限公司,8392,体校及体育培训服务,体校 体育培训 服务,体育培训;体校;服务,体育培训,是,体育培训,0.95,direct,9,1
91511025MA6AQQAR45,资中县童启慧教育培训学校有限公司,8912,童模训练,童模 训练,童模;训练,,是,体育管理,0.75,direct,4,0
91511025MACRDLUU8X,资中县鲸鱼体育文化发展有限公司,8929,体育场地设施经营,体育场地设施 经营,体育场地设施;经营,体育场地设施,是,体育场馆,0.95,direct,8,1
91511025MA67M9QW6J,资中县零度淞淞健身服务有限公司,8930,健身服务,健身服务,健身服务,健身服务,是,健身休闲,0.95,direct,4,1
91511000MACU4URH0A,四川超冠体育文化发展有限责任公司,8911,体育竞赛组织服务,体育竞赛 组织 服务,体育竞赛;服务;组织,体育竞赛,是,体育赛事,0.95,direct,8,1
91511000MACWJJBM36,内江鑫实宇体育文化传播有限公司,8911,体育竞赛组织,体育竞赛 组织,体育竞赛;组织,体育竞赛,是,体育赛事,0.95,direct,6,1
91511011327089107F,内江市启航体育服务有限公司,8919,体育项目组织服务,体育项目 组织 服务,体育项目;服务;组织,,是,体育管理,0.75,direct,8,0
91511011MA62755P88,内江和泰飞人体育文化传播有限公司,9052,组织体育表演,组织 体育表演,体育表演;组织,体育表演,是,体育赛事,0.6,none,6,1
91511000MA6BWTQ82M,四川博弈体育文化发展有限责任公司,8392,体育培训,体育培训,体育培训,体育培训,是,体育培训,0.95,direct,4,1
91511000MA6BU1397J,内江德瑞克众合体育发展有限公司,8999,销售体育器材,销售 体育器材,体育器材;销售,体育器材,是,体育用品,0.6,none,6,1
91511002MA6270U33U,内江向心力体育组织服务有限公司,8930,体育组织,体育组织,体育组织,体育组织,是,体育管理,0.95,direct,4,1
91511000MA6272T32L,内江市博驰商贸有限责任公司,5242,体育用品零售,体育用品零售,体育用品零售,体育用品零售,是,体育用品,0.95,direct,6,1
91511000MAD2TYWM7T,内江凌晨四点体育发展有限公司,8911,体育竞赛组织,体育竞赛 组织,体育竞赛;组织,体育竞赛,是,体育赛事,0.95,direct,6,1
91511000MADPGKT77A,内江飞酷体育发展有限公司,8912,体育场地设施经营,体育场地设施 经营,体育场地设施;经营,体育场地设施,是,体育场馆,0.95,direct,8,1
91511000MAD9AQFE4B,四川艺宏媛健身有限责任公司,8930,健身休闲活动,健身 休闲活动,休闲活动;健身,,是,健身休闲,0.75,direct,6,0
91511000MACXB9046T,内江市鼎裕鸿水产开发有限公司,5242,零售水产渔具,零售 水产 渔具,渔具;水产;零售,渔具,是,体育用品,0.95,direct,6,1
91511000MA6A2NYN5N,四川泽启创俊商贸有限公司,5242,体育用品零售,体育用品零售,体育用品零售,体育用品零售,是,体育用品,0.95,direct,6,1
91511000MACQKT8G24,内江市梵一健身服务有限责任公司,8930,健身休闲,健身 休闲,健身;休闲,,是,健身休闲,0.75,direct,4,0
91511011MA68TJX48D,内江阿尔泰商贸有限公司,5242,文化体育用品零售,文化 体育用品零售,体育用品零售;文化,体育用品零售,是,体育用品,0.95,direct,8,1
91511000MAC8P0DJ06,四川宕升文化传播有限公司,5242,体育用品及器材零售,体育用品 器材 零售,体育用品;器材;零售,体育用品,是,体育用品,0.95,direct,9,1
91511000MA67CY3447,内江恒博出行户外运动有限公司,8930,健身休闲活动,健身 休闲活动,休闲活动;健身,,是,健身休闲,0.75,direct,6,0
92511000MAC3DXW225,内江博晟体育俱乐部有限公司,9052,体育表演,体育表演,体育表演,体育表演,是,体育赛事,0.6,none,4,1
91511000MABUHBFTXF,四川蜀艺渔具有限公司,5242,渔具零售,渔具 零售,渔具;零售,渔具,是,体育用品,0.95,direct,4,1
91511000MACP7A955L,四川内江禅常体育发展有限责任公司,9052,体育赛事策划,体育 赛事策划,赛事策划;体育,赛事策划,是,体育赛事,0.6,none,6,1
91511000MACN3BLL1U,内江哆咔趣娱乐有限责任公司,8912,游艺娱乐活动,游艺 娱乐活动,游艺;娱乐活动,,是,体育管理,0.75,direct,6,0
91511028MA62F6366Y,隆昌拓浪健身有限责任公司,8930,健身休闲服务,健身 休闲 服务,健身;休闲;服务,,是,健身休闲,0.75,direct,6,0
91511028MADAJFME9Y,隆昌市牛牛健身服务有限公司,8930,健身文化,健身 文化,健身;文化,,是,健身休闲,0.75,direct,4,0
91511028MADKANQNX2,隆昌莱雅健身有限公司,8930,健身房,健身房,健身房,健身房,是,健身休闲,0.95,direct,3,1
91511028MA7EC0YX4C,隆昌市星锐体育培训中心有限公司,8392,体育培训,体育培训,体育培训,体育培训,是,体育培训,0.95,direct,4,1
91511028MACM6DRL0T,隆昌完瑜游泳俱乐部有限公司,8930,健身场地,健身 场地,健身;场地,,是,健身休闲,0.75,direct,4,0
91511028MA69FUJC9D,隆昌市天健武术培训中心有限公司,8392,武术教学,武术 教学,武术;教学,武术,是,健身休闲,0.95,direct,4,1
91511028MA63534M14,隆昌市众壹体育培训中心有限公司,8392,篮球培训,篮球培训,篮球培训,篮球培训,是,体育培训,0.95,direct,4,1
91511028MA65Y62R8Y,隆昌市伊凡体育培训中心有限公司,8392,体育技能培训,体育 技能 培训,技能;体育;培训,,是,体育培训,0.75,direct,6,0
91511028MAC26RDP4U,隆昌市完瑜健身有限公司,8930,健身休闲活动,健身 休闲活动,休闲活动;健身,,是,健身休闲,0.75,direct,6,0
91511028MA675YLN6W,隆昌恒舟体育文化有限公司,9052,体育赛事活动策划,体育赛事 活动 策划,体育赛事;策划;活动,体育赛事,是,体育赛事,0.6,none,8,1
91511028MAE8Q6A28F,隆昌劲翔体育发展有限公司,5242,体育培训,体育培训,体育培训,体育培训,是,体育培训,0.95,direct,4,1
91511028MADPRTL03F,隆昌绿洲健身有限公司,8930,健身服务,健身服务,健身服务,健身服务,是,健身休闲,0.95,direct,4,1
91511028MA697UXD29,四川隆腾耀体育场地设施工程有限公司,4991,体育场地设施安装,体育场地设施 安装,体育场地设施;安装,体育场地设施,是,体育场馆,0.6,none,8,1
91511028MABRGD3Q66,四川铭洋体育设施工程有限公司,4892,体育跑道施工,体育 跑道 施工,跑道;体育;施工,,是,体育场馆,0.75,direct,6,0
91511028MAACP43964,四川锦铭拓展训练有限公司,8930,健身休闲活动,健身 休闲活动,休闲活动;健身,,是,健身休闲,0.75,direct,6,0
91511028MAC28H4N4D,四川隆礼体育文化传播有限公司,5242,体育用品及器材零售,体育用品 器材 零售,体育用品;器材;零售,体育用品,是,体育用品,0.95,direct,9,1
91511028MA63FDNW6N,四川省博普教学设备有限公司,5142,教学器材批发,教学 器材 批发,器材;批发;教学,,是,体育用品,0.75,direct,6,0
91511028MA64TQ967G,四川省博涛佳欣体育设施有限责任公司,5242,体育器材零售,体育器材 零售,体育器材;零售,体育器材,是,体育用品,0.95,direct,6,1
91511028MA66UGE93N,隆昌天美文化有限责任公司,8911,文化娱乐,文化娱乐,文化娱乐,,是,体育管理,0.75,direct,4,0
91511102099571443G,乐山市奥普乐体育运动有限公司,5242,体育用品及器材零售,体育用品 器材 零售,体育用品;器材;零售,体育用品,是,体育用品,0.95,direct,9,1
915111003378679888,乐山凯旋体育产业发展有限公司,5242,体育用品零售,体育用品零售,体育用品零售,体育用品零售,是,体育用品,0.95,direct,6,1
91511102MADLT4RA2K,乐山市如壹搏击俱乐部有限公司,8911,体育竞赛组织,体育竞赛 组织,体育竞赛;组织,体育竞赛,是,体育赛事,0.95,direct,6,1
91511102MA6AJUR8X8,四川米瓣健身发展有限公司,8930,健身服务,健身服务,健身服务,健身服务,是,健身休闲,0.95,direct,4,1
91511102MADGYCUA6R,乐山玖仟亿体育科技有限公司,5242,体育用品零售,体育用品零售,体育用品零售,体育用品零售,是,体育用品,0.95,direct,6,1
91511100MA6282T2X4,乐山市昊运体育服务有限公司,8930,室内休闲健身服务,室内 休闲 健身服务,健身服务;休闲;室内,健身服务,是,健身休闲,0.95,direct,8,1
91511102MACADH208J,乐山雅琳思泓体育用品有限公司,5242,体育用品零售,体育用品零售,体育用品零售,体育用品零售,是,体育用品,0.95,direct,6,1
91511102MAD00HAQ31,乐山澳能晟体育文化传播有限公司,8911,体育竞赛组织,体育竞赛 组织,体育竞赛;组织,体育竞赛,是,体育赛事,0.95,direct,6,1
91511102MA68HGR11X,乐山兵辉商贸有限公司,8930,棋牌服务,棋牌 服务,棋牌;服务,,是,健身休闲,0.75,direct,4,0
91511102MA64FYGP20,四川蜀途户外拓展有限公司,8930,休闲健身服务,休闲 健身服务,健身服务;休闲,健身服务,是,健身休闲,0.95,direct,6,1
91511102MAD9MH1L3K,乐山奥帆体育文化传播有限公司,5242,体育用品零售,体育用品零售,体育用品零售,体育用品零售,是,体育用品,0.95,direct,6,1
91511102MA69HD5570,乐山垚豆健身服务有限公司,8930,健身服务,健身服务,健身服务,健身服务,是,健身休闲,0.95,direct,4,1
91511102MAEA8PEM2T,乐山冠威体育发展有限公司,9052,体育表演服务,体育表演 服务,体育表演;服务,体育表演,是,体育赛事,0.6,none,6,1
92511102MA6ANR6Q76,乐山青体体育文化传播有限公司,8392,体育培训,体育培训,体育培训,体育培训,是,体育培训,0.95,direct,4,1
91511100MA65JYK81B,四川猎手体育发展有限公司,5142,体育器材批发,体育器材 批发,体育器材;批发,体育器材,是,体育用品,0.95,direct,6,1
91511102MABX6FWC26,乐山市市中区现秀健身服务有限公司,8930,健身休闲活动,健身 休闲活动,休闲活动;健身,,是,健身休闲,0.75,direct,6,0
91511102MA69530D8R,乐山市瑞斯体育文化发展有限公司,8930,休闲健身活动,休闲 健身活动,健身活动;休闲,,是,健身休闲,0.75,direct,6,0
91511102MAC7K98L1G,乐山永虹体育场馆管理有限公司,8930,游泳健身服务,游泳 健身服务,健身服务;游泳,游泳;健身服务,是,健身休闲,0.95,direct,6,2
91511102MA68XKUK4P,乐山晟尚踏月健身有限公司,8930,健身休闲活动,健身 休闲活动,休闲活动;健身,,是,健身休闲,0.75,direct,6,0
91511102MADWWE0B23,乐山悦享健身服务有限公司,8930,健身休闲活动,健身 休闲活动,休闲活动;健身,,是,健身休闲,0.75,direct,6,0
91511102MAACERJJ2P,四川聚思凝影文化传播有限公司,5242,体育用品及器材零售,体育用品 器材 零售,体育用品;器材;零售,体育用品,是,体育用品,0.95,direct,9,1
91511102MA684MJF01,乐山尚泰体育文化传播有限公司,8919,其他体育组织,其他 体育组织,体育组织;其他,体育组织,是,体育管理,0.95,direct,6,1
91511102MA6A4X818H,乐山航之乐体育发展有限公司,5242,体育用品零售,体育用品零售,体育用品零售,体育用品零售,是,体育用品,0.95,direct,6,1
91511102MADML85F15,乐山市市中区半岛体育培训学校有限公司,8392,体育培训,体育培训,体育培训,体育培训,是,体育培训,0.95,direct,4,1
91511102MAACPN0M5X,乐山滢鑫体育文化传播有限公司,5242,体育用品及器材零售,体育用品 器材 零售,体育用品;器材;零售,体育用品,是,体育用品,0.95,direct,9,1
91511102MA63FCNW3M,乐山劲浪体育用品销售有限公司,5242,体育用品及器材零售,体育用品 器材 零售,体育用品;器材;零售,体育用品,是,体育用品,0.95,direct,9,1
91511102MA6AT9Q3X9,乐山磅礴体育发展有限责任公司,8930,健身服务,健身服务,健身服务,健身服务,是,健身休闲,0.95,direct,4,1
91511102MA6APJR66L,乐山泞舞健身服务有限公司,8930,健身休闲服务,健身 休闲 服务,健身;休闲;服务,,是,健身休闲,0.75,direct,6,0
91511102MAC6N6H715,乐山乐淘淘文化传播有限公司,8930,健身休闲活动,健身 休闲活动,休闲活动;健身,,是,健身休闲,0.75,direct,6,0
91511100MA63YHQWXW,乐山泳诚体育服务有限公司,8921,体育场馆服务,体育场馆 服务,体育场馆;服务,体育场馆,是,体育场馆,0.95,direct,6,1
91511102MAE20LTP0J,乐山知我健身管理有限公司,8930,健身服务,健身服务,健身服务,健身服务,是,健身休闲,0.95,direct,4,1
91511102MA625N5W3D,乐山菲特尼斯健身服务有限公司,8930,休闲健身活动,休闲 健身活动,健身活动;休闲,,是,健身休闲,0.75,direct,6,0
91511102MA7DA3XB47,乐山拼搏体育文化传播有限责任公司,8392,少儿篮球培训,少儿 篮球培训,篮球培训;少儿,篮球培训,是,体育培训,0.95,direct,6,1
91511102MA68RHCG68,乐山新锐澎湃健身服务有限公司,8930,休闲健身活动,休闲 健身活动,健身活动;休闲,,是,健身休闲,0.75,direct,6,0
91511100MA666GR95B,乐山市泰雷特健身服务有限公司,8930,健身服务,健身服务,健身服务,健身服务,是,健身休闲,0.95,direct,4,1
91511102MA63G1TU0A,乐山福禄居养老服务有限公司,8930,健身休闲活动,健身 休闲活动,休闲活动;健身,,是,健身休闲,0.75,direct,6,0
91511100337773914W,乐山众恒文化体育发展有限公司,5242,体育用品及器材零售,体育用品 器材 零售,体育用品;器材;零售,体育用品,是,体育用品,0.95,direct,9,1
92511102MA7KC0Y34T,乐山市梵修伽舍健身有限公司,8930,健身休闲活动,健身 休闲活动,休闲活动;健身,,是,健身休闲,0.75,direct,6,0
91511100353611384X,乐山征途户外运动服务有限公司,8930,户外运动服务,户外运动 服务,户外运动;服务,户外运动,是,健身休闲,0.95,direct,6,1
91511102MA6AJEMX9B,乐山乐仔体育发展有限公司,8930,健身房健身活动,健身房 健身活动,健身活动;健身房,健身房,是,健身休闲,0.95,direct,7,1
91511102MA6BN4792T,乐山爆锋健身服务有限公司,8930,休闲健身活动,休闲 健身活动,健身活动;休闲,,是,健身休闲,0.75,direct,6,0
91511102MAC1J47D5L,乐山市三小江竞技体育文化发展有限公司,5242,体育用品零售,体育用品零售,体育用品零售,体育用品零售,是,体育用品,0.95,direct,6,1
91511102MADNLKNFXE,乐山菲韵健身服务有限公司,8930,健身休闲活动,健身 休闲活动,休闲活动;健身,,是,健身休闲,0.75,direct,6,0
92511102MACBG8EG8W,乐山市诺玛瑜伽健身有限公司,8930,健身休闲活动,健身 休闲活动,休闲活动;健身,,是,健身休闲,0.75,direct,6,0
91511102MA6B1QE38W,乐山惊步体育发展有限公司,5242,体育用品零售,体育用品零售,体育用品零售,体育用品零售,是,体育用品,0.95,direct,6,1
91511100MA628AA471,乐山市瑞体体育文化发展有限公司,5242,体育用品零售,体育用品零售,体育用品零售,体育用品零售,是,体育用品,0.95,direct,6,1
91511102MABY5RCY34,乐山市尤尼奥尔健身服务有限公司,8930,健身休闲活动,健身 休闲活动,休闲活动;健身,,是,健身休闲,0.75,direct,6,0
91511102MA68AQA98A,乐山成懿体育发展有限公司,8911,体育竞赛组织,体育竞赛 组织,体育竞赛;组织,体育竞赛,是,体育赛事,0.95,direct,6,1
91511102MA65G6AN8C,乐山市圣珈瑜伽健身服务有限公司,8930,休闲健身活动,休闲 健身活动,健身活动;休闲,,是,健身休闲,0.75,direct,6,0
91511102MADJH8Q40K,乐山市沐苒健身服务有限责任公司,8992,健身服务,健身服务,健身服务,健身服务,是,健身休闲,0.6,none,4,1
91511102MA6A8XPT7C,乐山速比得体育发展有限公司,8392,体育培训,体育培训,体育培训,体育培训,是,体育培训,0.95,direct,4,1
91511100MA666ELLX6,乐山麦卡伦健身服务有限公司,8930,休闲健身服务,休闲 健身服务,健身服务;休闲,健身服务,是,健身休闲,0.95,direct,6,1
91511102MABU2JWM0T,乐山市乒创体育发展有限公司,8911,体育竞赛组织,体育竞赛 组织,体育竞赛;组织,体育竞赛,是,体育赛事,0.95,direct,6,1
91511102MAC0ULPT6N,乐山三分扣体育文化发展有限公司,8911,体育竞赛组织,体育竞赛 组织,体育竞赛;组织,体育竞赛,是,体育赛事,0.95,direct,6,1
91511102MAC2MCNW1G,乐山锐乒体育文化传播有限公司,8392,体育培训,体育培训,体育培训,体育培训,是,体育培训,0.95,direct,4,1
91511102MA65F75F88,乐山市精武文化传播有限公司,8911,体育竞赛,体育竞赛,体育竞赛,体育竞赛,是,体育赛事,0.95,direct,4,1
91511102MADJK1DW47,四川壹嘉体育发展有限公司,8930,健身服务,健身服务,健身服务,健身服务,是,健身休闲,0.95,direct,4,1
91511102MA6A5Y2P4Q,乐山嗨格林体育发展有限公司,8921,体育场馆管理,体育场馆 管理,体育场馆;管理,体育场馆,是,体育场馆,0.95,direct,6,1
91511102MA63E2D64Y,乐山腾志健身服务有限公司,8930,健身服务,健身服务,健身服务,健身服务,是,健身休闲,0.95,direct,4,1
91511102MA67LEP65A,四川泳维体育场馆管理有限公司,5142,体育用品批发,体育用品批发,体育用品批发,体育用品批发,是,体育用品,0.95,direct,6,1
91511102MADMTYPU6L,乐山市悦扬游泳池管理有限责任公司,8921,体育场馆管理,体育场馆 管理,体育场馆;管理,体育场馆,是,体育场馆,0.95,direct,6,1
91511102MA69480D60,乐山乐恒体育文化发展有限公司,8921,体育场馆管理服务,体育场馆 管理 服务,体育场馆;服务;管理,体育场馆,是,体育场馆,0.95,direct,8,1
91511102MADDGWH80U,乐山市市中区侠客体育培训学校有限公司,8392,体育培训,体育培训,体育培训,体育培训,是,体育培训,0.95,direct,4,1
91511102MA67UEK46T,乐山零一健身服务有限公司,8930,休闲健身活动,休闲 健身活动,健身活动;休闲,,是,健身休闲,0.75,direct,6,0
91511102MACER0P32N,乐山优体体育发展有限公司,8930,健身服务,健身服务,健身服务,健身服务,是,健身休闲,0.95,direct,4,1
915111000995760255,乐山市山水体育运动有限公司,5242,体育用品零售,体育用品零售,体育用品零售,体育用品零售,是,体育用品,0.95,direct,6,1
91511100MA63NHLH5J,乐山乐佛体育文化发展有限公司,8921,体育场馆服务,体育场馆 服务,体育场馆;服务,体育场馆,是,体育场馆,0.95,direct,6,1
91511102MABUB7011G,乐山青贝体育发展有限公司,8999,体育场地实施,体育场地 实施,体育场地;实施,体育场地,是,体育场馆,0.6,none,6,1
91511100MA64HFL92E,乐山蜜獾搏击俱乐部有限责任公司,8930,健身休闲活动,健身 休闲活动,休闲活动;健身,,是,健身休闲,0.75,direct,6,0
91511100744666411F,乐山青年越野俱乐部有限责任公司,8930,健身休闲活动,健身 休闲活动,休闲活动;健身,,是,健身休闲,0.75,direct,6,0
91511102MACRMX3614,乐山穆含体育发展有限公司,8392,体育培训,体育培训,体育培训,体育培训,是,体育培训,0.95,direct,4,1
91511100MA6288TG04,乐山威特锐体育文化传播有限公司,5142,体育用品及器材批发,体育用品 器材 批发,体育用品;器材;批发,体育用品,是,体育用品,0.95,direct,9,1
91511102MA69NXY83Y,四川三隆体育用品有限公司,5242,体育用品零售,体育用品零售,体育用品零售,体育用品零售,是,体育用品,0.95,direct,6,1
91511100752314969J,乐山市威腾体育产业发展有限公司,5242,体育用品零售,体育用品零售,体育用品零售,体育用品零售,是,体育用品,0.95,direct,6,1
91511100771692471K,四川中百体育有限公司,5242,体育用品零售,体育用品零售,体育用品零售,体育用品零售,是,体育用品,0.95,direct,6,1
91511102MAC90Y8A23,乐山市嘉丁体育文化发展有限公司,8911,体育竞赛组织,体育竞赛 组织,体育竞赛;组织,体育竞赛,是,体育赛事,0.95,direct,6,1
91511102MA66TXFY5X,四川省黄超安顺搏击俱乐部有限责任公司,8392,跆拳道培训,跆拳道培训,跆拳道培训,跆拳道培训,是,体育培训,0.95,direct,5,1
91511102MABUCU247R,四川骥诚户外拓展有限公司,8930,健身休闲活动,健身 休闲活动,休闲活动;健身,,是,健身休闲,0.75,direct,6,0
91511102MA691JE29E,四川鸿搏良景体育设施工程有限公司,5242,体育用品及器材零售,体育用品 器材 零售,体育用品;器材;零售,体育用品,是,体育用品,0.95,direct,9,1
91511102MA6AFMWD9X,乐山笑意暖商贸有限公司,5242,零售体育用品,零售 体育用品,体育用品;零售,体育用品,是,体育用品,0.95,direct,6,1
91511102MA6B48JQ5K,四川企小鹅体育发展有限公司,5242,体育用品零售,体育用品零售,体育用品零售,体育用品零售,是,体育用品,0.95,direct,6,1
91511100MA669CC44K,乐山瑞博踏月健身有限公司,8930,休闲健身服务,休闲 健身服务,健身服务;休闲,健身服务,是,健身休闲,0.95,direct,6,1
91511102MA62HMDF8J,乐山市魔鬼汤健身有限公司,8930,休闲健身活动,休闲 健身活动,健身活动;休闲,,是,健身休闲,0.75,direct,6,0
91511102MA698BWX3T,乐山乐贝体育有限公司,8930,休闲健身活动,休闲 健身活动,健身活动;休闲,,是,健身休闲,0.75,direct,6,0
91511102MACW4APQ9U,乐山荷方元健康管理有限公司,8930,健身休闲服务,健身 休闲 服务,健身;休闲;服务,,是,健身休闲,0.75,direct,6,0
91511102MA66TLDR23,四川木子体育有限责任公司,7246,体育咨询,体育咨询,体育咨询,体育咨询,是,体育管理,0.6,none,4,1
91511102MA7GTWPY7A,四川海琳贝体育文化传播有限公司,8930,室内游泳服务,室内 游泳 服务,游泳;室内;服务,游泳,是,健身休闲,0.95,direct,6,1
91511102MAEAPFL45Y,乐山高升体育文化发展有限公司,9052,体育表演服务,体育表演 服务,体育表演;服务,体育表演,是,体育赛事,0.6,none,6,1
91511102MA7F8TLMXP,乐山市攀博体育发展有限公司,8930,攀岩场馆活动,攀岩 场馆 活动,攀岩;场馆;活动,攀岩,是,健身休闲,0.95,direct,6,1
91511102MA6850JR4P,四川燃动体育文化传播有限公司,8392,篮球培训,篮球培训,篮球培训,篮球培训,是,体育培训,0.95,direct,4,1
91511102MADNNTME00,乐山云鹰体育发展有限公司,8392,射击培训,射击 培训,射击;培训,射击,是,健身休闲,0.95,direct,4,1
91511100MA65Q8UG86,乐山波底标顶体育用品服务有限公司,5242,体育器材零售,体育器材 零售,体育器材;零售,体育器材,是,体育用品,0.95,direct,6,1
91511100345787814H,乐山市邓强体育设备有限公司,5242,体育器材零售,体育器材 零售,体育器材;零售,体育器材,是,体育用品,0.95,direct,6,1
91511100MA68R9BL99,四川百动体育文化有限公司,8930,健身服务,健身服务,健身服务,健身服务,是,健身休闲,0.95,direct,4,1
91511100089874256X,四川奥威教体设备有限公司,5242,零售体育器材,零售 体育器材,体育器材;零售,体育器材,是,体育用品,0.95,direct,6,1
91511102MA7MGAQJ5T,乐山蜀享体育发展有限责任公司,8392,体育培训,体育培训,体育培训,体育培训,是,体育培训,0.95,direct,4,1
91511102MA6ALR6462,乐山尚楚体育发展有限公司,5142,体育器械用品批发,体育 器械 用品 批发,用品;批发;器械;体育,,是,体育用品,0.75,direct,8,0
91511100MA675QE60Y,四川梵一瑜伽有限公司,8930,健身休闲服务,健身 休闲 服务,健身;休闲;服务,,是,健身休闲,0.75,direct,6,0
91511102MADJH3CT28,乐山市青禅健身服务有限公司,8930,健身休息活动,健身 休息 活动,健身;休息;活动,,是,健身休闲,0.75,direct,6,0
91511100MA64UFDGXY,乐山市乐动体育有限公司,5142,体育器材批发,体育器材 批发,体育器材;批发,体育器材,是,体育用品,0.95,direct,6,1
91511100MA62870Y0P,乐山雄鹰体育发展有限公司,5242,体育用品零售,体育用品零售,体育用品零售,体育用品零售,是,体育用品,0.95,direct,6,1
91511102MADREME6XF,乐山又坡商贸有限公司,5242,日用品销售,日用品 销售,日用品;销售,,是,体育用品,0.75,direct,5,0
91511102MA6533EE0P,乐山市健桥体育文化传播有限公司,8930,休闲健身活动,休闲 健身活动,健身活动;休闲,,是,健身休闲,0.75,direct,6,0
91511102MA652T7A96,乐山速熠体育发展有限公司,8930,健身休闲服务,健身 休闲 服务,健身;休闲;服务,,是,健身休闲,0.75,direct,6,0
91511102MA65GL0662,乐山一贰一体育发展有限公司,5242,体育用品及器材零售,体育用品 器材 零售,体育用品;器材;零售,体育用品,是,体育用品,0.95,direct,9,1
91511102MADUPEB29L,乐山泉溪体育用品有限公司,5242,体育用品零售,体育用品零售,体育用品零售,体育用品零售,是,体育用品,0.95,direct,6,1
91511100MA64J8L004,乐山市百进电子商务有限公司,5142,体育用品批发,体育用品批发,体育用品批发,体育用品批发,是,体育用品,0.95,direct,6,1
91511102MAACMJ4B3P,乐山嘉州印象体育发展有限公司,8911,体育竞赛组织,体育竞赛 组织,体育竞赛;组织,体育竞赛,是,体育赛事,0.95,direct,6,1
91511102MA685437XA,四川火绒草户外拓展有限公司,8930,健身休闲服务,健身 休闲 服务,健身;休闲;服务,,是,健身休闲,0.75,direct,6,0
91511102MA68F16N6B,四川红箭体育发展有限公司,9052,体育赛事策划,体育 赛事策划,赛事策划;体育,赛事策划,是,体育赛事,0.6,none,6,1
91511102MA65TNT40W,乐山市市中区奥跃汇体育发展有限公司,8912,体育保障组织,体育 保障 组织,体育;保障;组织,,是,体育管理,0.75,direct,6,0
91511102MA698CG711,乐山诚尧商贸有限公司,5142,体育用品批发,体育用品批发,体育用品批发,体育用品批发,是,体育用品,0.95,direct,6,1
91511102MACAJ7ET7W,四川拓智文化传播有限公司,8930,体育拓展运动,体育 拓展 运动,体育;拓展;运动,,是,健身休闲,0.75,direct,6,0
91511181MA6997JJ0M,乐山市琅华健身有限公司,8930,健身房服务,健身房 服务,健身房;服务,健身房,是,健身休闲,0.95,direct,5,1
91511102MAACLB81XA,乐山止戈体育文化推广有限公司,8911,体育赛事组织,体育赛事 组织,体育赛事;组织,体育赛事,是,体育赛事,0.95,direct,6,1
91511100337775581J,乐山汇创科技发展有限公司,5142,体育器具批发,体育 器具 批发,器具;批发;体育,,是,体育用品,0.75,direct,6,0
91511102MABUFHFAXW,乐山酷丘体育文化发展有限公司,9052,体育赛事策划,体育 赛事策划,赛事策划;体育,赛事策划,是,体育赛事,0.6,none,6,1
91511102MACY65HUXB,乐山星空体育发展有限公司,8392,体育健康培训,体育 健康 培训,体育;培训;健康,,是,体育培训,0.75,direct,6,0
91511102MABWWERQ35,乐山市柠信体育发展有限公司,5142,体育用品批发,体育用品批发,体育用品批发,体育用品批发,是,体育用品,0.95,direct,6,1
915111023271083636,乐山市睿智能量体育健身发展有限公司,8930,健身服务,健身服务,健身服务,健身服务,是,健身休闲,0.95,direct,4,1
92511102MA6AH1RH3A,乐山阵风美泰健身有限责任公司,8930,健身休闲活动,健身 休闲活动,休闲活动;健身,,是,健身休闲,0.75,direct,6,0
91511102MADW22FD8W,乐山遇见瑜伽健身有限公司,8930,瑜伽培训,瑜伽 培训,瑜伽;培训,瑜伽,是,健身休闲,0.95,direct,4,1
91511102MA62X9D58E,乐山市飞亮体育发展有限责任公司,8930,健身服务,健身服务,健身服务,健身服务,是,健身休闲,0.95,direct,4,1
91511102MAC3NYPQ1E,四川昶畅商贸有限公司,5242,体育用品及器材零售,体育用品 器材 零售,体育用品;器材;零售,体育用品,是,体育用品,0.95,direct,9,1
91511102MA661WHL69,乐山市悟畏体育发展有限公司,8930,休闲健身活动,休闲 健身活动,健身活动;休闲,,是,健身休闲,0.75,direct,6,0
91511102MA7M3GJK4D,四川乐动悦动体育文化发展有限公司,8392,体育培训,体育培训,体育培训,体育培训,是,体育培训,0.95,direct,4,1
91511102MA7MW9CD1T,乐山酷瑞达体育科技有限公司,8392,篮球培训,篮球培训,篮球培训,篮球培训,是,体育培训,0.95,direct,4,1
91511102MA651E5AXA,乐山新清标体育文化传播有限公司,8930,健身服务,健身服务,健身服务,健身服务,是,健身休闲,0.95,direct,4,1
91511102MA6A9GC30A,乐山市新小蜂体育发展有限公司,8392,篮球培训,篮球培训,篮球培训,篮球培训,是,体育培训,0.95,direct,4,1
91511102MAC17YPK36,乐山乐火户外用品有限公司,5242,户外用品零售,户外用品 零售,户外用品;零售,,是,体育用品,0.75,direct,6,0
91511102MA63J7UH3R,乐山允力体育场地设施工程有限公司,4991,体育场地设施安装服务,体育场地设施 安装 服务,体育场地设施;安装;服务,体育场地设施,是,体育场馆,0.6,none,10,1
91511102MACMGTXW7A,乐山和众体育发展有限公司,8919,羽毛球训练,羽毛球 训练,羽毛球;训练,羽毛球,是,体育用品,0.95,direct,5,1
91511100MA67EW6Q9J,四川泓河体育设施工程有限公司,4991,体育设施安装,体育设施 安装,体育设施;安装,体育设施,是,体育场馆,0.6,none,6,1
91511100694842877N,乐山市双全度假村有限公司,8921,游泳场馆,游泳 场馆,场馆;游泳,游泳,是,健身休闲,0.95,direct,4,1
91511102MAC08J4T7C,乐山市健琦体育用品销售有限责任公司,5142,体育用品及器材批发,体育用品 器材 批发,体育用品;器材;批发,体育用品,是,体育用品,0.95,direct,9,1
91511100MAC6T0UW5N,乐山极速童星体育文化发展有限公司,8392,儿童摩托车训练,儿童 摩托车 训练,摩托车;儿童;训练,,是,体育培训,0.75,direct,7,0
91511102MADLU4R57M,四川如风体育用品有限责任公司,5242,体育用品线上批发与零售,体育用品 线上 批发 零售,体育用品;线上;批发;零售,体育用品,是,体育用品,0.95,direct,11,1
91511100MA69WDTQ3N,乐山炫酷户外运动有限公司,8930,户外运动服务,户外运动 服务,户外运动;服务,户外运动,是,健身休闲,0.95,direct,6,1
91511102MA69P1FF3E,乐山冲锋户外拓展有限公司,8930,户外拓展活动,户外拓展 活动,户外拓展;活动,户外拓展,是,健身休闲,0.95,direct,6,1
91511100MAD0EC1E0M,乐山壹赛道建设工程有限公司,4892,体育场地施工,体育场地 施工,体育场地;施工,体育场地,是,体育场馆,0.95,direct,6,1
91511100MA68U6EM4M,四川嘉乐体育发展有限公司,5242,体育用品及器材零售,体育用品 器材 零售,体育用品;器材;零售,体育用品,是,体育用品,0.95,direct,9,1
91511100MA62GLC6XQ,乐山阳哥休闲健身服务有限公司,8930,健身休闲活动,健身 休闲活动,休闲活动;健身,,是,健身休闲,0.75,direct,6,0
92511100MA64DE0R11,乐山嘉誉体育发展有限公司,8392,体育培训,体育培训,体育培训,体育培训,是,体育培训,0.95,direct,4,1
91511100MA62857D88,乐山悦航体育发展有限公司,8911,体育竞赛组织,体育竞赛 组织,体育竞赛;组织,体育竞赛,是,体育赛事,0.95,direct,6,1
91511100MA65WYY49U,乐山澳依森体育科技有限公司,4991,体育场地设施安装,体育场地设施 安装,体育场地设施;安装,体育场地设施,是,体育场馆,0.6,none,8,1
91511100MA65H0J57L,四川忻能动体育运动服务有限公司,8911,体育组织经纪服务,体育组织 经纪 服务,体育组织;经纪;服务,体育组织,是,体育管理,0.95,direct,8,1
91511102MA64811Q7K,乐山天悦体育文化有限公司,8921,体育场馆管理服务,体育场馆 管理 服务,体育场馆;服务;管理,体育场馆,是,体育场馆,0.95,direct,8,1
91511100MACCPTET1J,四川呈蓝科技有限公司,5242,鱼具零售,鱼具 零售,鱼具;零售,,是,体育用品,0.75,direct,4,0
91511102MAACQ17643,乐山爱恩乐拓展训练有限公司,8930,健身休闲活动,健身 休闲活动,休闲活动;健身,,是,健身休闲,0.75,direct,6,0
91511102MAACHMC99C,乐山聚缘户外拓展有限公司,8930,拓展活动策划服务,拓展 活动 策划 服务,策划;拓展;服务;活动,,是,健身休闲,0.75,direct,8,0
91511102MA651CD03E,乐山威瑞达文化传播有限公司,8911,体育活动策划,体育 活动 策划,策划;体育;活动,,是,体育管理,0.75,direct,6,0
91511102MA64ECXG1M,四川梭海商贸有限公司,5242,体育器材零售,体育器材 零售,体育器材;零售,体育器材,是,体育用品,0.95,direct,6,1
91511102MA6283386L,四川升功动力文化有限公司,8930,户外休闲运动,户外 休闲 运动,户外;休闲;运动,,是,健身休闲,0.75,direct,6,0
91511111MA69YD736U,乐山澳佳体育文化发展有限公司,9052,体育赛事策划,体育 赛事策划,赛事策划;体育,赛事策划,是,体育赛事,0.6,none,6,1
91511111MA682KT217,乐山沙湾星途健身服务有限公司,8930,健身休闲活动,健身 休闲活动,休闲活动;健身,,是,健身休闲,0.75,direct,6,0
91511111MA6B4LKB4G,乐山深行户外运动有限公司,8930,户外运动,户外运动,户外运动,户外运动,是,健身休闲,0.95,direct,4,1
91511111MA68RJHP77,乐山市沙湾区翼星峨眉武术培训有限公司,8392,武术培训,武术培训,武术培训,武术培训,是,体育培训,0.95,direct,4,1
91511100MABT8K9N7U,乐山乐水动户外拓展有限公司,8930,劳动教育服务,劳动 教育 服务,教育;劳动;服务,,是,健身休闲,0.75,direct,6,0
91511112MA66CPU16Y,乐山市五通桥区桥溪泳乡体育服务有限公司,8921,体育场所服务,体育场 服务,体育场;服务,体育场,是,体育场馆,0.95,direct,6,1
91511112MADYH7062T,乐山市五通桥区通桥力冠体育培训中心有限公司,8392,体育培训,体育培训,体育培训,体育培训,是,体育培训,0.95,direct,4,1
91511112MA67RPB26C,乐山市五通桥区弘武跆拳道培训学校有限公司,8392,体育类培训,体育类 培训,体育类;培训,,是,体育培训,0.75,direct,5,0
92511112MACQHQUB7T,乐山市卡莎商贸有限公司,5242,办公用品零售,办公用品 零售,办公用品;零售,,是,体育用品,0.75,direct,6,0
91511112MAD58X1X5A,乐山能量之光体育发展有限责任公司,8930,健身休闲活动,健身 休闲活动,休闲活动;健身,,是,健身休闲,0.75,direct,6,0
91511112MA66KBUA5L,四川润凯信体育用品有限公司,5242,体育用品零售,体育用品零售,体育用品零售,体育用品零售,是,体育用品,0.95,direct,6,1
91511112MAD39H8N80,乐山叁贰壹文化传媒有限公司,9052,体育竞赛组织活动,体育竞赛 组织 活动,体育竞赛;组织;活动,体育竞赛,是,体育赛事,0.6,none,8,1
91511112MA698AXL92,乐山宣刘商贸有限公司,5142,体育用品及器材批发,体育用品 器材 批发,体育用品;器材;批发,体育用品,是,体育用品,0.95,direct,9,1
91511112MA6487RQ9W,乐山华亿天盛商贸有限公司,5242,体育用品及器材零售,体育用品 器材 零售,体育用品;器材;零售,体育用品,是,体育用品,0.95,direct,9,1
91511112MACXHNQT7T,四川优冠博燃体育发展有限公司,5242,体育用品及器材零售,体育用品 器材 零售,体育用品;器材;零售,体育用品,是,体育用品,0.95,direct,9,1
91511123MAE9GL8P0P,犍为县龙耀体育培训有限公司,8392,体校及体育培训,体校 体育培训,体育培训;体校,体育培训,是,体育培训,0.95,direct,7,1
91511123309304029H,四川省犍汇通贸易有限公司,5242,体育用品及器材零售,体育用品 器材 零售,体育用品;器材;零售,体育用品,是,体育用品,0.95,direct,9,1
91511123MACNK7A1XL,犍为睿哲体育发展有限公司,8392,乒乓球培训,乒乓球培训,乒乓球培训,乒乓球培训,是,体育培训,0.95,direct,5,1
91511123MA6286966P,四川文西旅游开发有限公司,8930,体能拓展训练,体能 拓展 训练,体能;拓展;训练,,是,健身休闲,0.75,direct,6,0
92511123MA62XPGP45,犍为弈智围棋培训有限公司,8392,体育培训服务,体育培训 服务,体育培训;服务,体育培训,是,体育培训,0.95,direct,6,1
91511123MA64G92B6X,乐山市爱好者体育文化发展有限公司,8911,体育竞赛组织,体育竞赛 组织,体育竞赛;组织,体育竞赛,是,体育赛事,0.95,direct,6,1
91511123MA6AT46M4H,犍为追逐梦体育文化发展有限公司,8911,体育竞赛组织,体育竞赛 组织,体育竞赛;组织,体育竞赛,是,体育赛事,0.95,direct,6,1
92511123MABNC8KD9X,犍为风悦文化娱乐有限公司,8930,健身休闲活动,健身 休闲活动,休闲活动;健身,,是,健身休闲,0.75,direct,6,0
92511123MA65JD2UXH,犍为县逐鹿体育培训有限公司,8392,体育培训,体育培训,体育培训,体育培训,是,体育培训,0.95,direct,4,1
915111233233633324,四川省犍为县嘉州武术俱乐部有限公司,8392,武术培训,武术培训,武术培训,武术培训,是,体育培训,0.95,direct,4,1
91511123MA654QX488,犍为县铁山武术学校有限公司,8392,体育培训教育,体育培训 教育,体育培训;教育,体育培训,是,体育培训,0.95,direct,6,1
92511123MA62EX8311,犍为刘冬渔具店,5242,零售渔具,零售 渔具,渔具;零售,渔具,是,体育用品,0.95,direct,4,1
91511124MABNJQC76A,乐山研溪青年体育文化发展有限公司,9052,体育赛事组织,体育赛事 组织,体育赛事;组织,体育赛事,是,体育赛事,0.6,none,6,1
91511124MABQ7E1033,井研县弈品艺术培训学校有限公司,8392,体育技能培训,体育 技能 培训,技能;体育;培训,,是,体育培训,0.75,direct,6,0
91511124MA6AR2WH2C,乐山锐志体育文化发展有限责任公司,5242,体育用品零售,体育用品零售,体育用品零售,体育用品零售,是,体育用品,0.95,direct,6,1
91511124MA62827899,井研县东山武术学校有限公司,8392,体育培训运动,体育培训 运动,体育培训;运动,体育培训,是,体育培训,0.95,direct,6,1
91511124MAC0U9LA25,四川省振晖户外用品有限公司,5242,体育用品零售,体育用品零售,体育用品零售,体育用品零售,是,体育用品,0.95,direct,6,1
91511124MA66CF2L41,井研县靖龙搏击运动培训学校有限公司,8392,体育培训,体育培训,体育培训,体育培训,是,体育培训,0.95,direct,4,1
91511124MA6BCT9509,井研研美体育文化发展有限责任公司,8930,健身休闲活动,健身 休闲活动,休闲活动;健身,,是,健身休闲,0.75,direct,6,0
91511124MAE7MUFL8P,乐山市路路高户外运动有限公司,7246,体育赛事策划,体育 赛事策划,赛事策划;体育,赛事策划,是,体育赛事,0.6,none,6,1
91511124MA6AL3EF18,乐山翔腾体育有限公司,8392,体育运动训练指导服务,体育运动 训练 指导 服务,体育运动;训练;指导;服务,,是,体育培训,0.75,direct,10,0
91511124MAACJQNM7L,四川胜力体育俱乐部有限公司,8930,台球运动项目,台球 运动 项目,台球;运动;项目,台球,是,健身休闲,0.95,direct,6,1
91511124MADC192X4L,井研乐剑体育培训学校有限公司,8392,体育培训,体育培训,体育培训,体育培训,是,体育培训,0.95,direct,4,1
91511126MA66YTP07L,乐山群英拓展训练有限公司,8930,健身休闲活动,健身 休闲活动,休闲活动;健身,,是,健身休闲,0.75,direct,6,0
91511126699161894A,夹江县优克莱体育发展有限责任公司,8930,休闲健身活动,休闲 健身活动,健身活动;休闲,,是,健身休闲,0.75,direct,6,0
91511126MA7CWCCE9U,乐山市脱兔体育发展有限公司,8392,篮球培训,篮球培训,篮球培训,篮球培训,是,体育培训,0.95,direct,4,1
91511126MA628AA55H,乐山市东振体育发展有限公司,8392,体育技能培训,体育 技能 培训,技能;体育;培训,,是,体育培训,0.75,direct,6,0
91511126MA63RX6X66,夹江县闪耀体能培训有限公司,8392,儿童体能培训,儿童 体能 培训,体能;培训;儿童,,是,体育培训,0.75,direct,6,0
91511126MA686JNL88,夹江县猴子艺术培训学校有限公司,8392,武术培训服务,武术培训 服务,武术培训;服务,武术培训,是,体育培训,0.95,direct,6,1
91511126MABYW21L69,四川征程户外拓展有限责任公司,8392,体育培训,体育培训,体育培训,体育培训,是,体育培训,0.95,direct,4,1
91511126MACJLQ2M42,乐山市本色体育发展有限公司,8392,体育培训,体育培训,体育培训,体育培训,是,体育培训,0.95,direct,4,1
91511126MADARQKT2R,四川任昊天平商贸有限公司,5142,渔具零售,渔具 零售,渔具;零售,渔具,是,体育用品,0.95,direct,4,1
91511126MACHNY3Q43,乐山市鹿鸣体育发展有限公司,8930,健身休闲活动,健身 休闲活动,休闲活动;健身,,是,健身休闲,0.75,direct,6,0
91511126MA65Q446X3,乐山卓跃拓展训练有限公司,8930,健身休闲活动服务,健身 休闲活动 服务,休闲活动;健身;服务,,是,健身休闲,0.75,direct,8,0
91511126MA637PMQXN,乐山市星河体育发展有限公司,8392,篮球培训服务,篮球培训 服务,篮球培训;服务,篮球培训,是,体育培训,0.95,direct,6,1
91511126MA67GN434U,夹江博涛体育场馆服务有限公司,8921,体育场馆服务,体育场馆 服务,体育场馆;服务,体育场馆,是,体育场馆,0.95,direct,6,1
91511126MAE8RJ340P,夹江县维特斯体育文化发展有限责任公司,5242,体育用品零售,体育用品零售,体育用品零售,体育用品零售,是,体育用品,0.95,direct,6,1
91511126MACK7HFC51,四川乐夫文化传播有限公司,8930,体验式拓展服务,体验式 拓展 服务,体验式;拓展;服务,,是,健身休闲,0.75,direct,7,0
91511126MA68YLCE9L,乐山市野狼拓展活动服务有限公司,8930,山地户外运动,山地 户外运动,户外运动;山地,户外运动,是,健身休闲,0.95,direct,6,1
91511126MA66RFDJXC,夹江县剑英艺术培训有限公司,8392,跆拳道培训,跆拳道培训,跆拳道培训,跆拳道培训,是,体育培训,0.95,direct,5,1
91511126MA63ME1C3K,四川雅乐体育设施工程有限公司,5142,体育器材批发,体育器材 批发,体育器材;批发,体育器材,是,体育用品,0.95,direct,6,1
91511126MADHRUCL3N,夹江县山禾水茶楼有限公司,8930,棋牌室服务,棋牌室 服务,棋牌室;服务,,是,健身休闲,0.75,direct,5,0
91511126MAC4RCQ322,乐山市擎立体育发展有限公司,5242,体育设备零售,体育设备 零售,体育设备;零售,体育设备,是,体育用品,0.95,direct,6,1
91511126MAE1C1T57F,乐山独牙体育用品销售有限公司,5142,体育用品及器材批发,体育用品 器材 批发,体育用品;器材;批发,体育用品,是,体育用品,0.95,direct,9,1
91511126MAE5QDCG1N,夹江雀实不错科技有限公司,8930,棋牌室服务,棋牌室 服务,棋牌室;服务,,是,健身休闲,0.75,direct,5,0
91511126MA648MTJ5E,夹江县尚武搏击健身有限公司,8392,体校及体育培训,体校 体育培训,体育培训;体校,体育培训,是,体育培训,0.95,direct,7,1
91511126MACG10PX88,乐山路林拓展训练有限公司,8930,体验式拓展训练,体验式 拓展 训练,体验式;拓展;训练,,是,健身休闲,0.75,direct,7,0
91511126MADARP4274,夹江县渔创科技有限公司,2449,渔具生产,渔具 生产,渔具;生产,渔具,是,体育用品,0.95,direct,4,1
91511126MADCG0JK32,四川九头渔科技有限公司,2449,渔具组装,渔具 组装,渔具;组装,渔具,是,体育用品,0.95,direct,4,1
91511126MA7LUR5243,乐山千米特训户外拓展有限公司,9052,组织体育表演活动,组织 体育表演 活动,体育表演;组织;活动,体育表演,是,体育赛事,0.6,none,8,1
91511129MA6AGKWD9B,沐川县竞技巴士娱乐有限公司,8930,健身休闲活动,健身 休闲活动,休闲活动;健身,,是,健身休闲,0.75,direct,6,0
91511129MA692PHB36,沐川县龙英体育培训有限公司,8392,体育培训,体育培训,体育培训,体育培训,是,体育培训,0.95,direct,4,1
91511129MA62K9R80K,沐川县洪杰武术培训有限公司,8392,武术培训,武术培训,武术培训,武术培训,是,体育培训,0.95,direct,4,1
91511129323370268W,四川省沐川县翔盛旅游开发有限公司,8930,漂流活动,漂流 活动,漂流;活动,漂流,是,健身休闲,0.95,direct,4,1
91511132MACQ3KGG60,峨边福腾体育场馆管理有限公司,8392,游泳培训,游泳培训,游泳培训,游泳培训,是,体育培训,0.95,direct,4,1
91511132MA6917086T,峨边海粼体育有限公司,5242,体育用品零售,体育用品零售,体育用品零售,体育用品零售,是,体育用品,0.95,direct,6,1
91511132MAACGK1R5A,峨边力美健身服务有限公司,8930,健身休闲活动,健身 休闲活动,休闲活动;健身,,是,健身休闲,0.75,direct,6,0
92511132MACG0RG095,峨边惹几木加台球馆,8930,其他室内娱乐活动,其他 室内 娱乐活动,娱乐活动;室内;其他,,是,健身休闲,0.75,direct,8,0
91511133MAE174F83T,马边丽景武术文化传播有限公司,8930,健身休闲活动,健身 休闲活动,休闲活动;健身,,是,健身休闲,0.75,direct,6,0
91511133MACDPXRRXQ,乐山马边彝族自治县永健体育赛事策划有限责任公司,8911,体育竞赛组织,体育竞赛 组织,体育竞赛;组织,体育竞赛,是,体育赛事,0.95,direct,6,1
91511133MA7FNW583C,马边巅峰体育培训有限公司,8392,体育培训,体育培训,体育培训,体育培训,是,体育培训,0.95,direct,4,1
91511133MACPPH8F80,马边大王山文化旅游开发有限公司,8911,体育竞赛组织,体育竞赛 组织,体育竞赛;组织,体育竞赛,是,体育赛事,0.95,direct,6,1
91511133MA6976HD53,马边勐获体育有限公司,8911,体育专业组织活动,体育 专业 组织 活动,体育;专业;组织;活动,,是,体育管理,0.75,direct,8,0
91511133MA67RGU81Q,马边美喜体育有限责任公司,8911,体育比赛策划,体育比赛 策划,体育比赛;策划,体育比赛,是,体育赛事,0.95,direct,6,1
91511133MA68RB5A6U,马边波力体育有限责任公司,8911,体育竞赛组织,体育竞赛 组织,体育竞赛;组织,体育竞赛,是,体育赛事,0.95,direct,6,1
91511133MA7LNH0K4U,马边华盛旅游开发有限公司,8930,漂流休闲活动,漂流 休闲活动,休闲活动;漂流,漂流,是,健身休闲,0.95,direct,6,1
91511181327087777U,四川军格拓展培训有限公司,8930,拓展训练,拓展 训练,拓展;训练,,是,健身休闲,0.75,direct,4,0
91511181MADK7NLM3F,峨眉山市运涞健身服务有限公司,8930,健身休闲活动,健身 休闲活动,休闲活动;健身,,是,健身休闲,0.75,direct,6,0
91511181MAACE46J7Q,乐山市逸易体育文化发展有限责任公司,8930,体育健身服务,体育 健身服务,健身服务;体育,健身服务,是,健身休闲,0.95,direct,6,1
91511181MA694DWM7U,峨眉山武术研究中心,8392,武术培训,武术培训,武术培训,武术培训,是,体育培训,0.95,direct,4,1
91511181MA7K1N3C32,峨眉山市国盛教育科技有限公司,8930,体验式拓展活动,体验式 拓展 活动,体验式;拓展;活动,,是,健身休闲,0.75,direct,7,0
92511181MAACPKJ40P,峨眉山市乒定天下运动发展有限公司,8911,体育竞赛组织,体育竞赛 组织,体育竞赛;组织,体育竞赛,是,体育赛事,0.95,direct,6,1
91511181MACKDU5J70,峨眉山乐践行体育科技有限公司,8919,高危险性体育运动（攀岩）,危险性 体育运动 攀岩,攀岩;危险性;体育运动,攀岩,是,健身休闲,0.95,direct,12,1
91511181MA67PUUQ69,峨眉山市雏鹰体育培训有限公司,8392,体育培训,体育培训,体育培训,体育培训,是,体育培训,0.95,direct,4,1
91511302MADLE5667P,南充超冠田径体育发展有限公司,8911,体育竞赛组织,体育竞赛 组织,体育竞赛;组织,体育竞赛,是,体育赛事,0.95,direct,6,1
91511302MADG1CHX1Y,南充梦钓社体育用品有限公司,5242,体育用品及器材零售,体育用品 器材 零售,体育用品;器材;零售,体育用品,是,体育用品,0.95,direct,9,1
91511302MA6915J57E,南充市石力健身有限公司,8930,健身服务,健身服务,健身服务,健身服务,是,健身休闲,0.95,direct,4,1
91511302MA7H5YP04T,南充酷爱体育文化发展有限公司,8930,健身休闲活动,健身 休闲活动,休闲活动;健身,,是,健身休闲,0.75,direct,6,0
91511302765088462P,南充明豪文化娱乐有限公司,8930,健身服务,健身服务,健身服务,健身服务,是,健身休闲,0.95,direct,4,1
91511302MA62FTX51C,南充智智高体育文化传播有限公司,5242,文化体育用品,文化 体育用品,体育用品;文化,体育用品,是,体育用品,0.95,direct,6,1
91511302MA66XKYY23,南充市顺庆区健行天下跆拳道俱乐部,8392,体育培训,体育培训,体育培训,体育培训,是,体育培训,0.95,direct,4,1
91511302MA6B08F3XJ,南充市远睿星源商务户外拓展培训有限公司,8930,户外拓展服务,户外拓展 服务,户外拓展;服务,户外拓展,是,健身休闲,0.95,direct,6,1
91511302MA69GR7F4M,南充博凯优动体育发展有限公司,8930,体验式拓展活动及策划,体验式 拓展 活动 策划,体验式;策划;拓展;活动,,是,健身休闲,0.75,direct,10,0
91511302MABT17C47L,南充熠星羽毛球俱乐部有限公司,9052,体育服务,体育服务,体育服务,体育服务,是,体育管理,0.6,none,4,1
91511302MA6A2HHW48,南充奇迹体育场馆管理有限公司,5242,体育用品及器材零售,体育用品 器材 零售,体育用品;器材;零售,体育用品,是,体育用品,0.95,direct,9,1
91511302089898928C,南充新思路贸易有限公司,5242,服装文化体育用品零售,服装 文化 体育用品零售,体育用品零售;服装;文化,体育用品零售,是,体育用品,0.95,direct,10,1
91511302337739716B,南充诚康商贸有限公司,5242,体育用品零售,体育用品零售,体育用品零售,体育用品零售,是,体育用品,0.95,direct,6,1
91511302MA6B60BN96,南充耐仕健身有限公司,8930,健身休闲活动,健身 休闲活动,休闲活动;健身,,是,健身休闲,0.75,direct,6,0
91511302MA69643B95,四川肆方圣达科技有限公司,8930,户外拓展运动,户外拓展 运动,户外拓展;运动,户外拓展,是,健身休闲,0.95,direct,6,1
915113006969701784,南充好伙伴体育用品有限公司,5242,体育用品及器材零售,体育用品 器材 零售,体育用品;器材;零售,体育用品,是,体育用品,0.95,direct,9,1
91511302MACNAAAU0J,南充名扬悦动乒乓球俱乐部,8921,体育场地设施经营,体育场地设施 经营,体育场地设施;经营,体育场地设施,是,体育场馆,0.95,direct,8,1
91511302337823782M,南充双宇游泳池管理有限公司,8921,游泳池管理,游泳池 管理,游泳池;管理,游泳池,是,健身休闲,0.95,direct,5,1
91511302MA66G5H966,南充贝思乐文化传播有限公司,8930,游泳健身管理,游泳 健身 管理,健身;游泳;管理,游泳,是,健身休闲,0.95,direct,6,1
91511302MA694CYR84,南充康橙体育发展有限公司,8392,体育培训,体育培训,体育培训,体育培训,是,体育培训,0.95,direct,4,1
91511302MAC7NXCM7W,南充朗越体育文化发展有限公司,8911,体育赛事策划,体育 赛事策划,赛事策划;体育,赛事策划,是,体育赛事,0.95,direct,6,1
91511302MAACJJT73K,南充迪亚体育文化传播有限责任公司,5142,体育器材批发,体育器材 批发,体育器材;批发,体育器材,是,体育用品,0.95,direct,6,1
91511302MA658DMW3G,南充源动体育文化有限公司,8911,体育赛事活动组织,体育赛事 活动 组织,体育赛事;组织;活动,体育赛事,是,体育赛事,0.95,direct,8,1
91511302MA6BN5XN50,南充塑子夫文化体育有限公司,8930,健身体育,健身 体育,健身;体育,,是,健身休闲,0.75,direct,4,0
91511302MA68252X22,四川竞速体育文化发展有限公司,5242,体育器材零售,体育器材 零售,体育器材;零售,体育器材,是,体育用品,0.95,direct,6,1
91511302MA6ATJQ02X,四川瑞雪体育用品有限公司,5242,体育用品零售,体育用品零售,体育用品零售,体育用品零售,是,体育用品,0.95,direct,6,1
91511302MAC33RD47N,南充市飞凡户外运动有限公司,8930,健身服务,健身服务,健身服务,健身服务,是,健身休闲,0.95,direct,4,1
92511302MA64JYR77G,南充市顺庆区魏素清体育用品店,5142,批发体育用品,批发 体育用品,体育用品;批发,体育用品,是,体育用品,0.95,direct,6,1
91511302MA66RAF38L,南充大悦派休闲娱乐有限公司,8930,经营户内外拓展服务,经营户 内外 拓展 服务,经营户;拓展;内外;服务,,是,健身休闲,0.75,direct,9,0
91511302MA6BWUJT2R,四川驭风嘉南体育文化发展有限公司,8930,体育健身,体育 健身,健身;体育,,是,健身休闲,0.75,direct,4,0
91511302MABW1PTT11,南充星阳体育文化传播有限公司,8911,体育竞赛组织,体育竞赛 组织,体育竞赛;组织,体育竞赛,是,体育赛事,0.95,direct,6,1
91511302MA6BUJ02XM,南充爱酷健身有限公司,8930,健身活动,健身活动,健身活动,,是,健身休闲,0.75,direct,4,0
91511302MA6AQPD0XP,南充竞玥体育文化发展有限公司,8930,游泳健身活动,游泳 健身活动,健身活动;游泳,游泳,是,健身休闲,0.95,direct,6,1
91511302MA7NBHHH4P,四川省茁跃体育文化传播有限公司,9052,体育赛事策划,体育 赛事策划,赛事策划;体育,赛事策划,是,体育赛事,0.6,none,6,1
91511302MACFDNMF9C,四川有你瑜伽健身有限公司,8930,健身休闲活动,健身 休闲活动,休闲活动;健身,,是,健身休闲,0.75,direct,6,0
91511302MA67YKF0XW,四川体德体育文化传播有限公司,8911,体育竞赛组织,体育竞赛 组织,体育竞赛;组织,体育竞赛,是,体育赛事,0.95,direct,6,1
91511302MACNF65R0X,四川传谷文化发展有限责任公司,8930,健身休闲活动,健身 休闲活动,休闲活动;健身,,是,健身休闲,0.75,direct,6,0
91511302MA629523XH,南充市真男子户外运动有限公司,8392,户外培训,户外 培训,户外;培训,,是,体育培训,0.75,direct,4,0
91511302MA68MK114X,南充创客健身有限公司,8992,健身服务,健身服务,健身服务,健身服务,是,健身休闲,0.6,none,4,1
91511302MA68TM3C0D,四川锦耀健身服务有限公司,8930,休闲健身,休闲 健身,健身;休闲,,是,健身休闲,0.75,direct,4,0
91511302MA69GNQ95D,南充雷曼篮球俱乐部有限公司,8911,篮球俱乐部,篮球 俱乐部,篮球;俱乐部,篮球,是,体育用品,0.95,direct,5,1
91511302MAACMM7B0F,四川省智扬鸿体育俱乐部有限公司,5242,体育用品,体育用品,体育用品,体育用品,是,体育用品,0.95,direct,4,1
92511302MABUY7703P,南充市迈动健身服务有限公司,8930,健身休闲活动,健身 休闲活动,休闲活动;健身,,是,健身休闲,0.75,direct,6,0
91511302MABQ05N51G,四川锲科正华体育发展有限公司,9052,组织体育表演活动,组织 体育表演 活动,体育表演;组织;活动,体育表演,是,体育赛事,0.6,none,8,1
91511302MAACKUJH7M,四川尚喜锦园娱乐有限公司,8930,棋牌室服务,棋牌室 服务,棋牌室;服务,,是,健身休闲,0.75,direct,5,0
91511302MA67E1P456,南充新动体育文化发展有限责任公司,8392,体育培训,体育培训,体育培训,体育培训,是,体育培训,0.95,direct,4,1
91511302MA7JD1LD0R,南充赛沃体育文化发展有限公司,8919,高危险性体育运动,危险性 体育运动,危险性;体育运动,,是,体育管理,0.75,direct,8,0
91511302MACTP09M99,南充市励炼健身服务有限公司,8930,健身休息服务,健身 休息 服务,健身;休息;服务,,是,健身休闲,0.75,direct,6,0
91511302MAD1YGD54F,四川来敉闪点体育文化发展有限公司,5142,体育用品教材批发,体育用品 教材 批发,体育用品;教材;批发,体育用品,是,体育用品,0.95,direct,8,1
91511302327048137T,四川昂科拉商贸有限公司,5242,健身用品零售,健身 用品 零售,健身;用品;零售,,是,体育用品,0.75,direct,6,0
91511302MAACPXTQXU,南充神州商务服务有限公司,8930,拓展运动,拓展 运动,拓展;运动,,是,健身休闲,0.75,direct,4,0
91511302MA62EP6J8F,南充明渝体育文化发展有限公司,9052,体育赛事活动组织,体育赛事 活动 组织,体育赛事;组织;活动,体育赛事,是,体育赛事,0.6,none,8,1
91511302MA66RJK851,南充金海豚体育有限责任公司,8921,游泳池管理,游泳池 管理,游泳池;管理,游泳池,是,健身休闲,0.95,direct,5,1
91511302MA6AUCEP7Q,南充御健健身俱乐部有限公司,8930,健身房健身活动,健身房 健身活动,健身活动;健身房,健身房,是,健身休闲,0.95,direct,7,1
91511302MAACF9RY2A,四川凯翔信鸽俱乐部有限公司,8930,健康休闲活动,健康 休闲活动,休闲活动;健康,,是,健身休闲,0.75,direct,6,0
91511302MAACF92G6M,四川优启儿童训练体育文化发展有限公司,8392,艺体活动,艺体 活动,艺体;活动,,是,体育培训,0.75,direct,4,0
91511302MA632WYH44,南充蓝空利剑拓展训练有限公司,8930,健身休闲活动,健身 休闲活动,休闲活动;健身,,是,健身休闲,0.75,direct,6,0
91511302MA622PDQ44,南充青苗文化体育有限责任公司,8921,运动场管理,运动场 管理,运动场;管理,,是,体育场馆,0.75,direct,5,0
91511302MA69MJMM8U,四川八戒户外拓展有限公司,8930,户外运动,户外运动,户外运动,户外运动,是,健身休闲,0.95,direct,4,1
91511302MA66LWD67L,四川宝卷建筑工程有限公司,5242,健身器材零售,健身器材 零售,健身器材;零售,健身器材,是,体育用品,0.95,direct,6,1
91511302MACH7JT761,南充奇獾体育文化传播有限公司,8392,篮球培训,篮球培训,篮球培训,篮球培训,是,体育培训,0.95,direct,4,1
91511302675762863F,南充翔宇体育文化有限公司,8930,健身服务,健身服务,健身服务,健身服务,是,健身休闲,0.95,direct,4,1
91510107MAAF5LJ98T,四川州驰体育科技有限公司,8911,网球教学,网球 教学,网球;教学,网球,是,体育用品,0.95,direct,4,1
91511302MACBQ8JM3L,南充牌先生娱乐有限责任公司,8930,棋牌室服务,棋牌室 服务,棋牌室;服务,,是,健身休闲,0.75,direct,5,0
91511302MA6298E188,南充市顺健体育发展有限公司,9052,体育文化活动组织策划,体育文化 活动 组织 策划,体育文化;策划;组织;活动,体育文化,是,体育管理,0.6,none,10,1
91511302MA65QNAB04,南充市顺搏体育发展有限公司,8921,健身服务,健身服务,健身服务,健身服务,是,健身休闲,0.95,direct,4,1
91511302MAD1GD2H6H,四川省南充市顺庆区行者体育俱乐部有限责任公司,8392,篮球培训,篮球培训,篮球培训,篮球培训,是,体育培训,0.95,direct,4,1
91511302MA65LEMR6T,南充新川武体育俱乐部有限公司,8392,教育咨询服务,教育 咨询服务,咨询服务;教育,,是,体育培训,0.75,direct,6,0
91511302MACE23H84X,南充跳跳虎体育发展有限公司,8392,体育服务,体育服务,体育服务,体育服务,是,体育管理,0.95,direct,4,1
92511302MA6BWLTF7M,南充市顺庆区疯狂大象健身有限公司,8930,健身休闲活动,健身 休闲活动,休闲活动;健身,,是,健身休闲,0.75,direct,6,0
92511302MA63DG7MXE,南充市顺庆区桃李芳华舞蹈艺术有限责任公司,8930,健身休闲活动,健身 休闲活动,休闲活动;健身,,是,健身休闲,0.75,direct,6,0
91511302MAD0UNL94W,四川全城热炼喜能健康管理有限公司,8930,健身休闲活动,健身 休闲活动,休闲活动;健身,,是,健身休闲,0.75,direct,6,0
91511302MA647W3T3A,南充至尚健身服务有限公司,8930,健身服务,健身服务,健身服务,健身服务,是,健身休闲,0.95,direct,4,1
91511302MABRAXDP3K,四川板飞滑板文化发展有限公司,8930,建设休闲活动,建设 休闲活动,休闲活动;建设,,是,健身休闲,0.75,direct,6,0
91511303MAACHWKG47,四川桦崎世家商贸有限公司,5242,体育用品及器材零售,体育用品 器材 零售,体育用品;器材;零售,体育用品,是,体育用品,0.95,direct,9,1
91511302MAC08N7J56,南充朗动体育文化发展有限公司,8921,体育场地设施经营,体育场地设施 经营,体育场地设施;经营,体育场地设施,是,体育场馆,0.95,direct,8,1
91511302MAC95GD6XT,四川盼泽商贸有限责任公司,5142,体育用品及器材批发,体育用品 器材 批发,体育用品;器材;批发,体育用品,是,体育用品,0.95,direct,9,1
92511302MAC697B96E,南充市顺庆区左邻右里茶坊,8930,休闲娱乐场所,休闲 娱乐场所,娱乐场所;休闲,,是,健身休闲,0.75,direct,6,0
91511302MA69J4MK41,南充吾空体育俱乐部有限责任公司,8930,体育运动,体育运动,体育运动,,是,健身休闲,0.75,direct,4,0
91511302MA6988C83Y,四川诗兰铂格商贸有限公司,5242,零售体育器材,零售 体育器材,体育器材;零售,体育器材,是,体育用品,0.95,direct,6,1
91511302MA68NPKB69,南充名鼎商贸有限公司,5142,体育用品批发服务,体育用品批发 服务,体育用品批发;服务,体育用品批发,是,体育用品,0.95,direct,8,1
91511302MA69CW3248,南充精武体育文化传播有限公司,8392,体育教育服务,体育教育 服务,体育教育;服务,体育教育,是,体育培训,0.95,direct,6,1
91511302314470021L,南充奥航体育场馆管理有限公司,8921,体育场管理,体育场 管理,体育场;管理,体育场,是,体育场馆,0.95,direct,5,1
92511302MA68ATDU7G,南充鸿发体育器材批发部,5142,体育器材批发,体育器材 批发,体育器材;批发,体育器材,是,体育用品,0.95,direct,6,1
91511303MA7LHGGW9D,四川今日开心文化传播有限公司,8930,文化艺术健身,文化 艺术 健身,健身;艺术;文化,,是,健身休闲,0.75,direct,6,0
91511302MA637WWBXN,南充三马体育文化传播有限公司,8392,体育培训服务,体育培训 服务,体育培训;服务,体育培训,是,体育培训,0.95,direct,6,1
91511302MACBK50T9R,南充市烁元体育文化传播有限公司,8392,篮球培训,篮球培训,篮球培训,篮球培训,是,体育培训,0.95,direct,4,1
91511302MA62HGDF13,南充思瑞教育咨询有限公司,8930,户外拓展训练,户外拓展 训练,户外拓展;训练,户外拓展,是,健身休闲,0.95,direct,6,1
91511302MAD4JP9B39,南充市金苗绿动体育文化发展有限公司,5242,体育赛事策划及用品零售,体育 赛事策划 用品 零售,赛事策划;用品;体育;零售,赛事策划,是,体育赛事,0.95,direct,11,1
91511304MA6297W52Y,南充神鹰户外运动有限公司,8930,戶外健身,戶外 健身,戶外;健身,,是,健身休闲,0.75,direct,4,0
91511302MA692CM0XQ,南充风之云搏击俱乐部有限公司,8930,健身服务,健身服务,健身服务,健身服务,是,健身休闲,0.95,direct,4,1
91511302MACTKD0D6K,南充市沃野千峰户外拓展有限公司,8930,健身运动休闲娱乐,健身运动 休闲 娱乐,健身运动;休闲;娱乐,,是,健身休闲,0.75,direct,8,0
91511302MAD7WFJR49,南充市辉胜生态农业有限公司,8929,体育场地设施经营,体育场地设施 经营,体育场地设施;经营,体育场地设施,是,体育场馆,0.95,direct,8,1
91511303MA64083M2R,南充赛赛卡丁车俱乐部有限公司,8930,健身休闲活动,健身 休闲活动,休闲活动;健身,,是,健身休闲,0.75,direct,6,0
91511303MABMQYJW40,南充程科商贸有限公司,5242,体育用品及器材零售,体育用品 器材 零售,体育用品;器材;零售,体育用品,是,体育用品,0.95,direct,9,1
915113033144570708,南充市帕克健身服务有限公司,8930,健身休闲服务,健身 休闲 服务,健身;休闲;服务,,是,健身休闲,0.75,direct,6,0
91511303MABNWH7R42,南充市光语文化传媒有限公司,8912,游艺娱乐活动,游艺 娱乐活动,游艺;娱乐活动,,是,体育管理,0.75,direct,6,0
91511303MA67714D72,南充蜀女健康管理咨询有限公司,8930,休闲健身,休闲 健身,健身;休闲,,是,健身休闲,0.75,direct,4,0
91511303MACEL3CX0L,南充星普拉提健身服务有限公司,8930,健身休闲活动,健身 休闲活动,休闲活动;健身,,是,健身休闲,0.75,direct,6,0
91511303MA697J0D2U,南充市高坪区华扬商贸有限公司,5242,体育用品及器材零售,体育用品 器材 零售,体育用品;器材;零售,体育用品,是,体育用品,0.95,direct,9,1
91511303MA625MEB6R,四川省祺源商贸有限公司,5242,体育用品及器材零售,体育用品 器材 零售,体育用品;器材;零售,体育用品,是,体育用品,0.95,direct,9,1
91511303MA68B1470P,南充市好源商贸有限公司,5242,体育用品零售,体育用品零售,体育用品零售,体育用品零售,是,体育用品,0.95,direct,6,1
91511303MACTT8064N,四川省赫升商贸有限公司,5242,体育器材零售,体育器材 零售,体育器材;零售,体育器材,是,体育用品,0.95,direct,6,1
91511303MAACJ6Q1XA,南充荣嘉劳务有限公司,4892,体育场地设施工程施工,体育场地设施 工程施工,体育场地设施;工程施工,体育场地设施,是,体育场馆,0.95,direct,10,1
91511303314494349B,南充市骏达体育商贸有限公司,8921,体育场管理,体育场 管理,体育场;管理,体育场,是,体育场馆,0.95,direct,5,1
91511303MA65HAB37Q,四川靓特健身管理有限公司,8930,室外休闲健身服务,室外 休闲 健身服务,健身服务;室外;休闲,健身服务,是,健身休闲,0.95,direct,8,1
91511303MA64BK33XF,南充众星东方体育有限公司,8921,体育场馆经营及维护,体育场馆 经营 维护,体育场馆;维护;经营,体育场馆,是,体育场馆,0.95,direct,9,1
91511303MA7HMGWQ58,南充鸿祥智力体育文化发展有限公司,9052,体育服务,体育服务,体育服务,体育服务,是,体育管理,0.6,none,4,1
91511303MA6BHT085C,四川领柏建筑工程有限公司,4892,体育场地设施工程施工,体育场地设施 工程施工,体育场地设施;工程施工,体育场地设施,是,体育场馆,0.95,direct,10,1
91511303MA6856HFX9,南充凰灵子文化传播有限公司,8930,健身服务,健身服务,健身服务,健身服务,是,健身休闲,0.95,direct,4,1
91511303MA67YRH60E,南充风行体育用品有限公司,5142,体育用品及器材批发,体育用品 器材 批发,体育用品;器材;批发,体育用品,是,体育用品,0.95,direct,9,1
91511303MA67G1XR5U,南充新与健康管理有限公司,5242,文化体育用品零售,文化 体育用品零售,体育用品零售;文化,体育用品零售,是,体育用品,0.95,direct,8,1
92511303MA62U2X68X,南充市高坪区繁慧体育器材有限公司,5242,体育器材零售,体育器材 零售,体育器材;零售,体育器材,是,体育用品,0.95,direct,6,1
91511303MA627LU65K,四川星狼体育策划有限公司,8919,青少年足球培养,青少年 足球 培养,足球;青少年;培养,足球,是,体育用品,0.95,direct,7,1
91511303MAACJ40M0E,南充市赤鹰户外拓展有限公司,8930,户外拓展服务,户外拓展 服务,户外拓展;服务,户外拓展,是,健身休闲,0.95,direct,6,1
91511302MA69QLCP6A,南充松果体育健身运动有限公司,8930,健身休闲活动,健身 休闲活动,休闲活动;健身,,是,健身休闲,0.75,direct,6,0
91511303MA7JB8GG1T,四川军锐拓展训练有限公司,8930,健身休闲活动,健身 休闲活动,休闲活动;健身,,是,健身休闲,0.75,direct,6,0
91511303MA6BRR869T,四川晤商创业孵化器有限公司,8930,健身休闲活动,健身 休闲活动,休闲活动;健身,,是,健身休闲,0.75,direct,6,0
91511303MA69Q0YM46,四川沛辉建筑工程有限公司,4892,体育场地设施工程施工,体育场地设施 工程施工,体育场地设施;工程施工,体育场地设施,是,体育场馆,0.95,direct,10,1
91511302MA684R4T3D,南充子恒教学设备有限公司,5142,体育用品及器材批发,体育用品 器材 批发,体育用品;器材;批发,体育用品,是,体育用品,0.95,direct,9,1
91511303MACGPKQG0B,四川新川武体育文化传播有限公司,8930,健身休闲活动,健身 休闲活动,休闲活动;健身,,是,健身休闲,0.75,direct,6,0
91511303MACUTM7F1Y,四川骑聚体育文化传播有限公司,5142,体育用品批发,体育用品批发,体育用品批发,体育用品批发,是,体育用品,0.95,direct,6,1
91511303MAC6WK4A0G,四川深行策动文化传媒有限公司,8930,体验式拓展活动,体验式 拓展 活动,体验式;拓展;活动,,是,健身休闲,0.75,direct,7,0
91511303MACUYG3H3B,四川汉诺威体育文化传播有限公司,8912,体育保障组织,体育 保障 组织,体育;保障;组织,,是,体育管理,0.75,direct,6,0
91511303MA64LMGD4A,南充炫地户外运动有限公司,8911,体育竞赛组织,体育竞赛 组织,体育竞赛;组织,体育竞赛,是,体育赛事,0.95,direct,6,1
91511303MA7J2P110R,南充耀旭新商贸有限公司,5242,体育用品及器材零售,体育用品 器材 零售,体育用品;器材;零售,体育用品,是,体育用品,0.95,direct,9,1
91511303MACDA42X9Y,四川艺奇游乐有限公司,8912,游艺娱乐活动,游艺 娱乐活动,游艺;娱乐活动,,是,体育管理,0.75,direct,6,0
91511303MAACG29G74,四川竞帆体育发展有限公司,8921,体育场地设施经营,体育场地设施 经营,体育场地设施;经营,体育场地设施,是,体育场馆,0.95,direct,8,1
91511303MACP54F997,南充市高坪区卓友黑八体育俱乐部,8930,台球活动,台球 活动,台球;活动,台球,是,健身休闲,0.95,direct,4,1
91511300309483485B,四川宏电电气有限公司,2442,运动器材及配件制造,运动器材 配件 制造,运动器材;配件;制造,运动器材,是,体育用品,0.95,direct,9,1
91511303MA6B4FH680,南充奥体体育场馆管理有限公司,8921,体育场地设施经营,体育场地设施 经营,体育场地设施;经营,体育场地设施,是,体育场馆,0.95,direct,8,1
91511303MA68E6AP68,南充高坪奥体体育场馆管理有限公司,8921,体育场地设施经营,体育场地设施 经营,体育场地设施;经营,体育场地设施,是,体育场馆,0.95,direct,8,1
91511303MACL5XT77A,南充奥翔体育文化发展有限公司,8930,高危性体育运动,危性 体育运动,危性;体育运动,,是,健身休闲,0.75,direct,7,0
91511303MA63XTHLXU,南充东新星体育发展有限公司,8392,体校及体育培训,体校 体育培训,体育培训;体校,体育培训,是,体育培训,0.95,direct,7,1
91511303MA67DJKY2J,南充青松林海战狼户外拓展服务有限公司,8930,户外体育场地服务,户外 体育场地 服务,体育场地;户外;服务,体育场地,是,体育场馆,0.95,direct,8,1
91511303MA643RL72X,南充市凌云武院,8392,武术传播,武术 传播,武术;传播,武术,是,健身休闲,0.95,direct,4,1
91511303MA69UXBW11,南充市创世纪体育俱乐部有限公司,5242,体育用品及器材零售,体育用品 器材 零售,体育用品;器材;零售,体育用品,是,体育用品,0.95,direct,9,1
91511303MACRQ2XN9X,南充圈子户外拓展有限公司,8930,健身休闲活动,健身 休闲活动,休闲活动;健身,,是,健身休闲,0.75,direct,6,0
91511303MA62913HX7,四川壮志凌云户外教育旅行管理有限责任公司,8930,中小学生研学实践,中小学生 研学 实践,研学;中小学生;实践,,是,健身休闲,0.75,direct,8,0
91511304MABPNCJ09L,四川瑞朗服饰有限公司,1821,运动休闲针织服装制造,运动 休闲 针织 服装 制造,针织;休闲;服装;制造;运动,,是,体育用品,0.75,direct,10,0
91511304MA63XDN298,四川南博商贸有限公司,5142,体育器材批发,体育器材 批发,体育器材;批发,体育器材,是,体育用品,0.95,direct,6,1
91511304MA7KNBAX7L,四川千颜国际贸易有限公司,5142,体育用品及器材批发,体育用品 器材 批发,体育用品;器材;批发,体育用品,是,体育用品,0.95,direct,9,1
91511304MACEP333X6,四川实力健身有限公司,8930,文化娱乐,文化娱乐,文化娱乐,,是,健身休闲,0.75,direct,4,0
92511304MA6BT9203F,南充市嘉陵区三分木台球俱乐部,8930,台球活动,台球 活动,台球;活动,台球,是,健身休闲,0.95,direct,4,1
91511304MACXF8F16X,南充嘉陵区金诚青少年体育俱乐部有限责任公司,8392,足球培训,足球培训,足球培训,足球培训,是,体育培训,0.95,direct,4,1
91511304095580422A,南充铭勒体育有限责任公司,5242,体育用品零售,体育用品零售,体育用品零售,体育用品零售,是,体育用品,0.95,direct,6,1
91511304MA690A4A0P,南充市一多文体办公用品有限公司,5242,体育用品零售,体育用品零售,体育用品零售,体育用品零售,是,体育用品,0.95,direct,6,1
91511304MA69JBBA15,南充天狼拓展训练有限公司,8930,健身休闲活动,健身 休闲活动,休闲活动;健身,,是,健身休闲,0.75,direct,6,0
91511304MA650DHG7Q,南充荣玲商贸有限公司,5242,零售体育用品,零售 体育用品,体育用品;零售,体育用品,是,体育用品,0.95,direct,6,1
92511304MABM731Q2R,南充市嘉陵区二姐茶坊,8930,棋牌健身休闲活动,棋牌 健身 休闲活动,休闲活动;棋牌;健身,,是,健身休闲,0.75,direct,8,0
92511304MABN1G8AXQ,南充市嘉陵区小会茶园,8930,棋牌健身休闲活动,棋牌 健身 休闲活动,休闲活动;棋牌;健身,,是,健身休闲,0.75,direct,8,0
91511304MA62FKWU54,四川耀晨鑫膜结构工程有限公司,4892,体育场地设施工程施工,体育场地设施 工程施工,体育场地设施;工程施工,体育场地设施,是,体育场馆,0.95,direct,10,1
91511304MACX88450T,四川果动体育发展有限公司,9052,体育赛事策划,体育 赛事策划,赛事策划;体育,赛事策划,是,体育赛事,0.6,none,6,1
91511304MA6297FK73,南充菁华教体器材有限公司,5242,教育器材零售,教育 器材 零售,器材;零售;教育,,是,体育用品,0.75,direct,6,0
92511304MA653LDU4T,南充市嘉陵区祥和茶园,8930,棋牌健身活动,棋牌 健身活动,棋牌;健身活动,,是,健身休闲,0.75,direct,6,0
91511304MACNMTB76U,南充丰凯乐体育场馆管理有限公司,8930,体育健身服务,体育 健身服务,健身服务;体育,健身服务,是,健身休闲,0.95,direct,6,1
91511304MA685G743B,南充市汉鹰娱乐用品有限公司,5242,体育用品零售,体育用品零售,体育用品零售,体育用品零售,是,体育用品,0.95,direct,6,1
92511304MACW222311,南充市嘉陵区酒精百战文化娱乐有限公司,8930,棋牌健身休闲活动,棋牌 健身 休闲活动,休闲活动;棋牌;健身,,是,健身休闲,0.75,direct,8,0
91511304MA6BAXE28W,四川湖博科技有限公司,5242,体育用品零售,体育用品零售,体育用品零售,体育用品零售,是,体育用品,0.95,direct,6,1
92511304MA685HPB81,南充市嘉陵区兰亭会所,8930,棋牌健身活动,棋牌 健身活动,棋牌;健身活动,,是,健身休闲,0.75,direct,6,0
92511304MAACJRC26L,南充市嘉陵区乐朋茶坊,8930,棋牌健身活动,棋牌 健身活动,棋牌;健身活动,,是,健身休闲,0.75,direct,6,0
91511304MABQGJMA1N,南充市道鑫体育文化发展有限公司,8930,健身体育,健身 体育,健身;体育,,是,健身休闲,0.75,direct,4,0
91511304MA6977PX2X,四川炫潮体育用品有限公司,5142,体育用品批发,体育用品批发,体育用品批发,体育用品批发,是,体育用品,0.95,direct,6,1
91511304MAC0E6YQ07,南充市亚鑫体育文化发展有限公司,7246,体育文化咨询,体育文化 咨询,体育文化;咨询,体育文化,是,体育管理,0.6,none,6,1
91511304MA7KD21862,南充旋风体育文化传播有限公司,8392,篮球培训,篮球培训,篮球培训,篮球培训,是,体育培训,0.95,direct,4,1
91511302MA65PX7E8R,南充广楠体育文化发展有限公司,5242,体育用品零售,体育用品零售,体育用品零售,体育用品零售,是,体育用品,0.95,direct,6,1
92511304MACTHU2D9P,南充市嘉陵区肖姐休闲娱乐有限公司,8930,棋牌室服务,棋牌室 服务,棋牌室;服务,,是,健身休闲,0.75,direct,5,0
91511304MAC3BDGGXC,南充星时体育文化传播有限公司,8911,经营篮球俱乐部,经营 篮球 俱乐部,篮球;俱乐部;经营,篮球,是,体育用品,0.95,direct,7,1
91511304MACW4PQ896,四川省南充市中瑞联商贸有限公司,5142,体育用品及器材批发批发,体育用品 器材 批发 批发,批发;体育用品;器材,体育用品,是,体育用品,0.95,direct,11,1
92511304MAACKRGX0C,嘉陵区安平镇渔友俱乐部,5242,渔具零售,渔具 零售,渔具;零售,渔具,是,体育用品,0.95,direct,4,1
91511321MADM8Y5GXR,四川诚稳创展体育设施工程有限公司,4991,体育场地设施工程施工,体育场地设施 工程施工,体育场地设施;工程施工,体育场地设施,是,体育场馆,0.6,none,10,1
91511321MA629CTN43,四川省南部县南美服装有限公司,1821,运动休闲针织服装制造,运动 休闲 针织 服装 制造,针织;休闲;服装;制造;运动,,是,体育用品,0.75,direct,10,0
91511321MABN0CFY4R,南充翔腾户外拓展有限公司,8930,高危险性体育运动,危险性 体育运动,危险性;体育运动,,是,健身休闲,0.75,direct,8,0
91511321MABXWYB559,南部县你干得好瑜伽健身有限公司,8930,健身休闲,健身 休闲,健身;休闲,,是,健身休闲,0.75,direct,4,0
91511321MA63278W38,南部县乐途户外运动有限公司,8930,健身休闲,健身 休闲,健身;休闲,,是,健身休闲,0.75,direct,4,0
91511321MA6BFUDK8L,南部县天赋户外拓展有限公司,8930,健身运动,健身运动,健身运动,,是,健身休闲,0.75,direct,4,0
91511321MA629A9970,四川宏伟快乐钓具有限公司,5242,零售钓具,零售 钓具,钓具;零售,钓具,是,体育用品,0.95,direct,4,1
91511321MACPQE6W1C,南部县峻峰体育发展有限公司,5242,体育用品零售,体育用品零售,体育用品零售,体育用品零售,是,体育用品,0.95,direct,6,1
91511321MA69TRTP71,南充星空体育发展有限公司,8911,体育竞赛组织,体育竞赛 组织,体育竞赛;组织,体育竞赛,是,体育赛事,0.95,direct,6,1
91511321MA629DPU9X,四川中创万企商贸有限公司,5142,体育器材批发,体育器材 批发,体育器材;批发,体育器材,是,体育用品,0.95,direct,6,1
91511321MACGBGKB4M,南部县宋清形体礼仪健身俱乐部店,8930,健身休闲活动服务,健身 休闲活动 服务,休闲活动;健身;服务,,是,健身休闲,0.75,direct,8,0
91511321MA69X9FN4U,南部县曼巴体育俱乐部有限公司,8392,篮球培训,篮球培训,篮球培训,篮球培训,是,体育培训,0.95,direct,4,1
91511321MAACNN91XR,四川川鹭体育用品有限公司,5142,体育用品及器材批发,体育用品 器材 批发,体育用品;器材;批发,体育用品,是,体育用品,0.95,direct,9,1
915113213377674692,南部县中天奥力健身管理有限公司,8930,健身管理服务,健身 管理 服务,健身;服务;管理,,是,健身休闲,0.75,direct,6,0
91511321MACF9LE40G,南部县三好健身俱乐部有限公司,8930,健身休闲活动,健身 休闲活动,休闲活动;健身,,是,健身休闲,0.75,direct,6,0
91511321MACDQLAB39,四川博迈特体育文化发展有限公司,8911,射击竞技体育运动,射击 竞技 体育运动,竞技;体育运动;射击,射击,是,健身休闲,0.95,direct,8,1
91511321MA69A9M21W,南部县龙威健身服务有限公司,8930,健身服务,健身服务,健身服务,健身服务,是,健身休闲,0.95,direct,4,1
91511321MA6541C38X,南部县龙武堂健身服务有限公司,8930,健身休闲活动,健身 休闲活动,休闲活动;健身,,是,健身休闲,0.75,direct,6,0
91511321MAC7YDEL72,南部县博奥体育文化发展有限公司,5242,体育用品零售,体育用品零售,体育用品零售,体育用品零售,是,体育用品,0.95,direct,6,1
91511321MA6BU1JG6Q,南部县爱之光体育文化发展有限公司,8919,体育类社会服务,体育类 社会 服务,体育类;服务;社会,,是,体育管理,0.75,direct,7,0
91511321MACJKXRD3P,四川省众诚星体育俱乐部有限责任公司,8911,体育竞赛组织,体育竞赛 组织,体育竞赛;组织,体育竞赛,是,体育赛事,0.95,direct,6,1
91511321MABPKX2YXX,四川虹凌泳壹体育发展有限公司,8930,健身休闲活动,健身 休闲活动,休闲活动;健身,,是,健身休闲,0.75,direct,6,0
91511321MABN7X5K1D,四川省星拾光教育管理有限责任公司,8921,体育竞赛组织,体育竞赛 组织,体育竞赛;组织,体育竞赛,是,体育赛事,0.95,direct,6,1
92511321MAC2KA2F2E,南部县满福街道望江亭渔具经营部,5242,渔具零售,渔具 零售,渔具;零售,渔具,是,体育用品,0.95,direct,4,1
92511321MA7LWDP40Y,南部县益乐渔渔具行,5242,渔具零售,渔具 零售,渔具;零售,渔具,是,体育用品,0.95,direct,4,1
91511322MA6BN05W7Y,南充百草园拓展训练有限公司,8930,室外健身服务,室外 健身服务,健身服务;室外,健身服务,是,健身休闲,0.95,direct,6,1
91511322MA693LL11X,营山县超越体育文化传播有限公司,9052,体育文化活动交流策划,体育文化 活动 交流 策划,体育文化;策划;交流;活动,体育文化,是,体育管理,0.6,none,10,1
92511322MA67W6U65B,营山县钓王渔具店,5242,渔具零售,渔具 零售,渔具;零售,渔具,是,体育用品,0.95,direct,4,1
92511322MACKGXFW1Y,营山县源源文化传媒有限公司,9052,体育赛事策划,体育 赛事策划,赛事策划;体育,赛事策划,是,体育赛事,0.6,none,6,1
92511322MA6B93L251,营山县倍力体育用品经营部,5242,体育用品零售,体育用品零售,体育用品零售,体育用品零售,是,体育用品,0.95,direct,6,1
91511322MAACF1BK4T,四川绥山体育俱乐部有限公司,5242,体育用品及器材零售,体育用品 器材 零售,体育用品;器材;零售,体育用品,是,体育用品,0.95,direct,9,1
91511322MA68ARFB9C,南充凯锐健身服务有限公司,8930,健身休闲活动,健身 休闲活动,休闲活动;健身,,是,健身休闲,0.75,direct,6,0
91511322MA6BQP9Q8A,营山文武体育培训学校有限公司,8392,体育培训,体育培训,体育培训,体育培训,是,体育培训,0.95,direct,4,1
91511322MA63HEPHXP,营山县鼎智武术培训学校有限公司,8392,武术培训,武术培训,武术培训,武术培训,是,体育培训,0.95,direct,4,1
91511322MA64KC3B20,营山天狼星体育俱乐部,8911,体育竞赛组织,体育竞赛 组织,体育竞赛;组织,体育竞赛,是,体育赛事,0.95,direct,6,1
91511322MAACGYK468,营山慕康体育场馆管理有限公司,8930,健身休闲活动,健身 休闲活动,休闲活动;健身,,是,健身休闲,0.75,direct,6,0
91511322MACF34KR8P,营山县秋莲舞蹈培训学校有限公司,8392,体育运动职业技能培训,体育运动 职业技能 培训,职业技能;体育运动;培训,,是,体育培训,0.75,direct,10,0
91511322MA691K6A6G,营山博新职业技能培训学校有限公司,8392,职业技能培训服务,职业技能 培训 服务,职业技能;培训;服务,,是,体育培训,0.75,direct,8,0
91511322MA6B7L9F38,南充泰合奥力健身服务有限公司,8930,健身休闲活动,健身 休闲活动,休闲活动;健身,,是,健身休闲,0.75,direct,6,0
92511322MA67QF8X8J,营山县依肯户外钓具店,5142,渔具批发,渔具 批发,渔具;批发,渔具,是,体育用品,0.95,direct,4,1
91511323MA7H7PCR90,四川育航体育俱乐部有限公司,8911,体育竞赛,体育竞赛,体育竞赛,体育竞赛,是,体育赛事,0.95,direct,4,1
91511323MACG1FH324,四川馨兰健身有限责任公司,8930,健身休闲活动,健身 休闲活动,休闲活动;健身,,是,健身休闲,0.75,direct,6,0
91511323MA69Y23M6Y,蓬安县智扬轩体育俱乐部有限公司,8911,体育竞赛组织,体育竞赛 组织,体育竞赛;组织,体育竞赛,是,体育赛事,0.95,direct,6,1
91511323MA65R7DH04,南充市渔欢颜渔具有限责任公司,5242,渔具零售,渔具 零售,渔具;零售,渔具,是,体育用品,0.95,direct,4,1
91511323MA63K5MK77,蓬安新未来文化体育有限公司,8930,室外休闲健身服务,室外 休闲 健身服务,健身服务;室外;休闲,健身服务,是,健身休闲,0.95,direct,8,1
91511323MA64Q3WEXQ,蓬安晨池游泳有限公司,8392,游泳训练,游泳 训练,游泳;训练,游泳,是,健身休闲,0.95,direct,4,1
91511323MAC2REFR2X,蓬安亚体恒力体育文化传播有限公司,8392,游泳培训,游泳培训,游泳培训,游泳培训,是,体育培训,0.95,direct,4,1
91511323MA7M5LJG6L,蓬安县卡兹宝文化传播有限公司,8912,游艺娱乐活动,游艺 娱乐活动,游艺;娱乐活动,,是,体育管理,0.75,direct,6,0
91511323MA6AET395K,蓬安县米高体育文化发展有限公司,8911,轮滑培训,轮滑 培训,轮滑;培训,,是,体育管理,0.75,direct,4,0
91511323MACB156572,南充市小武将搏击俱乐部有限责任公司,8930,健身休闲活动,健身 休闲活动,休闲活动;健身,,是,健身休闲,0.75,direct,6,0
91511323MACYBQEC8H,蓬安晓勤国际贸易有限公司,5242,体育用品及器材零售,体育用品 器材 零售,体育用品;器材;零售,体育用品,是,体育用品,0.95,direct,9,1
91511323MACKG4A251,南充耀星户外拓展有限公司,8911,体育竞赛组织,体育竞赛 组织,体育竞赛;组织,体育竞赛,是,体育赛事,0.95,direct,6,1
91511324MADAD64E76,仪陇县雏鹰体育培训学校有限公司,8392,体校及体育培训,体校 体育培训,体育培训;体校,体育培训,是,体育培训,0.95,direct,7,1
91511324MACBYKG784,四川仪陇县火篮体育俱乐部有限公司,8392,篮球培训,篮球培训,篮球培训,篮球培训,是,体育培训,0.95,direct,4,1
92511324MAAEGNKU0J,仪陇县中意渔具零售店,5242,渔具零售,渔具 零售,渔具;零售,渔具,是,体育用品,0.95,direct,4,1
91511324MA7M215EXX,南充爱动体育文化传播有限责任公司,8392,体校及体育培训,体校 体育培训,体育培训;体校,体育培训,是,体育培训,0.95,direct,7,1
91511324MA68W2U651,仪陇宏武培训学校有限公司,8392,武术培训,武术培训,武术培训,武术培训,是,体育培训,0.95,direct,4,1
91511324MA64Y01DXM,四川嘉卓成贸易有限公司,5242,体育用品零售,体育用品零售,体育用品零售,体育用品零售,是,体育用品,0.95,direct,6,1
91511324MAACGAHK2C,南充咚咚锵体育文化发展有限公司,8919,其他体育组织,其他 体育组织,体育组织;其他,体育组织,是,体育管理,0.95,direct,6,1
91511324MAC1GE5B7C,仪陇县雏鹰体育文化发展有限公司,9052,体育服务,体育服务,体育服务,体育服务,是,体育管理,0.6,none,4,1
91511324MA6291C83X,四川宏智博文商贸有限公司,5242,文化体育用品零售,文化 体育用品零售,体育用品零售;文化,体育用品零售,是,体育用品,0.95,direct,8,1
91511324MAC08QBA5Y,仪陇县功夫武术传播中心,8930,健身休闲活动,健身 休闲活动,休闲活动;健身,,是,健身休闲,0.75,direct,6,0
91511324MA66RFBH0K,南充腾霄商贸有限公司,5242,体育用品零售,体育用品零售,体育用品零售,体育用品零售,是,体育用品,0.95,direct,6,1
91511324MA69FCUL3F,仪陇县崧竹菁商贸有限公司,5242,体育用品及器材零售,体育用品 器材 零售,体育用品;器材;零售,体育用品,是,体育用品,0.95,direct,9,1
91511324MACL7BGLXX,南充竞浪体育文化发展有限公司,5142,体育用品及器材批发,体育用品 器材 批发,体育用品;器材;批发,体育用品,是,体育用品,0.95,direct,9,1
91511324MAD7575561,仪陇县锐力体育培训学校有限公司,8392,从事体育培训营利性民办培训机构,从事 体育培训 营利性 民办 培训 机构,营利性;体育培训;民办;培训;从事;机构,体育培训,是,体育培训,0.95,direct,15,1
91511324MA67UTBT4T,仪陇锐动体育文化有限公司,8911,体育竟赛组织,体育 竟赛 组织,竟赛;体育;组织,,是,体育管理,0.75,direct,6,0
92511324MACMQY5N3D,仪陇县约麻娱乐店,8930,棋牌室服务,棋牌室 服务,棋牌室;服务,,是,健身休闲,0.75,direct,5,0
91511324MA6AEL9J3U,南充市创邦润商贸有限公司,5242,体育用品零售,体育用品零售,体育用品零售,体育用品零售,是,体育用品,0.95,direct,6,1
91511324MAC8FM9A7Y,四川逸游江湖户外用品有限责任公司,5242,渔具零售,渔具 零售,渔具;零售,渔具,是,体育用品,0.95,direct,4,1
91511324MA7KPF3B4L,四川梦耀昊卓科技文化有限责任公司,5242,体育用品及器材零售,体育用品 器材 零售,体育用品;器材;零售,体育用品,是,体育用品,0.95,direct,9,1
91511324MA685RA429,仪陇县大仪镇罗春艳渔具店,5242,渔具零售,渔具 零售,渔具;零售,渔具,是,体育用品,0.95,direct,4,1
91511325MA644U4M0D,四川星火青训体育俱乐部有限公司,8911,体育赛事组织策划,体育赛事 组织 策划,体育赛事;策划;组织,体育赛事,是,体育赛事,0.95,direct,8,1
91511325MACWNXKG1D,南充卓启商贸有限责任公司,5242,体育用品及器材零售,体育用品 器材 零售,体育用品;器材;零售,体育用品,是,体育用品,0.95,direct,9,1
92511325MA6A6QLE93,西充县听渔轩渔具店,5242,渔具零售,渔具 零售,渔具;零售,渔具,是,体育用品,0.95,direct,4,1
92511325MA62XG5N37,西充县老鬼渔具店,5242,渔具零售,渔具 零售,渔具;零售,渔具,是,体育用品,0.95,direct,4,1
91511325MA6BTHEM1D,南充市西充县西奥体育文化发展有限公司,8911,体育竞赛,体育竞赛,体育竞赛,体育竞赛,是,体育赛事,0.95,direct,4,1
91511325MAC1H61U0W,四川未来青训体育俱乐部有限公司,8911,体育运动组织,体育运动 组织,体育运动;组织,,是,体育管理,0.75,direct,6,0
92511325MA65L1Y816,西充县德恒鱼具店,5242,渔具零售,渔具 零售,渔具;零售,渔具,是,体育用品,0.95,direct,4,1
92511325MA65GGXK7U,西充县廷伟渔具超市,5242,渔具零售,渔具 零售,渔具;零售,渔具,是,体育用品,0.95,direct,4,1
91511325MA6AJ1PQ5U,南充市领航户外拓展有限公司,8930,山地户外运动,山地 户外运动,户外运动;山地,户外运动,是,健身休闲,0.95,direct,6,1
91511325MABPA0C278,西充创艺搏击俱乐部有限责任公司,8930,健身休闲活动,健身 休闲活动,休闲活动;健身,,是,健身休闲,0.75,direct,6,0
92511325MA69X2C325,西充袁品强钓具店,5242,钓具零售,钓具 零售,钓具;零售,钓具,是,体育用品,0.95,direct,4,1
91511325MAACN5X72W,西充县逸辰体育培训学校有限公司,9052,体育赛事策划,体育 赛事策划,赛事策划;体育,赛事策划,是,体育赛事,0.6,none,6,1
91511325MACQB0UN10,南充市西充县乐动文化传播有限公司,9052,体育表演活动服务,体育表演 活动 服务,体育表演;服务;活动,体育表演,是,体育赛事,0.6,none,8,1
91511325MAC633GHXC,西充县一号玩家文化娱乐有限责任公司,8912,游艺娱乐活动,游艺 娱乐活动,游艺;娱乐活动,,是,体育管理,0.75,direct,6,0
91511325MA7G7C0G64,西充大红果健康管理有限公司,8930,健身休闲活动,健身 休闲活动,休闲活动;健身,,是,健身休闲,0.75,direct,6,0
92511325MA6896932K,西充县双凤镇欢庆渔具,5242,渔具零售,渔具 零售,渔具;零售,渔具,是,体育用品,0.95,direct,4,1
91511300MAD46MTW33,吉亿南充体育用品有限公司,2449,体育用品及器材制造,体育用品 器材 制造,体育用品;器材;制造,体育用品,是,体育用品,0.95,direct,9,1
91511325MA6ARQK965,四川省南充西充县欣启点羽毛球培训有限责任公司,8392,羽毛球培训,羽毛球培训,羽毛球培训,羽毛球培训,是,体育培训,0.95,direct,5,1
91511325MACQL7L77K,西充蜀星体育文化推广有限公司,8911,体育竞赛组织,体育竞赛 组织,体育竞赛;组织,体育竞赛,是,体育赛事,0.95,direct,6,1
91511381MA654QNK51,阆中奥创优佳健身服务有限责任公司,8930,健身服务,健身服务,健身服务,健身服务,是,健身休闲,0.95,direct,4,1
91511381MA64P0XG95,阆中酷舞文化传播有限公司,8911,文化体育和娱乐服务,文化 体育 娱乐 服务,体育;娱乐;服务;文化,,是,体育管理,0.75,direct,9,0
91511381327047214B,四川博瑞达商贸有限公司,5242,健身器材零售,健身器材 零售,健身器材;零售,健身器材,是,体育用品,0.95,direct,6,1
91511381MA66BJAY7U,阆中市上进跆拳道培训学校有限公司,8392,体校及体育培训,体校 体育培训,体育培训;体校,体育培训,是,体育培训,0.95,direct,7,1
9151138134570656XJ,阆中市渝都文化传媒有限公司,5142,体育用品及器材批发,体育用品 器材 批发,体育用品;器材;批发,体育用品,是,体育用品,0.95,direct,9,1
91511381MA63REWR0Y,四川升博体育有限公司,5242,体育用品零售,体育用品零售,体育用品零售,体育用品零售,是,体育用品,0.95,direct,6,1
91511381MA6BBAB56P,阆中市搏浪体育用品有限公司,5242,体育用品,体育用品,体育用品,体育用品,是,体育用品,0.95,direct,4,1
91511381MA6591X208,阆中市俊城体育发展有限责任公司,8911,体育竞赛组织,体育竞赛 组织,体育竞赛;组织,体育竞赛,是,体育赛事,0.95,direct,6,1
91511381MA63437PXD,阆中市泳健体育发展有限公司,8921,体育场馆管理,体育场馆 管理,体育场馆;管理,体育场馆,是,体育场馆,0.95,direct,6,1
91511381MABRQ1UB7J,阆中市启航拓展训练有限公司,8930,拓展训练,拓展 训练,拓展;训练,,是,健身休闲,0.75,direct,4,0
91511381MABW61TX6Q,南充未来时光商贸有限公司,5242,体育用品,体育用品,体育用品,体育用品,是,体育用品,0.95,direct,4,1
91511381MA63WX7859,阆中市云道馆体育文化传播有限公司,8911,体育竞赛,体育竞赛,体育竞赛,体育竞赛,是,体育赛事,0.95,direct,4,1
91511381MACH2N9L7L,阆中凡动体育发展有限公司,5242,体育用品器材零售,体育用品 器材 零售,体育用品;器材;零售,体育用品,是,体育用品,0.95,direct,8,1
91511381MACB10AF09,南充市阆中市启乘托育服务有限责任公司,8912,游艺娱乐活动,游艺 娱乐活动,游艺;娱乐活动,,是,体育管理,0.75,direct,6,0
91511381323375181B,阆中林锋体育场馆管理有限公司,8921,体育场馆经营,体育场馆 经营,体育场馆;经营,体育场馆,是,体育场馆,0.95,direct,6,1
91511381MA673QM60U,阆中市凌雲体育俱乐部有限公司,8392,跆拳道教学,跆拳道 教学,跆拳道;教学,跆拳道,是,健身休闲,0.95,direct,5,1
91511381MAC33QL96N,四川超前新材料有限公司,2449,渔具制造,渔具 制造,渔具;制造,渔具,是,体育用品,0.95,direct,4,1
91511381MAC4WQUD5K,阆中市酷放体育文化发展有限公司,8911,体育赛事策划,体育 赛事策划,赛事策划;体育,赛事策划,是,体育赛事,0.95,direct,6,1
91511402MAD4RLNB5Y,四川至登拓展训练有限公司,8930,健身休闲活动,健身 休闲活动,休闲活动;健身,,是,健身休闲,0.75,direct,6,0
91511402MADHFLMB5D,眉山东坡区弈趣棋类体育文化传播有限公司,8911,体育竞赛组织,体育竞赛 组织,体育竞赛;组织,体育竞赛,是,体育赛事,0.95,direct,6,1
91511402MAE5D8QW77,四川健和邦体育发展有限公司,8392,体育培训,体育培训,体育培训,体育培训,是,体育培训,0.95,direct,4,1
91511402MAD3MR1T0A,四川人好体育文化发展有限公司,7246,体育咨询,体育咨询,体育咨询,体育咨询,是,体育管理,0.6,none,4,1
91511402MADBALHJ6T,眉山市弘武体育文化传播有限公司,8912,体育保障组织,体育 保障 组织,体育;保障;组织,,是,体育管理,0.75,direct,6,0
91511402MAD3HLC500,四川君消消防技术有限责任公司,5242,消防技术服务,消防 技术 服务,消防;服务;技术,,是,体育用品,0.75,direct,6,0
91511402MADD4YUAXH,四川腾宇户外拓展有限责任公司,8919,体验式拓展活动及策划,体验式 拓展 活动 策划,体验式;策划;拓展;活动,,是,体育管理,0.75,direct,10,0
91511402MAE482PF7F,眉山交吉星途体育文化发展有限公司,8911,体育竞赛组织,体育竞赛 组织,体育竞赛;组织,体育竞赛,是,体育赛事,0.95,direct,6,1
91511402MAE5W0AM5L,四川飞翔雏鹰体育发展有限公司,7283,体育竞赛组织,体育竞赛 组织,体育竞赛;组织,体育竞赛,是,体育赛事,0.6,none,6,1
91511402MAE4N48F62,眉山云顶体育文化传播有限公司,8911,体育竞赛组织,体育竞赛 组织,体育竞赛;组织,体育竞赛,是,体育赛事,0.95,direct,6,1
91511402MAD1F3R70C,四川盛博燃体育文化发展有限公司,8911,组织体育表演活动,组织 体育表演 活动,体育表演;组织;活动,体育表演,是,体育赛事,0.95,direct,8,1
91511402MABPX4J363,眉山恒峰铭扬体育文化传播有限公司,8999,体育竞赛组织,体育竞赛 组织,体育竞赛;组织,体育竞赛,是,体育赛事,0.6,none,6,1
91511402MAD47KKA6D,眉山市锐丰体育发展有限公司,8911,体育竞赛组织,体育竞赛 组织,体育竞赛;组织,体育竞赛,是,体育赛事,0.95,direct,6,1
91511402MADMTN1U34,四川讯豹体育文化传播有限公司,8911,体育竞赛组织,体育竞赛 组织,体育竞赛;组织,体育竞赛,是,体育赛事,0.95,direct,6,1
91511402MACXTQFA55,四川彩苑麦商贸有限公司,8919,其他体育组织,其他 体育组织,体育组织;其他,体育组织,是,体育管理,0.95,direct,6,1
91511402MA7JH262X4,四川少淘豆体育文化发展有限公司,9052,体育赛事策划,体育 赛事策划,赛事策划;体育,赛事策划,是,体育赛事,0.6,none,6,1
91511402MA62J0LU2K,眉山市天涯户外运动有限公司,8919,户外运动组织策划,户外运动 组织 策划,户外运动;策划;组织,户外运动,是,健身休闲,0.95,direct,8,1
91511402MA62J0NP41,眉山盛誉商贸有限公司,5242,体育用品及器材零售,体育用品 器材 零售,体育用品;器材;零售,体育用品,是,体育用品,0.95,direct,9,1
91511402MA65MD7458,四川众享悦动体育文化发展有限公司,8392,体育训练,体育训练,体育训练,,是,体育培训,0.75,direct,4,0
91511402MACM3ND513,眉山速创电子商务有限公司,5242,零售渔具,零售 渔具,渔具;零售,渔具,是,体育用品,0.95,direct,4,1
91511402MA62JAWM49,眉山顶盛健身服务有限公司,8930,健身服务,健身服务,健身服务,健身服务,是,健身休闲,0.95,direct,4,1
91511402MA66NH734B,眉山巅峰体育器械有限公司,8392,篮球培训服务,篮球培训 服务,篮球培训;服务,篮球培训,是,体育培训,0.95,direct,6,1
91511402MABQD1M63Y,眉山铸梦体育文化发展有限公司,9052,体育赛事策划,体育 赛事策划,赛事策划;体育,赛事策划,是,体育赛事,0.6,none,6,1
91511402MA62YBY522,眉山远方户外拓展培训有限责任公司,8930,拓展活动,拓展 活动,拓展;活动,,是,健身休闲,0.75,direct,4,0
91511402MACMR10X9D,四川搏燃体育场馆管理有限公司,8921,体育场地设施经营,体育场地设施 经营,体育场地设施;经营,体育场地设施,是,体育场馆,0.95,direct,8,1
91511402MA65TCNP4D,眉山大熊体育俱乐部有限公司,8911,体育竞赛组织,体育竞赛 组织,体育竞赛;组织,体育竞赛,是,体育赛事,0.95,direct,6,1
91511402MA682Y0N7Q,四川飓风体育发展有限公司,8912,体育保障组织,体育 保障 组织,体育;保障;组织,,是,体育管理,0.75,direct,6,0
91511402MA62J21N34,眉山飞虎户外拓展训练有限公司,8930,户外拓展训练,户外拓展 训练,户外拓展;训练,户外拓展,是,健身休闲,0.95,direct,6,1
91511402MA7FD5PW9G,四川自在安然体育文化发展有限公司,8912,体育保障组织,体育 保障 组织,体育;保障;组织,,是,体育管理,0.75,direct,6,0
91511402MA7EGL381J,眉山蜀羽星动羽毛球俱乐部有限公司,8911,体育竞赛组织,体育竞赛 组织,体育竞赛;组织,体育竞赛,是,体育赛事,0.95,direct,6,1
91511402MA6B0QUH90,眉山星途体育文化有限公司,8392,篮球培训,篮球培训,篮球培训,篮球培训,是,体育培训,0.95,direct,4,1
91511402MACMLB230K,眉山轻松乐橙健身管理有限责任公司,8930,健身休闲活动,健身 休闲活动,休闲活动;健身,,是,健身休闲,0.75,direct,6,0
91511402MA651D8UX5,眉山市天地浩森武术文化传播有限公司,8392,武术培训,武术培训,武术培训,武术培训,是,体育培训,0.95,direct,4,1
91511400MA62XLM66Q,眉山市体育产业发展投资有限公司,8911,体育竞赛组织,体育竞赛 组织,体育竞赛;组织,体育竞赛,是,体育赛事,0.95,direct,6,1
91511402MA7GM59726,眉山亨搏涛体育文化传播有限公司,8911,体育竞赛组织服务,体育竞赛 组织 服务,体育竞赛;服务;组织,体育竞赛,是,体育赛事,0.95,direct,8,1
91511402096581195F,四川省眉山市风语者渔具有限公司,2449,渔具用品,渔具 用品,渔具;用品,渔具,是,体育用品,0.95,direct,4,1
91511402MA64HG1JX3,四川渔鱼乐渔具有限公司,5242,渔具零售,渔具 零售,渔具;零售,渔具,是,体育用品,0.95,direct,4,1
91511402MABLY8FB9G,眉山市三寸渔具有限公司,5242,体育用品零售,体育用品零售,体育用品零售,体育用品零售,是,体育用品,0.95,direct,6,1
91511402MA64H3H356,四川海馨体育文化推广有限公司,8919,体育推广,体育推广,体育推广,体育推广,是,体育传媒,0.95,direct,4,1
91511400MA62J6Y49Q,四川六度体育赛事策划有限公司,8919,体育赛事策划,体育 赛事策划,赛事策划;体育,赛事策划,是,体育赛事,0.95,direct,6,1
91511402MA67LKHA3R,眉山市领跑体育工程有限公司,5242,零售健身器材,零售 健身器材,健身器材;零售,健身器材,是,体育用品,0.95,direct,6,1
91511402MA67GU9949,四川少年强体育发展有限公司,8919,户外运动组织策划,户外运动 组织 策划,户外运动;策划;组织,户外运动,是,健身休闲,0.95,direct,8,1
91511402MA64R4C06Y,四川星趣户外运动策划有限公司,8919,户外运动组织策划,户外运动 组织 策划,户外运动;策划;组织,户外运动,是,健身休闲,0.95,direct,8,1
91511402MACT2JYN2G,四川喜出户外拓展有限责任公司,8392,体育竞赛组织,体育竞赛 组织,体育竞赛;组织,体育竞赛,是,体育赛事,0.95,direct,6,1
91511402MA64GF8945,眉山让道健康管理有限公司,8930,健身服务,健身服务,健身服务,健身服务,是,健身休闲,0.95,direct,4,1
91511402MA6AYN8F99,四川锐捷体育发展有限公司,9052,体育赛事策划,体育 赛事策划,赛事策划;体育,赛事策划,是,体育赛事,0.6,none,6,1
91511400MA62J7U38T,四川博捷体育文化传播有限公司,8911,组织承办体育赛事活动,组织 承办 体育赛事 活动,体育赛事;承办;组织;活动,体育赛事,是,体育赛事,0.95,direct,10,1
91511402MAACJ4U79U,眉山市无畏健身有限公司,8930,健身服务,健身服务,健身服务,健身服务,是,健身休闲,0.95,direct,4,1
91511402MABQ4TJ88E,眉山酷帆健身俱乐部有限公司,8930,健身休闲活动,健身 休闲活动,休闲活动;健身,,是,健身休闲,0.75,direct,6,0
92511402MABQLNBH7Q,眉山市东坡区放克元素街舞运动俱乐部,8930,体育健身,体育 健身,健身;体育,,是,健身休闲,0.75,direct,4,0
91511402MA629TRG0L,眉山美宾体育文化推广有限公司,8991,体育竞赛经纪代理服务,体育竞赛 经纪 代理服务,代理服务;体育竞赛;经纪,体育竞赛,是,体育赛事,0.6,none,10,1
91511402MA688FJG18,眉山市东坡区眉州俊杰武术培训学校有限公司,8392,武术培训,武术培训,武术培训,武术培训,是,体育培训,0.95,direct,4,1
91511421MABQR0QM3M,眉山飞扬年少户外拓展有限公司,8930,户外拓展服务,户外拓展 服务,户外拓展;服务,户外拓展,是,健身休闲,0.95,direct,6,1
91511402MAC1QBD399,眉山市寻瑜瑜伽健身有限责任公司,8930,瑜伽健身活动,瑜伽 健身活动,健身活动;瑜伽,瑜伽,是,健身休闲,0.95,direct,6,1
91511402MAC5KCD32E,眉山市七曜商贸有限公司,5242,户外物品零售,户外 物品 零售,户外;物品;零售,,是,体育用品,0.75,direct,6,0
91511402MA66CPN2XT,眉山市安途户外拓展有限公司,8930,户外拓展服务,户外拓展 服务,户外拓展;服务,户外拓展,是,健身休闲,0.95,direct,6,1
91511402MA7H8AMM67,四川成就未来体育发展有限公司,8911,体育竞赛组织,体育竞赛 组织,体育竞赛;组织,体育竞赛,是,体育赛事,0.95,direct,6,1
91511402MABQ03E165,眉山乐成体育文化发展有限公司,9052,体育服务,体育服务,体育服务,体育服务,是,体育管理,0.6,none,4,1
91511402MABXUYUW6U,眉山市伽苑瑜伽健身有限责任公司,8930,瑜伽健身,瑜伽 健身,瑜伽;健身,瑜伽,是,健身休闲,0.95,direct,4,1
91511402MACT6HUY3J,眉山极简空间瑜伽健身有限责任公司,8930,健身服务,健身服务,健身服务,健身服务,是,健身休闲,0.95,direct,4,1
91511402563269126X,眉山市洪顶商贸有限责任公司,5242,户外用品零售,户外用品 零售,户外用品;零售,,是,体育用品,0.75,direct,6,0
91511402MA62UNC45C,眉山市飞渡体育有限责任公司,5242,体育用品零售,体育用品零售,体育用品零售,体育用品零售,是,体育用品,0.95,direct,6,1
91511402MABPQJ9T8C,四川栖游记户外用品有限公司,5242,户外用品零售,户外用品 零售,户外用品;零售,,是,体育用品,0.75,direct,6,0
91511402MABPXRDU1P,眉山市徐氏启梦体育服务有限公司,8911,体育竞赛组织,体育竞赛 组织,体育竞赛;组织,体育竞赛,是,体育赛事,0.95,direct,6,1
91511402MA62J6EH85,眉山市途人户外运动拓展有限公司,8919,体育组织,体育组织,体育组织,体育组织,是,体育管理,0.95,direct,4,1
91511402MA68WY3D8W,四川平恒健康管理咨询有限公司,8930,健身培训,健身 培训,健身;培训,,是,健身休闲,0.75,direct,4,0
91511402MACG5A4DXT,四川棣威达体育文化发展有限公司,8911,其他体育组织,其他 体育组织,体育组织;其他,体育组织,是,体育管理,0.95,direct,6,1
91511402MA6BJM386T,眉山市状元象棋体育俱乐部有限责任公司,9052,体育赛事策划,体育 赛事策划,赛事策划;体育,赛事策划,是,体育赛事,0.6,none,6,1
91511402MA69PW0U5E,四川积亮体育文化传媒有限公司,8930,健身休闲活动,健身 休闲活动,休闲活动;健身,,是,健身休闲,0.75,direct,6,0
91511402MA681WHJ1C,眉山市联动体育文化发展有限公司,8911,体育竞赛组织,体育竞赛 组织,体育竞赛;组织,体育竞赛,是,体育赛事,0.95,direct,6,1
91511402MABW457M6R,四川七巧鹿体育文化发展有限公司,8911,体育竞赛组织,体育竞赛 组织,体育竞赛;组织,体育竞赛,是,体育赛事,0.95,direct,6,1
91511402MA654MMD0P,眉山搏宇企业管理咨询有限公司,8392,篮球培训,篮球培训,篮球培训,篮球培训,是,体育培训,0.95,direct,4,1
91511402MA69PQJ12K,眉山悦余普拉提健身有限公司,8930,瑜伽课程,瑜伽 课程,瑜伽;课程,瑜伽,是,健身休闲,0.95,direct,4,1
91511400MA62J8ER5M,四川省动力堡商贸有限责任公司,8930,健身管理,健身 管理,健身;管理,,是,健身休闲,0.75,direct,4,0
91511402MA6ALFY17H,四川蚁动力户外运动拓展有限公司,8930,户外活动,户外活动,户外活动,,是,健身休闲,0.75,direct,4,0
91511402MA68KN8WXA,四川体韵体育文化发展有限公司,8392,兵兵球培训,兵兵球 培训,兵兵球;培训,,是,体育培训,0.75,direct,5,0
91511402MA7F2AEC9U,眉山长藤体育俱乐部有限公司,8911,体育竞赛组织,体育竞赛 组织,体育竞赛;组织,体育竞赛,是,体育赛事,0.95,direct,6,1
91511402MA62J43U9M,眉山市领跑健身服务有限公司,8930,休闲健身,休闲 健身,健身;休闲,,是,健身休闲,0.75,direct,4,0
91511402MA65FBC35N,眉山市东坡区弘毅体育培训学校有限公司,8392,体育培训,体育培训,体育培训,体育培训,是,体育培训,0.95,direct,4,1
91511402MA6BDKLM7N,眉山一氧文体艺术发展有限公司,8930,健身服务,健身服务,健身服务,健身服务,是,健身休闲,0.95,direct,4,1
91511402MA68G9W780,眉山市迈康体育用品有限公司,5242,体育用品零售,体育用品零售,体育用品零售,体育用品零售,是,体育用品,0.95,direct,6,1
91511402MA7CQGWT7H,四川长风体育文化发展有限公司,8921,体育场所管理,体育场 管理,体育场;管理,体育场,是,体育场馆,0.95,direct,6,1
915114023378107893,四川力美健体育用品有限公司,5242,体育用品零售,体育用品零售,体育用品零售,体育用品零售,是,体育用品,0.95,direct,6,1
91511402MACDMPWU8J,四川飞翔鑫瀚体育发展有限公司,8911,体育赛事策划,体育 赛事策划,赛事策划;体育,赛事策划,是,体育赛事,0.95,direct,6,1
91511402MABY5YJD5E,眉山市东坡区瑞健体育用品有限公司,5242,体育用品零售,体育用品零售,体育用品零售,体育用品零售,是,体育用品,0.95,direct,6,1
91511402MA68RFB467,四川乐动体育用品有限公司,5242,体育场地设施施工,体育场地设施 施工,体育场地设施;施工,体育场地设施,是,体育场馆,0.95,direct,8,1
91511402MA62J5T1XJ,眉山真武会体育文化推广有限公司,8392,跆拳道教育,跆拳道 教育,跆拳道;教育,跆拳道,是,健身休闲,0.95,direct,5,1
915114026922578698,四川康达体育文化有限公司,8930,健身服务,健身服务,健身服务,健身服务,是,健身休闲,0.95,direct,4,1
91511402MACJ0GR79P,眉山卓凡户外拓展有限公司,8930,体校及体育培训,体校 体育培训,体育培训;体校,体育培训,是,体育培训,0.95,direct,7,1
91511402MA62J2H4XW,四川凯信体育文化传播有限公司,8392,体育拓展培训,体育 拓展 培训,体育;培训;拓展,,是,体育培训,0.75,direct,6,0
91511402MA66A5829U,四川泊蔓健康管理咨询有限公司,8930,瑜伽教学,瑜伽 教学,瑜伽;教学,瑜伽,是,健身休闲,0.95,direct,4,1
91511402MAC11W2R61,眉山艳子每日瑜伽健身有限公司,8930,健身休闲,健身 休闲,健身;休闲,,是,健身休闲,0.75,direct,4,0
91511402599983268F,眉山市鳌头鱼饵有限责任公司,2449,生产鱼饵,生产 鱼饵,鱼饵;生产,,是,体育用品,0.75,direct,4,0
91511402MA68AFG37H,四川雪山豹户外拓展训练有限公司,8930,健身休闲活动,健身 休闲活动,休闲活动;健身,,是,健身休闲,0.75,direct,6,0
91511402MAE265J28R,眉山猎鹰拓展训练有限公司,8930,健身休闲活动,健身 休闲活动,休闲活动;健身,,是,健身休闲,0.75,direct,6,0
91511402MAC3AC463N,四川省眉山市一鸣信鸽俱乐部有限公司,9052,体育赛事策划,体育 赛事策划,赛事策划;体育,赛事策划,是,体育赛事,0.6,none,6,1
91510185068992456A,四川省阵仗渔具有限公司,2449,鱼饵生产,鱼饵 生产,鱼饵;生产,,是,体育用品,0.75,direct,4,0
91511402MA64D8PX32,四川战狼教育咨询有限公司,8930,户外拓展训练,户外拓展 训练,户外拓展;训练,户外拓展,是,健身休闲,0.95,direct,6,1
91511400MA631EMN2B,四川经典体育组织服务有限公司,8919,体育组织,体育组织,体育组织,体育组织,是,体育管理,0.95,direct,4,1
91511402MA67EBBW2Y,眉山美利康体育发展有限责任公司,8930,高危性体育运动,危性 体育运动,危性;体育运动,,是,健身休闲,0.75,direct,7,0
91511400MA63LW0378,眉山市皓语户外拓展有限公司,8930,户外拓展训练,户外拓展 训练,户外拓展;训练,户外拓展,是,健身休闲,0.95,direct,6,1
91511422MADP116F2U,眉山贵良通汇商贸有限公司,5242,体育用品及器材零售,体育用品 器材 零售,体育用品;器材;零售,体育用品,是,体育用品,0.95,direct,9,1
91511422MAE3HNRC0L,眉山市碳原子篮球俱乐部有限公司,8911,体育组织,体育组织,体育组织,体育组织,是,体育管理,0.95,direct,4,1
91511422MAD5M6D8XG,眉山市彭山区洋洋得懿篮球俱乐部有限公司,8911,体育服务,体育服务,体育服务,体育服务,是,体育管理,0.95,direct,4,1
91511422MADMW4GH7P,四川高歌体育发展有限公司,8911,体育用品及器材零售,体育用品 器材 零售,体育用品;器材;零售,体育用品,是,体育用品,0.95,direct,9,1
91511422MADLGD3D8E,眉山市彭山区喜东浩体育发展有限公司,8921,体育场地设施经营,体育场地设施 经营,体育场地设施;经营,体育场地设施,是,体育场馆,0.95,direct,8,1
92511422MA7N8QCX1T,眉山市彭山区忆芳华舞蹈健身中心,8930,健身休闲活动,健身 休闲活动,休闲活动;健身,,是,健身休闲,0.75,direct,6,0
91511403MA66WUD37U,四川省天予体育文化传播有限公司,8392,体育培训服务,体育培训 服务,体育培训;服务,体育培训,是,体育培训,0.95,direct,6,1
91511422MAC98FM955,眉山市彭山区峰霁体育发展有限责任公司,8911,体育赛事策划,体育 赛事策划,赛事策划;体育,赛事策划,是,体育赛事,0.95,direct,6,1
91511422MA66Y35RXU,眉山壹氧健身服务有限公司,8930,健身健康服务,健身 健康 服务,健身;健康;服务,,是,健身休闲,0.75,direct,6,0
91511403MA64F6R521,眉山市彭山区鑫空体育培训学校有限公司,8392,体育培训服务,体育培训 服务,体育培训;服务,体育培训,是,体育培训,0.95,direct,6,1
91511403MA651RM01H,眉山市彭山区明日之星体育培训学校有限公司,8392,儿童篮球培训,儿童 篮球培训,篮球培训;儿童,篮球培训,是,体育培训,0.95,direct,6,1
91511403MA69ERCH1Y,眉山市彭山区龙吟体育培训学校有限责任公司,8930,跆拳道训练,跆拳道 训练,跆拳道;训练,跆拳道,是,健身休闲,0.95,direct,5,1
91511422MABQ4MGR56,眉山一鹏体育文化发展有限责任公司,9052,体育赛事策划,体育 赛事策划,赛事策划;体育,赛事策划,是,体育赛事,0.6,none,6,1
91511403MA63T25G70,四川达人健身服务有限公司,8930,健身服务,健身服务,健身服务,健身服务,是,健身休闲,0.95,direct,4,1
91511422MADFYCWB6C,四川武阳乐动体育发展有限公司,8911,体育竞赛组织,体育竞赛 组织,体育竞赛;组织,体育竞赛,是,体育赛事,0.95,direct,6,1
91511422MAD19JT826,眉山市原始人健身俱乐部有限公司,8930,健身休闲活动,健身 休闲活动,休闲活动;健身,,是,健身休闲,0.75,direct,6,0
91511422MAACML1R0Q,眉山市彭山区勃氪电竞俱乐部,8911,体育竞赛组织,体育竞赛 组织,体育竞赛;组织,体育竞赛,是,体育赛事,0.95,direct,6,1
91511422MABU0LXA3U,眉山星飞耀体育文化发展有限责任公司,8919,体育赛事组织策划,体育赛事 组织 策划,体育赛事;策划;组织,体育赛事,是,体育赛事,0.95,direct,8,1
91511403MA65EPWD7F,眉山市彭山锐利行健身有限公司,8930,健身服务,健身服务,健身服务,健身服务,是,健身休闲,0.95,direct,4,1
91511422MACEFC4M12,四川星禾尚梦文化传媒有限公司,8911,游戏解说,游戏 解说,解说;游戏,,是,体育管理,0.75,direct,4,0
91511422MACQFTAX7X,四川省步浪健身有限公司,5142,体育用品及器材批发,体育用品 器材 批发,体育用品;器材;批发,体育用品,是,体育用品,0.95,direct,9,1
91511403MA65328J0G,眉山市武韵文化传播有限公司,8392,武术培训,武术培训,武术培训,武术培训,是,体育培训,0.95,direct,4,1
91511421MA63WPQL0K,仁寿县百诚文化用品有限公司,5242,体育用品及器材零售,体育用品 器材 零售,体育用品;器材;零售,体育用品,是,体育用品,0.95,direct,9,1
91511421MA6BTRMXX9,仁寿聪茂健康管理有限公司,5242,健身器材零售,健身器材 零售,健身器材;零售,健身器材,是,体育用品,0.95,direct,6,1
91511421MAACM8E822,仁寿县承武思泽体育培训学校有限公司,8912,文化体育和娱乐培训,文化 体育 娱乐 培训,体育;娱乐;培训;文化,,是,体育管理,0.75,direct,9,0
91511421MA69A0N152,四川兵新拓展训练有限责任公司,8992,体育服务,体育服务,体育服务,体育服务,是,体育管理,0.6,none,4,1
91511421MACFAQAW3M,四川哈哈中体体育发展有限责任公司,8392,体育培训,体育培训,体育培训,体育培训,是,体育培训,0.95,direct,4,1
91511421MABT40U9XD,仁寿哈哈超能星体育发展有限责任公司,5242,体育用品零售,体育用品零售,体育用品零售,体育用品零售,是,体育用品,0.95,direct,6,1
91511421MA67BRH9XF,眉山武阳卓越体育用品有限公司,7122,体育用品设备出租,体育用品 设备 出租,体育用品;出租;设备,体育用品,是,体育用品,0.6,none,8,1
91511421MACK6NJW56,仁寿天仁森境度假酒店有限责任公司,8930,游泳服务,游泳 服务,游泳;服务,游泳,是,健身休闲,0.95,direct,4,1
91511421MADN69RL2C,四川木之易瑜伽健身有限公司,8930,瑜伽健身,瑜伽 健身,瑜伽;健身,瑜伽,是,健身休闲,0.95,direct,4,1
91511421MAD12J151D,仁寿县西蒙体育用品销售有限公司,5242,体育用品零售,体育用品零售,体育用品零售,体育用品零售,是,体育用品,0.95,direct,6,1
91511421MA65LA9NXK,仁寿零二八户外运动有限公司,8930,健身休闲活动,健身 休闲活动,休闲活动;健身,,是,健身休闲,0.75,direct,6,0
91511421MA682JJ841,四川名和康友娱乐有限公司,5142,体育用品及器材批发,体育用品 器材 批发,体育用品;器材;批发,体育用品,是,体育用品,0.95,direct,9,1
91511421356278265F,四川圣菲尚品体育文化发展有限公司,8930,经营健身服务,经营 健身服务,健身服务;经营,健身服务,是,健身休闲,0.95,direct,6,1
91511421MAACP7RT05,眉山了凡茶隅文化传媒有限责任公司,8930,文化体育,文化 体育,体育;文化,,是,健身休闲,0.75,direct,4,0
91511421MABRYNHM8M,仁寿倍力健身服务有限公司,8930,健身服务,健身服务,健身服务,健身服务,是,健身休闲,0.95,direct,4,1
91511421092125467F,仁寿华越体育器材有限公司,5142,体育用品及器材批发,体育用品 器材 批发,体育用品;器材;批发,体育用品,是,体育用品,0.95,direct,9,1
91511421MA69H3GB9J,仁寿县篮精灵体育发展有限公司,9052,体育服务,体育服务,体育服务,体育服务,是,体育管理,0.6,none,4,1
91511421MAACG2UR05,仁寿梦之队体育文化传播有限公司,8930,健身休闲,健身 休闲,健身;休闲,,是,健身休闲,0.75,direct,4,0
91511421MABNN9CX4H,仁寿县威韬健身管理有限责任公司,8930,健身管理,健身 管理,健身;管理,,是,健身休闲,0.75,direct,4,0
91511421MA66B10R7B,四川里德体育服务有限公司,8919,体育类社会服务,体育类 社会 服务,体育类;服务;社会,,是,体育管理,0.75,direct,7,0
91511421MA67QEHP7Y,四川省威阳体育用品有限公司,5242,体育用品零售,体育用品零售,体育用品零售,体育用品零售,是,体育用品,0.95,direct,6,1
91511421MA63TL2J4U,四川省冠宝体育用品有限公司,5242,体育用品服饰,体育用品 服饰,体育用品;服饰,体育用品,是,体育用品,0.95,direct,6,1
91511421MA6ACCUQ9B,仁寿吾我体育文化发展有限公司,8919,其他体育组织,其他 体育组织,体育组织;其他,体育组织,是,体育管理,0.95,direct,6,1
91511421MA68Y9B21H,仁寿承武培训学校有限公司,9052,体育赛事策划,体育 赛事策划,赛事策划;体育,赛事策划,是,体育赛事,0.6,none,6,1
91511421MA6AFLD5X7,四川格灿教育科技有限公司,5242,体育用品及器材零售,体育用品 器材 零售,体育用品;器材;零售,体育用品,是,体育用品,0.95,direct,9,1
91511421MACP41XG7H,眉山夜行者科技有限公司,5242,信息技术咨询服务,信息技术 咨询服务,咨询服务;信息技术,,是,体育用品,0.75,direct,8,0
91511421MA6863NQ5X,仁寿县篮精灵体育培训学校有限公司,8392,篮球培训,篮球培训,篮球培训,篮球培训,是,体育培训,0.95,direct,4,1
91511421MABRB68N7R,仁寿炜烨智力体育文化推广有限公司,8919,体育组织公司,体育组织 公司,体育组织;公司,体育组织,是,体育管理,0.95,direct,6,1
91511421MABU55CR2K,四川私享动能体育文化发展有限公司,8919,其他体育组织,其他 体育组织,体育组织;其他,体育组织,是,体育管理,0.95,direct,6,1
91511421MABRKMT213,仁寿尼莫文化传播有限公司,8930,室内休闲健身服务,室内 休闲 健身服务,健身服务;休闲;室内,健身服务,是,健身休闲,0.95,direct,8,1
91511421MA7KTG3684,眉山市天蚕渔具有限公司,2449,体育用品制造,体育用品制造,体育用品制造,体育用品制造,是,体育用品,0.95,direct,6,1
91511421MADBHHXJ5W,仁寿县锐途培训学校有限公司,8392,体校培训,体校 培训,体校;培训,,是,体育培训,0.75,direct,4,0
91511421MA62J3B28F,仁寿县嘉泓鱼药经营部,5242,鱼具零售,鱼具 零售,鱼具;零售,,是,体育用品,0.75,direct,4,0
91511421MA6AN82K0W,仁寿县冠生艳明珠艺术培训学校有限公司,8392,体育教育,体育教育,体育教育,体育教育,是,体育培训,0.95,direct,4,1
91511421MAC0RJ1P92,仁寿富加哈哈中体超能星体育发展有限公司,8392,体育教学,体育 教学,体育;教学,,是,体育培训,0.75,direct,4,0
91511421MACPY0QQ59,眉山战旗拓展训练有限公司,8930,健身休闲活动,健身 休闲活动,休闲活动;健身,,是,健身休闲,0.75,direct,6,0
91511421MAC7MCLQ47,四川蓼叶山户外运动有限公司,8930,体育活动,体育 活动,体育;活动,,是,健身休闲,0.75,direct,4,0
91511423MACKPET226,四川洪雅观澜城邦水上娱乐有限责任公司,8921,体育运动,体育运动,体育运动,,是,体育场馆,0.75,direct,4,0
91511423MA640JYE4E,洪雅县斯博特体育场馆管理有限公司,8921,体育场馆管理与服务,体育场馆 管理 服务,体育场馆;服务;管理,体育场馆,是,体育场馆,0.95,direct,9,1
91511423MA68TBN34N,洪雅县正源跆拳道培训中心有限责任公司,8392,少儿跆拳道培训,少儿 跆拳道培训,跆拳道培训;少儿,跆拳道培训,是,体育培训,0.95,direct,7,1
91511423MA6BMPJL9Q,洪雅县龙逸精武武术培训中心有限责任公司,8392,少儿武术培训,少儿 武术培训,武术培训;少儿,武术培训,是,体育培训,0.95,direct,6,1
91511423MA6666JK7M,洪雅县星天地跆拳道培训中心有限公司,8392,跆拳道培训,跆拳道培训,跆拳道培训,跆拳道培训,是,体育培训,0.95,direct,5,1
91511423MA67U5CJ34,洪雅县皓攀体育策划有限责任公司,8911,体育竞赛组织,体育竞赛 组织,体育竞赛;组织,体育竞赛,是,体育赛事,0.95,direct,6,1
91511423MA647GLD39,眉山洪搏户外运动有限责任公司,8930,组织策划户外运动比赛,组织 策划 户外运动 比赛,户外运动;策划;比赛;组织,户外运动,是,健身休闲,0.95,direct,10,1
91511423MA7FDGX320,洪雅鑫锐体育文化传播有限公司,8921,体育场馆运行,体育场馆 运行,体育场馆;运行,体育场馆,是,体育场馆,0.95,direct,6,1
91511423MA688UMP51,四川育拓文化传播有限公司,8930,户外拓展活动,户外拓展 活动,户外拓展;活动,户外拓展,是,健身休闲,0.95,direct,6,1
91511423MA62KN7H5W,洪雅雪狼拓展训练有限责任公司,8919,体育类社会服务,体育类 社会 服务,体育类;服务;社会,,是,体育管理,0.75,direct,7,0
91511423MA63X3TQ6R,洪雅县时空体育培训中心有限公司,8392,体育培训,体育培训,体育培训,体育培训,是,体育培训,0.95,direct,4,1
91511423MA65PT2K43,洪雅县义州体育发展有限公司,8392,少儿武术培训,少儿 武术培训,武术培训;少儿,武术培训,是,体育培训,0.95,direct,6,1
91511423MA62J7EK5J,洪雅战骉户外运动有限公司,8919,野营活动,野营 活动,野营;活动,,是,体育管理,0.75,direct,4,0
9151142331448575XL,洪雅玉屏山神鹰航空运动有限公司,8930,提供户外极限运动,提供 户外 极限运动,极限运动;户外;提供,,是,健身休闲,0.75,direct,8,0
91511423MA623KBW24,洪雅县启点旅游开发有限公司,8930,旅游娱乐服务,旅游 娱乐 服务,娱乐;旅游;服务,,是,健身休闲,0.75,direct,6,0
91511424MA6313PN1W,丹棱县依盛体育文化有限公司,8921,体育场地维护,体育场地 维护,体育场地;维护,体育场地,是,体育场馆,0.95,direct,6,1
91511424MACWKAXG5Q,四川丹棱走读文化传播有限责任公司,8930,拓展活动,拓展 活动,拓展;活动,,是,健身休闲,0.75,direct,4,0
91511400582193446B,四川宇钛体育用品有限公司,2442,运动器材配件制造,运动器材 配件 制造,运动器材;配件;制造,运动器材,是,体育用品,0.95,direct,8,1
92511424MA67RN6L4X,丹棱县丹湖华庭游泳健身馆,8930,健身休闲活动,健身 休闲活动,休闲活动;健身,,是,健身休闲,0.75,direct,6,0
91511424MA7HLD4HX8,眉山浩雅体育文化发展有限责任公司,8392,提供篮球教育,提供 篮球 教育,篮球;教育;提供,篮球,是,体育用品,0.95,direct,6,1
92511424MA691KKM3B,丹棱县净瑜伽健身服务有限公司,8930,健身服务,健身服务,健身服务,健身服务,是,健身休闲,0.95,direct,4,1
92511424MA6BN35E88,丹棱县开心游泳池,8392,游泳培训,游泳培训,游泳培训,游泳培训,是,体育培训,0.95,direct,4,1
91511424MAC0WK219T,丹棱县学府健身俱乐部有限责任公司,8930,健身休闲活动,健身 休闲活动,休闲活动;健身,,是,健身休闲,0.75,direct,6,0
91511424MA628MR219,丹棱县启航体育文化发展有限责任公司,8919,体育组织,体育组织,体育组织,体育组织,是,体育管理,0.95,direct,4,1
91511424MA66DPUA5Q,丹棱县睿霆体育培训有限公司,8392,体育培训,体育培训,体育培训,体育培训,是,体育培训,0.95,direct,4,1
91511424MA7LTJ244C,丹棱县旭美体育文化发展有限责任公司,8919,组织体育服务,组织 体育服务,体育服务;组织,体育服务,是,体育管理,0.95,direct,6,1
91511424MA69B0T51K,四川狼牙拓展训练有限公司,8919,户外运动组织策划,户外运动 组织 策划,户外运动;策划;组织,户外运动,是,健身休闲,0.95,direct,8,1
92511424MA63WKL70T,丹棱县茅草房游泳池,8921,游泳池经营,游泳池 经营,游泳池;经营,游泳池,是,健身休闲,0.95,direct,5,1
91511425MAE6BM7J8T,眉山市毅博体育赛事策划有限公司,8911,体育竞赛组织,体育竞赛 组织,体育竞赛;组织,体育竞赛,是,体育赛事,0.95,direct,6,1
91511425MA62J78386,青神飞狐户外运动拓展有限责任公司,8919,组织户外休闲活动,组织 户外 休闲活动,休闲活动;户外;组织,,是,体育管理,0.75,direct,8,0
91511425MA6712J14M,四川博鹰体育发展有限公司,8912,体育保障组织,体育 保障 组织,体育;保障;组织,,是,体育管理,0.75,direct,6,0
91511425MA688JGF58,青神县悍武体育培训学校有限公司,8392,武术培训,武术培训,武术培训,武术培训,是,体育培训,0.95,direct,4,1
91511425MA63XD4E6P,青神县恒力体育文化传播有限公司,8930,健身服务,健身服务,健身服务,健身服务,是,健身休闲,0.95,direct,4,1
91511425MA628JRP1P,青神猛虎户外拓展运动有限公司,8930,室外休闲健身服务,室外 休闲 健身服务,健身服务;室外;休闲,健身服务,是,健身休闲,0.95,direct,8,1
91511425MA6BJ0765Y,眉山篮梦体育俱乐部有限公司,8911,体育竞赛组织,体育竞赛 组织,体育竞赛;组织,体育竞赛,是,体育赛事,0.95,direct,6,1
92511425MA63NBK03D,青神心晴瑜伽馆,8392,瑜伽健身服务,瑜伽 健身服务,健身服务;瑜伽,瑜伽;健身服务,是,健身休闲,0.95,direct,6,2
91511425MABYD85J8C,眉山上渔户外运动用品工作室,5142,体育用品及器材批发,体育用品 器材 批发,体育用品;器材;批发,体育用品,是,体育用品,0.95,direct,9,1
91511425MABLK6QG8C,四川漂亮安防科技有限公司,5142,安防器材批发,安防 器材 批发,安防;器材;批发,,是,体育用品,0.75,direct,6,0
91511425MAACL14B9H,眉山本色体育俱乐部有限公司,8392,体育培训,体育培训,体育培训,体育培训,是,体育培训,0.95,direct,4,1
91511425MA63G4N484,四川本就出色体育文化发展有限公司,5242,体育用品零售,体育用品零售,体育用品零售,体育用品零售,是,体育用品,0.95,direct,6,1
91511425MABUYXYA8M,四川星道远户外拓展有限公司,8930,休闲健身,休闲 健身,健身;休闲,,是,健身休闲,0.75,direct,4,0
91511425076145644D,青神县老粗野钓天下饵料有限公司,5242,零售饵料,零售 饵料,饵料;零售,,是,体育用品,0.75,direct,4,0
91511425MAD3T6J259,四川牯牛山文旅有限公司,8930,体验式拓展活动,体验式 拓展 活动,体验式;拓展;活动,,是,健身休闲,0.75,direct,7,0
91511425MA6ALNUC3C,四川激进体育有限责任公司,9052,赛事服务,赛事服务,赛事服务,赛事服务,是,体育赛事,0.6,none,4,1
91511425MA7GX4144W,四川极限流体育俱乐部有限责任公司,8919,体育俱乐部,体育俱乐部,体育俱乐部,体育俱乐部,是,体育管理,0.95,direct,5,1
91511400MA69X8A528,四川初炼体适能体育发展有限公司,7246,体育产业,体育产业,体育产业,体育产业,是,体育管理,0.6,none,4,1
91511421MA7HRERY0M,眉山球探篮球俱乐部,8911,体育竞赛组织,体育竞赛 组织,体育竞赛;组织,体育竞赛,是,体育赛事,0.95,direct,6,1
91511400MA7MUPU88G,眉山乐尚健身服务有限公司,8930,健身休闲活动,健身 休闲活动,休闲活动;健身,,是,健身休闲,0.75,direct,6,0
91511400MA681N0M3W,四川华一瑞武健身服务有限公司,8930,健身培训,健身 培训,健身;培训,,是,健身休闲,0.75,direct,4,0
91511421MABQ7A7Q35,眉山市诚篮体育发展有限公司,8911,体育赛事筹划,体育赛事 筹划,体育赛事;筹划,体育赛事,是,体育赛事,0.95,direct,6,1
91511403MA690H8P8X,眉山市彭山区武艺堂艺术培训学校有限公司,8392,体育舞蹈美高,体育 舞蹈 美高,美高;体育;舞蹈,,是,体育培训,0.75,direct,6,0
92511400MA6441NA4K,眉山广利休闲娱乐有限责任公司,8930,棋牌室服务,棋牌室 服务,棋牌室;服务,,是,健身休闲,0.75,direct,5,0
91511400MACG9BYB9P,四川洺芮韵诚健康管理有限公司,8930,健身休闲活动服务,健身 休闲活动 服务,休闲活动;健身;服务,,是,健身休闲,0.75,direct,8,0
91511502MA6AR75B5R,宜宾腾啸体育发展有限公司,9052,体育赛事策划,体育 赛事策划,赛事策划;体育,赛事策划,是,体育赛事,0.6,none,6,1
91511502MAE23U790N,宜宾莫逆之友体育赛事策划有限责任公司,9052,体育赛事策划,体育 赛事策划,赛事策划;体育,赛事策划,是,体育赛事,0.6,none,6,1
91511502MAACJRYW1N,宜宾腾胜健身管理有限公司,8930,健身服务,健身服务,健身服务,健身服务,是,健身休闲,0.95,direct,4,1
91511502MA65W29U57,宜宾佳健体育文化发展有限责任公司,8392,体育赛事培训,体育赛事 培训,体育赛事;培训,体育赛事,是,体育赛事,0.95,direct,6,1
91511502MACY540249,宜宾市橙果健身俱乐部有限公司,8930,健身服务,健身服务,健身服务,健身服务,是,健身休闲,0.95,direct,4,1
91511502MA6B97GJ30,宜宾远澜体育文化有限责任公司,8919,体育活动主持,体育 活动 主持,体育;主持;活动,,是,体育管理,0.75,direct,6,0
91511502MA66DLBG2E,宜宾悦芮健康管理有限公司,8930,健身服务,健身服务,健身服务,健身服务,是,健身休闲,0.95,direct,4,1
91511525MA6899J933,四川蓝迈环保科技有限公司,4892,体育场地设施工程施工,体育场地设施 工程施工,体育场地设施;工程施工,体育场地设施,是,体育场馆,0.95,direct,10,1
91511502MA693GH71H,四川绿冠体育设施有限公司,5242,体育用品及器材零售,体育用品 器材 零售,体育用品;器材;零售,体育用品,是,体育用品,0.95,direct,9,1
91511502MA64ADN91K,宜宾长爪体育文化有限公司,8930,体育赛事拓展训练,体育赛事 拓展 训练,体育赛事;拓展;训练,体育赛事,是,体育赛事,0.95,direct,8,1
91511502MAC20RNE5E,宜宾市正磊商贸有限公司,5242,体育用品零售,体育用品零售,体育用品零售,体育用品零售,是,体育用品,0.95,direct,6,1
91511502MA64M0175X,宜宾友乒体育文化发展有限公司,8930,健身休闲活动,健身 休闲活动,休闲活动;健身,,是,健身休闲,0.75,direct,6,0
91511502MA66C0M41F,宜宾超逸体育文化有限公司,8392,成人体育培训,成人 体育培训,体育培训;成人,体育培训,是,体育培训,0.95,direct,6,1
91511502MA69HXT546,四川汗青体育文化发展有限责任公司,8392,篮球培训,篮球培训,篮球培训,篮球培训,是,体育培训,0.95,direct,4,1
91511500MABPW39E4E,宜宾艾动体育文化传播有限公司,8392,网球培训,网球培训,网球培训,网球培训,是,体育培训,0.95,direct,4,1
91511502MA66E48P65,四川地平线户外运动有限公司,8930,健身休闲活动,健身 休闲活动,休闲活动;健身,,是,健身休闲,0.75,direct,6,0
91511500MADD9DPB6Q,三吨片健身服务宜宾有限公司,8930,健身休闲活动,健身 休闲活动,休闲活动;健身,,是,健身休闲,0.75,direct,6,0
91511500MADN3UBG05,宜宾星地魔方健身有限责任公司,8930,休闲健身服务,休闲 健身服务,健身服务;休闲,健身服务,是,健身休闲,0.95,direct,6,1
91511500MAE1Y6961U,四川爱打体育俱乐部有限公司,5242,体育用品及器材零售,体育用品 器材 零售,体育用品;器材;零售,体育用品,是,体育用品,0.95,direct,9,1
91511500MA6AQ4R281,宜宾蜂蚁体育有限公司,8930,健身活动,健身活动,健身活动,,是,健身休闲,0.75,direct,4,0
91511502MA64EDTY6E,宜宾霞予商贸有限公司,8930,健身休闲活动,健身 休闲活动,休闲活动;健身,,是,健身休闲,0.75,direct,6,0
91511502MA695M7H79,四川卓星体育文化传播有限公司,8392,乒乓球培训,乒乓球培训,乒乓球培训,乒乓球培训,是,体育培训,0.95,direct,5,1
91511500MACN31NF89,四川高屹首涵科技发展有限公司,9052,体育赛事组织服务,体育赛事 组织 服务,体育赛事;服务;组织,体育赛事,是,体育赛事,0.6,none,8,1
91511521MA6AHE6KX7,宜宾天允体育发展有限公司,8911,体育竞赛组织,体育竞赛 组织,体育竞赛;组织,体育竞赛,是,体育赛事,0.95,direct,6,1
91511500MA64G1R972,宜宾腾翼体育有限公司,8930,健身休闲活动,健身 休闲活动,休闲活动;健身,,是,健身休闲,0.75,direct,6,0
91511500MA62A5UK2H,宜宾奥搏体育文化有限公司,8911,体育竞赛组织,体育竞赛 组织,体育竞赛;组织,体育竞赛,是,体育赛事,0.95,direct,6,1
91511500MA66197K1E,宜宾伍陆柒优佳健身有限公司,8930,休闲健身服务,休闲 健身服务,健身服务;休闲,健身服务,是,健身休闲,0.95,direct,6,1
91511500MA7HAHJ15Q,宜宾沧溟体育发展有限公司,8930,健身休闲活动,健身 休闲活动,休闲活动;健身,,是,健身休闲,0.75,direct,6,0
91511500MA6BE7J63Q,宜宾创教体育用品有限公司,5242,体育用品及器材无店铺零售,体育用品 器材 店铺 零售,体育用品;店铺;器材;零售,体育用品,是,体育用品,0.95,direct,12,1
91511500MACGDL8P76,宜宾市宜童体育文化传播有限公司,8392,篮球培训服务,篮球培训 服务,篮球培训;服务,篮球培训,是,体育培训,0.95,direct,6,1
91511500MACM8RXX6T,宜宾起梦体育科技有限公司,8392,体育培训,体育培训,体育培训,体育培训,是,体育培训,0.95,direct,4,1
91511500MACNH0UH2A,宜宾市莱客吧餐饮有限责任公司,8930,麻将服务,麻将 服务,麻将;服务,,是,健身休闲,0.75,direct,4,0
91511500MABY7UJ5XJ,宜宾市黑白曼捌体育俱乐部,8930,台球娱乐服务,台球 娱乐 服务,台球;娱乐;服务,台球,是,健身休闲,0.95,direct,6,1
91511502MABU21A28K,宜宾市毅启体育发展有限责任公司,8911,体育竞赛组织,体育竞赛 组织,体育竞赛;组织,体育竞赛,是,体育赛事,0.95,direct,6,1
91511502MADMM6FC0M,四川宜宾壹品健身有限公司,8930,健身休闲服务,健身 休闲 服务,健身;休闲;服务,,是,健身休闲,0.75,direct,6,0
91511502MAACHUUQ4H,宜宾零贰零速美健身有限公司,8930,健身休闲活动,健身 休闲活动,休闲活动;健身,,是,健身休闲,0.75,direct,6,0
91511502MA64DTFX78,宜宾市天道体育文化发展有限公司,8930,健身休闲活动,健身 休闲活动,休闲活动;健身,,是,健身休闲,0.75,direct,6,0
92511502MA68HEAP4U,宜宾市清心娱乐有限责任公司,8930,休闲健身活动,休闲 健身活动,健身活动;休闲,,是,健身休闲,0.75,direct,6,0
91511502MA699GLF5M,宜宾市星集点体育服务有限公司,5142,体育用品批发,体育用品批发,体育用品批发,体育用品批发,是,体育用品,0.95,direct,6,1
91511502MA6BHHU915,宜宾市杰斯福体育发展有限责任公司,8911,体育竞赛组织,体育竞赛 组织,体育竞赛;组织,体育竞赛,是,体育赛事,0.95,direct,6,1
91511502309421698B,宜宾市国焱商贸有限公司,5242,体育用品及器材零售,体育用品 器材 零售,体育用品;器材;零售,体育用品,是,体育用品,0.95,direct,9,1
91511500MA69KBE390,宜宾历宋网络科技有限公司,8930,健身休闲活动,健身 休闲活动,休闲活动;健身,,是,健身休闲,0.75,direct,6,0
91511521MA7E2XPA4R,宜宾好享健健身有限责任公司,8930,健身共享服务,健身 共享 服务,健身;共享;服务,,是,健身休闲,0.75,direct,6,0
91511500MA65TB115K,四川颖旗隆贸易有限公司,5142,体育用品批发,体育用品批发,体育用品批发,体育用品批发,是,体育用品,0.95,direct,6,1
91511500MA67NTMB9E,四川蜀戎文化体育发展有限责任公司,8991,体育文化活动代理服务,体育文化 活动 代理服务,代理服务;体育文化;活动,体育文化,是,体育管理,0.6,none,10,1
91511502MAACH1MR2E,宜宾无名沉浸文化传播有限公司,8912,游艺娱乐活动,游艺 娱乐活动,游艺;娱乐活动,,是,体育管理,0.75,direct,6,0
91511502MA7EYULB3G,宜宾五力健身有限责任公司,8930,健身休闲活动,健身 休闲活动,休闲活动;健身,,是,健身休闲,0.75,direct,6,0
91511502MAC90QXC62,四川引跑体育发展有限公司,8911,竞技体育服务,竞技体育 服务,竞技体育;服务,竞技体育,是,体育赛事,0.95,direct,6,1
92511502MA66EC336T,宜宾雀涛商贸有限公司,5142,麻将机批发,麻将机 批发,麻将机;批发,,是,体育用品,0.75,direct,5,0
92511502MA7E53HR78,宜宾市灿蜀商贸有限公司,5142,麻将机批发,麻将机 批发,麻将机;批发,,是,体育用品,0.75,direct,5,0
91511502060300937C,宜宾市意腾商贸有限公司,5242,麻将机零售,麻将机 零售,麻将机;零售,,是,体育用品,0.75,direct,5,0
91511502MACBJUCD7U,四川泳智健身服务有限公司,8921,室内体育游泳服务,室内 体育 游泳 服务,游泳;体育;室内;服务,游泳,是,健身休闲,0.95,direct,8,1
91511521MACPWRXC8W,宜宾九冠体育俱乐部有限公司,8392,篮球培训服务,篮球培训 服务,篮球培训;服务,篮球培训,是,体育培训,0.95,direct,6,1
91511502MABX0RBG15,宜宾龙武户外拓展有限公司,8930,健身休闲活动,健身 休闲活动,休闲活动;健身,,是,健身休闲,0.75,direct,6,0
915115025864637229,宜宾市健力体育用品设备有限公司,5242,体育用品零售,体育用品零售,体育用品零售,体育用品零售,是,体育用品,0.95,direct,6,1
91511500MA64QMBB3N,宜宾宜誉体育用品有限公司,8930,健身休闲活动,健身 休闲活动,休闲活动;健身,,是,健身休闲,0.75,direct,6,0
91511502MADBME7035,宜宾卓越体育发展有限公司,8911,体育赛事策划,体育 赛事策划,赛事策划;体育,赛事策划,是,体育赛事,0.95,direct,6,1
91511502MA62ADTX43,宜宾市万杰文体用品有限公司,5242,体育用品零售,体育用品零售,体育用品零售,体育用品零售,是,体育用品,0.95,direct,6,1
91511502MA6BJ73Y8P,宜宾市立拓体育文化发展有限公司,5242,体育器材零售,体育器材 零售,体育器材;零售,体育器材,是,体育用品,0.95,direct,6,1
91511502MA62A5W44T,宜宾市奇辉商贸有限责任公司,5242,体育用品及器材零售,体育用品 器材 零售,体育用品;器材;零售,体育用品,是,体育用品,0.95,direct,9,1
91511502MA7G14860C,宜宾易道武术文化传播有限公司,8392,体校及体育培训,体校 体育培训,体育培训;体校,体育培训,是,体育培训,0.95,direct,7,1
91511502MA66FF1K6G,宜宾桓隆贸易有限公司,8930,健身休闲活动,健身 休闲活动,休闲活动;健身,,是,健身休闲,0.75,direct,6,0
91511500MACRLHL243,宜宾亚杰体育科技有限公司,5242,体育器材零售,体育器材 零售,体育器材;零售,体育器材,是,体育用品,0.95,direct,6,1
91511500MACRLKMD92,宜宾骏俊体育科技有限公司,5242,体育器材零售,体育器材 零售,体育器材;零售,体育器材,是,体育用品,0.95,direct,6,1
91511502356224312P,宜宾市戎达棋牌销售有限公司,5142,麻将机批发,麻将机 批发,麻将机;批发,,是,体育用品,0.75,direct,5,0
91511502MA65TW4C1B,宜宾继强文化娱乐有限公司,8930,山地越野服务,山地 越野 服务,越野;山地;服务,,是,健身休闲,0.75,direct,6,0
91511502MA6AN5MU13,宜宾江浪体育场地工程有限公司,4892,体育场地实施工程施工,体育场地 实施 工程施工,体育场地;工程施工;实施,体育场地,是,体育场馆,0.95,direct,10,1
91511521MA62A4UY49,宜宾一米教育科技有限公司,8930,户外培训,户外 培训,户外;培训,,是,健身休闲,0.75,direct,4,0
91511503MA6864RL2U,宜宾市南溪区故事村游乐场,8921,旱冰场服务,旱冰场 服务,旱冰场;服务,,是,体育场馆,0.75,direct,5,0
91511503MA6BDUHA02,宜宾市元文体育文化有限公司,5242,体育用品,体育用品,体育用品,体育用品,是,体育用品,0.95,direct,4,1
92511503MACDA02G9U,宜宾市南溪区刘宇隆体育场地设施工程施工部,4892,体育场地设施工程施工,体育场地设施 工程施工,体育场地设施;工程施工,体育场地设施,是,体育场馆,0.95,direct,10,1
91511503MA68RER10D,宜宾前瞻文化传播有限责任公司,9052,体育表演服务,体育表演 服务,体育表演;服务,体育表演,是,体育赛事,0.6,none,6,1
92511503MA648HQD32,宜宾三江新区张介渔具销售店,5242,渔具零售,渔具 零售,渔具;零售,渔具,是,体育用品,0.95,direct,4,1
92511500MAACLUAE0H,宜宾三江新区小卉体育用品租赁服务部,7122,体育用品设备出租,体育用品 设备 出租,体育用品;出租;设备,体育用品,是,体育用品,0.6,none,8,1
91511503MAC7RTR97L,宜宾喜钓渔具有限公司,5242,渔具零售,渔具 零售,渔具;零售,渔具,是,体育用品,0.95,direct,4,1
91511503MA6B1JRB78,宜宾创浪体育发展有限公司,8911,赛事组织,赛事组织,赛事组织,赛事组织,是,体育赛事,0.95,direct,4,1
91511503MACNUE1F0C,宜宾市南溪区鑫梦舞蹈健身俱乐部,8930,健身休闲活动,健身 休闲活动,休闲活动;健身,,是,健身休闲,0.75,direct,6,0
91511503MA65HERB5H,宜宾市南溪区沃力健身服务有限公司,8930,健身服务,健身服务,健身服务,健身服务,是,健身休闲,0.95,direct,4,1
91511503MADPXJM99Q,宜宾松堃商贸有限公司,5142,建筑材料销售金属材料销售,建筑材料 销售 金属材料 销售,销售;金属材料;建筑材料,,是,体育用品,0.75,direct,12,0
91511503MACNBP42XY,宜宾沃健力健身服务有限公司,8930,健身休闲活动,健身 休闲活动,休闲活动;健身,,是,健身休闲,0.75,direct,6,0
915115033233531262,宜宾首创文化传媒有限责任公司,8911,赛事活动,赛事 活动,赛事;活动,,是,体育管理,0.75,direct,4,0
91511503MACQPM6A98,宜宾市南溪区马邦体育文化传播有限公司,8930,体育运动,体育运动,体育运动,,是,健身休闲,0.75,direct,4,0
91511503MACCDYT75Y,宜宾市南溪区三缺一娱乐有限公司,8912,游艺娱乐活动,游艺 娱乐活动,游艺;娱乐活动,,是,体育管理,0.75,direct,6,0
91511503MA7KR14Y1U,宜宾市南溪区勇子电玩有限公司,8912,游艺娱乐活动,游艺 娱乐活动,游艺;娱乐活动,,是,体育管理,0.75,direct,6,0
91511503MACBUHB17M,宜宾市南溪区跃达教育咨询有限公司,8392,体育培训,体育培训,体育培训,体育培训,是,体育培训,0.95,direct,4,1
92511503MAC9FFQK9L,宜宾市南溪区张银台球馆,8930,健身休闲活动,健身 休闲活动,休闲活动;健身,,是,健身休闲,0.75,direct,6,0
91511500MA7FFXPW6C,四川太石渔具有限公司,5142,渔具批发,渔具 批发,渔具;批发,渔具,是,体育用品,0.95,direct,4,1
91511521MACPBRHY12,宜宾市立辰体育发展有限责任公司,8911,游泳教学服务,游泳 教学服务,教学服务;游泳,游泳,是,健身休闲,0.95,direct,6,1
91511521MAC8486AXX,宜宾博道体育发展有限公司,8911,教育咨询服务,教育 咨询服务,咨询服务;教育,,是,体育管理,0.75,direct,6,0
91511521MA669H455G,四川戎叁江体育发展有限公司,8930,休闲健身服务,休闲 健身服务,健身服务;休闲,健身服务,是,健身休闲,0.95,direct,6,1
91511521MA63W0435Y,宜宾思未体育文化有限公司,8392,体育培训,体育培训,体育培训,体育培训,是,体育培训,0.95,direct,4,1
91511502MA64FBP61E,宜宾市翠屏区誉道馆培训学校有限公司,8392,跆拳道培训,跆拳道培训,跆拳道培训,跆拳道培训,是,体育培训,0.95,direct,5,1
91511521MA62EJC8XY,宜宾众诚拓展训练有限公司,8919,户外运动组织策划,户外运动 组织 策划,户外运动;策划;组织,户外运动,是,健身休闲,0.95,direct,8,1
91511521MA64R814XE,宜宾叙岷商贸有限公司,5242,体育用品零售,体育用品零售,体育用品零售,体育用品零售,是,体育用品,0.95,direct,6,1
91511521098031680R,四川戎树建筑工程有限公司,4720,体育场馆建筑工程施工,体育场馆 建筑 工程施工,体育场馆;工程施工;建筑,体育场馆,是,体育场馆,0.6,none,10,1
91511521MAD9A9GG0H,宜宾市追梦时代健身有限公司,8930,健身休闲活动,健身 休闲活动,休闲活动;健身,,是,健身休闲,0.75,direct,6,0
91511521MACY0GJA6E,宜宾市叙州区时空健身服务有限公司,8930,健身休闲活动,健身 休闲活动,休闲活动;健身,,是,健身休闲,0.75,direct,6,0
91511521MAC0NP811C,宜宾超世纪娱乐有限公司,8930,台球娱乐活动,台球 娱乐活动,台球;娱乐活动,台球,是,健身休闲,0.95,direct,6,1
91511521MA679E4H6W,四川青林体育用品有限公司,5142,体育用品批发,体育用品批发,体育用品批发,体育用品批发,是,体育用品,0.95,direct,6,1
91511521MA6577UN9N,宜宾辉昱体育用品有限公司,5242,体育用品零售,体育用品零售,体育用品零售,体育用品零售,是,体育用品,0.95,direct,6,1
91511521MA69AKH97J,宜宾创腾体育有限公司,8930,健身服务,健身服务,健身服务,健身服务,是,健身休闲,0.95,direct,4,1
91511521MAC1N9K23F,宜宾双睿体育发展有限公司,8930,健身休闲活动,健身 休闲活动,休闲活动;健身,,是,健身休闲,0.75,direct,6,0
91511521MA6ADRMK5J,宜宾市叙州区心随舞动舞蹈健身有限公司,8930,健身休闲活动,健身 休闲活动,休闲活动;健身,,是,健身休闲,0.75,direct,6,0
91511521MA67548N12,四川立泰辰戎体育发展有限责任公司,9052,体育服务,体育服务,体育服务,体育服务,是,体育管理,0.6,none,4,1
91511521MA6A8H6F82,宜宾市叙州区壹达健身服务有限责任公司,8930,健身休闲活动,健身 休闲活动,休闲活动;健身,,是,健身休闲,0.75,direct,6,0
91511521MA62DTGT9C,宜宾市同兮商贸有限公司,5242,体育用品及器材零售,体育用品 器材 零售,体育用品;器材;零售,体育用品,是,体育用品,0.95,direct,9,1
91511521MABRCQDQ3T,宜宾煜健体育文化发展有限公司,8911,赛事组织与策划,赛事组织 策划,赛事组织;策划,赛事组织,是,体育赛事,0.95,direct,7,1
91511521MA6BPU1J8P,宜宾市叙州区奥龙武术培训学校有限公司,8392,体育培训,体育培训,体育培训,体育培训,是,体育培训,0.95,direct,4,1
91511521MA6427R62U,宜宾崇尚企业管理有限公司,8930,拓展训练服务,拓展 训练 服务,拓展;训练;服务,,是,健身休闲,0.75,direct,6,0
91511521MAE2RDRGXK,宜宾英冠体育用品有限公司,5142,体育用品及器材批,体育用品 器材,体育用品;器材,体育用品,是,体育用品,0.95,direct,8,1
91511521MA65HUDL1A,宜宾市神箭拓展训练有限公司,8930,健身休闲活动,健身 休闲活动,休闲活动;健身,,是,健身休闲,0.75,direct,6,0
91511521MA66BDQ8X2,宜宾市爱卡蜗牛体育服务有限公司,8930,健身休闲活动,健身 休闲活动,休闲活动;健身,,是,健身休闲,0.75,direct,6,0
91511521MAC4WG5F5C,宜宾星辉体育文化发展有限公司,8392,体育培训,体育培训,体育培训,体育培训,是,体育培训,0.95,direct,4,1
91511521MA7HG11793,宜宾武之梦体育文化传播有限公司,8392,体育培训,体育培训,体育培训,体育培训,是,体育培训,0.95,direct,4,1
915115023233680106,宜宾星光台球娱乐服务有限公司,8930,台球娱乐服务,台球 娱乐 服务,台球;娱乐;服务,台球,是,健身休闲,0.95,direct,6,1
91511502MA66T5QJ6Y,宜宾赛客体育文化传播有限公司,5242,体育用品零售,体育用品零售,体育用品零售,体育用品零售,是,体育用品,0.95,direct,6,1
915115020582479116,宜宾嘉美广告有限公司,5242,体育用品零售,体育用品零售,体育用品零售,体育用品零售,是,体育用品,0.95,direct,6,1
91511502MA64BEKH69,宜宾卓尔体育文化有限公司,5242,体育用品零售,体育用品零售,体育用品零售,体育用品零售,是,体育用品,0.95,direct,6,1
91511500MA62UC0P0C,宜宾万斯特体育服务有限公司,5242,体育用品零售,体育用品零售,体育用品零售,体育用品零售,是,体育用品,0.95,direct,6,1
91511502MA63RHFW1X,宜宾市叙州区唯我乐游泳场,8930,游泳服务,游泳 服务,游泳;服务,游泳,是,健身休闲,0.95,direct,4,1
91511521MA653M3U37,宜宾市瀚动文体用品有限公司,5242,体育用品零售,体育用品零售,体育用品零售,体育用品零售,是,体育用品,0.95,direct,6,1
91511521MA6BMR8L47,宜宾拳盛体育发展有限公司,8392,体育运动训练,体育运动 训练,体育运动;训练,,是,体育培训,0.75,direct,6,0
91511521MA6AYR0C4L,四川锐航体育文化传播有限公司,8930,体育运动游泳,体育运动 游泳,体育运动;游泳,游泳,是,健身休闲,0.95,direct,6,1
91510107MA69NC8K91,四川鸿傲体育文化发展有限公司,8911,体育运动训练指导服务,体育运动 训练 指导 服务,体育运动;训练;指导;服务,,是,体育管理,0.75,direct,10,0
91511521MABMJLPM74,宜宾乐攀体育发展有限公司,8911,体育竞赛组织,体育竞赛 组织,体育竞赛;组织,体育竞赛,是,体育赛事,0.95,direct,6,1
91511521MAC8H7K56Q,宜宾焜阳羽毛球俱乐部有限公司,8911,体育竞赛组织,体育竞赛 组织,体育竞赛;组织,体育竞赛,是,体育赛事,0.95,direct,6,1
91511500MAC4BMJ979,四川民民体育文化发展有限公司,5242,体育用品零售,体育用品零售,体育用品零售,体育用品零售,是,体育用品,0.95,direct,6,1
91511521MA7L51076N,宜宾市叙州区超级匠体育俱乐部有限责任公司,9052,组织体育表演活动,组织 体育表演 活动,体育表演;组织;活动,体育表演,是,体育赛事,0.6,none,8,1
91511521MA64G1JX2W,宜宾启缘体育发展有限公司,5242,体育用品及器材零售,体育用品 器材 零售,体育用品;器材;零售,体育用品,是,体育用品,0.95,direct,9,1
91511521MA67GW594F,宜宾市叙州区金吉果培训学校有限公司,8392,体育培训,体育培训,体育培训,体育培训,是,体育培训,0.95,direct,4,1
91511521MA69MCBC76,宜宾上羽体育文化发展有限责任公司,8921,羽毛球场馆经营,羽毛球 场馆 经营,羽毛球;场馆;经营,羽毛球,是,体育用品,0.95,direct,7,1
91511502579606115C,宜宾天顺拓展训练有限公司,8930,扩展训练,扩展 训练,扩展;训练,,是,健身休闲,0.75,direct,4,0
91511521MACDY2976F,宜宾锦星体育发展有限公司,8392,体育培训游泳馆培训,体育培训 游泳馆 培训,体育培训;游泳馆;培训,体育培训;游泳馆,是,体育培训,0.95,direct,9,2
91511521MACCUD6070,四川九门阿哩哩文化传播有限公司,5142,体育用品及器材批发,体育用品 器材 批发,体育用品;器材;批发,体育用品,是,体育用品,0.95,direct,9,1
91511521MA64TR1XXT,宜宾派利商贸有限公司,5142,体育用品批发,体育用品批发,体育用品批发,体育用品批发,是,体育用品,0.95,direct,6,1
91511503MA64A7RL9U,宜宾人和文化传播有限公司,8930,拓展训练服务,拓展 训练 服务,拓展;训练;服务,,是,健身休闲,0.75,direct,6,0
91511521MA62BQ916K,宜宾心悠格健身有限责任公司,8930,健身休闲活动,健身 休闲活动,休闲活动;健身,,是,健身休闲,0.75,direct,6,0
91511521MA6AL5CF4X,宜宾宣火体育运动用品有限公司,5242,运动用品销售,运动用品 销售,运动用品;销售,,是,体育用品,0.75,direct,6,0
91511521MA652UFHX5,宜宾澎湃健身服务有限责任公司,8930,健身活动,健身活动,健身活动,,是,健身休闲,0.75,direct,4,0
91511521MA7K5PC930,宜宾泳动游泳俱乐部有限责任公司,8930,健身休闲活动,健身 休闲活动,休闲活动;健身,,是,健身休闲,0.75,direct,6,0
91511521MACBYCU16J,四川舒呼体育文化发展有限公司,8930,健身休闲活动,健身 休闲活动,休闲活动;健身,,是,健身休闲,0.75,direct,6,0
91511521MA692AHX2Q,宜宾尚善体育发展有限公司,8930,健身服务,健身服务,健身服务,健身服务,是,健身休闲,0.95,direct,4,1
91511521MA634RYD94,四川律动健身服务有限责任公司,8930,健身服务,健身服务,健身服务,健身服务,是,健身休闲,0.95,direct,4,1
91511521MAACGL8U78,宜宾市叙州区磅礴游泳有限责任公司,8930,健身服务,健身服务,健身服务,健身服务,是,健身休闲,0.95,direct,4,1
91511521MAC06N4T7Y,宜宾市叙州区巧祥茶馆,8930,棋牌类健身休闲活动,棋牌类 健身 休闲活动,休闲活动;棋牌类;健身,,是,健身休闲,0.75,direct,9,0
91511521MACLFA0B7B,宜宾贝悦文化艺术传播有限公司,5242,体育用品零售,体育用品零售,体育用品零售,体育用品零售,是,体育用品,0.95,direct,6,1
91511521MA7MK4EP32,宜宾善行商贸有限公司,5242,体育用品及器材零售,体育用品 器材 零售,体育用品;器材;零售,体育用品,是,体育用品,0.95,direct,9,1
91511521MAC9DYMG1R,四川宜宾叙州区爱乒体育文化传播有限公司,8921,乒乓球场地出租,乒乓球 场地 出租,乒乓球;出租;场地,乒乓球,是,体育用品,0.95,direct,7,1
91511521MA62G8ME3Y,四川腾飞体育发展有限公司,8930,体育健身,体育 健身,健身;体育,,是,健身休闲,0.75,direct,4,0
91511521MADCN0365G,宜宾龙源澎湃体育文化有限责任公司,8930,健身服务,健身服务,健身服务,健身服务,是,健身休闲,0.95,direct,4,1
91511502MA65DBPB2R,宜宾鸿辰体育发展有限公司,8392,体育培训,体育培训,体育培训,体育培训,是,体育培训,0.95,direct,4,1
91511521MA67JQ260H,宜宾市魔方健身有限责任公司,8930,健身服务,健身服务,健身服务,健身服务,是,健身休闲,0.95,direct,4,1
91511521MAC293RBXX,宜宾鑫友羽毛球俱乐部有限责任公司,8911,体育竟赛,体育 竟赛,竟赛;体育,,是,体育管理,0.75,direct,4,0
91511521MA7JQY6K3B,宜宾翼飞篮球俱乐部,8911,体育竞赛组织,体育竞赛 组织,体育竞赛;组织,体育竞赛,是,体育赛事,0.95,direct,6,1
9151150232747972X3,宜宾市老友唐人体育发展有限公司,8921,足球场馆供应,足球 场馆 供应,场馆;足球;供应,足球,是,体育用品,0.95,direct,6,1
91511521MADA2YUY21,宜宾茵特体育用品销售有限公司,5242,体育用品销售,体育用品销售,体育用品销售,体育用品销售,是,体育用品,0.95,direct,6,1
92511521MABM07H55Y,宜宾市叙州区博海健身游泳有限公司,8921,健身服务,健身服务,健身服务,健身服务,是,健身休闲,0.95,direct,4,1
91511502MA694KG47Q,宜宾市叙州区御扬体育培训学校有限公司,8991,体育文化推广,体育文化 推广,体育文化;推广,体育文化,是,体育管理,0.6,none,6,1
91511521MA681EK81X,四川省品刻体育发展有限公司,7246,户外运动策划,户外运动 策划,户外运动;策划,户外运动,是,健身休闲,0.6,none,6,1
91511502MA625TFNX2,四川杨阁科技有限公司,8930,瑜伽服务,瑜伽 服务,瑜伽;服务,瑜伽,是,健身休闲,0.95,direct,4,1
92511521MA6BAGD5X8,宜宾市华善文化办公用品商行,5242,体育用品零售,体育用品零售,体育用品零售,体育用品零售,是,体育用品,0.95,direct,6,1
91511521MA69L4QM7P,四川戎练健身服务有限公司,8930,健康休闲活动,健康 休闲活动,休闲活动;健康,,是,健身休闲,0.75,direct,6,0
91511521MAACN8WC5U,宜宾酷动体育文化发展有限公司,5242,少儿体育培训,少儿 体育培训,体育培训;少儿,体育培训,是,体育培训,0.95,direct,6,1
91511521MAACLC1K31,宜宾市浪里乔氏娱乐俱乐部,8930,健身休闲活动,健身 休闲活动,休闲活动;健身,,是,健身休闲,0.75,direct,6,0
91511521MA64QBFK2P,宜宾恒氧健身服务有限公司,8930,健身服务,健身服务,健身服务,健身服务,是,健身休闲,0.95,direct,4,1
91511521MABREBHC4R,宜宾伟瀚体育文化传播有限公司,5142,体育用品批发,体育用品批发,体育用品批发,体育用品批发,是,体育用品,0.95,direct,6,1
91511521MADR6R7149,宜宾龙璟魔方健身有限公司,8930,健身运动,健身运动,健身运动,,是,健身休闲,0.75,direct,4,0
91511521MAC1DM9E21,宜宾培健体育文化发展有限公司,5242,体育器材零售,体育器材 零售,体育器材;零售,体育器材,是,体育用品,0.95,direct,6,1
91511521MA62JRXH63,宜宾攀达健身服务有限公司,8930,健身服务,健身服务,健身服务,健身服务,是,健身休闲,0.95,direct,4,1
91511521MA7CQUTK2L,宜宾市戎冠体育文化发展有限公司,8911,体育竞赛组织,体育竞赛 组织,体育竞赛;组织,体育竞赛,是,体育赛事,0.95,direct,6,1
91511521MAACQB0597,宜宾西岸健身服务有限公司,8930,健身服务,健身服务,健身服务,健身服务,是,健身休闲,0.95,direct,4,1
91511521MADXJ6F14L,宜宾优珈健康管理有限责任公司,8930,健身服务,健身服务,健身服务,健身服务,是,健身休闲,0.95,direct,4,1
91511521MA66YNCC6Y,宜宾一叶瑜伽健身有限公司,8930,瑜伽健身服务,瑜伽 健身服务,健身服务;瑜伽,瑜伽;健身服务,是,健身休闲,0.95,direct,6,2
91511521MACL02RD1T,四川优动体育发展有限责任公司,8930,健身服务,健身服务,健身服务,健身服务,是,健身休闲,0.95,direct,4,1
91511521MAC653TP9D,宜宾昕孕健康管理有限责任公司,8930,健身教育,健身 教育,健身;教育,,是,健身休闲,0.75,direct,4,0
91511521MACPX2W51U,宜宾市叙州区车美健身有限责任公司,8930,健身服务,健身服务,健身服务,健身服务,是,健身休闲,0.95,direct,4,1
91511521MA643D4097,宜宾山水体育发展有限公司,8911,组织体育竞赛,组织 体育竞赛,体育竞赛;组织,体育竞赛,是,体育赛事,0.95,direct,6,1
91511521MA6B5EX971,宜宾市黑焰拓展训练有限公司,8911,体育竞赛组织,体育竞赛 组织,体育竞赛;组织,体育竞赛,是,体育赛事,0.95,direct,6,1
91511521MA68RGAP4U,宜宾柳泉体育文化传播有限公司,8392,游泳培训,游泳培训,游泳培训,游泳培训,是,体育培训,0.95,direct,4,1
91511521MA68E976XY,宜宾坤烁体育用品有限公司,5242,体育用品零售,体育用品零售,体育用品零售,体育用品零售,是,体育用品,0.95,direct,6,1
91511521MAD5FAF26K,宜宾佳荷网络科技有限公司,2449,渔具加工,渔具 加工,渔具;加工,渔具,是,体育用品,0.95,direct,4,1
91511521MABRULW14J,宜宾轻风体育文化传播有限公司,8392,篮球技术培训,篮球 技术培训,技术培训;篮球,篮球,是,体育用品,0.95,direct,6,1
91511521MACF7EEK1J,宜宾轻舟体育科技有限公司,8392,篮球技术培训,篮球 技术培训,技术培训;篮球,篮球,是,体育用品,0.95,direct,6,1
91511521MAAGXWEB6F,宜宾市叙州区好脚步体育文化发展中心,8911,体育竞赛组织,体育竞赛 组织,体育竞赛;组织,体育竞赛,是,体育赛事,0.95,direct,6,1
91511523MADMD79LXC,宜宾江鑫体育文化发展有限公司,9052,体育表演服务,体育表演 服务,体育表演;服务,体育表演,是,体育赛事,0.6,none,6,1
91511523MADARCFK94,宜宾首冠服饰有限责任公司,1821,运动休闲针织服装制造,运动 休闲 针织 服装 制造,针织;休闲;服装;制造;运动,,是,体育用品,0.75,direct,10,0
91511523MAC84JRL3Q,江安县非凡体育用品有限公司,5242,体育用品及器材零售,体育用品 器材 零售,体育用品;器材;零售,体育用品,是,体育用品,0.95,direct,9,1
91511523MA62X76L9W,宜宾健行体育发展有限公司,8392,体校及体育培训,体校 体育培训,体育培训;体校,体育培训,是,体育培训,0.95,direct,7,1
91511523MA694M905J,江安四季体育发展有限公司,8930,健身休闲活动,健身 休闲活动,休闲活动;健身,,是,健身休闲,0.75,direct,6,0
91511523MA64NTXW8W,宜宾跃达文化传播有限公司,8911,体育竞技,体育竞技,体育竞技,,是,体育管理,0.75,direct,4,0
91511523MA6AWCYC9X,四川予阳拓展训练有限公司,8930,健身休闲活动,健身 休闲活动,休闲活动;健身,,是,健身休闲,0.75,direct,6,0
91511523MAC29F9758,江安县飞越体育发展有限公司,5142,体育用品批发,体育用品批发,体育用品批发,体育用品批发,是,体育用品,0.95,direct,6,1
91511524MAACL4B01H,长宁县恒心体育俱乐部有限公司,8392,少儿篮球培训,少儿 篮球培训,篮球培训;少儿,篮球培训,是,体育培训,0.95,direct,6,1
91511524MAC8CKWXX7,长宁县立志跆拳道有限公司,8392,体校及体育培训,体校 体育培训,体育培训;体校,体育培训,是,体育培训,0.95,direct,7,1
91511524MA6BP8K46B,宜宾市卓越星体育发展有限公司,8392,体育运动训练指导服务,体育运动 训练 指导 服务,体育运动;训练;指导;服务,,是,体育培训,0.75,direct,10,0
91511524MA7L709Q72,宜宾市均益复合材料有限公司,2442,专项运动器材及配件制造,专项 运动器材 配件 制造,运动器材;配件;专项;制造,运动器材,是,体育用品,0.95,direct,11,1
91511524MA63WY120H,四川汇玺渔具有限公司,2449,鱼竿制造,鱼竿 制造,鱼竿;制造,,是,体育用品,0.75,direct,4,0
915115000689594104,四川德瑞克渔具有限公司,2449,渔具生产,渔具 生产,渔具;生产,渔具,是,体育用品,0.95,direct,4,1
91511524MACGLT3F92,长宁县超越领跑体育发展有限公司,8392,体校及体育培训,体校 体育培训,体育培训;体校,体育培训,是,体育培训,0.95,direct,7,1
91511525MACTMM4M0X,四川翰硕体育文化发展有限公司,8911,体育竞赛组织,体育竞赛 组织,体育竞赛;组织,体育竞赛,是,体育赛事,0.95,direct,6,1
91511525MAC8QLL17B,宜宾市绣源商贸有限公司,5242,体育用品零售,体育用品零售,体育用品零售,体育用品零售,是,体育用品,0.95,direct,6,1
91511525MA65DG0E1M,高县益而高商贸有限公司,5242,体育用品零售,体育用品零售,体育用品零售,体育用品零售,是,体育用品,0.95,direct,6,1
91511525MABQYQ2J5Y,四川极速体联体育俱乐部有限责任公司,8930,健身休闲活动,健身 休闲活动,休闲活动;健身,,是,健身休闲,0.75,direct,6,0
91511525MA6BU2X150,宜宾市高县吉鹏体育用品有限责任公司,5142,体育用品批发,体育用品批发,体育用品批发,体育用品批发,是,体育用品,0.95,direct,6,1
91511525323379473M,高县天启阳光健身管理有限公司,8930,休闲健身管理服务,休闲 健身 管理 服务,健身;休闲;服务;管理,,是,健身休闲,0.75,direct,8,0
91511525MACEPYRF50,高县阳之光健身服务有限公司,8930,健身服务,健身服务,健身服务,健身服务,是,健身休闲,0.95,direct,4,1
92511525MA688G1A02,高县爱悦动体育文化发展有限公司,8930,游泳馆服务,游泳馆 服务,游泳馆;服务,游泳馆,是,体育场馆,0.95,direct,5,1
91511525MACUJFG10D,宜宾杉腾商贸有限公司,5142,体育用品及器材批发,体育用品 器材 批发,体育用品;器材;批发,体育用品,是,体育用品,0.95,direct,9,1
91511525MA67WYC67J,高县翰笙拓展训练服务有限公司,8930,健身行业服务,健身 行业 服务,健身;服务;行业,,是,健身休闲,0.75,direct,6,0
91511526MAE9UGKQ88,珙县锦尚体育文化传播有限公司,9052,组织体育表演活动,组织 体育表演 活动,体育表演;组织;活动,体育表演,是,体育赛事,0.6,none,8,1
91511526MA62BC029C,宜宾艾尚体育文化有限公司,8930,综合性体育场游泳运动,综合性 体育场 游泳 运动,体育场;游泳;综合性;运动,体育场;游泳,是,体育场馆,0.95,direct,10,2
9151152608583787XH,珙县天和健身休闲俱乐部,8930,健身娱乐,健身 娱乐,健身;娱乐,,是,健身休闲,0.75,direct,4,0
91511526MA6BBA5E15,四川宜宾麒任科技有限责任公司,5242,体育用品及器材零售,体育用品 器材 零售,体育用品;器材;零售,体育用品,是,体育用品,0.95,direct,9,1
91511527MADM5E6R5L,筠连县乐比体育发展有限公司,8911,体育竞赛组织,体育竞赛 组织,体育竞赛;组织,体育竞赛,是,体育赛事,0.95,direct,6,1
91511527MACYHCQ94N,四川东延文化传播有限公司,8911,体育项目服务,体育项目 服务,体育项目;服务,,是,体育管理,0.75,direct,6,0
91511527MA6A9P1194,筠连县筠武体育培训学校有限公司,8392,体育培训,体育培训,体育培训,体育培训,是,体育培训,0.95,direct,4,1
91511527MABWK3F92G,宜宾鑫际建筑劳务有限公司,4892,体育场地设施施工,体育场地设施 施工,体育场地设施;施工,体育场地设施,是,体育场馆,0.95,direct,8,1
91511527MACHUFK22E,筠连县趣哆文化传媒有限公司,8930,台球娱乐,台球 娱乐,台球;娱乐,台球,是,健身休闲,0.95,direct,4,1
91511527MA67TEK599,宜宾奥格体育有限公司,5242,体育用品零售,体育用品零售,体育用品零售,体育用品零售,是,体育用品,0.95,direct,6,1
91511527MA63KB4212,筠连县楠正商贸有限公司,5242,文化、体育用品及器材专门零售,文化 体育用品 器材 专门 零售,体育用品;器材;零售;专门;文化,体育用品,是,体育用品,0.95,direct,14,1
91511527MAD2BR372L,筠连县元筠贸易有限公司,5242,体育用品零售,体育用品零售,体育用品零售,体育用品零售,是,体育用品,0.95,direct,6,1
91511528MADM05Q42J,轻体女性塑形馆（四川）健身有限公司,8930,健身休闲活动,健身 休闲活动,休闲活动;健身,,是,健身休闲,0.75,direct,6,0
91511528MADJDYEHXC,四川兴文恒温游泳馆管理有限公司,8921,体育场馆管理,体育场馆 管理,体育场馆;管理,体育场馆,是,体育场馆,0.95,direct,6,1
91511528MAD163G989,兴文巴斯光年体育培训学校有限责任公司,8392,体育培训,体育培训,体育培训,体育培训,是,体育培训,0.95,direct,4,1
91511528309469843G,兴文县西部民族文化服务有限公司,1821,针织或钩针编织服装制造,针织 钩针 编织 服装 制造,钩针;针织;编织;服装;制造,,是,体育用品,0.75,direct,11,0
91511528MA62UN209N,宜宾兴文劲龙体育文化用品有限公司,5242,体育用品零售,体育用品零售,体育用品零售,体育用品零售,是,体育用品,0.95,direct,6,1
91511528MA7NDR0X50,兴文县圆梦星耀体育培训学校有限公司,8392,体育培训,体育培训,体育培训,体育培训,是,体育培训,0.95,direct,4,1
91511528MA6A1YGJ28,宜宾动乐体育文化发展有限公司,8930,健身休闲服务,健身 休闲 服务,健身;休闲;服务,,是,健身休闲,0.75,direct,6,0
91511528MA62A85T5D,宜宾人众仁户外运动有限责任公司,8392,运动培训,运动培训,运动培训,运动培训,是,体育培训,0.95,direct,4,1
91511528MA63DHFW53,兴文县捷众国际象棋俱乐部有限责任公司,8930,棋牌娱乐服务,棋牌 娱乐 服务,棋牌;娱乐;服务,,是,健身休闲,0.75,direct,6,0
91511528MACREPKC34,宜宾僰城拓展训练有限公司,8930,拓展训练,拓展 训练,拓展;训练,,是,健身休闲,0.75,direct,4,0
91511528MA648FMN49,兴文全域旅游综合服务有限责任公司,8911,体育培训活动服务,体育培训 活动 服务,体育培训;服务;活动,体育培训,是,体育培训,0.95,direct,8,1
91511528MA631TLU4F,兴文县建缘高星文化传播有限公司,8930,茶坊及棋牌娱乐,茶坊 棋牌 娱乐,棋牌;茶坊;娱乐,,是,健身休闲,0.75,direct,7,0
91511528MACM0XJU5Q,兴文县领峰体育发展有限责任公司,8911,体育竞赛组织,体育竞赛 组织,体育竞赛;组织,体育竞赛,是,体育赛事,0.95,direct,6,1
92511528MA7N5F631H,宜宾逐梦者童娱科技有限公司,8912,游艺娱乐活动,游艺 娱乐活动,游艺;娱乐活动,,是,体育管理,0.75,direct,6,0
91511528MA69L3K301,兴文县蓝鲸体育发展有限公司,8392,游泳培训,游泳培训,游泳培训,游泳培训,是,体育培训,0.95,direct,4,1
91511528MA675BW48E,宜宾猎人户外拓展有限公司,8930,户外拓展活动服务,户外拓展 活动 服务,户外拓展;服务;活动,户外拓展,是,健身休闲,0.95,direct,8,1
91511528MA69K22M3D,四川僰王古道体育文化传播有限公司,9052,体育赛事策划,体育 赛事策划,赛事策划;体育,赛事策划,是,体育赛事,0.6,none,6,1
91511528MA66YUGA4N,兴文励奥足球俱乐部,8930,健身休闲活动,健身 休闲活动,休闲活动;健身,,是,健身休闲,0.75,direct,6,0
91511528MACH8AWGXT,兴文县晏兴休闲健身有限责任公司,8930,健身休闲,健身 休闲,健身;休闲,,是,健身休闲,0.75,direct,4,0
91511528MADNNBE49P,兴文县莲盛制衣有限公司,1821,机制服装制造,机制 服装 制造,服装;机制;制造,,是,体育用品,0.75,direct,6,0
91511529MA6BG09W4D,四川帝航商贸有限公司,5142,体育用品及器材批发,体育用品 器材 批发,体育用品;器材;批发,体育用品,是,体育用品,0.95,direct,9,1
92511529MA65KWPM81,屏山县富龙休闲娱乐有限责任公司,8930,健身休闲活动棋牌室服务,健身 休闲活动 棋牌室 服务,休闲活动;棋牌室;健身;服务,,是,健身休闲,0.75,direct,11,0
91511529MAE4C4WM6M,领航者体育文化传播（宜宾）有限公司,8930,健身休闲活动,健身 休闲活动,休闲活动;健身,,是,健身休闲,0.75,direct,6,0
91511529MAACH6RC59,宜宾市引力新材料有限公司,4892,体育场地设施工程施工,体育场地设施 工程施工,体育场地设施;工程施工,体育场地设施,是,体育场馆,0.95,direct,10,1
91511529MACUDGXD7K,屏山思迈健身管理有限公司,8930,健身休闲活动,健身 休闲活动,休闲活动;健身,,是,健身休闲,0.75,direct,6,0
91511529MA68GPBY9Q,屏山县德武武术培训有限责任公司,8392,体校及体育培训,体校 体育培训,体育培训;体校,体育培训,是,体育培训,0.95,direct,7,1
91511529MAC7B0CNXR,四川乔氏体育用品有限公司,5242,体育用品及器材零售,体育用品 器材 零售,体育用品;器材;零售,体育用品,是,体育用品,0.95,direct,9,1
91511529MA641PTW1L,四川圣骏体育设施有限公司,5142,体育用品批发,体育用品批发,体育用品批发,体育用品批发,是,体育用品,0.95,direct,6,1
91511529MACL99EU66,屏山无限体育俱乐部有限公司,8921,体育场地设施经营,体育场地设施 经营,体育场地设施;经营,体育场地设施,是,体育场馆,0.95,direct,8,1
91511529MA64QW3182,屏山县白鲨体育文化培训中心,8392,体校及体育培训,体校 体育培训,体育培训;体校,体育培训,是,体育培训,0.95,direct,7,1
91511529MA69UXFD18,屏山县宬瀚教育科技有限公司,5242,体育用品及器材零售,体育用品 器材 零售,体育用品;器材;零售,体育用品,是,体育用品,0.95,direct,9,1
91511529MA7F7JRM51,宜宾屏山县星城物业服务有限公司,8929,其他体育场地设施管理,其他 体育场地设施 管理,体育场地设施;管理;其他,体育场地设施,是,体育场馆,0.95,direct,10,1
91511529MA6BE3UP81,宜宾战魂拓展培训有限公司,8930,休闲健身活动,休闲 健身活动,健身活动;休闲,,是,健身休闲,0.75,direct,6,0
91511681MA688PRT6B,广安市山地拓展服务有限公司,8930,户外拓展服务,户外拓展 服务,户外拓展;服务,户外拓展,是,健身休闲,0.95,direct,6,1
91511602665373047E,广安市鑫海球业有限公司,5242,零售篮球,零售 篮球,篮球;零售,篮球,是,体育用品,0.95,direct,4,1
91511602MA6BL4PR3K,广安聚风体育文化发展有限公司,5142,体育器材批发,体育器材 批发,体育器材;批发,体育器材,是,体育用品,0.95,direct,6,1
91511602MA62B30LX8,广安晓林体育文化发展有限公司,8911,组织体育竞赛,组织 体育竞赛,体育竞赛;组织,体育竞赛,是,体育赛事,0.95,direct,6,1
91511602MA7JRQDR9W,广安星睿体育文化发展有限公司,8911,体育竞赛组织,体育竞赛 组织,体育竞赛;组织,体育竞赛,是,体育赛事,0.95,direct,6,1
91511600MA64UM494C,四川酷飞健康科技有限公司,5242,健身器材零售及安装,健身器材 零售 安装,健身器材;零售;安装,健身器材,是,体育用品,0.95,direct,9,1
91511600MA64XRPA6U,广安市广安区东方星艺术培训学校有限公司,8392,舞蹈体育培训,舞蹈 体育培训,体育培训;舞蹈,体育培训,是,体育培训,0.95,direct,6,1
91511602MA66XJD837,广安友一体育俱乐部有限公司,8911,体育竞赛,体育竞赛,体育竞赛,体育竞赛,是,体育赛事,0.95,direct,4,1
91511602MA68KDBF2K,广安竞辉体育服务有限公司,5242,体育用品及器材零售,体育用品 器材 零售,体育用品;器材;零售,体育用品,是,体育用品,0.95,direct,9,1
91511602MABUKLP269,广安市白伟商贸有限公司,5242,体育用品零售,体育用品零售,体育用品零售,体育用品零售,是,体育用品,0.95,direct,6,1
91511602MACA2GLB6B,四川腾跃亿博商贸有限公司,5242,体育设施零售,体育设施 零售,体育设施;零售,体育设施,是,体育场馆,0.95,direct,6,1
91511602MAC0K9ME7E,广安嘉展文化传媒有限公司,8911,体育和娱乐业,体育 娱乐业,娱乐业;体育,,是,体育管理,0.75,direct,6,0
91511600MA6839T868,广安爱健之光健身服务有限公司,8930,健身休闲服务,健身 休闲 服务,健身;休闲;服务,,是,健身休闲,0.75,direct,6,0
91511600096589795Q,广安市中天奥力健身管理有限公司,8930,保健服务,保健 服务,保健;服务,,是,健身休闲,0.75,direct,4,0
91511602MA655QWQ78,四川众力虹商贸有限公司,5242,体育用品及器材零售,体育用品 器材 零售,体育用品;器材;零售,体育用品,是,体育用品,0.95,direct,9,1
91511600MA62B58JX5,四川浩济燊健康产业有限公司,5242,健身器材零售,健身器材 零售,健身器材;零售,健身器材,是,体育用品,0.95,direct,6,1
91511600MA62B13F4B,广安市旭日体育场地设施工程有限责任公司,4892,旭日体育场地设施工程,旭日 体育场地设施 工程,体育场地设施;旭日;工程,体育场地设施,是,体育场馆,0.95,direct,10,1
91511600MA62B1DD1Q,广安兰迪歌城,8911,歌舞厅娱乐活动,歌舞厅 娱乐活动,歌舞厅;娱乐活动,,是,体育管理,0.75,direct,7,0
91511602555775766G,广安文芝商贸有限责任公司,5242,文化体育用品零售,文化 体育用品零售,体育用品零售;文化,体育用品零售,是,体育用品,0.95,direct,8,1
91511600MA6B283L1B,四川星动华蒙星体育发展有限公司,8911,体育赛事策划,体育 赛事策划,赛事策划;体育,赛事策划,是,体育赛事,0.95,direct,6,1
91511602MAC4RLGL0T,广安市众运篮博体育文化发展有限公司,8911,体育竞赛组织,体育竞赛 组织,体育竞赛;组织,体育竞赛,是,体育赛事,0.95,direct,6,1
91511600MA63ULDT1X,广安市博冠体育文化有限责任公司,5242,体育器材零售,体育器材 零售,体育器材;零售,体育器材,是,体育用品,0.95,direct,6,1
91511600MA67GPQA79,广安飞扬体育文化传播有限公司,7122,体育用品出租,体育用品 出租,体育用品;出租,体育用品,是,体育用品,0.6,none,6,1
91511600MA684GN66R,广安爱健之星健身服务有限公司,8930,健身休闲活动,健身 休闲活动,休闲活动;健身,,是,健身休闲,0.75,direct,6,0
91511602MA62X18N1X,广安超越健身管理有限公司,8930,健身休闲娱乐,健身 休闲 娱乐,健身;休闲;娱乐,,是,健身休闲,0.75,direct,6,0
91511600096232454F,四川欧华盛家具有限公司,5142,体育用品及器材批发,体育用品 器材 批发,体育用品;器材;批发,体育用品,是,体育用品,0.95,direct,9,1
91511602MABWKWKC8F,广安市泳乐体育发展有限公司,8919,未成年人游泳,未成年人 游泳,未成年人;游泳,游泳,是,健身休闲,0.95,direct,6,1
91511602MA670YHU01,广安顺元诗体育设施有限公司,5242,体育设施零售,体育设施 零售,体育设施;零售,体育设施,是,体育场馆,0.95,direct,6,1
91511600MA62B39J0J,广安市广安区鑫龙体育培训学校有限公司,8930,健身服务,健身服务,健身服务,健身服务,是,健身休闲,0.95,direct,4,1
91511602MA663QJ872,广安市奇乐熊娱乐有限公司,8912,游艺娱乐活动,游艺 娱乐活动,游艺;娱乐活动,,是,体育管理,0.75,direct,6,0
91511602MA7EFPLC4Q,四川魔鞋部落教育咨询有限公司,8392,户外培训,户外 培训,户外;培训,,是,体育培训,0.75,direct,4,0
915116023562947834,广安鑫柏利商贸有限公司,5242,文化体育用品零售,文化 体育用品零售,体育用品零售;文化,体育用品零售,是,体育用品,0.95,direct,8,1
91511602LS1601993U,广安金泰印象健身有限公司,8930,健康服务,健康 服务,健康;服务,,是,健身休闲,0.75,direct,4,0
91511600MA66J5Y584,广安博德商贸有限公司,5242,健身器材零售,健身器材 零售,健身器材;零售,健身器材,是,体育用品,0.95,direct,6,1
91511602MA63FUAF01,广安伟华体育用品有限公司,5142,体育用品及器材批发,体育用品 器材 批发,体育用品;器材;批发,体育用品,是,体育用品,0.95,direct,9,1
91511602MACJR0DR78,四川臻慧美健身服务有限公司,8992,健身服务,健身服务,健身服务,健身服务,是,健身休闲,0.6,none,4,1
91511602MACFKMUN0G,广安巨浪恒温游泳俱乐部有限公司,8930,健身休闲活动,健身 休闲活动,休闲活动;健身,,是,健身休闲,0.75,direct,6,0
91511602MACNXK4MXP,广安梓安体育场馆管理有限公司,5242,体育器材零售,体育器材 零售,体育器材;零售,体育器材,是,体育用品,0.95,direct,6,1
91511602MA7HCBD116,广安市广安区沁悦美美健身服务有限公司,8930,健身休闲活动,健身 休闲活动,休闲活动;健身,,是,健身休闲,0.75,direct,6,0
91511602MA7L0AQM1W,广安劲道体育用品有限公司,5142,体育用品及器材零售,体育用品 器材 零售,体育用品;器材;零售,体育用品,是,体育用品,0.95,direct,9,1
91511602MACTY01R8J,广安市骏捷商贸有限公司,5242,体育器材零售,体育器材 零售,体育器材;零售,体育器材,是,体育用品,0.95,direct,6,1
91511602MA7HMMH38J,广安市天裕户外用品有限公司,2449,体育用品制造,体育用品制造,体育用品制造,体育用品制造,是,体育用品,0.95,direct,6,1
91511600MA67JW7BXH,四川兄弟体育发展有限公司,5242,体育用品零售,体育用品零售,体育用品零售,体育用品零售,是,体育用品,0.95,direct,6,1
91511602MA64M0U53E,广安市在路上户外拓展有限公司,5242,户外用品零售,户外用品 零售,户外用品;零售,,是,体育用品,0.75,direct,6,0
91511603MA66A6DN5G,广安市龙猫服饰有限公司,1811,生产运动服装,生产 运动服装,运动服装;生产,运动服装,是,体育用品,0.6,none,6,1
91511603MA64Y95K7H,广安市鸿美嘉服饰有限公司,1821,生产运动服,生产 运动服,运动服;生产,,是,体育用品,0.75,direct,5,0
91511603MA661FB852,四川省欣辰服饰有限公司,1821,服装制造,服装 制造,服装;制造,,是,体育用品,0.75,direct,4,0
91511603MA67RPEC7K,四川鹤盛服饰有限公司,1821,运动休闲针织服装制造,运动 休闲 针织 服装 制造,针织;休闲;服装;制造;运动,,是,体育用品,0.75,direct,10,0
91511603MA66YAG594,四川俊乔针织服装有限公司,1821,运动休闲针织服装制造,运动 休闲 针织 服装 制造,针织;休闲;服装;制造;运动,,是,体育用品,0.75,direct,10,0
91511603MAC2DP6088,广安市星予体育文化发展有限公司,8921,篮球管运营,篮球 运营,篮球;运营,篮球,是,体育用品,0.95,direct,5,1
91511603MADND20M8X,广安市精锐拓展训练有限公司,8930,健身休闲活动,健身 休闲活动,休闲活动;健身,,是,健身休闲,0.75,direct,6,0
91511603MA7MB5D813,广安前锋缘奥游泳馆管理有限责任公司,8921,体育场馆管理,体育场馆 管理,体育场馆;管理,体育场馆,是,体育场馆,0.95,direct,6,1
91511603MAE9WWMF5A,四川锐变拓展训练有限公司,8930,健身休闲活动,健身 休闲活动,休闲活动;健身,,是,健身休闲,0.75,direct,6,0
91511621MAD9WFK011,广安九号文化娱乐有限公司,8930,健身休闲活动,健身 休闲活动,休闲活动;健身,,是,健身休闲,0.75,direct,6,0
91511621MADC10X90A,岳池星家游乐有限责任公司,8919,体育和娱乐业,体育 娱乐业,娱乐业;体育,,是,体育管理,0.75,direct,6,0
91511621MA6BMAAY7Y,岳池帝恩健身服务有限公司,8930,健身休闲活动,健身 休闲活动,休闲活动;健身,,是,健身休闲,0.75,direct,6,0
91511621MA65423K2F,岳池县沁悦美健身有限公司,8930,健身休闲活动,健身 休闲活动,休闲活动;健身,,是,健身休闲,0.75,direct,6,0
91511621MA67P7NL8B,岳池精武体育培训学校有限公司,8392,跆拳道教学,跆拳道 教学,跆拳道;教学,跆拳道,是,健身休闲,0.95,direct,5,1
91511621MAC8DPUT3C,四川省岳池县米娜喵商贸有限责任公司,5142,体育用品及器材批发,体育用品 器材 批发,体育用品;器材;批发,体育用品,是,体育用品,0.95,direct,9,1
91511621MA62B62840,四川诚优体育文化有限公司,9052,体育赛事策划,体育 赛事策划,赛事策划;体育,赛事策划,是,体育赛事,0.6,none,6,1
91511621MA641KJQ54,广安市致远户外拓展有限公司,8930,室外休闲健身服务,室外 休闲 健身服务,健身服务;室外;休闲,健身服务,是,健身休闲,0.95,direct,8,1
91511621MACBY3459H,广安川山甲户外拓展有限公司,8930,拓展训练,拓展 训练,拓展;训练,,是,健身休闲,0.75,direct,4,0
91511621MA66BM8P9P,四川掌控者体育文化发展有限公司,8392,篮球培训,篮球培训,篮球培训,篮球培训,是,体育培训,0.95,direct,4,1
91511621MAACFU4C3M,四川省承清拓展训练有限公司,8930,健身休闲活动,健身 休闲活动,休闲活动;健身,,是,健身休闲,0.75,direct,6,0
91511621MA7JEM7AXY,四川蜕变体育文化发展有限公司,8911,体育竞赛组织,体育竞赛 组织,体育竞赛;组织,体育竞赛,是,体育赛事,0.95,direct,6,1
91511621MACKDPC88G,岳池竞辉体育文化发展有限公司,8930,健身休闲活动,健身 休闲活动,休闲活动;健身,,是,健身休闲,0.75,direct,6,0
91511621MA6AT5ME3G,四川省世奥体育设施有限公司,2449,体育用品制造,体育用品制造,体育用品制造,体育用品制造,是,体育用品,0.95,direct,6,1
91511621MAC158PC64,四川漫馨文化传播有限责任公司,9052,健身服务,健身服务,健身服务,健身服务,是,健身休闲,0.6,none,4,1
91511621MABRKFX529,广安博达拓展训练有限公司,8930,健身休闲活动,健身 休闲活动,休闲活动;健身,,是,健身休闲,0.75,direct,6,0
91511621MA7F1T1Q7Y,岳池弘强体育文化发展有限公司,8930,健身休闲活动,健身 休闲活动,休闲活动;健身,,是,健身休闲,0.75,direct,6,0
92511622MABWE4TD4K,武胜县先均休闲健身有限公司,8930,健身休闲活动,健身 休闲活动,休闲活动;健身,,是,健身休闲,0.75,direct,6,0
91511622MADE9KWL21,广安武体体育场馆管理有限公司,8921,体育场馆管理,体育场馆 管理,体育场馆;管理,体育场馆,是,体育场馆,0.95,direct,6,1
91511622MABNK6RC3J,武胜曼巴体育文化发展有限公司,9052,体育表演,体育表演,体育表演,体育表演,是,体育赛事,0.6,none,4,1
91511622MA62HNK450,四川新鸿图蔚蓝体育文化发展有限公司,8911,组织体育赛事,组织 体育赛事,体育赛事;组织,体育赛事,是,体育赛事,0.95,direct,6,1
91511622MABYRAQE2U,广安猎鹰拓展训练有限公司,8911,体育健身,体育 健身,健身;体育,,是,体育管理,0.75,direct,4,0
91511622MA64BW2T9L,广安秉昊商贸有限公司,5242,零售体育用品,零售 体育用品,体育用品;零售,体育用品,是,体育用品,0.95,direct,6,1
91511622MA62B0229C,武胜县必和必拓贸易有限公司,5142,体育设施批发,体育设施 批发,体育设施;批发,体育设施,是,体育场馆,0.95,direct,6,1
91511622MABQALPX17,武胜小飞人体育文化传播有限公司,8911,体育管理,体育管理,体育管理,体育管理,是,体育管理,0.95,direct,4,1
91511622MA68XW467T,武胜零度健身服务有限公司,8930,健身房服务,健身房 服务,健身房;服务,健身房,是,健身休闲,0.95,direct,5,1
91511622MA65D0YXXC,广安铭阳体育咨询有限公司,7246,体育咨询,体育咨询,体育咨询,体育咨询,是,体育管理,0.6,none,4,1
91511622MACHKWET77,武胜八号篮球俱乐部有限公司,5242,户外用品零售,户外用品 零售,户外用品;零售,,是,体育用品,0.75,direct,6,0
92511622MABQAH0F4N,武胜县芸姐休闲健身有限公司,8930,健身服务,健身服务,健身服务,健身服务,是,健身休闲,0.95,direct,4,1
91511622MAACMCX768,四川雷鹰拓展训练有限公司,8930,健身休闲活动,健身 休闲活动,休闲活动;健身,,是,健身休闲,0.75,direct,6,0
92511622MA6712PE9T,武胜县李吉强渔具有限公司,5242,渔具零售,渔具 零售,渔具;零售,渔具,是,体育用品,0.95,direct,4,1
91511622MAD8XXWD80,广安君子好逑娱乐有限公司,8930,健身休闲活动,健身 休闲活动,休闲活动;健身,,是,健身休闲,0.75,direct,6,0
91511622MA7G0QD831,武胜超会玩户外拓展有限公司,8930,健身休闲活动,健身 休闲活动,休闲活动;健身,,是,健身休闲,0.75,direct,6,0
91511623MA69M4592R,广安市迈尚健身服务有限公司,8930,健身,健身,健身,,是,健身休闲,0.75,direct,2,0
91511623MA6A8MDU98,四川省拾叁号体育文化发展有限责任公司,8930,健身休闲活动,健身 休闲活动,休闲活动;健身,,是,健身休闲,0.75,direct,6,0
91511623MA623U34XM,邻水县飞炫跆拳道培训学校有限公司,8392,跆拳道培训,跆拳道培训,跆拳道培训,跆拳道培训,是,体育培训,0.95,direct,5,1
91511623MA63BXNR85,邻水县英之杰跆拳道培训学校有限责任公司,8392,跆拳道培训,跆拳道培训,跆拳道培训,跆拳道培训,是,体育培训,0.95,direct,5,1
91511623MACHRU1C8P,广安启航篮球俱乐部有限公司,8392,教育咨询服务,教育 咨询服务,咨询服务;教育,,是,体育培训,0.75,direct,6,0
91511623MACMD8BW3M,广安邻水县张教官户外拓展有限责任公司,8930,户外拓展服务,户外拓展 服务,户外拓展;服务,户外拓展,是,健身休闲,0.95,direct,6,1
91511623MAACJB7R5T,邻水县星源篮球俱乐部有限责任公司,8930,健身娱乐,健身 娱乐,健身;娱乐,,是,健身休闲,0.75,direct,4,0
91511623MA672K720U,广安市心光体育有限公司,8930,休闲健身活动,休闲 健身活动,健身活动;休闲,,是,健身休闲,0.75,direct,6,0
91511623MA62B2X80W,邻水县盛夏商贸有限公司,5242,体育用具零售,体育 用具 零售,用具;体育;零售,,是,体育用品,0.75,direct,6,0
91511623MA642Y6H2K,邻水县天狼健身服务有限公司,8930,健身服务,健身服务,健身服务,健身服务,是,健身休闲,0.95,direct,4,1
91511623MACL908M8H,四川思达体育发展有限公司,8392,游泳培训,游泳培训,游泳培训,游泳培训,是,体育培训,0.95,direct,4,1
91511623MA62B0T8X7,四川瑜徒文化发展有限公司,2449,体育用品制造,体育用品制造,体育用品制造,体育用品制造,是,体育用品,0.95,direct,6,1
91511623MAC88YTY5R,广安蓝鲸体育文化发展有限责任公司,8930,游泳健身训练,游泳 健身 训练,健身;游泳;训练,游泳,是,健身休闲,0.95,direct,6,1
92511623MA67NUUE71,邻水县飞鲨恒温游泳俱乐部,8930,游泳服务,游泳 服务,游泳;服务,游泳,是,健身休闲,0.95,direct,4,1
91511623MA65LNA38J,邻水县壹鸣体育文化发展有限公司,8919,其他体育组织,其他 体育组织,体育组织;其他,体育组织,是,体育管理,0.95,direct,6,1
91511623MA6CK25X5H,邻水县柑子镇巾帼健身队,8930,健身服务,健身服务,健身服务,健身服务,是,健身休闲,0.95,direct,4,1
91511623MA69AT149D,邻水县圆梦文化传播有限公司,8912,中小学教育培训,中小学 教育 培训,中小学;培训;教育,,是,体育管理,0.75,direct,7,0
91511623MA641UBGX5,邻水县起远行艺术培训学校有限公司,8392,体育类培训,体育类 培训,体育类;培训,,是,体育培训,0.75,direct,5,0
91511623MA69PTWG6E,邻水县毅力博跆拳道培训学校有限责任公司,8392,教授跆拳道,教授 跆拳道,跆拳道;教授,跆拳道,是,健身休闲,0.95,direct,5,1
92511623MA63NMXE01,邻水县文琼金鑫办公体育用品经营部,5242,办公用品体育用品零售,办公用品 体育用品零售,体育用品零售;办公用品,体育用品零售,是,体育用品,0.95,direct,10,1
91511623MA7MRBUE2J,四川伊途户外用品有限公司,5242,户外用品零售,户外用品 零售,户外用品;零售,,是,体育用品,0.75,direct,6,0
91511602MACMTAB987,广安途悦体育文化发展有限公司,8919,其他体育运动,其他 体育运动,体育运动;其他,,是,体育管理,0.75,direct,6,0
91511600MACLN0TB8P,广安零贰零健身有限公司,8930,零贰零健身,健身,健身,,是,健身休闲,0.75,direct,5,0
91511600MA62YTHE7T,广安领域探索者户外拓展有限公司,9052,户外运动策划服务,户外运动 策划 服务,户外运动;策划;服务,户外运动,是,健身休闲,0.6,none,8,1
91511600MA65EFWU99,广安伟林体育文化发展有限公司,8921,体育场地设施管理服务,体育场地设施 管理 服务,体育场地设施;服务;管理,体育场地设施,是,体育场馆,0.95,direct,10,1
91511600MAC8W2ML8J,广安市浩宇泰商贸有限公司,5242,体育器材零售,体育器材 零售,体育器材;零售,体育器材,是,体育用品,0.95,direct,6,1
91511622MAC70H757D,广安壮志户外拓展有限公司,8930,健身休闲活动,健身 休闲活动,休闲活动;健身,,是,健身休闲,0.75,direct,6,0
91511681MA68JEHM52,华蓥萤火虫拓展训练有限公司,8930,拓展训练,拓展 训练,拓展;训练,,是,健身休闲,0.75,direct,4,0
91511681MA6CK4U932,华蓥市腾晖体育经纪有限公司,5242,体育用品零售,体育用品零售,体育用品零售,体育用品零售,是,体育用品,0.95,direct,6,1
91511681MA7HQMPW83,四川缘勇体育俱乐部有限责任公司,8919,体育组织,体育组织,体育组织,体育组织,是,体育管理,0.95,direct,4,1
91511681MABUW7CW6T,华蓥市炫武跆拳道培训学校有限公司,8392,体育类培训,体育类 培训,体育类;培训,,是,体育培训,0.75,direct,5,0
91511681MAACHGJJ9T,华蓥市星悦武术培训学校有限公司,8392,跆拳道培训,跆拳道培训,跆拳道培训,跆拳道培训,是,体育培训,0.95,direct,5,1
91511681MA69E97K5N,四川朝辉体育文化有限责任公司,8930,健身运动,健身运动,健身运动,,是,健身休闲,0.75,direct,4,0
91511681MACF35RB44,四川彼斐特健身有限公司,8930,健身休闲活动组织,健身 休闲活动 组织,休闲活动;健身;组织,,是,健身休闲,0.75,direct,8,0
91511681MA6B69G314,广安市缘武体育发展有限责任公司,8919,体育娱乐,体育 娱乐,体育;娱乐,,是,体育管理,0.75,direct,4,0
91511681MA652HN30E,华蓥市十八湾越野赛车俱乐部有限责任公司,8911,赛车场服务,赛车场 服务,赛车场;服务,,是,体育管理,0.75,direct,5,0
91511681MA62B4XN9M,华蓥市泥山寨拓展培训有限公司,8930,拓展训练,拓展 训练,拓展;训练,,是,健身休闲,0.75,direct,4,0
91511702MA62E72Q07,达州市添晟户外运动有限公司,8930,拓展活动,拓展 活动,拓展;活动,,是,健身休闲,0.75,direct,4,0
91511700MA68UX9B6A,达州市新达商体育文化发展有限公司,8911,体育赛事策划,体育 赛事策划,赛事策划;体育,赛事策划,是,体育赛事,0.95,direct,6,1
91511702MAD4405T5A,四川义晨体育文化发展有限公司,7246,体育赛事策划,体育 赛事策划,赛事策划;体育,赛事策划,是,体育赛事,0.6,none,6,1
91511702MA65MUY19Q,达州铭翔拓展训练有限公司,8930,拓展训练,拓展 训练,拓展;训练,,是,健身休闲,0.75,direct,4,0
91511702MA681GALX6,达州市一木瑜伽有限公司,9052,体育服务,体育服务,体育服务,体育服务,是,体育管理,0.6,none,4,1
91511702MA7LFLDU6M,达州健匠乒乓球俱乐部中心,8392,体育培训,体育培训,体育培训,体育培训,是,体育培训,0.95,direct,4,1
91511702MA64DWF72T,达州市杨逍休闲健身服务中心,8930,健身休闲活动,健身 休闲活动,休闲活动;健身,,是,健身休闲,0.75,direct,6,0
91511702MA67YC942D,达州市通川区小果健身服务有限公司,8930,健身服务,健身服务,健身服务,健身服务,是,健身休闲,0.95,direct,4,1
91511702MABQ6DW963,达州市小勇士体育俱乐部有限公司,8911,体育竞赛组织,体育竞赛 组织,体育竞赛;组织,体育竞赛,是,体育赛事,0.95,direct,6,1
91511702MAD6G0DM6P,四川高远体育发展有限公司,8911,体育竞赛,体育竞赛,体育竞赛,体育竞赛,是,体育赛事,0.95,direct,4,1
91511702MAD043JP6F,达州市卓达体育文化发展有限责任公司,8919,体育竞赛组织,体育竞赛 组织,体育竞赛;组织,体育竞赛,是,体育赛事,0.95,direct,6,1
91511702MAD6WCFU4N,达州市通川区卓跃体育培训学校有限公司,8392,体育培训,体育培训,体育培训,体育培训,是,体育培训,0.95,direct,4,1
91511702MAC7QU3AX8,达州活力羽毛球俱乐部,8911,体育竞赛组,体育竞赛,体育竞赛,体育竞赛,是,体育赛事,0.95,direct,5,1
91511702MABXMRPXXA,达州市炳辉商贸有限公司,5242,体育用品零售,体育用品零售,体育用品零售,体育用品零售,是,体育用品,0.95,direct,6,1
91511702MA7KTJU09N,达州市九州健身有限公司,8930,健身休闲活动,健身 休闲活动,休闲活动;健身,,是,健身休闲,0.75,direct,6,0
91511702MACWGWLQ9Q,达州市芒腾体育文化发展有限公司,8911,体育竞赛组织,体育竞赛 组织,体育竞赛;组织,体育竞赛,是,体育赛事,0.95,direct,6,1
91511702MA67DBEF7R,达州市泳乐体育场馆管理有限公司,8921,体育场馆管理,体育场馆 管理,体育场馆;管理,体育场馆,是,体育场馆,0.95,direct,6,1
91511700MA625F0751,达州市动武岚健身有限责任公司,8930,休闲健身服务,休闲 健身服务,健身服务;休闲,健身服务,是,健身休闲,0.95,direct,6,1
91511702MA65GF7F84,达州辛巴户外运动有限公司,8930,户外运动服务,户外运动 服务,户外运动;服务,户外运动,是,健身休闲,0.95,direct,6,1
91511702MA68529M51,四川向锦大拇指文旅有限公司,8930,拓展训练,拓展 训练,拓展;训练,,是,健身休闲,0.75,direct,4,0
91511702MA67LX9J16,达州市恒武教育文化传播有限公司,8392,跆拳道培训,跆拳道培训,跆拳道培训,跆拳道培训,是,体育培训,0.95,direct,5,1
915117006899483862,达州兰郡健身服务有限公司,8930,健身服务,健身服务,健身服务,健身服务,是,健身休闲,0.95,direct,4,1
91511702MAC7GBXR39,达州市沛文体育赛事策划工作室,8911,体育赛事策划,体育 赛事策划,赛事策划;体育,赛事策划,是,体育赛事,0.95,direct,6,1
91511702MA7JJD5T5K,达州市乘风胜贸易有限公司,5242,体育用品服务,体育用品 服务,体育用品;服务,体育用品,是,体育用品,0.95,direct,6,1
91511702MAC8J36X6C,达州市叁零伍体育文化发展有限公司,8911,体育赛事策划,体育 赛事策划,赛事策划;体育,赛事策划,是,体育赛事,0.95,direct,6,1
91511702MA62RGAM44,达州市探路者体育培训有限公司,8392,体育培训,体育培训,体育培训,体育培训,是,体育培训,0.95,direct,4,1
91511702MABQU788XY,达州市蜀哲户外拓展有限责任公司,8392,户外用品服务,户外用品 服务,户外用品;服务,,是,体育培训,0.75,direct,6,0
91511702MA6BD6654Y,达州市通川区精武跆拳道培训学校有限公司,8930,休闲健身服务,休闲 健身服务,健身服务;休闲,健身服务,是,健身休闲,0.95,direct,6,1
91511702MA63Y20956,达州市恒丰动岚健身有限责任公司,8930,室内休闲健身服务,室内 休闲 健身服务,健身服务;休闲;室内,健身服务,是,健身休闲,0.95,direct,8,1
91511702MA64T10H1E,达州市行者户外拓展有限公司,5142,户外用品批发,户外用品 批发,户外用品;批发,,是,体育用品,0.75,direct,6,0
91511702MA6AK70K9X,达州元辰商贸有限公司,5242,体育用品零售,体育用品零售,体育用品零售,体育用品零售,是,体育用品,0.95,direct,6,1
91511702MABYRMWE3B,达州市启晨健身服务有限公司,8930,健身休闲活动,健身 休闲活动,休闲活动;健身,,是,健身休闲,0.75,direct,6,0
91511702696988060P,达州恒康体育用品有限公司,5242,健身器材零售,健身器材 零售,健身器材;零售,健身器材,是,体育用品,0.95,direct,6,1
91511702MA6BBNJP60,达州欣荣志成商贸有限公司,5142,体育用品批发,体育用品批发,体育用品批发,体育用品批发,是,体育用品,0.95,direct,6,1
91511700MA63XRBB45,达州市蔚来世界健身服务有限公司,8930,室内健身服务,室内 健身服务,健身服务;室内,健身服务,是,健身休闲,0.95,direct,6,1
91511702MA69WKEF7W,四川省起跑线体育赛事策划有限公司,8911,体育赛事策划,体育 赛事策划,赛事策划;体育,赛事策划,是,体育赛事,0.95,direct,6,1
91510100MA61X0LR3E,成都今致体育用品有限公司,5242,体育用品零售,体育用品零售,体育用品零售,体育用品零售,是,体育用品,0.95,direct,6,1
9151170209767406X7,四川省菲仕特健身服务有限责任公司,8930,健身休闲活动,健身 休闲活动,休闲活动;健身,,是,健身休闲,0.75,direct,6,0
91511702MAC7G66B7G,达州市暴风体育发展有限公司,8392,篮球培训,篮球培训,篮球培训,篮球培训,是,体育培训,0.95,direct,4,1
91511700MA67D13U23,达州市伯明顿体育用品有限公司,5242,体育用品及器材零售,体育用品 器材 零售,体育用品;器材;零售,体育用品,是,体育用品,0.95,direct,9,1
91511700MA668TT43C,达州市晨宇欣商贸有限公司,5242,体育器材零售,体育器材 零售,体育器材;零售,体育器材,是,体育用品,0.95,direct,6,1
91511700MA658APX2U,达州市三味体育用品有限公司,5242,文化体育用品,文化 体育用品,体育用品;文化,体育用品,是,体育用品,0.95,direct,6,1
91511700MA679NQP6B,达州市锐克斯体育用品有限公司,5142,体育用品及器材批发,体育用品 器材 批发,体育用品;器材;批发,体育用品,是,体育用品,0.95,direct,9,1
91511702MA7KBCUNXU,达州市通川区领航动岚健身有限公司,5242,体育用品及器材零售,体育用品 器材 零售,体育用品;器材;零售,体育用品,是,体育用品,0.95,direct,9,1
91511700MA62E2W809,达州市训金体育用品有限公司,5142,体育用品批发,体育用品批发,体育用品批发,体育用品批发,是,体育用品,0.95,direct,6,1
91511700326994797M,达州市幸运星体育用品有限公司,5242,零售体育用品,零售 体育用品,体育用品;零售,体育用品,是,体育用品,0.95,direct,6,1
91511700MA67GB8TXH,达州市巴山体育发展集团有限公司,8911,体育赛事组织,体育赛事 组织,体育赛事;组织,体育赛事,是,体育赛事,0.95,direct,6,1
91511702MA7GMT3E72,达州市巨浪体育场馆管理有限公司,8929,体育场地实施经营,体育场地 实施 经营,体育场地;经营;实施,体育场地,是,体育场馆,0.95,direct,8,1
91511700MA62E4MW9G,达州市兴辰体育场馆管理有限公司,8921,体育场馆管理服务,体育场馆 管理 服务,体育场馆;服务;管理,体育场馆,是,体育场馆,0.95,direct,8,1
91511702MA6B12LR36,达州市祺允乒乓球俱乐部,8930,乒乓球运动,乒乓球 运动,乒乓球;运动,乒乓球,是,体育用品,0.95,direct,5,1
91511702MA62E55R21,四川佰雄科技发展有限公司,5142,户外装备,户外装备,户外装备,户外装备,是,体育用品,0.95,direct,4,1
91511702MABQ4G7193,达州市盛彩商贸有限公司,5242,体育用品,体育用品,体育用品,体育用品,是,体育用品,0.95,direct,4,1
91511702MA67EKHL5B,四川华彩人生拓展训练有限公司,8930,健身休闲,健身 休闲,健身;休闲,,是,健身休闲,0.75,direct,4,0
91511702MAC8QTK399,达州市博临贸易有限公司,5242,体育器材零售,体育器材 零售,体育器材;零售,体育器材,是,体育用品,0.95,direct,6,1
91511702MACQKW623W,达州市奥兰文化传播有限公司,8930,健身休闲服务,健身 休闲 服务,健身;休闲;服务,,是,健身休闲,0.75,direct,6,0
91511702MA68AFAY2B,四川柒乐健身有限责任公司,8930,健身休闲活动,健身 休闲活动,休闲活动;健身,,是,健身休闲,0.75,direct,6,0
91511702MA69UB5NXK,达州市双木林文化传媒有限公司,5242,体育用品 及器材,体育用品 器材,体育用品;器材,体育用品,是,体育用品,0.95,direct,8,1
91511700MA6673245C,达州征途体育用品有限公司,8921,体育场所,体育场,体育场,体育场,是,体育场馆,0.95,direct,4,1
91511702MAC7W4860F,达州市智祥天贸易有限公司,5142,体育器材,体育器材,体育器材,体育器材,是,体育用品,0.95,direct,4,1
91511702MA7LJY9L41,达州零度健身有限责任公司,8930,健身休闲活动,健身 休闲活动,休闲活动;健身,,是,健身休闲,0.75,direct,6,0
91511702MABUPY4F1P,达州市星汉体育发展有限公司,8911,体育竞赛组织,体育竞赛 组织,体育竞赛;组织,体育竞赛,是,体育赛事,0.95,direct,6,1
91511702MA68PREA6N,四川宏飞体育管理有限公司,8921,体育场馆管理,体育场馆 管理,体育场馆;管理,体育场馆,是,体育场馆,0.95,direct,6,1
91511702MA62E8KW7Q,达州市镇华鹦鹉养殖有限公司,8930,鹦鹉训练,鹦鹉 训练,鹦鹉;训练,,是,健身休闲,0.75,direct,4,0
91511702MA7FRQBL37,达州市星火鲸众体育文化传播有限公司,8392,篮球培训,篮球培训,篮球培训,篮球培训,是,体育培训,0.95,direct,4,1
91511702MACK10336K,达州市启航金海豚健身管理有限公司,8930,游泳健身,游泳 健身,健身;游泳,游泳,是,健身休闲,0.95,direct,4,1
91511702MA649UFR9W,达州市通川区金家大堰家庭农场,8930,淡水垂钓,淡水 垂钓,垂钓;淡水,,是,健身休闲,0.75,direct,4,0
91511702MACAAGGE2E,达州市通川区九博尺职业培训学校有限公司,8392,职业技能培训服务,职业技能 培训 服务,职业技能;培训;服务,,是,体育培训,0.75,direct,8,0
91511702MA67W1RK78,达州新格瑞体育产业有限公司,8392,体育教育培训,体育教育 培训,体育教育;培训,体育教育,是,体育培训,0.95,direct,6,1
91511702MA7GYQBM08,四川羽帆仔体育文化发展有限公司,9052,体育赛事策划,体育 赛事策划,赛事策划;体育,赛事策划,是,体育赛事,0.6,none,6,1
91511702MACA1FPL5Q,达州恩峻研学户外拓展有限公司,8911,体育竞赛组织,体育竞赛 组织,体育竞赛;组织,体育竞赛,是,体育赛事,0.95,direct,6,1
91511702MABYYWAA6K,达州绿色体育有限公司,8930,健身休闲,健身 休闲,健身;休闲,,是,健身休闲,0.75,direct,4,0
91511703MAD9G0GR9C,四川创新跨文体育发展有限公司,8912,体育保障组织,体育 保障 组织,体育;保障;组织,,是,体育管理,0.75,direct,6,0
91511703MACQHF7A2Q,达州市哇噻健身服务有限责任公司,8930,健身服务,健身服务,健身服务,健身服务,是,健身休闲,0.95,direct,4,1
91511703MA6B2CFJ2X,达州市达川区曼氪健身服务有限公司,8930,室内休闲健身服务,室内 休闲 健身服务,健身服务;休闲;室内,健身服务,是,健身休闲,0.95,direct,8,1
91511703MACYF4CY7R,达州市达川区弘搏体育发展有限公司,8921,文体娱乐,文体 娱乐,文体;娱乐,,是,体育场馆,0.75,direct,4,0
91511703MA7JLU5N3C,达州市飞腾篮球俱乐部有限公司,8392,体育教育,体育教育,体育教育,体育教育,是,体育培训,0.95,direct,4,1
91511703MA6BUH0T50,达州市养脊堂健康咨询有限责任公司,8930,健身服务,健身服务,健身服务,健身服务,是,健身休闲,0.95,direct,4,1
91511703MA7FX1BY4U,达州野战狼体育俱乐部有限公司,8911,体育竞赛,体育竞赛,体育竞赛,体育竞赛,是,体育赛事,0.95,direct,4,1
91511703MA62T8D02M,达州市全星体育发展有限公司,8930,户外运动组织,户外运动 组织,户外运动;组织,户外运动,是,健身休闲,0.95,direct,6,1
91511703MA65L3DD4E,达州晟尚商贸有限公司,5242,体育用品零售,体育用品零售,体育用品零售,体育用品零售,是,体育用品,0.95,direct,6,1
91511703MA684DHR1C,达州波力体育文化有限公司,8930,体育组织,体育组织,体育组织,体育组织,是,体育管理,0.95,direct,4,1
91511703MA65FDPK2Q,达州市茂森商贸有限公司,5242,体育用品零售,体育用品零售,体育用品零售,体育用品零售,是,体育用品,0.95,direct,6,1
91511700MA6441C02W,达州市炫地户外运动有限公司,8930,健身休闲活动策划服务,健身 休闲活动 策划 服务,休闲活动;健身;策划;服务,,是,健身休闲,0.75,direct,10,0
91511703MA69P2032E,四川悦晟玺商贸有限公司,5242,零售体育器材,零售 体育器材,体育器材;零售,体育器材,是,体育用品,0.95,direct,6,1
91511703MA685N4R1B,达州淇凯贸易有限公司,5142,体育用品批发,体育用品批发,体育用品批发,体育用品批发,是,体育用品,0.95,direct,6,1
91511703MA68XJ6U0J,四川优玺体育设施有限公司,5242,零售乒乓球,零售 乒乓球,乒乓球;零售,乒乓球,是,体育用品,0.95,direct,5,1
91511703MA7H34387J,达州市本源瑜伽健身有限公司,8930,健身休闲活动,健身 休闲活动,休闲活动;健身,,是,健身休闲,0.75,direct,6,0
91511703MA677Q1E4K,达州市安鑫天亿体育场馆管理服务有限公司,8930,室内游泳,室内 游泳,游泳;室内,游泳,是,健身休闲,0.95,direct,4,1
91511703MA665DFE6P,四川战狼拓展训练有限公司,8919,拓展训练,拓展 训练,拓展;训练,,是,体育管理,0.75,direct,4,0
91511703MABUF3119E,四川小吉龙户外运动策划有限公司,8919,运动策划,运动 策划,策划;运动,,是,体育管理,0.75,direct,4,0
91511703MA687P0T95,达州奇迹体育有限责任公司,8919,体育组织,体育组织,体育组织,体育组织,是,体育管理,0.95,direct,4,1
91511703MA6BBN326K,达州市恒韦体育发展有限公司,9052,组织体育表演活动,组织 体育表演 活动,体育表演;组织;活动,体育表演,是,体育赛事,0.6,none,8,1
91511703MA626DKG6X,达州市登山电子商务有限公司,5242,零售体育用品,零售 体育用品,体育用品;零售,体育用品,是,体育用品,0.95,direct,6,1
91511722MA647XR87U,达州市大堰滩旅游开发有限公司,8930,休闲观光活动,休闲 观光 活动,观光;休闲;活动,,是,健身休闲,0.75,direct,6,0
91511722MAD18WWC4U,宣汉腾昇体育发展有限公司,8911,体育竞赛组织,体育竞赛 组织,体育竞赛;组织,体育竞赛,是,体育赛事,0.95,direct,6,1
91511722MA67JFEG9K,宣汉县飞鹰体育文化传播有限公司,8911,体育运动训练服务,体育运动 训练 服务,体育运动;训练;服务,,是,体育管理,0.75,direct,8,0
91511722MAC609QT1R,宣汉九月健身服务有限公司,8930,健身休闲活动,健身 休闲活动,休闲活动;健身,,是,健身休闲,0.75,direct,6,0
91511722MA62K8WA6U,宣汉育术商贸有限责任公司,5242,体育用品及器材零售,体育用品 器材 零售,体育用品;器材;零售,体育用品,是,体育用品,0.95,direct,9,1
91511722MA62E4E65H,宣汉县健锐体育器材销售有限公司,5242,体育用品及器材零售,体育用品 器材 零售,体育用品;器材;零售,体育用品,是,体育用品,0.95,direct,9,1
91511722MA62E6AD27,宣汉县菲碧健身服务有限公司,8930,器械健身活动,器械 健身活动,健身活动;器械,,是,健身休闲,0.75,direct,6,0
91511722MA67RBF74R,宣汉县铜锣寨拓展训练有限公司,8930,健身休闲活动,健身 休闲活动,休闲活动;健身,,是,健身休闲,0.75,direct,6,0
91511722MA64UPM2XJ,达州市北极兴商贸有限责任公司,5142,体育用品及器材批发,体育用品 器材 批发,体育用品;器材;批发,体育用品,是,体育用品,0.95,direct,9,1
91511722MA628BKK4C,四川康迩美健身有限公司,8930,体育健身服务,体育 健身服务,健身服务;体育,健身服务,是,健身休闲,0.95,direct,6,1
91511722MAC00UWY2A,宣汉舞动武体育俱乐部,8911,体育竞赛组织,体育竞赛 组织,体育竞赛;组织,体育竞赛,是,体育赛事,0.95,direct,6,1
91511722MA7MMG9L2E,达州跃腾体育俱乐部有限公司,8911,体育竞赛组织,体育竞赛 组织,体育竞赛;组织,体育竞赛,是,体育赛事,0.95,direct,6,1
91511722MABMFURY07,四川省捷驰体育发展有限公司,8911,体育竞赛组织,体育竞赛 组织,体育竞赛;组织,体育竞赛,是,体育赛事,0.95,direct,6,1
91511722MABQD4BJ86,宣汉力博体育文化发展有限公司,8930,体育健身,体育 健身,健身;体育,,是,健身休闲,0.75,direct,4,0
91511722MABYCBNL1B,宣汉翱翔体育发展有限公司,9052,体育赛事策划,体育 赛事策划,赛事策划;体育,赛事策划,是,体育赛事,0.6,none,6,1
91511722MA66GDM654,宣汉战旗红拓展训练有限公司,8930,健身休闲活动,健身 休闲活动,休闲活动;健身,,是,健身休闲,0.75,direct,6,0
91511722MA66LY4Y43,宣汉县弘德武术学校,8392,武术教育,武术 教育,武术;教育,武术,是,健身休闲,0.95,direct,4,1
91511722MA6A1T4K0M,宣汉县普光悦动体育俱乐部有限公司,8930,体育服务业,体育 服务业,体育;服务业,,是,健身休闲,0.75,direct,5,0
91511722MA656UCDXP,宣汉县澳达健身服务有限公司,8930,健身休闲活动,健身 休闲活动,休闲活动;健身,,是,健身休闲,0.75,direct,6,0
91511722MACQMX061E,宣汉慧动体育俱乐部有限责任公司,8921,体育场地设施经营,体育场地设施 经营,体育场地设施;经营,体育场地设施,是,体育场馆,0.95,direct,8,1
91511722MA67810T8Q,四川巴山大峡谷狩猎场管理有限公司,8930,休闲娱乐服务,休闲 娱乐 服务,休闲;娱乐;服务,,是,健身休闲,0.75,direct,6,0
91511723MA65PW6W67,开江县精武武文化传播有限公司,8392,武术培训,武术培训,武术培训,武术培训,是,体育培训,0.95,direct,4,1
91511723MA62EBA26T,开江县健强体育文化发展有限公司,8911,体育竟赛组织,体育 竟赛 组织,竟赛;体育;组织,,是,体育管理,0.75,direct,6,0
91511723MA629RPP6Q,达州腾悦拓展训练有限公司,8392,游泳培训,游泳培训,游泳培训,游泳培训,是,体育培训,0.95,direct,4,1
91511723MACWUFGF77,开江县启航金海豚知道健身管理有限责任公司,8930,健身服务,健身服务,健身服务,健身服务,是,健身休闲,0.95,direct,4,1
91511723MAACQATH97,开江海翔体育文化发展有限公司,8929,其他体育场地设施管理,其他 体育场地设施 管理,体育场地设施;管理;其他,体育场地设施,是,体育场馆,0.95,direct,10,1
91511723MAC8QPHC29,四川匹豹体育用品有限公司,5242,体育用品零售,体育用品零售,体育用品零售,体育用品零售,是,体育用品,0.95,direct,6,1
91511723MA7MXEBD4N,开江县茁悦体育文化发展有限公司,9052,组织体育表演活动,组织 体育表演 活动,体育表演;组织;活动,体育表演,是,体育赛事,0.6,none,8,1
91511723MACY32J29Q,开江县启航金海豚未来健身管理有限责任公司,8911,体育赛事策划,体育 赛事策划,赛事策划;体育,赛事策划,是,体育赛事,0.95,direct,6,1
91511723MAC3P02R1K,四川博华体育用品有限公司,2442,体育用品及器材制造,体育用品 器材 制造,体育用品;器材;制造,体育用品,是,体育用品,0.95,direct,9,1
91511723MA69MUY040,四川炫克体育用品有限公司,2441,体育用品制造,体育用品制造,体育用品制造,体育用品制造,是,体育用品,0.95,direct,6,1
91511723MA62E3NY9B,四川省斯博特服装有限公司,1821,运动针织服装生产,运动 针织 服装 生产,针织;服装;运动;生产,,是,体育用品,0.75,direct,8,0
91511723314589583T,开江县勇达服装有限公司,1821,服装生产,服装 生产,服装;生产,,是,体育用品,0.75,direct,4,0
91511723MA68L7L45K,四川省上禾服饰有限公司,1821,服装生产,服装 生产,服装;生产,,是,体育用品,0.75,direct,4,0
91511723MABMWR6X38,四川凡达体育用品厂,2441,足球制造,足球 制造,足球;制造,足球,是,体育用品,0.95,direct,4,1
91511724MA64EPN37D,达州市韦恩健身服务有限公司,8930,健身服务,健身服务,健身服务,健身服务,是,健身休闲,0.95,direct,4,1
91511724MABW17LL65,四川云洋体育发展有限公司,8921,体育场馆管理,体育场馆 管理,体育场馆;管理,体育场馆,是,体育场馆,0.95,direct,6,1
92511724MA64NGEC8L,大竹县搏龙跆拳道俱乐部,8992,健身服务,健身服务,健身服务,健身服务,是,健身休闲,0.6,none,4,1
91511724MAC6LM4G5Q,大竹鑫力鼎体育文化推广有限公司,8930,健身服务,健身服务,健身服务,健身服务,是,健身休闲,0.95,direct,4,1
91511724MA64FQ1U6T,大竹县金海豚游泳健身服务有限公司,8930,文化体育和娱乐业,文化 体育 娱乐业,娱乐业;体育;文化,,是,健身休闲,0.75,direct,8,0
91511724MABR3KR713,达州智衡拓展训练有限公司,8930,健身休闲活动,健身 休闲活动,休闲活动;健身,,是,健身休闲,0.75,direct,6,0
91511724MA6A3K6W8W,大竹县芳婕瑜伽健身有限公司,8930,健身休闲活动,健身 休闲活动,休闲活动;健身,,是,健身休闲,0.75,direct,6,0
91511724MACHJEYX2T,大竹星客游乐有限公司,8912,游艺娱乐活动,游艺 娱乐活动,游艺;娱乐活动,,是,体育管理,0.75,direct,6,0
91511724MA62E5NP05,大竹聚星健身服务有限公司,8930,跆拳道健身服务,跆拳道 健身服务,健身服务;跆拳道,跆拳道;健身服务,是,健身休闲,0.95,direct,7,2
91511724MA7GPP2791,达州市青青小草体育发展有限责任公司,8911,体育竞赛组织,体育竞赛 组织,体育竞赛;组织,体育竞赛,是,体育赛事,0.95,direct,6,1
91511724MAACH90T02,大竹县博海体育文化传播有限公司,8392,体育培训服务机构,体育培训 服务 机构,体育培训;服务;机构,体育培训,是,体育培训,0.95,direct,8,1
91511724MA7MJ9AG23,达州市万辉体育发展有限公司,5242,体育用品零售,体育用品零售,体育用品零售,体育用品零售,是,体育用品,0.95,direct,6,1
91511724MA68Y4EF3W,大竹斐派健身会所,8930,休闲健身活动,休闲 健身活动,健身活动;休闲,,是,健身休闲,0.75,direct,6,0
91511724MACA6YFE3X,四川莱福健健康管理咨询有限公司,5242,健身器材零售,健身器材 零售,健身器材;零售,健身器材,是,体育用品,0.95,direct,6,1
91511724MA6BTG5J7Q,达州市前路体育用品有限公司,2442,体育用品及配件制造,体育用品 配件 制造,体育用品;配件;制造,体育用品,是,体育用品,0.95,direct,9,1
91511724MACQY8QY3G,大竹县全记罗体育用品销售店,5242,体育用品及器材零售,体育用品 器材 零售,体育用品;器材;零售,体育用品,是,体育用品,0.95,direct,9,1
91511725MA6AQ24N8H,渠县三尺体育俱乐部,9052,体育赛事组织,体育赛事 组织,体育赛事;组织,体育赛事,是,体育赛事,0.6,none,6,1
91511725MABQAFPPX4,渠县非常体育发展有限责任公司,9052,体育用品零售和体育竞赛组织,体育用品零售 体育竞赛 组织,体育用品零售;体育竞赛;组织,体育用品零售;体育竞赛,是,体育用品,0.6,none,13,2
91511725MAC9RG673D,渠县启航足球俱乐部有限公司,8911,体育竞赛组织,体育竞赛 组织,体育竞赛;组织,体育竞赛,是,体育赛事,0.95,direct,6,1
91511725MA7DWCEN69,渠县世纪凯乐健身服务有限责任公司,8930,健身游泳服务,健身 游泳 服务,健身;游泳;服务,游泳,是,健身休闲,0.95,direct,6,1
91511725MA65RE7Y0K,渠县通禅瑜伽健身有限公司,8930,健身休闲活动,健身 休闲活动,休闲活动;健身,,是,健身休闲,0.75,direct,6,0
91511725MA69QNDY15,渠县雅韵菲林游泳服务有限公司,8930,游泳馆管理服务,游泳馆 管理 服务,游泳馆;服务;管理,游泳馆,是,体育场馆,0.95,direct,7,1
91511725MAD2M51H1T,达州科顺文化传播有限公司,8930,健身休闲活动,健身 休闲活动,休闲活动;健身,,是,健身休闲,0.75,direct,6,0
91511725MA68P5590R,渠县礼尚健身服务有限公司,8919,体育类社会服务,体育类 社会 服务,体育类;服务;社会,,是,体育管理,0.75,direct,7,0
91511725MAACG7AB66,达州一梵瑜伽健身有限公司,8930,健身休闲活动,健身 休闲活动,休闲活动;健身,,是,健身休闲,0.75,direct,6,0
91511725MA67WDTM97,渠县尚水菲林体育服务有限公司,8930,健身服务,健身服务,健身服务,健身服务,是,健身休闲,0.95,direct,4,1
91511725MA62E1XC7Q,渠县忠成体育发展有限公司,8392,课外兴趣教育,课外 兴趣 教育,课外;兴趣;教育,,是,体育培训,0.75,direct,6,0
91511725MA6946P389,渠县渠江力美健身房,8930,健身休闲活动,健身 休闲活动,休闲活动;健身,,是,健身休闲,0.75,direct,6,0
91511725MA7N5XG853,渠县拾光乐动体育发展有限责任公司,9052,体育赛事策划,体育 赛事策划,赛事策划;体育,赛事策划,是,体育赛事,0.6,none,6,1
91511725MA6BWU16X7,渠县巨人武术文化传播有限公司,8392,体育培训健身服务,体育培训 健身服务,体育培训;健身服务,体育培训;健身服务,是,体育培训,0.95,direct,8,2
91511725MA7FJCRP6G,四川德亮体育文化发展有限公司,8930,健身休闲活动,健身 休闲活动,休闲活动;健身,,是,健身休闲,0.75,direct,6,0
91511725MA6B3YQY0W,四川铁拳健身有限公司,8921,体育场地设施经营,体育场地设施 经营,体育场地设施;经营,体育场地设施,是,体育场馆,0.95,direct,8,1
91511725MAC64WRL7F,渠县东辰菲林体育发展有限公司,8930,体育健身休闲活动,体育 健身 休闲活动,休闲活动;健身;体育,,是,健身休闲,0.75,direct,8,0
91511725MACRL0AP6W,渠县精诚健身服务有限公司,8930,健身服务,健身服务,健身服务,健身服务,是,健身休闲,0.95,direct,4,1
91511725MA67EPD28J,渠县动欣岚健身有限责任公司,8930,健身休闲活动,健身 休闲活动,休闲活动;健身,,是,健身休闲,0.75,direct,6,0
91511725MACCGD926Y,渠县崇德超越演艺有限责任公司,9052,体育表演服务活动,体育表演 服务 活动,体育表演;服务;活动,体育表演,是,体育赛事,0.6,none,8,1
92511725MA64E7YG4N,渠县临巴镇石子社区老年人协会第二活动室,8930,棋牌服务,棋牌 服务,棋牌;服务,,是,健身休闲,0.75,direct,4,0
91511725MADBBY4H80,渠县瑞杰服饰有限公司,1821,服装制造,服装 制造,服装;制造,,是,体育用品,0.75,direct,4,0
91511725MA7FR9BL7H,渠县晨希健身服务俱乐部,8930,健身服务,健身服务,健身服务,健身服务,是,健身休闲,0.95,direct,4,1
91511725MADAJFDN56,渠县婷好体艺体育发展中心（个人独资）,8911,艺体培训,艺体 培训,艺体;培训,,是,体育管理,0.75,direct,4,0
91511725MABWY3U19L,渠县立安体育俱乐部有限公司,8921,体育场地出租,体育场地 出租,体育场地;出租,体育场地,是,体育场馆,0.95,direct,6,1
91511725MA7D89YT3E,达州市童灵体育发展有限公司,5242,文化体育和娱乐业,文化 体育 娱乐业,娱乐业;体育;文化,,是,体育用品,0.75,direct,8,0
91511725MADKCLQW94,四川北极雪户外用品有限公司,5242,体育用品及器材零售,体育用品 器材 零售,体育用品;器材;零售,体育用品,是,体育用品,0.95,direct,9,1
91511725MA66FKMA1T,四川渠赢体育用品有限公司,2441,球类生产,球类 生产,球类;生产,,是,体育用品,0.75,direct,4,0
91511700MA696YYM89,达州猎鹰户外拓展有限公司,8930,拓展活动,拓展 活动,拓展;活动,,是,健身休闲,0.75,direct,4,0
91511700MA7HGA3N7M,达州市猎毅豹武术培训有限公司,8392,体育培训,体育培训,体育培训,体育培训,是,体育培训,0.95,direct,4,1
91511700MABT04RL8C,达州绿舒体育设施有限公司,4991,安装体育健身器材,安装 体育 健身器材,健身器材;体育;安装,健身器材,是,体育用品,0.6,none,8,1
91442000MA55AJ541R,四川省佬江湖渔具有限公司,2449,生产渔具,生产 渔具,渔具;生产,渔具,是,体育用品,0.95,direct,4,1
91511703MA68WKW08U,达州市渝灿周氏商贸有限责任公司,5142,体育用品,体育用品,体育用品,体育用品,是,体育用品,0.95,direct,4,1
92511700MA7J3XEC08,达州市速美零贰零健身俱乐部有限公司,8930,健身休闲活动,健身 休闲活动,休闲活动;健身,,是,健身休闲,0.75,direct,6,0
91511781MA66U9UH1U,万源市首佳运动文化传播有限公司,5242,体育用品及器材零售,体育用品 器材 零售,体育用品;器材;零售,体育用品,是,体育用品,0.95,direct,9,1
91511781MA674FWM0E,万源市众鑫体育文化发展有限公司,5242,体育用品及器材零售,体育用品 器材 零售,体育用品;器材;零售,体育用品,是,体育用品,0.95,direct,9,1
91511781MAD3UMGX9W,万源市拓峰体育发展有限公司,9052,体育活动赛事策划,体育 活动 赛事策划,赛事策划;体育;活动,赛事策划,是,体育赛事,0.6,none,8,1
9151178131457420X6,万源市智慧商贸有限公司,5142,体育用品批发,体育用品批发,体育用品批发,体育用品批发,是,体育用品,0.95,direct,6,1
91511781MA63FDM59E,万源市劲美动岚健身俱乐部有限公司,8930,健身休闲运动,健身 休闲 运动,健身;休闲;运动,,是,健身休闲,0.75,direct,6,0
91511781MA7EC63707,四川乐培体育文化发展有限公司,8912,体育文化发展,体育文化 发展,体育文化;发展,体育文化,是,体育管理,0.95,direct,6,1
91511781MAD454P36X,万源市巴山舞蹈健身有限公司,8930,舞蹈健身服务,舞蹈 健身服务,健身服务;舞蹈,健身服务,是,健身休闲,0.95,direct,6,1
91511781MA65MWE41W,万源市蓉华商贸有限公司,5242,体育用品器材零售,体育用品 器材 零售,体育用品;器材;零售,体育用品,是,体育用品,0.95,direct,8,1
91511781MA66MF7F15,万源市飞凡体育用品经营部,5242,体育用品零售,体育用品零售,体育用品零售,体育用品零售,是,体育用品,0.95,direct,6,1
91511781MACK98YK8Q,万源市恰好体育设施有限公司,5242,体育用品零售,体育用品零售,体育用品零售,体育用品零售,是,体育用品,0.95,direct,6,1
91511781MABPFL8MX8,万源市壹号体育发展有限公司,5242,体育用品及器材零售,体育用品 器材 零售,体育用品;器材;零售,体育用品,是,体育用品,0.95,direct,9,1
91511781MACFDDML0N,万源市博然体育文化发展有限公司,5142,体育用品及器材批发,体育用品 器材 批发,体育用品;器材;批发,体育用品,是,体育用品,0.95,direct,9,1
91511781MA6409Y96X,万源市智杰体育文化传播有限公司,8911,体育赛事的活动组织,体育赛事 活动 组织,体育赛事;组织;活动,体育赛事,是,体育赛事,0.95,direct,9,1
91511781MA67X6UD8R,万源市绿香村商贸有限公司,5142,体育用品及器材批发,体育用品 器材 批发,体育用品;器材;批发,体育用品,是,体育用品,0.95,direct,9,1
91511781MA65FUFD8U,万源市护航之舟研学户外拓展有限公司,8930,户外拓展运动,户外拓展 运动,户外拓展;运动,户外拓展,是,健身休闲,0.95,direct,6,1
91511781MAACPMPK5K,万源市胜博体育文化发展有限公司,8911,体育竞赛组织,体育竞赛 组织,体育竞赛;组织,体育竞赛,是,体育赛事,0.95,direct,6,1
91511781MA62E7EG50,万源市先峰体育产业有限公司,8930,体育拓展训练服务,体育 拓展 训练 服务,体育;拓展;训练;服务,,是,健身休闲,0.75,direct,8,0
91511781MABN1ADL52,万源市众力体育文化发展有限责任公司,7283,体育赛事策划育保障组织,体育 赛事策划 保障 组织,赛事策划;体育;保障;组织,赛事策划,是,体育赛事,0.6,none,11,1
91511781MA66N94H88,万源市武艺体育文化传播有限公司,8392,武术培训,武术培训,武术培训,武术培训,是,体育培训,0.95,direct,4,1
91511802MADDQKHFXX,雅安俊宏体育发展有限公司,8911,体育竞赛组织,体育竞赛 组织,体育竞赛;组织,体育竞赛,是,体育赛事,0.95,direct,6,1
91511802MADAPL2T3B,乘黄东木绿体育文化发展（雅安）有限公司,8911,体育赛事策划,体育 赛事策划,赛事策划;体育,赛事策划,是,体育赛事,0.95,direct,6,1
91511800MAD4AYW56R,雅安俊腾旅游开发有限公司,8911,体育竞赛组织,体育竞赛 组织,体育竞赛;组织,体育竞赛,是,体育赛事,0.95,direct,6,1
91511800MABX3BTD45,雅安萌新体育文化发展有限公司,8919,体育竞赛组织,体育竞赛 组织,体育竞赛;组织,体育竞赛,是,体育赛事,0.95,direct,6,1
91511802MADCHFJX65,四川竞界体汇体育发展有限公司,8911,体育竞赛组织,体育竞赛 组织,体育竞赛;组织,体育竞赛,是,体育赛事,0.95,direct,6,1
91511800MACUD1DA4E,四川勇浪体育文化发展有限责任公司,8911,体育竞赛组织,体育竞赛 组织,体育竞赛;组织,体育竞赛,是,体育赛事,0.95,direct,6,1
91511800MACJ8DNP6X,四川战狼勇士拓展训练有限公司,8930,一般项目：体验式拓展活动及策划；健身休闲活动；体育竞赛组织；户外用品销售；组织体育表演活动；教育咨询服务（不含涉许可审批的教育培训活动）；组织文化艺术交流活动；旅游开发项目策划咨询；企业形象策划；礼仪服务；体育健康服务；体育保障组织；文化用品设备出租；中小学生校外托管服务；露营地服务；信息咨询服务（不含许可类信息咨询服务）；业务培训（不含教育培训、职业技能培训等需取得许可的培训）；体育用品及器材批发；日用百货销售；文具用品零售；互联网销售（除销售需要许可的商品）；护理机构服务（不含医疗服务）；外卖递送服务；地震服务；紧急救援服务；家宴服务；居民日常生活服务；互联网数据服务。（除依法须经批准的项,一般 项目 体验式 拓展 活动 策划 健身 休闲活动 体育竞赛 组织 户外用品 销售 组织 体育表演 活动 教育 咨询服务 含涉 许可 审批 教育 培训 活动 组织 文化 艺术交流 活动 旅游 开发 项目 策划 咨询 企业形象 策划 礼仪 服务 体育 健康 服务 体育 保障 组织 文化用品 设备 出租 中小学生 校外 托管 服务 露营地 服务 信息 咨询服务 许可 信息 咨询服务 业务培训 教育 培训 职业技能 培训 取得 许可 培训 体育用品 器材 批发 日用百货 销售 文具用品 零售 互联网 销售 销售 需要 许可 商品 护理 机构 服务 医疗 服务 外卖 递送 服务 地震 服务 紧急 救援 服务 家宴 服务 居民 日常生活 服务 互联网 数据服务 依法 批准,服务;许可;咨询服务;培训;策划;销售;组织;活动;教育;体育,体育竞赛;体育表演;体育用品,是,体育赛事,0.95,direct,300,3
91511802MACRNF6LX1,雅安邦盛健身服务有限公司,8930,,,,,是,健身休闲,0.75,direct,0,0
91511800MAD3N4MF2E,雅安市伟辉体育文化传播有限公司,8911,,,,,是,体育管理,0.75,direct,0,0
91511800MAD061HK85,雅安趣益体育发展有限公司,8911,体育竞赛组织,体育竞赛 组织,体育竞赛;组织,体育竞赛,是,体育赛事,0.95,direct,6,1
91511802MAEAF3UA49,雅安聚合体育发展有限公司,8930,体育竞赛组织,体育竞赛 组织,体育竞赛;组织,体育竞赛,是,体育赛事,0.95,direct,6,1
91511802MA6AHHUM71,雅安吉玛运动健身有限公司,8930,健身服务,健身服务,健身服务,健身服务,是,健身休闲,0.95,direct,4,1
91511802MA62C8P57D,雅安市鲁冰花体育文化发展有限公司,9052,体育服务,体育服务,体育服务,体育服务,是,体育管理,0.6,none,4,1
91511802MA68U2FXX5,雅安曲线健身管理服务有限公司,8930,健身管理业务,健身 管理 业务,健身;业务;管理,,是,健身休闲,0.75,direct,6,0
91511802093177250W,四川雅儒文体设备有限公司,5242,零售体育用品,零售 体育用品,体育用品;零售,体育用品,是,体育用品,0.95,direct,6,1
91511800MA62C0A5X1,四川威罡天下体育文化传播有限公司,8930,健身服务,健身服务,健身服务,健身服务,是,健身休闲,0.95,direct,4,1
91511802309424688F,雅安市康力健身俱乐部有限公司,5242,健身器材销售,健身器材 销售,健身器材;销售,健身器材,是,体育用品,0.95,direct,6,1
91511802MACTQ7FA3H,雅安天强体育发展有限公司,8911,体育竞赛组织,体育竞赛 组织,体育竞赛;组织,体育竞赛,是,体育赛事,0.95,direct,6,1
91511802MA6AFNPD7N,四川漾舟体育发展有限公司,7122,体育用品设备出租,体育用品 设备 出租,体育用品;出租;设备,体育用品,是,体育用品,0.6,none,8,1
91511800MA65WU033C,四川芸雨健身有限责任公司,8930,健身休闲活动,健身 休闲活动,休闲活动;健身,,是,健身休闲,0.75,direct,6,0
91511802MA64CP4J6D,雅安桃花源文化传播有限公司,9052,组织体育表演活动,组织 体育表演 活动,体育表演;组织;活动,体育表演,是,体育赛事,0.6,none,8,1
91511802327026659B,雅安市世玲商贸有限公司,5242,体育用品零售,体育用品零售,体育用品零售,体育用品零售,是,体育用品,0.95,direct,6,1
91511800MA7D5H144N,四川省华屹茂晨体育文化发展有限责任公司,8392,体育篮球培训,体育 篮球培训,篮球培训;体育,篮球培训,是,体育培训,0.95,direct,6,1
91511800MA621WHE5W,四川省君泰然体育有限公司,8911,体育赛事策划  组织,体育 赛事策划 组织,赛事策划;体育;组织,赛事策划,是,体育赛事,0.95,direct,10,1
91511802MA7ENNU44H,雅安玖陆健身有限公司,8930,健身休闲活动,健身 休闲活动,休闲活动;健身,,是,健身休闲,0.75,direct,6,0
91511802MAC9G0JG6M,雅安邦邦健身服务有限公司,8930,健身休闲活动,健身 休闲活动,休闲活动;健身,,是,健身休闲,0.75,direct,6,0
91511802MA6B4YBP74,雅安市鲲鹏拓展训练有限公司,8930,拓展训练,拓展 训练,拓展;训练,,是,健身休闲,0.75,direct,4,0
91511802MAD67HBX0C,雅安芽粒儿童游乐有限公司,8912,游艺娱乐活动,游艺 娱乐活动,游艺;娱乐活动,,是,体育管理,0.75,direct,6,0
91511800MABR7M1A8D,雅安星动力体育文化发展有限公司,8911,体育竞赛组织,体育竞赛 组织,体育竞赛;组织,体育竞赛,是,体育赛事,0.95,direct,6,1
9151180058218569XE,雅安无我茶茶社,8930,棋牌娱乐,棋牌 娱乐,棋牌;娱乐,,是,健身休闲,0.75,direct,4,0
91511802MACTTWG539,雅安邦泰健身服务有限公司,8930,游泳健身服务,游泳 健身服务,健身服务;游泳,游泳;健身服务,是,健身休闲,0.95,direct,6,2
91511800MABQX1142U,雅安市陆上体育文化发展有限责任公司,8392,体育运动培训,体育运动 培训,体育运动;培训,,是,体育培训,0.75,direct,6,0
92511802MA66U6KA29,雅安市弘博跆拳道有限公司,8930,健身休闲活动,健身 休闲活动,休闲活动;健身,,是,健身休闲,0.75,direct,6,0
91511802MA7JANW408,雅安市弘武搏击俱乐部有限公司,8930,健身休闲活动,健身 休闲活动,休闲活动;健身,,是,健身休闲,0.75,direct,6,0
91511802MAC73LN48W,雅安弘源体育发展有限公司,9052,体育赛事策划,体育 赛事策划,赛事策划;体育,赛事策划,是,体育赛事,0.6,none,6,1
91511802MAACFM9803,雅安市南征北战体育发展有限公司,8392,体育培训,体育培训,体育培训,体育培训,是,体育培训,0.95,direct,4,1
91511800MA7JJ8XA4C,雅安梧嘉体育发展有限公司,8930,健身休闲活动,健身 休闲活动,休闲活动;健身,,是,健身休闲,0.75,direct,6,0
91511800MAC5E4U28N,雅安市赛辉游乐有限公司,8912,游艺娱乐活动,游艺 娱乐活动,游艺;娱乐活动,,是,体育管理,0.75,direct,6,0
91511802MA6BPP213E,雅安雅智体育有限公司,8392,体育训练,体育训练,体育训练,,是,体育培训,0.75,direct,4,0
91511802MA67U6MB4H,四川伽人体育文化有限公司,8930,健身休闲,健身 休闲,健身;休闲,,是,健身休闲,0.75,direct,4,0
91511802MA64QCYB2T,四川科元体育文化发展有限公司,5242,体育用品及器材零售,体育用品 器材 零售,体育用品;器材;零售,体育用品,是,体育用品,0.95,direct,9,1
91511800MA65F0HE7W,雅安宇迈体育用品有限公司,8921,体育场馆服务,体育场馆 服务,体育场馆;服务,体育场馆,是,体育场馆,0.95,direct,6,1
91511802094623769M,四川省卡乐奇体育发展有限公司,5142,体育用品及器材批发,体育用品 器材 批发,体育用品;器材;批发,体育用品,是,体育用品,0.95,direct,9,1
91511802MA6BC98N78,雅安市悟空体育发展有限公司,8392,体育培训,体育培训,体育培训,体育培训,是,体育培训,0.95,direct,4,1
91511802MABN8M44X6,雅安市艇友趣体育俱乐部有限公司,9052,体育赛事策划,体育 赛事策划,赛事策划;体育,赛事策划,是,体育赛事,0.6,none,6,1
91511802MAC0JGTR1Q,雅安双王武术文化传播有限公司,8392,武术培训,武术培训,武术培训,武术培训,是,体育培训,0.95,direct,4,1
915118023270961206,雅安市毅林商贸有限公司,5142,体育用品及器材批发,体育用品 器材 批发,体育用品;器材;批发,体育用品,是,体育用品,0.95,direct,9,1
91511800MA6BC0JH3H,雅安亮剑拓展训练有限公司,8930,拓展训练,拓展 训练,拓展;训练,,是,健身休闲,0.75,direct,4,0
91511802MA62C55M0C,雅安卓力体育用品有限公司,5242,体育用品零售,体育用品零售,体育用品零售,体育用品零售,是,体育用品,0.95,direct,6,1
91511802MA64FGF374,雅安新奥体育发展有限公司,8911,体育竞赛组织,体育竞赛 组织,体育竞赛;组织,体育竞赛,是,体育赛事,0.95,direct,6,1
91511803MACGYK3R3N,四川未来坦途户外运动有限公司,8930,健身休闲活动,健身 休闲活动,休闲活动;健身,,是,健身休闲,0.75,direct,6,0
91511803MADLP9246N,雅安乒搏体育发展有限公司,8911,体育竞赛组织,体育竞赛 组织,体育竞赛;组织,体育竞赛,是,体育赛事,0.95,direct,6,1
91511803MACL0TX312,四川广大足球俱乐部有限责任公司,8911,体育竞赛组织,体育竞赛 组织,体育竞赛;组织,体育竞赛,是,体育赛事,0.95,direct,6,1
91511803MACH6K3G10,雅安市兵锋拓展训练有限公司,8930,健身休闲活动,健身 休闲活动,休闲活动;健身,,是,健身休闲,0.75,direct,6,0
91511800MADQ7BXU8F,雅安热浪体育文化传播有限责任公司,8392,体育竞赛组织,体育竞赛 组织,体育竞赛;组织,体育竞赛,是,体育赛事,0.95,direct,6,1
91511803MAD4MLPW21,雅安篮创体育发展有限公司,8911,体育竞赛组织,体育竞赛 组织,体育竞赛;组织,体育竞赛,是,体育赛事,0.95,direct,6,1
91511800MA62C12R1Q,雅安爱尚运动体育文化传播有限责任公司,8930,健身活动,健身活动,健身活动,,是,健身休闲,0.75,direct,4,0
91511803MACDG4UA1Q,四川庆鸿体育发展有限公司,5242,体育器材零售,体育器材 零售,体育器材;零售,体育器材,是,体育用品,0.95,direct,6,1
91511800MA65HXMQ82,雅安易风诚商贸有限公司,5242,体育用品及器材零售,体育用品 器材 零售,体育用品;器材;零售,体育用品,是,体育用品,0.95,direct,9,1
91511803MA66J4139Y,雅安市名山区国锐跆拳道培训学校有限公司,8392,体校及体育培训,体校 体育培训,体育培训;体校,体育培训,是,体育培训,0.95,direct,7,1
91511803MA62FN2T4D,雅安市名山区康丽健身器材经营部,5242,体育用品及器材零售,体育用品 器材 零售,体育用品;器材;零售,体育用品,是,体育用品,0.95,direct,9,1
91511803MA6BF3PJ24,雅安市光洪武术文化传播有限公司,8930,健身休闲活动,健身 休闲活动,休闲活动;健身,,是,健身休闲,0.75,direct,6,0
91511803MA6996LW7Y,雅安旋风体育文化传播有限公司,8392,体校及体育培训,体校 体育培训,体育培训;体校,体育培训,是,体育培训,0.95,direct,7,1
91511803MA7LUWGQ4P,雅安市天壹武术文化传播有限公司,8930,健身休闲活动,健身 休闲活动,休闲活动;健身,,是,健身休闲,0.75,direct,6,0
91511803MABMQ5MK63,雅安市猎鹰拓展训练有限公司,8392,体能训练,体能训练,体能训练,体能训练,是,体育培训,0.95,direct,4,1
91511800MA62WU4K52,四川圣火户外拓展有限公司,8930,健身休闲活动,健身 休闲活动,休闲活动;健身,,是,健身休闲,0.75,direct,6,0
91511822MA68KPR8X1,荥经川体联培训学校有限公司,8392,体校及体育培训,体校 体育培训,体育培训;体校,体育培训,是,体育培训,0.95,direct,7,1
91511822MA69MWQC7H,荥经德武体育培训学校有限公司,8392,体校及体育培训,体校 体育培训,体育培训;体校,体育培训,是,体育培训,0.95,direct,7,1
91511822MA653Q050R,荥经瑞博恩康美健身器材经营部,5242,体育用品及器材零售,体育用品 器材 零售,体育用品;器材;零售,体育用品,是,体育用品,0.95,direct,9,1
91511822MACH0P002G,雅安威仕力游泳馆管理有限公司,8930,高危险性体育运动,危险性 体育运动,危险性;体育运动,,是,健身休闲,0.75,direct,8,0
92511822MABP9DDE19,荥经茜宇棋牌馆,8930,棋牌活动,棋牌 活动,棋牌;活动,,是,健身休闲,0.75,direct,4,0
91511822MA65L79L5L,荥经牛人汽车俱乐部有限公司,8919,体育组织,体育组织,体育组织,体育组织,是,体育管理,0.95,direct,4,1
91511822MABWJWKL63,荥经九州电子游戏俱乐部,8912,游艺娱乐活动,游艺 娱乐活动,游艺;娱乐活动,,是,体育管理,0.75,direct,6,0
91511822MA674MYA4W,荥经晨希武术培训学校有限公司,8392,体育培训,体育培训,体育培训,体育培训,是,体育培训,0.95,direct,4,1
91511822MA671FEK3M,四川劲源体育文化推广有限公司,8911,体育竞赛组织,体育竞赛 组织,体育竞赛;组织,体育竞赛,是,体育赛事,0.95,direct,6,1
91511823MACX1LKW0J,汉源县盛祥体育发展有限公司,9052,体育表演服务,体育表演 服务,体育表演;服务,体育表演,是,体育赛事,0.6,none,6,1
91511823MA67WGYM9U,汉源得悦商贸有限公司,5142,体育用品批发,体育用品批发,体育用品批发,体育用品批发,是,体育用品,0.95,direct,6,1
91511823MA692UF8XJ,汉源县君泰然体育有限公司,5242,体育用品零售,体育用品零售,体育用品零售,体育用品零售,是,体育用品,0.95,direct,6,1
91511823MADBNGLG4M,四川季秋体育发展有限公司,8930,健身休闲,健身 休闲,健身;休闲,,是,健身休闲,0.75,direct,4,0
91511823093175351L,汉源县宏腾体育用品有限责任公司,5242,体育器材零售,体育器材 零售,体育器材;零售,体育器材,是,体育用品,0.95,direct,6,1
91511823MA63D7YP1M,汉源县羲博体育发展有限公司,8392,体育训练,体育训练,体育训练,,是,体育培训,0.75,direct,4,0
91511823MA67Y8KM93,汉源县炒米岗户外运动有限责任公司,8930,其他休闲运动,其他 休闲 运动,休闲;运动;其他,,是,健身休闲,0.75,direct,6,0
91511824MAD8HF5L5G,雅安卓悦体育发展有限责任公司,8930,,,,,是,健身休闲,0.75,direct,0,0
91511824MA653E381M,石棉瑞博恩健身器材经营部,5242,健身器材零售,健身器材 零售,健身器材;零售,健身器材,是,体育用品,0.95,direct,6,1
91511824MA6ALP3413,石棉县语墨拓展训练有限公司,8930,幼儿园体育服务,幼儿园 体育服务,体育服务;幼儿园,体育服务,是,体育管理,0.95,direct,7,1
91511824MA62GPWF1Q,石棉县红升商贸有限公司,5142,体育用品及器材批发,体育用品 器材 批发,体育用品;器材;批发,体育用品,是,体育用品,0.95,direct,9,1
91511824MA65U0E3XA,石棉县荏苒马术俱乐部有限公司,9052,马术体育教学服务,马术 体育 教学服务,教学服务;马术;体育,马术,是,健身休闲,0.6,none,8,1
9151182434572213XK,四川王岗坪旅游开发有限公司,8921,滑雪场经营服务,滑雪场 经营 服务,滑雪场;服务;经营,滑雪场,是,体育场馆,0.95,direct,7,1
91511824MA7MJ9AL3F,四川来野滑彩乐户外运动有限公司,8930,健身活动,健身活动,健身活动,,是,健身休闲,0.75,direct,4,0
91511825MADM1CLY0Y,天全县酷路体育发展有限责任公司,8911,体育竞赛组织娱乐,体育竞赛 组织 娱乐,体育竞赛;娱乐;组织,体育竞赛,是,体育赛事,0.95,direct,8,1
91511825MA6555MW5R,雅安米睿体育文化有限公司,5142,体育用品及器材批发,体育用品 器材 批发,体育用品;器材;批发,体育用品,是,体育用品,0.95,direct,9,1
91511825MAC4H1NM4P,天全县聚雨排球俱乐部,8930,健身休闲活动,健身 休闲活动,休闲活动;健身,,是,健身休闲,0.75,direct,6,0
91511825MAC4G1MQ5G,天全县飞牛羽毛球俱乐部,8930,健身休闲活动,健身 休闲活动,休闲活动;健身,,是,健身休闲,0.75,direct,6,0
91511825MAC580U67K,天全县翔宇健身俱乐部,8930,健身休闲活动,健身 休闲活动,休闲活动;健身,,是,健身休闲,0.75,direct,6,0
91511825MAC580Q535,天全县聚溪篮球俱乐部,8930,健身休闲活动,健身 休闲活动,休闲活动;健身,,是,健身休闲,0.75,direct,6,0
91511825MA64N14N31,天全县锐思户外用品经营部,5242,户外用品零售,户外用品 零售,户外用品;零售,,是,体育用品,0.75,direct,6,0
91511825MA66EMTL6W,天全县金辰体育发展有限公司,5242,体育器材零售,体育器材 零售,体育器材;零售,体育器材,是,体育用品,0.95,direct,6,1
91511826MADNL7N44U,芦山县晟元体育发展有限公司,8921,体育场馆管理,体育场馆 管理,体育场馆;管理,体育场馆,是,体育场馆,0.95,direct,6,1
91511826MA63RB7D9N,芦山县华杨体育培训有限公司,8392,体育培训服务,体育培训 服务,体育培训;服务,体育培训,是,体育培训,0.95,direct,6,1
91511826MAACEU8PX3,芦山县凯跃体育俱乐部有限公司,8921,体育场地设施经营,体育场地设施 经营,体育场地设施;经营,体育场地设施,是,体育场馆,0.95,direct,8,1
91511826MA68WELH0J,雅安市宇康报废车辆回收拆解有限公司,5142,体育用品及器材批发,体育用品 器材 批发,体育用品;器材;批发,体育用品,是,体育用品,0.95,direct,9,1
91511826MA63ENET6W,芦山县三湾沟游泳池有限公司,8930,游泳运动,游泳 运动,游泳;运动,游泳,是,健身休闲,0.95,direct,4,1
91511827MA66MQNJ6W,宝兴听风户外运动有限责任公司,8929,体育场地设施管理服务,体育场地设施 管理 服务,体育场地设施;服务;管理,体育场地设施,是,体育场馆,0.95,direct,10,1
91511900MAC7FAXP98,巴中市猎人拓展训练俱乐部,8392,青少年体育培训,青少年体育 培训,青少年体育;培训,青少年体育,是,体育培训,0.95,direct,7,1
91511902MADH6ABJ1B,巴中市寻梦体育文化传播有限公司,8912,体育保障组织,体育 保障 组织,体育;保障;组织,,是,体育管理,0.75,direct,6,0
91511902MADN780K5G,巴中猎鹰足球俱乐部（个人独资）,8911,文化体育和娱乐业,文化 体育 娱乐业,娱乐业;体育;文化,,是,体育管理,0.75,direct,8,0
91511902MADJR8A6X7,巴中市宏鹏体育文化发展有限公司,8921,文化体育和娱乐业,文化 体育 娱乐业,娱乐业;体育;文化,,是,体育场馆,0.75,direct,8,0
91511902MADPHHN5XA,巴中煜峰昶体育文化发展有限公司,7246,体育咨询,体育咨询,体育咨询,体育咨询,是,体育管理,0.6,none,4,1
91511902MACMKGEW2X,巴中大溪体育俱乐部有限公司,8911,体育和娱乐业体育竞赛组织,体育 娱乐业 体育竞赛 组织,体育竞赛;娱乐业;体育;组织,体育竞赛,是,体育赛事,0.95,direct,12,1
91511902MADWR1W03X,巴中童心体育发展有限公司,9052,体育表演服务,体育表演 服务,体育表演;服务,体育表演,是,体育赛事,0.6,none,6,1
91511902MAE6BH530R,巴中酷锐体育发展有限公司,8392,体育培训,体育培训,体育培训,体育培训,是,体育培训,0.95,direct,4,1
91511902MADENEJK15,四川鱼美汇渔具有限公司,5242,体育用品及器材零售,体育用品 器材 零售,体育用品;器材;零售,体育用品,是,体育用品,0.95,direct,9,1
91511902MAE2U37U6W,巴中凤子灵舞蹈健身有限公司,9052,体育和娱乐业体育表演服务,体育 娱乐业 体育表演 服务,体育表演;娱乐业;体育;服务,体育表演,是,体育赛事,0.6,none,12,1
91511900MAC99U3H6N,巴中市乐动篮球俱乐部有限公司,8392,篮球培训班,篮球 培训班,篮球;培训班,篮球,是,体育用品,0.95,direct,5,1
91511902MACF8R9A91,巴中星锐体育场馆管理有限公司,8921,体育场馆管理,体育场馆 管理,体育场馆;管理,体育场馆,是,体育场馆,0.95,direct,6,1
91511902210600071K,巴中市巴州区校办工业公司,5242,文化体育用品零售,文化 体育用品零售,体育用品零售;文化,体育用品零售,是,体育用品,0.95,direct,8,1
91511902MACFKW3T5X,巴中市野狼拓展训练中心,8930,健身休闲活动,健身 休闲活动,休闲活动;健身,,是,健身休闲,0.75,direct,6,0
91511902MA633LG81Y,巴中市康骋体育场地建设有限公司,5242,体育用品器材零售,体育用品 器材 零售,体育用品;器材;零售,体育用品,是,体育用品,0.95,direct,8,1
91511902MAAGW2DM28,巴中来茵体育俱乐部有限责任公司,8911,体育宣传服务,体育 宣传 服务,体育;宣传;服务,,是,体育管理,0.75,direct,6,0
91511902MAC6C31UXU,巴中多乾商贸有限公司,5242,体育器材零售,体育器材 零售,体育器材;零售,体育器材,是,体育用品,0.95,direct,6,1
91511902MAC6C8JY0R,四川渔乐会钓具有限公司,5242,体育用品及器材零售,体育用品 器材 零售,体育用品;器材;零售,体育用品,是,体育用品,0.95,direct,9,1
915119023457058239,巴中市战狼户外运动有限公司,8930,户外运动,户外运动,户外运动,户外运动,是,健身休闲,0.95,direct,4,1
91511902MABQC7E12C,巴中雷老虎健身管理有限公司,8930,体育健身,体育 健身,健身;体育,,是,健身休闲,0.75,direct,4,0
91511900MA668E1M1D,巴中无同文化发展有限责任公司,8930,室内休闲健身服务,室内 休闲 健身服务,健身服务;休闲;室内,健身服务,是,健身休闲,0.95,direct,8,1
91511902MA6BTTWL0E,巴中幼乐教育信息咨询有限公司,8392,体育培训班,体育 培训班,培训班;体育,,是,体育培训,0.75,direct,5,0
91511902MA69P40J9X,巴中金将健美健身服务有限公司,8930,健美健身服务,健美 健身服务,健身服务;健美,健身服务,是,健身休闲,0.95,direct,6,1
91511902MA664L950G,巴中凰水灵子舞蹈健身有限责任公司,8930,健身休闲活动,健身 休闲活动,休闲活动;健身,,是,健身休闲,0.75,direct,6,0
91511902MAC6WWWE4T,四川赤腾星体育发展有限公司,8930,体育锻炼健身服务,体育锻炼 健身服务,健身服务;体育锻炼,健身服务,是,健身休闲,0.95,direct,8,1
91511900MA64LAC428,四川劲跑体育用品有限公司,5242,体育用品,体育用品,体育用品,体育用品,是,体育用品,0.95,direct,4,1
91511902MA69HA4R23,巴中金悦商贸有限公司,5142,体育用品批发,体育用品批发,体育用品批发,体育用品批发,是,体育用品,0.95,direct,6,1
91511902MA64HG358R,巴中培晟商贸有限公司,5242,体育用品零售,体育用品零售,体育用品零售,体育用品零售,是,体育用品,0.95,direct,6,1
91511902MAC68FDM1T,巴中市萌动星瀚篮球俱乐部,8911,体育竞赛组织,体育竞赛 组织,体育竞赛;组织,体育竞赛,是,体育赛事,0.95,direct,6,1
91510100MA6AYCWC7G,四川创懿科技有限公司,5142,体育运动器材,体育运动 器材,体育运动;器材,,是,体育用品,0.75,direct,6,0
91511902MACHAEM15L,四川常胜体育发展有限公司,9052,体育赛事策划,体育 赛事策划,赛事策划;体育,赛事策划,是,体育赛事,0.6,none,6,1
91511902MA656TYC93,巴中市天狼户外运动拓展有限公司,8930,户外运动服务,户外运动 服务,户外运动;服务,户外运动,是,健身休闲,0.95,direct,6,1
91511902MABRADCF0P,四川弘羿钓具有限公司,5142,渔具批发,渔具 批发,渔具;批发,渔具,是,体育用品,0.95,direct,4,1
91511902MA62YFD76N,四川省荣昌益兴商贸有限公司,5142,体育用品及器材批发,体育用品 器材 批发,体育用品;器材;批发,体育用品,是,体育用品,0.95,direct,9,1
91511902MA63Y0Q442,巴中市诚达教学仪器设备有限公司,5242,体育用品及器材零售,体育用品 器材 零售,体育用品;器材;零售,体育用品,是,体育用品,0.95,direct,9,1
91511902MA62D7J19Q,巴中市正飞商贸有限公司,5242,办公体育用品零售,办公 体育用品零售,体育用品零售;办公,体育用品零售,是,体育用品,0.95,direct,8,1
91511902MA66TL3J3F,巴中精英体育有限公司,5242,体育用品零售,体育用品零售,体育用品零售,体育用品零售,是,体育用品,0.95,direct,6,1
91511902MA62DB262A,巴中康源装饰工程有限公司,5242,体育器材零售,体育器材 零售,体育器材;零售,体育器材,是,体育用品,0.95,direct,6,1
91511902MA62D20A8L,巴中嘉鸿体育文化有限公司,5242,零售体育用品,零售 体育用品,体育用品;零售,体育用品,是,体育用品,0.95,direct,6,1
91511900309472663E,巴中市中泰商贸有限责任公司,5242,文化体育用品零售,文化 体育用品零售,体育用品零售;文化,体育用品零售,是,体育用品,0.95,direct,8,1
91511902MAACLLY043,巴中市三喜体育用品有限公司,5242,体育用品零售,体育用品零售,体育用品零售,体育用品零售,是,体育用品,0.95,direct,6,1
91511902MA62D7CG70,四川尚康体育文化发展有限责任公司,8930,休闲健身活动,休闲 健身活动,健身活动;休闲,,是,健身休闲,0.75,direct,6,0
91511900MA658BLK35,巴中市飞鹰体育文化有限公司,8919,户外运动组织服务,户外运动 组织 服务,户外运动;服务;组织,户外运动,是,健身休闲,0.95,direct,8,1
91511902MA638M5T37,巴中战神拓展培训有限公司,8930,体能拓展训练,体能 拓展 训练,体能;拓展;训练,,是,健身休闲,0.75,direct,6,0
91511900572787072P,巴中鑫盛体育设施有限公司,4892,室外体育设施施工,室外 体育设施 施工,体育设施;室外;施工,体育设施,是,体育场馆,0.95,direct,8,1
91511902MA66LNLE9E,四川省超神战狼拓展训练有限公司,8930,户外拓展训练服务,户外拓展 训练 服务,户外拓展;训练;服务,户外拓展,是,健身休闲,0.95,direct,8,1
91511902MA62RE5C5D,巴中市怡其乐运动文化发展有限公司,5242,体育用品户外用品零售,体育用品 户外用品 零售,户外用品;体育用品;零售,体育用品,是,体育用品,0.95,direct,10,1
91511902MA634HBA0K,四川超越田径体育俱乐部有限公司,8392,体育培训,体育培训,体育培训,体育培训,是,体育培训,0.95,direct,4,1
91511902MA6504CE42,巴中市陆特拓展训练中心,8919,其他体育组织,其他 体育组织,体育组织;其他,体育组织,是,体育管理,0.95,direct,6,1
91511902MA7N3TB815,巴中市拉克利体育俱乐部有限公司,8911,体育竞赛组织,体育竞赛 组织,体育竞赛;组织,体育竞赛,是,体育赛事,0.95,direct,6,1
91511902MACGX9F70M,四川狂飙越野户外拓展有限公司,5242,户外用品零售,户外用品 零售,户外用品;零售,,是,体育用品,0.75,direct,6,0
91511902MACL945J53,巴中市康健体育文化传播有限责任公司,5242,体育用品零售,体育用品零售,体育用品零售,体育用品零售,是,体育用品,0.95,direct,6,1
91511902MA6BQPHM6E,巴中市巴州区新川武体育培训学校有限公司,8392,武术培训,武术培训,武术培训,武术培训,是,体育培训,0.95,direct,4,1
915119023093193199,巴中恒康体育产业有限公司,9054,体育组织服务,体育组织 服务,体育组织;服务,体育组织,是,体育管理,0.6,none,6,1
91511902MAACEW1L8T,巴中市奥鹏体育用品有限公司,5142,体育器材批发,体育器材 批发,体育器材;批发,体育器材,是,体育用品,0.95,direct,6,1
91511902MA623H6P5R,巴中战旗文旅有限公司,8930,拓展训练,拓展 训练,拓展;训练,,是,健身休闲,0.75,direct,4,0
91511902MABYJ2875K,四川山与海体育设施有限公司,5142,体育用品及器材批发,体育用品 器材 批发,体育用品;器材;批发,体育用品,是,体育用品,0.95,direct,9,1
91511902MA6BQLQQ5G,四川添意筑梦户外拓展有限公司,8930,成人户外体育运动,成人 户外 体育运动,户外;体育运动;成人,,是,健身休闲,0.75,direct,8,0
91511902MAACFX817T,四川省钧顺户外拓展有限公司,8392,体校及体育培训,体校 体育培训,体育培训;体校,体育培训,是,体育培训,0.95,direct,7,1
91511903MA62D90Q84,巴中市恩阳区四力商贸有限责任公司,5242,体育用品工艺品零售,体育用品 工艺品 零售,体育用品;工艺品;零售,体育用品,是,体育用品,0.95,direct,9,1
91511903MACR79G831,巴中市金兔兔商贸有限公司,5142,体育用品及器材批发,体育用品 器材 批发,体育用品;器材;批发,体育用品,是,体育用品,0.95,direct,9,1
91511903MA65F1BT4M,巴中市恩阳区艺鹏培训学校有限公司,8392,体育美术培训服务,体育 美术 培训 服务,体育;美术;培训;服务,,是,体育培训,0.75,direct,8,0
91511903MA696LQD8C,巴中市合一瑜伽有限公司,8930,瑜伽教学培训服务,瑜伽 教学 培训 服务,瑜伽;教学;培训;服务,瑜伽,是,健身休闲,0.95,direct,8,1
91511921MADC3CCN5C,通江县璧洲体育文化发展有限公司,8919,体育健康服务,体育 健康 服务,体育;健康;服务,,是,体育管理,0.75,direct,6,0
91511921327113891W,四川非凡体育用品有限公司,5242,体育用品零售,体育用品零售,体育用品零售,体育用品零售,是,体育用品,0.95,direct,6,1
91511921MAC3P8K742,四川省虎竞体育文化发展有限公司,9052,组织体育表演活动,组织 体育表演 活动,体育表演;组织;活动,体育表演,是,体育赛事,0.6,none,8,1
91511921MA62D30T6N,通江县发明体育场工程服务部,4892,体育场工程施工,体育场 工程施工,工程施工;体育场,体育场,是,体育场馆,0.95,direct,7,1
91511921MA6B0Y086R,四川好幸孕健身健美有限公司,8930,健身服务,健身服务,健身服务,健身服务,是,健身休闲,0.95,direct,4,1
91511921MA64WKA63E,通江一号室内恒温游泳馆,8921,游泳室内场所服务,游泳 室内 场所 服务,游泳;室内;场所;服务,游泳,是,健身休闲,0.95,direct,8,1
91511921MADUPTJK8B,四川永国体育发展有限公司,7246,提供体育赛事策划服务,提供 体育 赛事策划 服务,赛事策划;体育;服务;提供,赛事策划,是,体育赛事,0.6,none,10,1
91511922MACQ7G231N,四川启美体育发展有限公司,8921,游泳场管理,游泳场 管理,游泳场;管理,,是,体育场馆,0.75,direct,5,0
92511922MACQ87DWX9,南江县迈动体育有限责任公司,8930,健身休闲活动,健身 休闲活动,休闲活动;健身,,是,健身休闲,0.75,direct,6,0
91511922MAE3P1CB0A,南江县徜徉文化娱乐有限责任公司,8930,健身休闲活动,健身 休闲活动,休闲活动;健身,,是,健身休闲,0.75,direct,6,0
91511922MA6BM65L8C,南江弘祥体育运动服务有限公司,8930,体育运动服务,体育运动 服务,体育运动;服务,,是,健身休闲,0.75,direct,6,0
91511922MA6BWL1L81,四川犇逸体育设施工程有限公司,5242,体育用品及器材零售,体育用品 器材 零售,体育用品;器材;零售,体育用品,是,体育用品,0.95,direct,9,1
91511922MA69M8EH6F,南江竞技体育用品有限公司,5242,体育用品及器材零售,体育用品 器材 零售,体育用品;器材;零售,体育用品,是,体育用品,0.95,direct,9,1
91511922MABYTR1B66,南江毅武体育培训学校有限责任公司,8392,武术培训,武术培训,武术培训,武术培训,是,体育培训,0.95,direct,4,1
91511922MABNX6EC1T,南江篮途体育科技有限公司,8919,体育组织,体育组织,体育组织,体育组织,是,体育管理,0.95,direct,4,1
91511922MABR67RU0J,南江启跃体育科技有限公司,5242,体育器材零售,体育器材 零售,体育器材;零售,体育器材,是,体育用品,0.95,direct,6,1
91511922MA64E6LWXJ,南江县俊峰体育有限公司,5242,体育用品零售,体育用品零售,体育用品零售,体育用品零售,是,体育用品,0.95,direct,6,1
91511922MACRB3HXX1,四川巴仁志尚宏塔茗都大酒店有限公司,8930,棋牌服务,棋牌 服务,棋牌;服务,,是,健身休闲,0.75,direct,4,0
91511922MABLJBT98B,南江博元商贸有限公司,5242,体育用品及器材零售,体育用品 器材 零售,体育用品;器材;零售,体育用品,是,体育用品,0.95,direct,9,1
91511922MACN0XM34E,南江飞豹蓝途篮球俱乐部,5242,体育用品及器材零售,体育用品 器材 零售,体育用品;器材;零售,体育用品,是,体育用品,0.95,direct,9,1
91511922MAD0G9GJXP,四川艾尚多户外用品有限公司,5242,户外用品零售,户外用品 零售,户外用品;零售,,是,体育用品,0.75,direct,6,0
91511922MACHJTW6XF,巴中市体育旅游产业投资有限公司,8911,体育竞赛组织,体育竞赛 组织,体育竞赛;组织,体育竞赛,是,体育赛事,0.95,direct,6,1
91511922MADPFDM008,巴中市龙滕拾光旅游服务有限公司,8930,户外游乐,户外 游乐,游乐;户外,,是,健身休闲,0.75,direct,4,0
92511923MADKP22T0N,平昌县中试中天台球俱乐部个人独资,8930,健身休闲活动,健身 休闲活动,休闲活动;健身,,是,健身休闲,0.75,direct,6,0
92511923MA64DTQ900,平昌县蓓蕾文化用品经营部个人独资,5242,文化体育用品及器材专门零售,文化 体育用品 器材 专门 零售,体育用品;器材;零售;专门;文化,体育用品,是,体育用品,0.95,direct,13,1
91511923MA635M374H,平昌县运鑫体育俱乐部有限责任公司,9052,体育赛事策划,体育 赛事策划,赛事策划;体育,赛事策划,是,体育赛事,0.6,none,6,1
91511923MA7GDQF363,平昌明奥医疗器械有限公司,5242,健身器材零售,健身器材 零售,健身器材;零售,健身器材,是,体育用品,0.95,direct,6,1
91511923MA68H29P5P,平昌县金奥体育文化发展有限公司,8911,体育竞赛组织,体育竞赛 组织,体育竞赛;组织,体育竞赛,是,体育赛事,0.95,direct,6,1
91511923MA63U6CH63,平昌超越体育文化传播有限公司,8911,体育竞赛组织,体育竞赛 组织,体育竞赛;组织,体育竞赛,是,体育赛事,0.95,direct,6,1
91511923MA7K73RQ9C,平昌力奥竞技体育俱乐部有限公司,8911,体育竞赛组织,体育竞赛 组织,体育竞赛;组织,体育竞赛,是,体育赛事,0.95,direct,6,1
91511923MA64F0C26X,巴中劲力达体育用品有限公司,5242,体育用品及器材零售,体育用品 器材 零售,体育用品;器材;零售,体育用品,是,体育用品,0.95,direct,9,1
91511923MA69M2CM8H,平昌昇昌体育俱乐部有限责任公司,8919,体育组织,体育组织,体育组织,体育组织,是,体育管理,0.95,direct,4,1
91511923MA64W3LWXP,四川杰冠强民体育设施工程有限公司,4892,体育设施工程施工,体育设施 工程施工,体育设施;工程施工,体育设施,是,体育场馆,0.95,direct,8,1
91511923MAACN7FT3L,巴中市逐梦飞扬体育俱乐部中心,8392,体育教育,体育教育,体育教育,体育教育,是,体育培训,0.95,direct,4,1
91511923MABNGYWL30,平昌乐羽体育用品有限责任公司,5142,体育用品批发,体育用品批发,体育用品批发,体育用品批发,是,体育用品,0.95,direct,6,1
91511923MABQX23N3K,平昌县飞鱼游泳俱乐部有限责任公司,8919,体育竞赛组织,体育竞赛 组织,体育竞赛;组织,体育竞赛,是,体育赛事,0.95,direct,6,1
91511923MACJP7MJ7E,巴中市渔马户外用品销售有限责任公司,5142,体育用品批发零售,体育用品批发 零售,体育用品批发;零售,体育用品批发,是,体育用品,0.95,direct,8,1
91511923MA7H02828F,平昌县群英体育俱乐部有限公司,8392,体育培训服务,体育培训 服务,体育培训;服务,体育培训,是,体育培训,0.95,direct,6,1
91511923MABWKPD9X4,四川傲尔未来娱乐有限公司,8912,游艺娱乐活动,游艺 娱乐活动,游艺;娱乐活动,,是,体育管理,0.75,direct,6,0
91511900MACFJUMB82,巴中市圣博格斗体育俱乐部有限公司,8392,跆拳道培训,跆拳道培训,跆拳道培训,跆拳道培训,是,体育培训,0.95,direct,5,1
91511902MA64FCUP1J,巴中市俊韬商贸有限公司,5242,休育用品及器材零售,休育 用品 器材 零售,休育;用品;器材;零售,,是,体育用品,0.75,direct,9,0
91511900MACYJ37M60,巴中亿齐健体育发展有限公司,8911,体育赛事承办,体育赛事 承办,体育赛事;承办,体育赛事,是,体育赛事,0.95,direct,6,1
91511900MACDQ7EB0A,巴中紫丁香体育文化发展有限公司,8921,体育馆管理,体育馆 管理,体育馆;管理,体育馆,是,体育场馆,0.95,direct,5,1
91511900MA6A3LU44P,中电建路桥集团巴中体育发展有限公司,8921,体育场馆管理,体育场馆 管理,体育场馆;管理,体育场馆,是,体育场馆,0.95,direct,6,1
91511900MACK7U1N1B,巴中岩柱体育文化发展有限公司,5242,体育用品零售,体育用品零售,体育用品零售,体育用品零售,是,体育用品,0.95,direct,6,1
91510185MAE7RJTN0C,简阳鸿鹄奕博体育文化传播有限公司,8911,体育竞赛组织,体育竞赛 组织,体育竞赛;组织,体育竞赛,是,体育赛事,0.95,direct,6,1
91512002MAD89RQX6A,四川国宇体育文化传播有限公司,8911,,,,,是,体育管理,0.75,direct,0,0
91512002MAD93EUL6N,资阳市火星搏击俱乐部有限公司,8911,,,,,是,体育管理,0.75,direct,0,0
91512002MA695KC12R,资阳市育动体育组织服务有限公司,5242,体育器材零售,体育器材 零售,体育器材;零售,体育器材,是,体育用品,0.95,direct,6,1
91512002MA68091B6G,资阳游学拓展活动有限公司,9052,体育服务,体育服务,体育服务,体育服务,是,体育管理,0.6,none,4,1
91512002MA66DMT333,资阳市雁江区东武培训学校有限公司,8392,跆拳道培训,跆拳道培训,跆拳道培训,跆拳道培训,是,体育培训,0.95,direct,5,1
91512002MA7MLBWWXK,四川球侠体育文化传播有限公司,8912,体育保障组织,体育 保障 组织,体育;保障;组织,,是,体育管理,0.75,direct,6,0
91512002MA65ETJ09E,资阳小虎体育咨询有限公司,7246,体育经纪服务,体育经纪 服务,体育经纪;服务,体育经纪,是,体育传媒,0.6,none,6,1
91512002MACM7GXB0C,四川资阳市世纪体育文化传播有限公司,8911,体育保障竞赛组织,体育 保障 竞赛 组织,竞赛;体育;保障;组织,,是,体育管理,0.75,direct,8,0
91512002MA6BE2A46X,四川驰骋绿茵体育文化发展有限公司,5242,体育用品零售,体育用品零售,体育用品零售,体育用品零售,是,体育用品,0.95,direct,6,1
91512002MA636L3504,资阳市飞越健身服务有限公司,8930,健身休闲活动,健身 休闲活动,休闲活动;健身,,是,健身休闲,0.75,direct,6,0
91512002MA67FBFK55,资阳市锦亿体育赛事策划有限公司,9052,体育赛事策划,体育 赛事策划,赛事策划;体育,赛事策划,是,体育赛事,0.6,none,6,1
91512002MA6BM3D09H,资阳市康汇美健身服务有限公司,8930,健身休闲活动,健身 休闲活动,休闲活动;健身,,是,健身休闲,0.75,direct,6,0
91512002MABMFHDAX9,资阳市凌杨健身服务有限公司,8930,健身休闲活动,健身 休闲活动,休闲活动;健身,,是,健身休闲,0.75,direct,6,0
91512002MABYA3DP81,四川小男孩体育文化发展有限公司,8911,体育竞赛组织,体育竞赛 组织,体育竞赛;组织,体育竞赛,是,体育赛事,0.95,direct,6,1
91512002MACLN1A184,资阳渝胜体育赛事策划有限公司,8911,体育赛事策划,体育 赛事策划,赛事策划;体育,赛事策划,是,体育赛事,0.95,direct,6,1
91512002MA69G22YXW,资阳沱江领航户外运动有限公司,8930,健身休闲活动,健身 休闲活动,休闲活动;健身,,是,健身休闲,0.75,direct,6,0
91512002MA653L1U86,资阳市雁江区精武武术培训学校有限责任公司,8392,体育培训,体育培训,体育培训,体育培训,是,体育培训,0.95,direct,4,1
91512002MA62K7NG5Y,资阳市涌鑫拓展训练有限公司,8930,体能拓展训练服务,体能 拓展 训练 服务,体能;拓展;训练;服务,,是,健身休闲,0.75,direct,8,0
91512002MABM19ER74,四川蜀雁体育文化发展有限公司,8911,体育竞赛组织,体育竞赛 组织,体育竞赛;组织,体育竞赛,是,体育赛事,0.95,direct,6,1
91512002MABPXNNGX8,资阳鹏翔体育文化发展有限公司,5242,体育用品零售,体育用品零售,体育用品零售,体育用品零售,是,体育用品,0.95,direct,6,1
91512002MA62K6X3XC,资阳市红宜优品户外用品有限公司,5242,零售体育用品,零售 体育用品,体育用品;零售,体育用品,是,体育用品,0.95,direct,6,1
91512002MACBC96P1K,四川博旅体育文化发展有限公司,5242,体育用品零售,体育用品零售,体育用品零售,体育用品零售,是,体育用品,0.95,direct,6,1
91512002MAACGA4Y45,四川省资阳市浮世健身服务有限责任公司,8930,健身休闲活动,健身 休闲活动,休闲活动;健身,,是,健身休闲,0.75,direct,6,0
91512002MACHJEQT9P,资阳斯博体育文化传播有限公司,8392,体育培训,体育培训,体育培训,体育培训,是,体育培训,0.95,direct,4,1
91512002MA62K1H26U,资阳锐锋钓鱼运动用品有限公司,5242,渔具零售,渔具 零售,渔具;零售,渔具,是,体育用品,0.95,direct,4,1
91512002MA6AEWRX2R,资阳拳道健身服务有限公司,8930,文化体育活动,文化 体育 活动,体育;文化;活动,,是,健身休闲,0.75,direct,6,0
91512002MA66D6393A,资阳爱尚健身有限公司,8930,健身休闲服务,健身 休闲 服务,健身;休闲;服务,,是,健身休闲,0.75,direct,6,0
91512002MA663D4X0G,资阳市恩多加健身服务有限公司,8930,健身休闲活动,健身 休闲活动,休闲活动;健身,,是,健身休闲,0.75,direct,6,0
91512002MAC49Y522R,资阳探索体育场馆管理有限公司,8921,体育场地设施经营,体育场地设施 经营,体育场地设施;经营,体育场地设施,是,体育场馆,0.95,direct,8,1
91512002MA7MGEA25Y,资阳玖零探索健身服务有限公司,8930,健身服务,健身服务,健身服务,健身服务,是,健身休闲,0.95,direct,4,1
91512002MAD7W7K75J,资阳市壹柒体育赛事策划有限责任公司,8911,体育赛事策划,体育 赛事策划,赛事策划;体育,赛事策划,是,体育赛事,0.95,direct,6,1
91512002MA6BJ58656,资阳市垚尘瑜伽健身有限公司,8930,健身休闲活动,健身 休闲活动,休闲活动;健身,,是,健身休闲,0.75,direct,6,0
91512002MACD4LH59Y,资阳翼飞体育俱乐部有限公司,8919,组织体育活动,组织 体育 活动,体育;组织;活动,,是,体育管理,0.75,direct,6,0
91512002MA6AGDX932,四川鑫阳机械设备租赁有限公司,8930,健身休闲活动,健身 休闲活动,休闲活动;健身,,是,健身休闲,0.75,direct,6,0
91512002MA6B5RK73B,资阳市时代劲享体育文化发展有限公司,8911,体育竞赛组织,体育竞赛 组织,体育竞赛;组织,体育竞赛,是,体育赛事,0.95,direct,6,1
91512000MA7LWD5U6M,四川顺汇商贸有限公司,5242,体育器材零售,体育器材 零售,体育器材;零售,体育器材,是,体育用品,0.95,direct,6,1
915120023233897786,四川金钻钓具有限责任公司,5142,体育用品及器材批发,体育用品 器材 批发,体育用品;器材;批发,体育用品,是,体育用品,0.95,direct,9,1
91512002MAC8RT0A45,四川新胜渔具有限公司,2449,渔具加工,渔具 加工,渔具;加工,渔具,是,体育用品,0.95,direct,4,1
91512021MADR5XUL59,安岳安硕体育用品有限责任公司,2449,其他体育用品制造,其他 体育用品制造,体育用品制造;其他,体育用品制造,是,体育用品,0.95,direct,8,1
91512021MADCM47P14,安岳慕依洋服饰有限公司,1821,运动休闲针织服装制造,运动 休闲 针织 服装 制造,针织;休闲;服装;制造;运动,,是,体育用品,0.75,direct,10,0
91512021MAE8PDGL5W,四川比优特服装有限公司,1821,服装制造,服装 制造,服装;制造,,是,体育用品,0.75,direct,4,0
91512021MADC1C368G,四川安好体育用品有限公司,5142,体育用品及器材批发,体育用品 器材 批发,体育用品;器材;批发,体育用品,是,体育用品,0.95,direct,9,1
91512021MAD3MN807F,四川骄乐知服饰有限公司,1821,运动休闲针织服装制造,运动 休闲 针织 服装 制造,针织;休闲;服装;制造;运动,,是,体育用品,0.75,direct,10,0
91512021MAD87P2L90,四川星航体育发展有限公司,8911,体育竞赛组织,体育竞赛 组织,体育竞赛;组织,体育竞赛,是,体育赛事,0.95,direct,6,1
91512021MA684DFF0X,资阳东晟商贸有限公司,5142,文化体育用品及器材批发,文化 体育用品 器材 批发,体育用品;器材;批发;文化,体育用品,是,体育用品,0.95,direct,11,1
91512021MA69H6EP91,安岳县翔龙武术培训学校有限公司,8392,武术培训,武术培训,武术培训,武术培训,是,体育培训,0.95,direct,4,1
91512021MA63T95L7G,安岳县安博体育运动有限公司,5242,体育用品器材零售,体育用品 器材 零售,体育用品;器材;零售,体育用品,是,体育用品,0.95,direct,8,1
91512021MABQF9XY5W,四川佳雅体育设施工程有限公司,5242,体育用品及器材零售,体育用品 器材 零售,体育用品;器材;零售,体育用品,是,体育用品,0.95,direct,9,1
91512021MA68J5GR50,四川捷泰户外运动有限公司,8930,健身休闲活动,健身 休闲活动,休闲活动;健身,,是,健身休闲,0.75,direct,6,0
91512021MAACGC4NX9,安岳县北之斗跆拳道培训学校有限公司,8392,跆拳道培训,跆拳道培训,跆拳道培训,跆拳道培训,是,体育培训,0.95,direct,5,1
91512021MA6BMH3G4F,四川蔚蓝体育文化传播有限公司,8930,游泳健身体育服务,游泳 健身 体育服务,体育服务;健身;游泳,游泳;体育服务,是,健身休闲,0.95,direct,8,2
91512021MA62K5UL5H,四川中兴富强科技有限公司,5242,零售体育用品,零售 体育用品,体育用品;零售,体育用品,是,体育用品,0.95,direct,6,1
91512021MA67JQYQ8E,安岳逸梵文化传播有限公司,8930,瑜珈运动全民健身活动,瑜珈 运动 全民 健身活动,瑜珈;健身活动;全民;运动,,是,健身休闲,0.75,direct,10,0
915120210689578967,安岳南桥农牧科技有限公司,8930,体育健身,体育 健身,健身;体育,,是,健身休闲,0.75,direct,4,0
91512021MACBN8LN8E,四川风行户外拓展有限公司,8930,体验式拓展活动服务,体验式 拓展 活动 服务,体验式;拓展;服务;活动,,是,健身休闲,0.75,direct,9,0
91512021MABRMM5U9M,资阳自由军羽毛球俱乐部有限公司,8930,健身休闲活动,健身 休闲活动,休闲活动;健身,,是,健身休闲,0.75,direct,6,0
91512021MA7FQCUT6U,四川超能星体育发展有限公司,8911,体育竞赛组织,体育竞赛 组织,体育竞赛;组织,体育竞赛,是,体育赛事,0.95,direct,6,1
91512021MA66E1XE7K,安岳县致城体育发展有限公司,8930,健身服务,健身服务,健身服务,健身服务,是,健身休闲,0.95,direct,4,1
91512021MA7F75N36H,安岳县未来精英文化艺术培训学校有限公司,8392,体育培训,体育培训,体育培训,体育培训,是,体育培训,0.95,direct,4,1
91512021MA67839X3P,安岳红杉体育运动有限公司,8919,体育组织,体育组织,体育组织,体育组织,是,体育管理,0.95,direct,4,1
91512021MA62K4Y65W,四川凯铃体育有限公司,8911,体育组织,体育组织,体育组织,体育组织,是,体育管理,0.95,direct,4,1
91512021MA637QGR2X,四川嘉南丽商贸有限公司,5242,体育用品零售,体育用品零售,体育用品零售,体育用品零售,是,体育用品,0.95,direct,6,1
91512021MABR7MNB60,安岳星动健身有限公司,8930,健身锻炼服务,健身 锻炼 服务,健身;锻炼;服务,,是,健身休闲,0.75,direct,6,0
91512021MA63YUMU37,四川战地狼拓展运动有限公司,8930,体验式拓展活动及策划,体验式 拓展 活动 策划,体验式;策划;拓展;活动,,是,健身休闲,0.75,direct,10,0
91512021MACP1DKC8Y,安岳悦好企业管理咨询有限公司,5142,体育用品及器材批发,体育用品 器材 批发,体育用品;器材;批发,体育用品,是,体育用品,0.95,direct,9,1
91512021MA68AJEA2U,四川省方顺教学设备有限公司,2916,塑胶跑道生产,塑胶跑道 生产,塑胶跑道;生产,塑胶跑道,是,体育用品,0.6,none,6,1
91512021MA648B2Y6C,四川宝森体育文化有限公司,8930,健身咨询,健身 咨询,健身;咨询,,是,健身休闲,0.75,direct,4,0
91512021MAC13P1U61,安岳县李哥渔具超市,5242,渔具零售,渔具 零售,渔具;零售,渔具,是,体育用品,0.95,direct,4,1
91512021MAACLANB47,安岳九度体育用品有限公司,5142,体育用品批发,体育用品批发,体育用品批发,体育用品批发,是,体育用品,0.95,direct,6,1
91512021MABQR4WC0E,四川鑫尚路鞋业有限公司,2442,运动器材生产制造,运动器材 生产 制造,运动器材;制造;生产,运动器材,是,体育用品,0.95,direct,8,1
91512022MADH47C972,四川省洪嘉体育发展有限责任公司,8911,,,,,是,体育管理,0.75,direct,0,0
91512022MADL2Q7L87,四川佰佳体育文化发展有限责任公司,8911,,,,,是,体育管理,0.75,direct,0,0
91512022MADK59XE5W,四川省壹杆娱乐有限责任公司,8930,,,,,是,健身休闲,0.75,direct,0,0
91512022MA6B0MA36Q,乐至县潮玩健身俱乐部,8930,,,,,是,健身休闲,0.75,direct,0,0
91512022MA64C8YF8R,乐至县天池镇承嗣培训学校有限公司,8392,非学历体育类培训,非学历 体育类 培训,非学历;体育类;培训,,是,体育培训,0.75,direct,8,0
91512022MA65GE9J0R,乐至县天池许武武道培训学校有限公司,8392,非学历体育类培训,非学历 体育类 培训,非学历;体育类;培训,,是,体育培训,0.75,direct,8,0
91512022MACEXFFE26,乐至县绿知岛体育文化传播有限责任公司,8930,体育健身活动,体育 健身活动,健身活动;体育,,是,健身休闲,0.75,direct,6,0
91512022MA65351U4C,乐至县天池镇恒心武术培训学校有限公司,8392,非学历体育类培训,非学历 体育类 培训,非学历;体育类;培训,,是,体育培训,0.75,direct,8,0
91512022MA64D46872,乐至县晗翰体育有限责任公司,8921,体育场馆管理服务,体育场馆 管理 服务,体育场馆;服务;管理,体育场馆,是,体育场馆,0.95,direct,8,1
91512022MA6AGP7M75,乐至县帅城信鸽俱乐部,8911,信鸽信翔竞赛活动,信鸽 信翔 竞赛活动,信翔;信鸽;竞赛活动,,是,体育管理,0.75,direct,8,0
91512022MA653AHH3X,乐至县天池镇奥沙培训学校有限公司,8392,少儿体育培训,少儿 体育培训,体育培训;少儿,体育培训,是,体育培训,0.95,direct,6,1
91512022MA669GHN2C,乐至县博美健身俱乐部有限公司,8930,游泳运动,游泳 运动,游泳;运动,游泳,是,健身休闲,0.95,direct,4,1
92512022MA6AAGEM4F,乐至县石湍镇景秀茶楼,8930,棋牌室服务,棋牌室 服务,棋牌室;服务,,是,健身休闲,0.75,direct,5,0
92512022MA66R74Y3M,乐至县良安镇蓉华渔具经营店,5242,渔具零售,渔具 零售,渔具;零售,渔具,是,体育用品,0.95,direct,4,1
91512022MACM2RLM7J,四川帅府航空体育运动有限责任公司,9052,组织体育表演活动,组织 体育表演 活动,体育表演;组织;活动,体育表演,是,体育赛事,0.6,none,8,1
91512022MACEAF218E,四川宏旺拓展训练有限公司,8392,运动体能培训,运动 体能 培训,体能;培训;运动,,是,体育培训,0.75,direct,6,0
91512022MAACMJCL6X,乐至县拓康体育用品有限公司,5242,体育用品及器材零售,体育用品 器材 零售,体育用品;器材;零售,体育用品,是,体育用品,0.95,direct,9,1
91512000MAC0EUG09M,资阳院子里体育文化发展有限公司,8930,台球为主室内娱乐活动,台球 为主 室内 娱乐活动,台球;娱乐活动;室内;为主,台球,是,健身休闲,0.95,direct,10,1
91512002714439904B,资阳益兴教育体育发展有限公司,8921,体育场馆管理,体育场馆 管理,体育场馆;管理,体育场馆,是,体育场馆,0.95,direct,6,1
91512000MADL2YQGX4,资阳益兴体育培训学校有限公司,8392,体育教育培训,体育教育 培训,体育教育;培训,体育教育,是,体育培训,0.95,direct,6,1
91512002MA686X614B,资阳市雁江区弘武堂培训学校有限公司,8392,体育培训,体育培训,体育培训,体育培训,是,体育培训,0.95,direct,4,1
91512000MA6ABNH75F,四川柏灵健身服务有限公司,8930,健身休闲,健身 休闲,健身;休闲,,是,健身休闲,0.75,direct,4,0
915120020667706223,资阳市宏科休闲健身活动有限公司,8921,体育场馆服务,体育场馆 服务,体育场馆;服务,体育场馆,是,体育场馆,0.95,direct,6,1
91512000MA63D7XJ63,四川晋洋体育文化发展有限公司,8911,体育竞赛组织,体育竞赛 组织,体育竞赛;组织,体育竞赛,是,体育赛事,0.95,direct,6,1
91512000MACUTGG26H,资阳市奥腾体育文化发展有限公司,8930,以健身为主的企业,健身 为主 企业,健身;为主;企业,,是,健身休闲,0.75,direct,8,0
91512000MA69E7GM3A,四川腾熙商贸有限公司,5142,体育用品批发,体育用品批发,体育用品批发,体育用品批发,是,体育用品,0.95,direct,6,1
91512000MAE4BJ1Q7H,资阳市律燃健身服务有限责任公司,8930,健身服务,健身服务,健身服务,健身服务,是,健身休闲,0.95,direct,4,1
91512000MA6946UH43,四川风义足球俱乐部服务有限公司,8911,体育竞赛组织,体育竞赛 组织,体育竞赛;组织,体育竞赛,是,体育赛事,0.95,direct,6,1
91512000MA6B6A5T7A,资阳市型领行体育文化传播有限责任公司,8930,健身休闲活动,健身 休闲活动,休闲活动;健身,,是,健身休闲,0.75,direct,6,0
91512000MAC0AYPF8G,资阳市炙坤足球俱乐部有限公司,8911,足球俱乐部组织的活动,足球 俱乐部 组织 活动,足球;俱乐部;组织;活动,足球,是,体育用品,0.95,direct,10,1
91512002323387553T,资阳市一路阳光体育用品有限公司,5242,体育用品零售,体育用品零售,体育用品零售,体育用品零售,是,体育用品,0.95,direct,6,1
91512000MACXNXUD10,资阳市旭星东体育文化发展有限责任公司,9052,体育服务,体育服务,体育服务,体育服务,是,体育管理,0.6,none,4,1
91512000MADTUUTB7H,四川馨方向乡村旅游有限公司,8930,休闲观光活动,休闲 观光 活动,观光;休闲;活动,,是,健身休闲,0.75,direct,6,0
91512000MACHWLHUXT,资阳市旭诚体育文化发展有限责任公司,8911,体育竞赛组织,体育竞赛 组织,体育竞赛;组织,体育竞赛,是,体育赛事,0.95,direct,6,1
91513201MAC84CCP1X,阿坝州恩波体育文化传播有限公司,8912,体育保障组织,体育 保障 组织,体育;保障;组织,,是,体育管理,0.75,direct,6,0
91513201MA6B6P3C6G,四川森格体育俱乐部有限公司,8930,健身休闲服务,健身 休闲 服务,健身;休闲;服务,,是,健身休闲,0.75,direct,6,0
9151320059507602XG,汶川县汶山文化旅游发展有限公司,8930,滑雪类运动全面健身活动,滑雪 运动 全面 健身活动,健身活动;滑雪;全面;运动,滑雪,是,健身休闲,0.95,direct,11,1
91513221MA62F2R683,汶川博远体能拓展训练服务有限公司,8392,体能训练服务,体能训练 服务,体能训练;服务,体能训练,是,体育培训,0.95,direct,6,1
91513221345781180L,汶川县藏寨三江漂流有限公司,8930,漂流服务,漂流 服务,漂流;服务,漂流,是,健身休闲,0.95,direct,4,1
91513222MA6693RC02,理县孟屯河谷滑雪场有限公司,8930,休闲滑雪运动,休闲 滑雪运动,滑雪运动;休闲,,是,健身休闲,0.75,direct,6,0
91513222MA62F15222,理县鹧鸪山自然公园开发有限责任公司,8930,为游客滑雪场所服务,游客 滑雪场 服务,滑雪场;游客;服务,滑雪场,是,体育场馆,0.95,direct,9,1
91513222MA62F26N3N,四川孟屯河谷旅游开发有限公司,8930,旅游服务,旅游 服务,旅游;服务,,是,健身休闲,0.75,direct,4,0
91513222MA67GHFG4P,阿坝州聚友商贸有限公司,5242,批发和零售业文化,批发 零售业 文化,零售业;批发;文化,,是,体育用品,0.75,direct,8,0
91513222L33233778A,理县登脊户外登山运动服务有限责任公司,5142,体育用品批发,体育用品批发,体育用品批发,体育用品批发,是,体育用品,0.95,direct,6,1
91513222MA62F1LX8M,理县毕棚沟半脊峰户外运动服务有限公司,8930,户外运动服务,户外运动 服务,户外运动;服务,户外运动,是,健身休闲,0.95,direct,6,1
915132235707012201,阿坝太子岭投资有限公司,8930,经营滑雪场,经营 滑雪场,滑雪场;经营,滑雪场,是,体育场馆,0.95,direct,5,1
91513223MA7F2F3F7A,阿坝州卓劲体育俱乐部有限公司,8930,俱乐部服务,俱乐部 服务,俱乐部;服务,,是,健身休闲,0.75,direct,5,0
91513224MADLK857X3,阿坝州深旅户外运动有限公司,8911,文化体育和娱乐业体育竞赛组织,文化 体育 娱乐业 体育竞赛 组织,体育竞赛;娱乐业;体育;文化;组织,体育竞赛,是,体育赛事,0.95,direct,14,1
91513224MA62F1RY4K,松潘迷藏户外旅游运动有限责任公司,8930,休闲健身活动,休闲 健身活动,健身活动;休闲,,是,健身休闲,0.75,direct,6,0
91513225MADECGHG1C,九寨沟县旭露悦跑体育赛事策划有限责任公司,8911,体育竞赛组织,体育竞赛 组织,体育竞赛;组织,体育竞赛,是,体育赛事,0.95,direct,6,1
91513225MADW8WFF9L,九寨沟县沐道体育培训有限公司,8392,文化教育培训,文化教育 培训,文化教育;培训,,是,体育培训,0.75,direct,6,0
91513225MA69P80K8P,九寨沟县野谷户外运动有限公司,8930,健身休闲活动,健身 休闲活动,休闲活动;健身,,是,健身休闲,0.75,direct,6,0
91513225MA6AMW127C,九寨沟县弘智体育发展有限公司,5242,体育用品及器材零售,体育用品 器材 零售,体育用品;器材;零售,体育用品,是,体育用品,0.95,direct,9,1
91513225MA696BKT3D,九寨沟县恒俊广场管理有限公司,8921,体育场地设施管理,体育场地设施 管理,体育场地设施;管理,体育场地设施,是,体育场馆,0.95,direct,8,1
91513227MADLRFHJ18,小金县横断秘境探索户外运动有限公司,8930,户外活动服务,户外活动 服务,户外活动;服务,,是,健身休闲,0.75,direct,6,0
91513227MADLRDL06P,小金县克古户外运动有限责任公司,8930,户外活动,户外活动,户外活动,,是,健身休闲,0.75,direct,4,0
91513227MA6426UW1K,四川金点健康管理有限公司,8930,建身活动,建身 活动,建身;活动,,是,健身休闲,0.75,direct,4,0
91513227MA67T1MD1F,小金县寻岩户外运动有限责任公司,8912,体育保障组织,体育 保障 组织,体育;保障;组织,,是,体育管理,0.75,direct,6,0
91513227MA63K8K925,小金凯途户外运动有限责任公司,8930,户外运动管理服务,户外运动 管理 服务,户外运动;服务;管理,户外运动,是,健身休闲,0.95,direct,8,1
91513227MA6BC83G59,小金县遇见户外运动有限公司,8911,登山攀岩俱乐部服务,登山 攀岩 俱乐部 服务,攀岩;登山;俱乐部;服务,登山;攀岩,是,健身休闲,0.95,direct,9,2
91513227MA683MUM2X,小金县青创户外运动有限公司,8911,登山攀岩俱乐部服务,登山 攀岩 俱乐部 服务,攀岩;登山;俱乐部;服务,登山;攀岩,是,健身休闲,0.95,direct,9,2
91513227MA649H1G4J,小金县觅迹户外运动有限责任公司,8919,体育组织,体育组织,体育组织,体育组织,是,体育管理,0.95,direct,4,1
91513227MA689X0W6G,小金路遥遥户外运动有限公司,8919,基层体育组织服务,基层 体育组织 服务,体育组织;基层;服务,体育组织,是,体育管理,0.95,direct,8,1
91513227MABR2J4C82,四川足源探索营地户外运动有限责任公司,8911,登山攀岩俱乐部服务,登山 攀岩 俱乐部 服务,攀岩;登山;俱乐部;服务,登山;攀岩,是,健身休闲,0.95,direct,9,2
91513227MA62F26EX7,小金县流浪迹户外运动有限责任公司,8919,户外运动的组织与服务,户外运动 组织 服务,户外运动;服务;组织,户外运动,是,健身休闲,0.95,direct,10,1
915132275999526566,小金县长坪村马匹服务有限公司,8930,马匹服务,马匹 服务,马匹;服务,,是,健身休闲,0.75,direct,4,0
91513227MA67JFQB4Y,小金县漫步云端户外运动有限公司,8930,攀岩服务,攀岩 服务,攀岩;服务,攀岩,是,健身休闲,0.95,direct,4,1
91513227314504754W,四川省雪山之巅户外运动有限责任公司,8930,户外体育运动,户外 体育运动,户外;体育运动,,是,健身休闲,0.75,direct,6,0
91513227MACN649947,小金县山野登山户外运动有限责任公司,8930,健身休闲活动,健身 休闲活动,休闲活动;健身,,是,健身休闲,0.75,direct,6,0
91513227MA6488P815,小金县嘛呢寨户外运动有限责任公司,8911,登山攀岩俱乐部服务,登山 攀岩 俱乐部 服务,攀岩;登山;俱乐部;服务,登山;攀岩,是,健身休闲,0.95,direct,9,2
91513227MA68W50E8X,四川省小金县田四哥户外运动有限责任公司,8919,户外运动组织,户外运动 组织,户外运动;组织,户外运动,是,健身休闲,0.95,direct,6,1
91513227MA6B3WRT0U,阿坝州木耳在户外运动有限责任公司,8930,体育健身,体育 健身,健身;体育,,是,健身休闲,0.75,direct,4,0
91513228MA661NU104,阿坝州川藏旅游服务有限责任公司,8911,旅行社及相关服务,旅行社 相关 服务,旅行社;服务;相关,,是,体育管理,0.75,direct,8,0
91513231MADRYPM176,阿坝州阿坝县卡雅拿达体育发展有限公司,8930,健身休闲活动,健身 休闲活动,休闲活动;健身,,是,健身休闲,0.75,direct,6,0
91513231MADRFALX8E,阿坝空中客体育发展有限责任公司,8930,健身休闲活动,健身 休闲活动,休闲活动;健身,,是,健身休闲,0.75,direct,6,0
91513231MA66G4TT3X,阿坝县恩诚办公体育设备有限公司,5142,体育用品及器材批发,体育用品 器材 批发,体育用品;器材;批发,体育用品,是,体育用品,0.95,direct,9,1
91513231MA6A585Q0D,阿坝县舞儿巴桑体育俱乐部有限公司,8911,体育竞赛组织,体育竞赛 组织,体育竞赛;组织,体育竞赛,是,体育赛事,0.95,direct,6,1
91513231MA629QBH92,阿坝县玛卿民俗体育娱乐项目有限责任公司,8911,体育竞赛组织,体育竞赛 组织,体育竞赛;组织,体育竞赛,是,体育赛事,0.95,direct,6,1
91513232MAE5C6E834,若尔盖阿诺体育发展有限公司,9052,体育表演服务,体育表演 服务,体育表演;服务,体育表演,是,体育赛事,0.6,none,6,1
91513232MAE8CW4089,阿坝州朗界体育发展有限公司,8911,体育竞赛组织,体育竞赛 组织,体育竞赛;组织,体育竞赛,是,体育赛事,0.95,direct,6,1
91513233MADHMW7T51,红原县马场马术俱乐部坊（个人独资）,8911,游艺娱乐活动,游艺 娱乐活动,游艺;娱乐活动,,是,体育管理,0.75,direct,6,0
91513233MACLJWWG32,红原县虎头山体育航空运动有限责任公司,5623,体育场地设施经营,体育场地设施 经营,体育场地设施;经营,体育场地设施,是,体育场馆,0.6,none,8,1
91513301MA65KQ2N3D,康定市迪乐尼电玩有限公司,8912,游艺娱乐活动,游艺 娱乐活动,游艺;娱乐活动,,是,体育管理,0.75,direct,6,0
91513301MA69MX313B,甘孜州鄂康商贸有限公司,5242,体育用品零售,体育用品零售,体育用品零售,体育用品零售,是,体育用品,0.95,direct,6,1
91513301MA6926LJ21,甘孜州劲驰体育发展有限公司,8911,体育赛事的活动组织,体育赛事 活动 组织,体育赛事;组织;活动,体育赛事,是,体育赛事,0.95,direct,9,1
91513301MAC229LL1Q,甘孜州大蓉和职业技能培训学校有限公司,8392,职业技能培训服务,职业技能 培训 服务,职业技能;培训;服务,,是,体育培训,0.75,direct,8,0
91513301MACJW3TA54,康定市源魔电玩有限公司,8912,游艺娱乐活动,游艺 娱乐活动,游艺;娱乐活动,,是,体育管理,0.75,direct,6,0
91513300MA66W2DX67,甘孜州先行者户外运动服务有限责任公司,8930,户外运动服务,户外运动 服务,户外运动;服务,户外运动,是,健身休闲,0.95,direct,6,1
91513323MA67J15G3B,甘孜州墨山体育文化有限责任公司,5242,体育用品零售,体育用品零售,体育用品零售,体育用品零售,是,体育用品,0.95,direct,6,1
91513323MAC5N9R211,甘孜州绿道体育文化传播有限责任公司,8930,打拳健身训练,打拳 健身 训练,打拳;健身;训练,,是,健身休闲,0.75,direct,6,0
91513326MA669AUHXX,道孚康巴体育产业发展有限公司,8911,体育竞赛组织,体育竞赛 组织,体育竞赛;组织,体育竞赛,是,体育赛事,0.95,direct,6,1
91513329MACL0XLM1U,新龙县瞻碓体育发展有限责任公司,8930,娱乐服务,娱乐 服务,娱乐;服务,,是,健身休闲,0.75,direct,4,0
91513332MA67XC5L0U,石渠县万马飞驰马术体育赛事策划有限公司,9052,马术策划,马术 策划,马术;策划,马术,是,健身休闲,0.6,none,4,1
91513333MA6AA7JF4U,色达县岗亚体育俱乐部有限责任公司,8911,体育竞赛组织,体育竞赛 组织,体育竞赛;组织,体育竞赛,是,体育赛事,0.95,direct,6,1
91513334MA67KFHG3A,理塘县最野赛道体育俱乐部有限公司,8911,体育和娱乐业,体育 娱乐业,娱乐业;体育,,是,体育管理,0.75,direct,6,0
91513401MADQ57J443,西昌市爱酷拓展训练有限公司,8930,健身休闲活动,健身 休闲活动,休闲活动;健身,,是,健身休闲,0.75,direct,6,0
91513400MADP76JP3T,凉山州武力拳开体育文化发展有限公司,8911,体育和娱乐业,体育 娱乐业,娱乐业;体育,,是,体育管理,0.75,direct,6,0
91513401MADQ7B5W6L,凉山州达卫泰拳健身有限责任公司,8930,健身休闲活动,健身 休闲活动,休闲活动;健身,,是,健身休闲,0.75,direct,6,0
91513401MACYY5DA36,西昌市乔氏体育文化发展有限公司,8919,运动服装零售,运动服装 零售,运动服装;零售,运动服装,是,体育用品,0.95,direct,6,1
91513400MADKE3PH11,凉山文源耀武体育发展有限公司,8911,体育竞赛组织,体育竞赛 组织,体育竞赛;组织,体育竞赛,是,体育赛事,0.95,direct,6,1
91513401MAD251DM57,西昌云虎体育文化传播有限公司,8911,体育竞赛组织,体育竞赛 组织,体育竞赛;组织,体育竞赛,是,体育赛事,0.95,direct,6,1
91513401MADAMGM03M,凉山州兴羽韵动体育发展有限公司,8911,体育竞赛组织,体育竞赛 组织,体育竞赛;组织,体育竞赛,是,体育赛事,0.95,direct,6,1
91513401MADY80LW0Y,四川搏动之火体育发展有限责任公司,8911,体育赛事策划,体育 赛事策划,赛事策划;体育,赛事策划,是,体育赛事,0.95,direct,6,1
91513401MACWFWMU2Y,凉山州辉耀特训营拓展训练有限责任公司,8930,健身休闲活动,健身 休闲活动,休闲活动;健身,,是,健身休闲,0.75,direct,6,0
91513401MA66J3WRXW,凉山捷冠体育发展有限公司,8911,体育竞赛组织,体育竞赛 组织,体育竞赛;组织,体育竞赛,是,体育赛事,0.95,direct,6,1
91513401MACG4WBC0C,凉山州锐翔足球俱乐部有限公司,8911,体育健康服务体育赛事策划,体育 健康 服务 体育 赛事策划,体育;赛事策划;健康;服务,赛事策划,是,体育赛事,0.95,direct,12,1
91513400MAD2PAK54K,凉山晨明体育文化传播有限公司,8911,体育竞赛组织,体育竞赛 组织,体育竞赛;组织,体育竞赛,是,体育赛事,0.95,direct,6,1
91513401MADY89HLXG,西昌市乒柏体育有限公司,8911,体育竞赛组织,体育竞赛 组织,体育竞赛;组织,体育竞赛,是,体育赛事,0.95,direct,6,1
91513400MADEXRB82W,凉山众鼎欣体育发展有限公司,8929,体育场地设施经营,体育场地设施 经营,体育场地设施;经营,体育场地设施,是,体育场馆,0.95,direct,8,1
91513401MAE2RAL37L,凉山精鹰体育俱乐部有限公司,8911,体育竞赛组织,体育竞赛 组织,体育竞赛;组织,体育竞赛,是,体育赛事,0.95,direct,6,1
91513400MAD3CGYT6N,凉山州达健体育文化发展有限公司,8919,体育保障组织,体育 保障 组织,体育;保障;组织,,是,体育管理,0.75,direct,6,0
91513400MADCF1Y53R,凉山晨曦体育俱乐部有限公司,8911,体育竞赛组织,体育竞赛 组织,体育竞赛;组织,体育竞赛,是,体育赛事,0.95,direct,6,1
91513401MADE5H2773,西昌市旋风小子体育俱乐部个人独资,8911,体育竞赛组织,体育竞赛 组织,体育竞赛;组织,体育竞赛,是,体育赛事,0.95,direct,6,1
91513426MA65HLCM9P,凉山州征途户外拓展有限责任公司,8919,体育培训,体育培训,体育培训,体育培训,是,体育培训,0.95,direct,4,1
91513401MADYDDPP1J,凉山紫荆体育发展有限责任公司,8911,体育竞赛组织,体育竞赛 组织,体育竞赛;组织,体育竞赛,是,体育赛事,0.95,direct,6,1
91513401MADQ0J0N48,西昌速风体育俱乐部有限公司,8911,体育竞赛组织,体育竞赛 组织,体育竞赛;组织,体育竞赛,是,体育赛事,0.95,direct,6,1
91513400MACTQRQ81M,凉山州鸠惹体育文化发展有限责任公司,8919,体育和娱乐业,体育 娱乐业,娱乐业;体育,,是,体育管理,0.75,direct,6,0
91513401MACQKYDD39,凉山鹰足连体育文化发展有限公司,8919,体育竞赛组织,体育竞赛 组织,体育竞赛;组织,体育竞赛,是,体育赛事,0.95,direct,6,1
91513400MACUUXLX3H,凉山州益本体育文化发展有限责任公司,8919,组织文化艺术交流活动,组织 文化 艺术交流 活动,艺术交流;文化;组织;活动,,是,体育管理,0.75,direct,10,0
91513401MACYG6K945,西昌大通体育文化发展有限公司,8919,体育健康服务,体育 健康 服务,体育;健康;服务,,是,体育管理,0.75,direct,6,0
91513401MADLT47P87,西昌市依然瑜伽健身有限责任公司,8930,健身休闲活动,健身 休闲活动,休闲活动;健身,,是,健身休闲,0.75,direct,6,0
91513401MADLQ6BB8G,西昌市莘蒙体育俱乐部有限责任公司,8911,体育竞赛组织,体育竞赛 组织,体育竞赛;组织,体育竞赛,是,体育赛事,0.95,direct,6,1
91513401MAD7F6T50F,西昌市绿荫篮球俱乐部有限公司,8911,体育竞赛组织,体育竞赛 组织,体育竞赛;组织,体育竞赛,是,体育赛事,0.95,direct,6,1
91513401MAD4QM700Q,西昌市衡达体育发展合伙企业有限合伙,8911,体育竞赛组织,体育竞赛 组织,体育竞赛;组织,体育竞赛,是,体育赛事,0.95,direct,6,1
91513400MABU8R8N0N,凉山州明诚体育文化发展有限公司,8911,体育竞赛组织,体育竞赛 组织,体育竞赛;组织,体育竞赛,是,体育赛事,0.95,direct,6,1
91513400MAD4E63R79,凉山州山径行体育赛事策划有限公司,7246,体育咨询,体育咨询,体育咨询,体育咨询,是,体育管理,0.6,none,4,1
91513400MA62YYYD09,凉山州阳一夫文化创意有限责任公司,8919,户外运动的组织,户外运动 组织,户外运动;组织,户外运动,是,健身休闲,0.95,direct,7,1
91513400MA651KYB9T,凉山州搏冠体育俱乐部有限责任公司,5242,体育用品零售,体育用品零售,体育用品零售,体育用品零售,是,体育用品,0.95,direct,6,1
91513400MA6ACW1KXF,凉山州卓识体育文化推广有限公司,5142,体育用品及器材批发,体育用品 器材 批发,体育用品;器材;批发,体育用品,是,体育用品,0.95,direct,9,1
91513401MA62H20R9N,西昌英思达物贸有限责任公司,5142,体育用品批发,体育用品批发,体育用品批发,体育用品批发,是,体育用品,0.95,direct,6,1
91513400MA6BTY5P5D,凉山州火焰蓝消防安全技术服务有限公司,8392,体育培训,体育培训,体育培训,体育培训,是,体育培训,0.95,direct,4,1
91513401MACWJHLCX5,四川一叶堑坤人力资源有限公司,8392,其他人力资源服务,其他 人力资源 服务,人力资源;服务;其他,,是,体育培训,0.75,direct,8,0
91513401MA63MN2E0W,西昌市融创体育文化发展有限公司,8921,室内游泳馆,室内 游泳馆,游泳馆;室内,游泳馆,是,体育场馆,0.95,direct,5,1
91513400MA6AEP4Y5W,凉山州捷翔拓展训练有限公司,8930,健身休闲,健身 休闲,健身;休闲,,是,健身休闲,0.75,direct,4,0
91513401MA62H1H386,西昌市昆虹商贸有限公司,5142,医用品及器材批发,用品 器材 批发,用品;器材;批发,,是,体育用品,0.75,direct,8,0
91513401MA62UJTXXD,西昌市畅飞渔用品经营部,5242,体育用品及器材零售,体育用品 器材 零售,体育用品;器材;零售,体育用品,是,体育用品,0.95,direct,9,1
91513400MA62H32W5H,凉山吉时商贸有限公司,5242,体育用品零售,体育用品零售,体育用品零售,体育用品零售,是,体育用品,0.95,direct,6,1
91513401MA7HUAKT0U,西昌市星炫电竞俱乐部,8911,体育竞赛组织,体育竞赛 组织,体育竞赛;组织,体育竞赛,是,体育赛事,0.95,direct,6,1
91513401MA6AQLUE1Q,西昌雄冠体育发展有限公司,8930,体育项目,体育项目,体育项目,,是,健身休闲,0.75,direct,4,0
91513400MABP726L3A,凉山州夏琰舞蹈健身有限公司,8930,体育活动,体育 活动,体育;活动,,是,健身休闲,0.75,direct,4,0
91513400MA62H2GG0X,凉山州鑫诺体育用品有限公司,5242,体育用品,体育用品,体育用品,体育用品,是,体育用品,0.95,direct,4,1
91513401MA62H6D01T,西昌新澳森时尚健身有限公司,5242,体育用品及器材零售,体育用品 器材 零售,体育用品;器材;零售,体育用品,是,体育用品,0.95,direct,9,1
91513400MA62JP634K,凉山州薪煜体育文化有限公司,8991,体育文化活动推广服务,体育文化 活动 推广 服务,体育文化;推广;服务;活动,体育文化,是,体育管理,0.6,none,10,1
91513401MA7KNXEL4D,凉山州咏威体育发展有限责任公司,9052,体育服务,体育服务,体育服务,体育服务,是,体育管理,0.6,none,4,1
91513401MA7LT0LT82,西昌金亚体育文化发展有限责任公司,8912,金亚体育文化发展,金亚 体育文化 发展,金亚;体育文化;发展,体育文化,是,体育管理,0.95,direct,8,1
91513401MA63DUN773,西昌市畅游体育文化推广有限公司,5242,体育器材零售,体育器材 零售,体育器材;零售,体育器材,是,体育用品,0.95,direct,6,1
91513401MA7MJJ9X2T,四川大魔方体育文化传播有限公司,8930,健身休闲活动,健身 休闲活动,休闲活动;健身,,是,健身休闲,0.75,direct,6,0
91513401MA6ABJWA4G,凉山州波动体育文化发展有限公司,8392,体育培训,体育培训,体育培训,体育培训,是,体育培训,0.95,direct,4,1
91513400MACKB8AE7D,凉山州金蟾体育文化传播有限责任公司,8991,台球活动,台球 活动,台球;活动,台球,是,健身休闲,0.6,none,4,1
91513400MA67BR0D41,凉山州风向标体育文化有限公司,5242,文化体育用品零售,文化 体育用品零售,体育用品零售;文化,体育用品零售,是,体育用品,0.95,direct,8,1
91513401MAACF3LA1A,西昌圣丰商贸有限公司,5142,麻将机批发,麻将机 批发,麻将机;批发,,是,体育用品,0.75,direct,5,0
91513401MA66AKBQ5N,西昌泊言体育培训学校有限公司,8392,体校及体育培训,体校 体育培训,体育培训;体校,体育培训,是,体育培训,0.95,direct,7,1
91513400MA655G0U9A,凉山州新然瑜伽健身服务有限公司,8930,健身休闲活动,健身 休闲活动,休闲活动;健身,,是,健身休闲,0.75,direct,6,0
91513401MACFAKPW22,西昌市左昂体育赛事策划有限责任公司,8911,体育竞赛组织,体育竞赛 组织,体育竞赛;组织,体育竞赛,是,体育赛事,0.95,direct,6,1
91513401MA6676HU1A,西昌钟华体育培训学校有限责任公司,8392,体育培训服务,体育培训 服务,体育培训;服务,体育培训,是,体育培训,0.95,direct,6,1
91513400MA67M5YC21,凉山彝藏风情商贸有限公司,5242,文化体育用品零售,文化 体育用品零售,体育用品零售;文化,体育用品零售,是,体育用品,0.95,direct,8,1
91513401MA69Y1D90K,西昌市力搏体育文化传播有限公司,8930,健身休闲服务,健身 休闲 服务,健身;休闲;服务,,是,健身休闲,0.75,direct,6,0
9151340175232207XE,西昌市昌平网球健身有限公司,8930,健身服务,健身服务,健身服务,健身服务,是,健身休闲,0.95,direct,4,1
91513401MA64HKAL4T,西昌飞人体育服务有限责任公司,8911,体育活动训练指导服务,体育 活动 训练 指导 服务,体育;训练;指导;服务;活动,,是,体育管理,0.75,direct,10,0
91513401MA68P6H9XF,西昌市行动派体育科技有限公司,5142,体育用品批发,体育用品批发,体育用品批发,体育用品批发,是,体育用品,0.95,direct,6,1
91513400MA64P7517D,四川风象体育文化发展有限公司,5242,体育用品零售,体育用品零售,体育用品零售,体育用品零售,是,体育用品,0.95,direct,6,1
91513400MACHWKHCX5,凉山州宜添健身服务有限公司,8930,健身休闲活动,健身 休闲活动,休闲活动;健身,,是,健身休闲,0.75,direct,6,0
91513400MA65L45T7W,凉山州轩锐商贸有限公司,5142,体育用品批发,体育用品批发,体育用品批发,体育用品批发,是,体育用品,0.95,direct,6,1
91513400MA6B4PG77L,凉山中汇商贸有限责任公司,5142,体育用品及器材批发,体育用品 器材 批发,体育用品;器材;批发,体育用品,是,体育用品,0.95,direct,9,1
91513401MA69MFY2X6,西昌市艾普体育用品有限公司,5142,体育用品批发,体育用品批发,体育用品批发,体育用品批发,是,体育用品,0.95,direct,6,1
91513401MA66CLBC4X,西昌鑫浩康商贸有限公司,5242,体育用品及器材零售,体育用品 器材 零售,体育用品;器材;零售,体育用品,是,体育用品,0.95,direct,9,1
91513400MA68PBGG49,四川峰竖商贸有限公司,5242,体育用品及器材零售,体育用品 器材 零售,体育用品;器材;零售,体育用品,是,体育用品,0.95,direct,9,1
91513400MA66DD3RX2,凉山俪馨体育文化有限公司,8392,跆拳道培训服务,跆拳道培训 服务,跆拳道培训;服务,跆拳道培训,是,体育培训,0.95,direct,7,1
91513400MA6B62161K,四川逸峰户外运动有限责任公司,8930,高危性体育运动,危性 体育运动,危性;体育运动,,是,健身休闲,0.75,direct,7,0
91513400MABNMNWC26,凉山华体体育发展有限公司,9052,体育赛事策划,体育 赛事策划,赛事策划;体育,赛事策划,是,体育赛事,0.6,none,6,1
91513401MACCH6HL9X,西昌市汇聚众鑫体育文化发展有限责任公司,8911,体育竞赛组织,体育竞赛 组织,体育竞赛;组织,体育竞赛,是,体育赛事,0.95,direct,6,1
91513400MACB5AGL71,凉山州东黑虎健身有限公司,8930,健身服务,健身服务,健身服务,健身服务,是,健身休闲,0.95,direct,4,1
91513401MA62H3764J,西昌市雄图体育设备有限公司,5242,体育设备零售,体育设备 零售,体育设备;零售,体育设备,是,体育用品,0.95,direct,6,1
91513400MA67LCB87B,凉山州舒健健身俱乐部有限责任公司,8930,健身活动,健身活动,健身活动,,是,健身休闲,0.75,direct,4,0
91513401MAACEYNL3H,西昌市博之星足球俱乐部有限公司,9052,体育服务,体育服务,体育服务,体育服务,是,体育管理,0.6,none,4,1
91513401MA64HL52XG,四川省卓迈领航拓展训练有限公司,8919,其他体育组织,其他 体育组织,体育组织;其他,体育组织,是,体育管理,0.95,direct,6,1
91513400MA65HP1C8W,凉山藏羚羊户外运动有限公司,8930,户外运动,户外运动,户外运动,户外运动,是,健身休闲,0.95,direct,4,1
91513401MA67L70B8D,四川邛海路亚体育文化发展有限责任公司,9052,国内国际体育赛事策划,国内 国际 体育 赛事策划,赛事策划;体育;国内;国际,赛事策划,是,体育赛事,0.6,none,10,1
91513400MA6BC46L4L,凉山行果体育文化发展有限公司,8911,体育竞赛,体育竞赛,体育竞赛,体育竞赛,是,体育赛事,0.95,direct,4,1
91513400MAACG4TP3G,凉山卓健体育文化传播有限责任公司,9052,体育服务,体育服务,体育服务,体育服务,是,体育管理,0.6,none,4,1
91513401MA635MCN21,四川卡末健康管理有限公司,8930,健身休闲活动,健身 休闲活动,休闲活动;健身,,是,健身休闲,0.75,direct,6,0
91513401MABNPQHT0C,四川省燚神体育俱乐部有限责任公司,8930,健身休闲活动,健身 休闲活动,休闲活动;健身,,是,健身休闲,0.75,direct,6,0
91513401MA6301C34C,西昌市遇曼陀罗健身服务有限责任公司,8930,健身休闲活动,健身 休闲活动,休闲活动;健身,,是,健身休闲,0.75,direct,6,0
91513400MA684WTL0H,凉山泰龙教育集团有限公司,8392,武术培训,武术培训,武术培训,武术培训,是,体育培训,0.95,direct,4,1
91513401MA63HQU48Q,西昌市星伟健身俱乐部有限责任公司,8930,健身活动,健身活动,健身活动,,是,健身休闲,0.75,direct,4,0
91513401MABP41EA5K,凉山水泺体育文化发展有限公司,8930,健身休闲活动,健身 休闲活动,休闲活动;健身,,是,健身休闲,0.75,direct,6,0
91513401MA69LKHU9D,西昌予杨户外运动用品有限责任公司,5242,体育用品及器材零售,体育用品 器材 零售,体育用品;器材;零售,体育用品,是,体育用品,0.95,direct,9,1
91513400MA694R0A3R,凉山州霆迅体育用品有限公司,5242,体育用品零售,体育用品零售,体育用品零售,体育用品零售,是,体育用品,0.95,direct,6,1
91513400MA67TGCY0D,凉山州栖奥体育文化传播有限公司,8911,体育项目组织服务,体育项目 组织 服务,体育项目;服务;组织,,是,体育管理,0.75,direct,8,0
91513400MABPD1U122,凉山州鸿鑫拓展训练有限公司,8930,健身休闲活动,健身 休闲活动,休闲活动;健身,,是,健身休闲,0.75,direct,6,0
91513400MA66HTAGXD,凉山州雄腾商贸有限公司,5242,体育用品及器材零售,体育用品 器材 零售,体育用品;器材;零售,体育用品,是,体育用品,0.95,direct,9,1
91513401MA699MWX97,西昌足迹体育服务有限公司,9052,体育服务,体育服务,体育服务,体育服务,是,体育管理,0.6,none,4,1
91513401MACK2XE82Y,凉山力俊体育俱乐部有限公司,8911,体育竞赛组织,体育竞赛 组织,体育竞赛;组织,体育竞赛,是,体育赛事,0.95,direct,6,1
91513400MA6862YP4B,凉山格式摔跤俱乐部有限责任公司,8911,体育竞赛组织,体育竞赛 组织,体育竞赛;组织,体育竞赛,是,体育赛事,0.95,direct,6,1
91513400MA65PY634L,凉山州乐居智惠科技有限公司,5142,文化和体育用品及器材批发,文化 体育用品 器材 批发,体育用品;器材;批发;文化,体育用品,是,体育用品,0.95,direct,12,1
91513400MA69KGLW44,凉山力维健身有限公司,8930,健身服务,健身服务,健身服务,健身服务,是,健身休闲,0.95,direct,4,1
91513400MA6BGA205N,凉山素心瑜伽健身有限公司,8930,室内健身服务,室内 健身服务,健身服务;室内,健身服务,是,健身休闲,0.95,direct,6,1
91513400MABP5P8R7F,四川省柏云体育文化传播有限公司,7122,体育设施租赁,体育设施 租赁,体育设施;租赁,体育设施,是,体育场馆,0.6,none,6,1
91513401MA62H64R5X,西昌西马体育产业有限公司,9052,体育赛事组织,体育赛事 组织,体育赛事;组织,体育赛事,是,体育赛事,0.6,none,6,1
91513401MAC5MDW53R,西昌星驰体育俱乐部有限责任公司,8392,体育培训,体育培训,体育培训,体育培训,是,体育培训,0.95,direct,4,1
91513401MAACK44T9Y,西昌市安然休闲健身有限公司,8930,健身休闲活动,健身 休闲活动,休闲活动;健身,,是,健身休闲,0.75,direct,6,0
91513400MA7EAFNB44,凉山州吉玛瑜伽健身有限公司,8930,瑜伽健身服务,瑜伽 健身服务,健身服务;瑜伽,瑜伽;健身服务,是,健身休闲,0.95,direct,6,2
91513400MACEQX4C7Q,凉山州海星游泳俱乐部有限公司,8930,体育竞赛组织,体育竞赛 组织,体育竞赛;组织,体育竞赛,是,体育赛事,0.95,direct,6,1
91513400MACPWJ9A7R,凉山州娅拓体育文化发展有限公司,8921,体育发展,体育 发展,体育;发展,,是,体育场馆,0.75,direct,4,0
91513401MA628NP641,西昌蓝谷体育文化传播有限公司,5242,体育器材零售,体育器材 零售,体育器材;零售,体育器材,是,体育用品,0.95,direct,6,1
91513400MACMCDTA62,凉山州敬国拓展训练有限公司,8930,健身休闲活动,健身 休闲活动,休闲活动;健身,,是,健身休闲,0.75,direct,6,0
91513401MA68WT3U39,四川众一拓展训练有限公司,8930,室外休闲健身服务,室外 休闲 健身服务,健身服务;室外;休闲,健身服务,是,健身休闲,0.95,direct,8,1
91513401080729722L,西昌星美维克拓展训练有限公司,8930,拓展策划,拓展 策划,策划;拓展,,是,健身休闲,0.75,direct,4,0
91513400MA6BNUXN3R,凉山俄吉体育文化发展有限公司,8392,足球培训服务,足球培训 服务,足球培训;服务,足球培训,是,体育培训,0.95,direct,6,1
91513401MA63CF402P,西昌市金翅膀教育咨询有限公司,8911,体育项目组织服务,体育项目 组织 服务,体育项目;服务;组织,,是,体育管理,0.75,direct,8,0
91513401MAC3H02B7N,凉山州智成商贸有限公司,5242,体育用品零售,体育用品零售,体育用品零售,体育用品零售,是,体育用品,0.95,direct,6,1
91513400MABYY0PY0H,凉山州能星商贸有限公司,5242,体育场地设施零售,体育场地设施 零售,体育场地设施;零售,体育场地设施,是,体育场馆,0.95,direct,8,1
91513400MA67G5734L,凉山州昆冈户外运动有限责任公司,8930,室外休闲健身服务,室外 休闲 健身服务,健身服务;室外;休闲,健身服务,是,健身休闲,0.95,direct,8,1
91513400MABU5ENA8U,凉山州逐麓拓展训练有限公司,8930,健身休闲活动,健身 休闲活动,休闲活动;健身,,是,健身休闲,0.75,direct,6,0
91513401MACTLQTEX6,四川俊马体育文化发展有限公司,8919,体育经纪人服务,体育 经纪人 服务,经纪人;体育;服务,,是,体育管理,0.75,direct,7,0
91513401MA66FAKXX9,西昌市星火体育服务有限公司,8930,健身休闲活动,健身 休闲活动,休闲活动;健身,,是,健身休闲,0.75,direct,6,0
91513401MA7GF7JA89,凉山州大兵小将体育发展有限公司,8919,体育组织,体育组织,体育组织,体育组织,是,体育管理,0.95,direct,4,1
91513401MACAHDHY20,四川鲸森建设工程有限公司,4892,体育场地施工,体育场地 施工,体育场地;施工,体育场地,是,体育场馆,0.95,direct,6,1
91513400MA69LY2H5J,凉山州裕顺机动车驾驶培训有限公司,8392,职业技能培训服务,职业技能 培训 服务,职业技能;培训;服务,,是,体育培训,0.75,direct,8,0
91513401MA6CKQTT0P,西昌市绿谷有限责任公司,5242,体育用品零售,体育用品零售,体育用品零售,体育用品零售,是,体育用品,0.95,direct,6,1
91513401345693842D,西昌凯歌体育文化活动策划有限公司,9052,体育赛事策划服务,体育 赛事策划 服务,赛事策划;体育;服务,赛事策划,是,体育赛事,0.6,none,8,1
91513401MA62H7Y088,西昌圣地滑水水上运动演艺有限公司,9052,体育表演服务,体育表演 服务,体育表演;服务,体育表演,是,体育赛事,0.6,none,6,1
91513401MA66QYMN6C,四川起航研学旅行服务有限公司,8921,体育场管理,体育场 管理,体育场;管理,体育场,是,体育场馆,0.95,direct,5,1
91513400MA686PUC5R,凉山州建宏商贸有限公司,5242,文化体育用品及器材专门零售,文化 体育用品 器材 专门 零售,体育用品;器材;零售;专门;文化,体育用品,是,体育用品,0.95,direct,13,1
91513401MAC7MF1534,西昌铭仁游泳俱乐部有限公司,8921,室内专项体育场所管理,室内 专项 体育场 管理,体育场;专项;室内;管理,体育场,是,体育场馆,0.95,direct,10,1
91513400MA686PUH62,凉山州鑫衡商贸有限公司,5242,体育用品及器材零售,体育用品 器材 零售,体育用品;器材;零售,体育用品,是,体育用品,0.95,direct,9,1
91513400MA65KRYT91,凉山州飞豹户外拓展训练有限公司,8911,体育项目组织服务,体育项目 组织 服务,体育项目;服务;组织,,是,体育管理,0.75,direct,8,0
91513400MA7MKCCB8R,凉山州枭龙户外拓展有限责任公司,8930,体验式拓展活动,体验式 拓展 活动,体验式;拓展;活动,,是,健身休闲,0.75,direct,7,0
91513400MA692GX865,凉山生存者体育服务有限公司,9052,体育服务,体育服务,体育服务,体育服务,是,体育管理,0.6,none,4,1
91513401MABU6FJU4P,凉山神鹰足球俱乐部有限公司,8392,足球培训,足球培训,足球培训,足球培训,是,体育培训,0.95,direct,4,1
91513400MA6BNE0D8D,四川新国民消防科技有限公司,8930,拓展训练,拓展 训练,拓展;训练,,是,健身休闲,0.75,direct,4,0
91513401MABR4A4A8A,凉山金尚拓展训练有限公司,9052,赛事策划,赛事策划,赛事策划,赛事策划,是,体育赛事,0.6,none,4,1
91513400MA62H21K8L,四川省力承拓展训练有限公司,8930,拓展训练服务,拓展 训练 服务,拓展;训练;服务,,是,健身休闲,0.75,direct,6,0
91513401MACNAE539M,西昌市圣德体育俱乐部有限公司,8911,体育竞赛组织,体育竞赛 组织,体育竞赛;组织,体育竞赛,是,体育赛事,0.95,direct,6,1
91513400066795440B,凉山州鑫荣文体器材有限公司,5142,文化体育器材批发,文化 体育器材 批发,体育器材;批发;文化,体育器材,是,体育用品,0.95,direct,8,1
91513400MA6AT84K65,四川宗衡拓展训练有限公司,9052,组织体育表演活动,组织 体育表演 活动,体育表演;组织;活动,体育表演,是,体育赛事,0.6,none,8,1
91513400MACC457R04,凉山州聚武拓展训练有限公司,8392,体育培训,体育培训,体育培训,体育培训,是,体育培训,0.95,direct,4,1
91513401MA67HQC983,四川省烈火拓展活动服务有限公司,8930,健身休闲活动,健身 休闲活动,休闲活动;健身,,是,健身休闲,0.75,direct,6,0
91513401MA6AH51L1Q,四川拖琅河旅游开发有限公司,8930,水上漂流服务,水上 漂流 服务,漂流;水上;服务,漂流,是,健身休闲,0.95,direct,6,1
91513401MA62H1XB59,西昌峰上体育文化休闲有限责任公司,8911,体育培训,体育培训,体育培训,体育培训,是,体育培训,0.95,direct,4,1
91513400MA6BQ0CG7U,凉山州童乐商贸有限公司,5142,体育用品批发,体育用品批发,体育用品批发,体育用品批发,是,体育用品,0.95,direct,6,1
91513401MA7KEWMD85,西昌市昊昇体育文化推广有限责任公司,8392,跆拳道培训,跆拳道培训,跆拳道培训,跆拳道培训,是,体育培训,0.95,direct,5,1
91513425MA69YT6D5W,四川怡宸体育发展有限公司,5142,体育用品及器材批发,体育用品 器材 批发,体育用品;器材;批发,体育用品,是,体育用品,0.95,direct,9,1
91513425MA68TG6H44,四川菁苗体育文化发展有限公司,8911,体育竞赛组织,体育竞赛 组织,体育竞赛;组织,体育竞赛,是,体育赛事,0.95,direct,6,1
91513425MA65FR083R,四川阳光鼎力文化体育有限公司,8930,体育运动训练指导服务,体育运动 训练 指导 服务,体育运动;训练;指导;服务,,是,健身休闲,0.75,direct,10,0
91513425MABQB08YXT,会理购购健身俱乐部有限公司,8930,健身休闲活动服务,健身 休闲活动 服务,休闲活动;健身;服务,,是,健身休闲,0.75,direct,8,0
91513425MA6BEWNB8N,会理红武培训学校有限公司,8392,武术培训,武术培训,武术培训,武术培训,是,体育培训,0.95,direct,4,1
91513425MABMLCUU0E,会理水世界游泳俱乐部有限责任公司,8911,游泳竞赛,游泳 竞赛,竞赛;游泳,游泳,是,健身休闲,0.95,direct,4,1
91513422MACLCY0B6K,木里县鼎盛武术文化传播有限责任公司,8930,健身服务,健身服务,健身服务,健身服务,是,健身休闲,0.95,direct,4,1
91513423MADB0JK42M,四川鼎博嘉客飞行户外运动有限公司,8911,体育竞赛组织,体育竞赛 组织,体育竞赛;组织,体育竞赛,是,体育赛事,0.95,direct,6,1
91513423MADL6MEW3G,盐源县漫步体育俱乐部有限公司,8930,健身休闲活动,健身 休闲活动,休闲活动;健身,,是,健身休闲,0.75,direct,6,0
91513423MABPT47T0Q,盐源县鸿鹄体育场馆管理有限责任公司,8921,体育场馆管理,体育场馆 管理,体育场馆;管理,体育场馆,是,体育场馆,0.95,direct,6,1
91513423MA683LU50G,盐源中盛商贸有限责任公司,5242,体育用品及器材零售,体育用品 器材 零售,体育用品;器材;零售,体育用品,是,体育用品,0.95,direct,9,1
92513423MA65ATPG6E,盐源县人才书城商贸有限责任公司,5242,图书及体育用品零售,图书 体育用品零售,体育用品零售;图书,体育用品零售,是,体育用品,0.95,direct,9,1
91513423MAACNF9Q26,凉山州耀杨体育文化发展有限公司,8919,其他体育组织,其他 体育组织,体育组织;其他,体育组织,是,体育管理,0.95,direct,6,1
91513423MA66H9UR23,盐源县文武培训学校有限责任公司,8392,体校及体育培训,体校 体育培训,体育培训;体校,体育培训,是,体育培训,0.95,direct,7,1
91513424MADELHA91E,四川星创建设有限责任公司,4892,体育场地设施工程施工,体育场地设施 工程施工,体育场地设施;工程施工,体育场地设施,是,体育场馆,0.95,direct,10,1
91513424MA7L8E211G,德昌县精英体育文化传播有限公司,8911,体育竞赛组织,体育竞赛 组织,体育竞赛;组织,体育竞赛,是,体育赛事,0.95,direct,6,1
91513424MABM66QJ7K,德昌悦动体育文化推广有限责任公司,8991,体育文化推广服务,体育文化 推广 服务,体育文化;推广;服务,体育文化,是,体育管理,0.6,none,8,1
91513424MABXWL6G8J,德昌亚双体育文化推广有限责任公司,5242,器材零售,器材 零售,器材;零售,,是,体育用品,0.75,direct,4,0
91513424MA66XEJTX4,德昌县靖风艺体教育培训学校有限公司,8919,散打搏击,散打 搏击,搏击;散打,,是,体育管理,0.75,direct,4,0
91513424MACAUR8496,德昌县绅心商贸有限责任公司,5242,体育用品及器材零售,体育用品 器材 零售,体育用品;器材;零售,体育用品,是,体育用品,0.95,direct,9,1
91513424MABTKRRLXA,德昌县优博体育文化发展有限责任公司,7122,体育用品设备出租,体育用品 设备 出租,体育用品;出租;设备,体育用品,是,体育用品,0.6,none,8,1
91513424MACP13Y44W,德昌阿红体育培训学校有限公司,8392,体育培训,体育培训,体育培训,体育培训,是,体育培训,0.95,direct,4,1
91513426MA675U214M,会东鸿尚体育发展有限责任公司,8912,体育管理服务,体育管理 服务,体育管理;服务,体育管理,是,体育管理,0.95,direct,6,1
91513426MA66RAKL7G,会东尚谋文化体育发展有限责任公司,5242,体育器材零售,体育器材 零售,体育器材;零售,体育器材,是,体育用品,0.95,direct,6,1
91513426MAACMKJD81,会东川滇明珠武术文化传播有限公司,8392,武术教育培训,武术 教育 培训,武术;培训;教育,武术,是,健身休闲,0.95,direct,6,1
91513426MA6A9G1X6A,会东侗哒艺术培训有限公司,8392,体育培训服务,体育培训 服务,体育培训;服务,体育培训,是,体育培训,0.95,direct,6,1
91513427MA7FL1C078,宁南县灵云体育培训有限责任公司,8392,体育培训,体育培训,体育培训,体育培训,是,体育培训,0.95,direct,4,1
91513428MADC94QW9U,凉山州博燃体育文化传播有限公司,8912,体育保障组织,体育 保障 组织,体育;保障;组织,,是,体育管理,0.75,direct,6,0
91513429MACHAYX44Q,布拖县阿都篮球俱乐部有限公司,8911,体育竞赛组织,体育竞赛 组织,体育竞赛;组织,体育竞赛,是,体育赛事,0.95,direct,6,1
91513429MAE0R82P98,布拖县中宏娱乐有限公司,8930,娱乐业服务,娱乐业 服务,娱乐业;服务,,是,健身休闲,0.75,direct,5,0
91513429MA69QJ7N24,布拖鑫晖商贸有限责任公司,5142,销售体育用品,销售 体育用品,体育用品;销售,体育用品,是,体育用品,0.95,direct,6,1
91513429MA685QLR89,布拖县鑫金商贸有限责任公司,5242,文化体育用品及器材批发,文化 体育用品 器材 批发,体育用品;器材;批发;文化,体育用品,是,体育用品,0.95,direct,11,1
91513430MAD4J9G636,金阳芝芝茶楼有限公司,8930,健身休闲活动,健身 休闲活动,休闲活动;健身,,是,健身休闲,0.75,direct,6,0
91513431MA62HB774U,昭觉谷克德文化旅游有限责任公司,8930,健身休闲活动,健身 休闲活动,休闲活动;健身,,是,健身休闲,0.75,direct,6,0
91513431LS00000031,昭觉县全民健身中心,8930,健身中心,健身中心,健身中心,健身中心,是,健身休闲,0.95,direct,4,1
91513432MADMJDM69T,喜德县天鹰格斗健身有限公司,8930,健身休闲活动,健身 休闲活动,休闲活动;健身,,是,健身休闲,0.75,direct,6,0
91513433MAE4Q82U8L,冕宁县山权体育俱乐部有限责任公司,9052,体育表演服务,体育表演 服务,体育表演;服务,体育表演,是,体育赛事,0.6,none,6,1
91513433MAD3WEX30X,冕宁县灵火体育经纪有限公司,5142,体育用品及器材批发,体育用品 器材 批发,体育用品;器材;批发,体育用品,是,体育用品,0.95,direct,9,1
91513433MADQY0AC1Y,凉山好汉足球俱乐部有限责任公司,8911,体育竞赛组织,体育竞赛 组织,体育竞赛;组织,体育竞赛,是,体育赛事,0.95,direct,6,1
91513433MA647YX37U,冕宁易达商贸有限责任公司,8930,健身休闲活动,健身 休闲活动,休闲活动;健身,,是,健身休闲,0.75,direct,6,0
91513433MA644WX51M,冕宁县海川博赛体育俱乐部有限公司,8930,健身训练,健身 训练,健身;训练,,是,健身休闲,0.75,direct,4,0
91513433MACGFCM75C,冕宁县半岛游泳俱乐部有限公司,8930,游泳服务,游泳 服务,游泳;服务,游泳,是,健身休闲,0.95,direct,4,1
91513433MAACL6KR58,冕宁县玉华文化用品部,5242,文化体育用品零售,文化 体育用品零售,体育用品零售;文化,体育用品零售,是,体育用品,0.95,direct,8,1
91513433MA65R2RG89,冕宁县俊顺商贸有限公司,5242,体育用品零售,体育用品零售,体育用品零售,体育用品零售,是,体育用品,0.95,direct,6,1
91513433MA6B0AUR7J,冕宁县新一商贸有限公司,5142,体育用品批发,体育用品批发,体育用品批发,体育用品批发,是,体育用品,0.95,direct,6,1
91513433MAACEALA5W,凉山骇浪体育用品有限公司,5242,体育用品及器材零售,体育用品 器材 零售,体育用品;器材;零售,体育用品,是,体育用品,0.95,direct,9,1
91513434MAE51DYE9C,凉山州途步者体育用品有限公司,5242,体育用品及器材零售,体育用品 器材 零售,体育用品;器材;零售,体育用品,是,体育用品,0.95,direct,9,1
91513434MA6AGGKR65,越西县登峰体育俱乐部有限公司,8992,健身服务,健身服务,健身服务,健身服务,是,健身休闲,0.6,none,4,1
91513434MA68Q65J0C,越西县弘传教育培训学校有限公司,8392,武术培训,武术培训,武术培训,武术培训,是,体育培训,0.95,direct,4,1
91513434MA66W40B90,越西县楚翔商贸有限责任公司,5242,体育用品零售,体育用品零售,体育用品零售,体育用品零售,是,体育用品,0.95,direct,6,1
92513434MACEHHDN1U,越西县梦之翔搏击培训有限责任公司,8930,健身休闲活动,健身 休闲活动,休闲活动;健身,,是,健身休闲,0.75,direct,6,0
91513434MA6BFCAG7R,四川跆源体育文化发展有限责任公司,8392,教学跆拳道,教学 跆拳道,跆拳道;教学,跆拳道,是,健身休闲,0.95,direct,5,1
91513434MAACMRXH9L,越西恒跃商贸有限公司,5242,体育用品零售,体育用品零售,体育用品零售,体育用品零售,是,体育用品,0.95,direct,6,1
91513400MA638PL814,凉山州搏威体育文化有限公司,8930,跆拳道服务,跆拳道 服务,跆拳道;服务,跆拳道,是,健身休闲,0.95,direct,5,1
91513435MA69M8UK2Q,甘洛县达康娱乐有限责任公司,8911,赛马活动,赛马 活动,赛马;活动,,是,体育管理,0.75,direct,4,0
91513436MA6B0AUT3J,美姑县阿依达史体育有限公司,5142,体育用品及器材批发,体育用品 器材 批发,体育用品;器材;批发,体育用品,是,体育用品,0.95,direct,9,1
91513436MA6B6NEX2X,凉山柒玖体育发展有限公司,5242,体育用品及器材零售,体育用品 器材 零售,体育用品;器材;零售,体育用品,是,体育用品,0.95,direct,9,1
91513437MAD45Y7H86,四川启航潜水体育俱乐部有限责任公司,8911,潜水体育运动组织,潜水 体育运动 组织,体育运动;潜水;组织,潜水,是,健身休闲,0.95,direct,8,1
91513437MAC5PYMQ5B,四川伍玖玖体育发展有限责任公司,8392,足球培训,足球培训,足球培训,足球培训,是,体育培训,0.95,direct,4,1
91513437MACHUFYF80,四川零点体育发展有限责任公司,8911,其他未列明体育,其他 列明 体育,列明;体育;其他,,是,体育管理,0.75,direct,7,0
91513437MACQJ85Q2J,凉山传武体育场馆管理有限公司,8921,体育场馆管理,体育场馆 管理,体育场馆;管理,体育场馆,是,体育场馆,0.95,direct,6,1
91513437MAC2YPJ05D,雷波爱悦动游泳馆管理有限公司,8930,高危险性体育运动游泳,危险性 体育运动 游泳,危险性;体育运动;游泳,游泳,是,健身休闲,0.95,direct,10,1
